ProjectName,MergeScenarios,PushesNotBuilt,TotalRepeat,MSNoParent,TotalBuiltPushes,PushesPassed,PassedTravis,PassedTravisConf,PassedConfig,PassedConfigConf,PassedSource,PassedSourceConf,PassedAll,PassedAllConf,PushesErrored,ErroredTravis,ErroredTravisConf,ErroredConfig,ErroredConfigConf,ErroredSource,ErroredSourceConf,ErroredAll,ErroredAllConf,PushesFailed,FailedTravis,FailedTravisConf,FailedConfig,FailedConfigConf,FailedSource,FailedSourceConf,FailedAll,FailedAllConf,PushesCanceled,CanceledTravis,CanceledTravisConf,CanceledConfig,CanceledConfigConf,CanceledSource,CanceledSourceConf,CanceledAll,CanceledAllConf
super-csv/super-csv,30,2,0,0,5,2,0,0,2,2,0,0,0,0,0,0,0,0,0,0,0,0,0,0,0,0,0,0,0,0,0,0,0,0,0,0,0,0,0,0,0
pac4j/play-pac4j,88,6,0,0,3,0,0,0,0,0,0,0,0,0,0,0,0,0,0,0,0,0,0,0,0,0,0,0,0,0,0,0,0,0,0,0,0,0,0,0,0
asciidocfx/AsciidocFX,156,14,15,0,15,6,0,0,6,6,0,0,0,0,0,0,0,0,0,0,0,0,0,0,0,0,0,0,0,0,0,0,0,0,0,0,0,0,0,0,0
spotify/cassandra-reaper,139,44,4,0,85,16,0,0,16,16,0,0,0,0,3,0,0,3,3,0,0,0,0,2,0,0,2,0,0,0,0,0,0,0,0,0,0,0,0,0,0
expectedbehavior/gauges-android,0,0,0,0,0,0,0,0,0,0,0,0,0,0,0,0,0,0,0,0,0,0,0,0,0,0,0,0,0,0,0,0,0,0,0,0,0,0,0,0,0
apache/drill,58,58,0,0,0,0,0,0,0,0,0,0,0,0,0,0,0,0,0,0,0,0,0,0,0,0,0,0,0,0,0,0,0,0,0,0,0,0,0,0,0
