Project,TotalBuildPush,TotalPushPassed,TotalPushErrored,TotalPushFailed,TotalPushCanceled,TotalBuildPull,TotalPullPassed,TotalPullErrored,TotalPullFailed,TotalPullCanceled
perwendel/spark,454,403,21,30,0,671,583,33,55,0
apache/jackrabbit-oak,10596,6331,1304,2943,18,251,109,24,117,1
jbehave/jbehave-core,135,120,11,4,0,26,26,0,0,0
webbit/webbit,33,22,6,5,0,40,7,7,26,0
tomp2p/TomP2P,313,18,126,162,7,19,0,10,9,0
qos-ch/slf4j,256,195,44,17,0,166,138,18,10,0
magro/kryo-serializers,132,127,2,3,0,99,71,12,16,0
opensagres/xdocreport,93,81,2,10,0,72,62,9,1,0
play/play-android,9,8,1,0,0,1,0,1,0,0
Asquera/elasticsearch-http-basic,72,68,4,0,0,44,31,8,5,0
maxmind/geoip-api-java,118,108,4,6,0,26,20,2,3,1
dain/leveldb,22,15,2,5,0,24,15,8,1,0
before/uadetector,10,0,0,10,0,0,0,0,0,0
woorea/openstack-java-sdk,116,87,28,1,0,144,117,22,5,0
neuland/jade4j,407,318,68,21,0,0,0,0,0,0
pulse00/Symfony-2-Eclipse-Plugin,248,144,42,62,0,13,7,3,3,0
neophob/PixelController,1094,941,80,73,0,8,7,1,0,0
smooks/smooks,56,41,6,9,0,55,29,8,18,0
julianhyde/optiq,630,507,71,51,1,169,106,42,21,0
fabiomaffioletti/jsondoc,240,238,1,1,0,47,38,2,7,0
cereda/arara,122,119,0,3,0,5,4,1,0,0
pgjdbc/pgjdbc,790,533,85,153,19,1775,943,200,561,71
FasterXML/jackson-dataformat-xml,332,274,30,28,0,16,13,0,3,0
lemire/javaewah,299,273,1,25,0,20,18,1,1,0
tinkerpop/frames,140,114,24,2,0,42,38,4,0,0
samskivert/jmustache,76,70,5,1,0,15,12,1,2,0
mpatric/mp3agic,119,111,0,7,1,69,58,6,4,1
timmolter/XChart,399,349,7,43,0,92,75,11,6,0
redline-smalltalk/redline-smalltalk,179,55,3,121,0,71,52,7,12,0
reficio/p2-maven-plugin,129,110,19,0,0,46,36,10,0,0
structr/structr,2076,1064,186,826,0,62,43,2,17,0
hstaudacher/osgi-jax-rs-connector,133,118,2,12,1,47,37,3,7,0
gwt-maven-plugin/gwt-maven-plugin,110,90,2,16,2,27,19,0,8,0
madeye/proxydroid,60,46,6,8,0,26,18,3,5,0
