Project,TotalMS,TotalMSNoBuilt,TotalMSParentPassed,TotalMSParentsNoPassed,TotalParentNoBuilt,TotalRepeatedMSB,AllBuilds,ValidBuilds,TotalMSPassed,TotalErroredMS,TotalMSErrored,TotalMSErroredWithoutExternal,TotalMSErroredParentsPreservation,TotalMSErroredParentsNoPreservation,TotalFailedMS,TotalMSFailed,TotalMSFailedWithoutExternal,TotalMSErroredParentsPreservation,TotalMSErroredParentsNoPreservation,TotalMSCanceled
caskdata/tephra,94,1,85,78,0,3,97,163,16,5,0,0,0,0,2,1,0,1,0,0
jwtk/jjwt,77,8,48,61,0,3,77,109,10,0,0,0,0,0,16,5,0,0,4,0
square/burst,18,0,11,16,0,0,18,27,2,2,1,1,0,1,0,0,0,0,0,0
spring-cloud/spring-cloud-config,138,53,23,90,0,1,103,113,10,41,2,2,0,2,4,0,0,0,0,0
sd4324530/fastweixin,54,47,0,13,0,0,13,13,0,0,0,0,0,0,0,0,0,0,0,0
zafarkhaja/jsemver,0,0,0,0,0,0,0,0,0,0,0,0,0,0,0,0,0,0,0,0
davidmoten/rtree,27,2,17,21,0,0,27,38,6,5,0,0,0,0,0,0,0,0,0,0
GlowstoneMC/Glowstone,104,28,16,74,0,4,84,90,5,38,0,0,0,0,26,1,0,0,0,0
OfficeDev/ews-java-api,115,5,51,92,0,2,114,143,19,3,1,0,0,0,0,0,0,0,0,0
NLPchina/elasticsearch-sql,127,33,44,93,0,8,129,137,20,28,3,3,1,2,24,5,0,0,2,0
