Status,Type,Commit,ID
errored,pull,8d57252ad2e1abcee51b25ffe21a4755aa6aef2f,287562274
errored,push,db2bae56d9d272afcd2f7c12a9bd0f24022edccf,140975169
errored,push,ae0d95aed74ed874864ab701efb265e5c8289f4b,140967286
passed,push,a786c664eb37dcb8e6e73833080415d7d9daec80,113276439
passed,push,3086d8c75aff926d8bcd3f06f0dc7f3512610c51,113276105
passed,pull,4fb0295ec99f2e56705eebd8b566c8c661f3963a,113051374
passed,pull,7c2fc3dc62e60a1cc6366f1f0c0ec218dfb898e8,113047668
passed,push,49fc9e65352f26cc1d38b143fd2df83b9c09caa5,112011732
passed,pull,1707e3dc052af3be31d34034c3d9a5161f2a0644,111961922
passed,pull,972cc2f97d15e70969daebdbe6d471457eb4bf59,110912950
passed,push,ff41eed949b807dea144d319eb3dd7a75f7f1b64,110849082
passed,push,7e380d49cc8d850602e2c03105f35a2f8265890b,110848996
passed,push,3f8beb35397e132b321b40aebb595ba8426414c8,110847662
passed,push,e3087b1e26c5c01a5752d0a78e056784920583bd,110847618
passed,pull,8d0c83fb856ee6b852e1ba7590dc6768a81fe135,110762442
passed,pull,cc0b16b578cae64f02a4d1c372d35b5af42330d7,110762021
passed,pull,39180943b66830e3e656d184930974f19620d793,110761478
passed,pull,baac644542610fd81704d90be8d64cf0b6b79618,110761141
failed,pull,04cf509fe9eae92bb208a602a255aac7b1b7650e,110423748
failed,pull,4f73788dcc0024e3b6bf328a7f17e8e11e5e00fb,110419848
failed,pull,801216ca141738c7d06580cf595599b7b8e60d3c,110407492
failed,pull,fe64ffaecabaebdc7f8c06e74791b1bda272933b,110403018
failed,pull,c268178619c5790bfbee9e11dcdc9caad119c223,110400813
failed,pull,3628f1472050b7a9a18d566ddda344a9d17e33dc,110397635
failed,pull,f6b14a9f619be2f5c93ee3146f7daa2e28234334,110281063
failed,pull,b571f69e851af2a27080ad28356bd3d7008cf5ed,110280074
failed,pull,670141964c712bbeeab58db5bf27bb6d25963b84,110279792
passed,push,03a8a30d2bb83c49506cd580441630bdce88e491,110273302
passed,pull,8d2380d063191612d0e25119860a3a93acc180af,109828463
failed,pull,7b51cebcc21d347ddd4558e055b39cf858501ced,109827971
passed,push,a7686ac1c019a970b7fa54fd410c3bab2cae1ce2,109174385
passed,pull,918c72451be718121381f5d501604303a2cb1cb1,108636944
passed,push,91b094fbb021695d9662d61289f942fd2a9a0f69,107231577
passed,pull,3c3efe3e9f694ac763531e88242f54a07866f0af,107213787
passed,push,2437703ac45817448a731c69225f6a14869aaed1,107144644
passed,pull,dfb35b50a4cc8e38753608f19d0a746bc488de63,106751499
passed,push,3c8546564568e5358215c3c58f2cb8e2e15bd28f,106204160
passed,pull,b37a776b47ab7a8653a37910aa89bf67f2ecb8c7,106169615
passed,pull,354de469b59ae64bc03d896bb032b71a1fe8ef6d,103990372
failed,pull,45be0ec1930270ea515185b0d925cb4031085f26,103982837
passed,push,e96cd3e405369293f5d2a0f392287644fc784c11,103936225
passed,pull,fc971e0c773241b297df4c2db6ce983a3f2ca2f8,103919575
passed,push,5049f4c85b4c6cce5b656cd0fc8a17ae46a3e569,75286340
errored,push,ec74865129da3a2299db96db6c995b9c68686326,75285352
passed,push,4d67f89a123fb9815809ba816f486f6ba34e4ff3,61192874
passed,push,337792076377390581caa1a6da160af3c63a8ffe,61171098
passed,push,496f5fc5c3277a94d293976c4fd5835bf2cdc489,61171092
passed,push,496f5fc5c3277a94d293976c4fd5835bf2cdc489,61171086
passed,push,79e4024498f6cf6c5a07b8baa6272f9fd49faa73,60920936
passed,pull,d723e1f8a599e9cb7383817ad0131468721b14c5,60843883
passed,pull,2f2256043e004b153edc153792a1bd1e9ddf5dac,52988386
passed,push,db2111fb2c5a045c636ff3045a855b3df56e703a,45814620
passed,pull,ca58c2272c0f4e296383f84d1cb3a08b622f0dc1,45696704
passed,pull,d69ca2dea877c493defc93a5e5b22c0494361c76,45696318
passed,pull,4f6d3969746c52c09ec5c602a680508893d66847,45696201
passed,pull,0999465a29b85955643c4887f1412aa1b2b7ed31,45442027
passed,pull,9e6f867b00fed09923f2cb9d8159e956dc0742c9,45441578
passed,pull,6a97a43397705719e28b40901a4688a1ca440f58,45441538
passed,push,16d2fc293f11fe174256a9aac400000b53e4f8fd,40769784
passed,push,4051db88e941d02312d9d4f42da596e638bbf5aa,37982883
passed,pull,f9a61a30c1be4b091d34b655c1ff63cbae74f4db,37893523
passed,pull,701d4a3ad48e0fe30adac45591f33b897b5ea394,37891501
passed,push,f25c7e24397ddcbae8380f36746895b2a6e01fbf,34123465
passed,pull,8a64b469e8777f2aebf81afea36bea3bff0bf006,34096027
passed,pull,909c021e4b7e6ae44f2e73bd6f4a0421ad853da9,34093976
passed,push,c89091e2eb8e107fa4d448b294b4a34c53d4a84d,32444451
passed,push,202a2190e2b041daf7227c95d79d14a2a1de3626,32444446
passed,push,202a2190e2b041daf7227c95d79d14a2a1de3626,32444440
passed,push,6bb2f27b15b83d93cb1b02d838a357bae86d02c1,32439548
passed,push,8287853a8323af1e88bc3013e7959fedaf490788,31419093
passed,pull,4b0246a3e59ba59974f5375926695848385fdbbf,31390898
passed,pull,a43155bb65114dc3419c19ae4945941c3ff1f62f,26606199
passed,push,ee531758c4f8db69ef9e6b6f451bd3241eed37d9,24294826
passed,pull,7022f2d63219294cb7ae508bcc74b2d14860f9f5,24289538
passed,pull,be3ecaeb3d48cb695955f54b68f45c32a38ac3c7,22412483
errored,pull,180758a933fb7e018fc3632a9ecc029fb119aa89,20167836
passed,push,16c510b1a722c71d6aff0168517479f7a219643b,20162743
passed,pull,2570d30c0a329ed59857db2e2f325806df95c0b2,20157314
passed,pull,9aafe516e79910885937133dc085d55ee0852ec2,20155436
passed,push,e5331b23a752481492d80332c272934cd5765be9,18822585
passed,push,0149a0ac3b2909bc78cd799ab115ecb2e134d091,18788158
passed,pull,39cb023331701894c7e13791c87282e4c2f3fc5b,18742566
passed,push,723b43cff50ae9917b744598c31214a5efdd14dd,18742562
passed,pull,b87f6118ff46c3d329ffdcafcd40e0fccab06c94,18735232
passed,push,e6e6d384042737648a67cdbda989a43478af6563,18735195
passed,pull,46a15a08209493d43022b01bbc135b148fe08041,18734628
passed,push,b3e1d35129cbaf86694b46fe7b70acbd43c9d261,18734562
passed,push,57dcd149d0da3329a87f2d64f5dbc0c6eca393b4,18459852
passed,pull,cb7995ed96ebaa0bc193f8b447972c82d80d3d0e,18172536
passed,push,9878fe7c4289e68a12053182fc327cede4a19cf7,18172504
passed,pull,c024b5e0d9307d262f88faac9f24ee7f6270bed3,18072421
passed,push,2369096a588a23e434e99418afd275904501e535,18072118
passed,pull,d1a51389f400fc80cbd2ea45ba7e31cd4421f74c,18065132
passed,push,cbda5075189579553e74630c827b3d162db81021,18065127
failed,pull,25f2c93c2b1547fb38f99f9129d59e1959aaaabf,18064872
failed,push,18d0d4a3cb6efb1d345a03040cd53a72f8971fd3,18064868
passed,push,6a4f5e9df9a5d481cc4e44b820e19ad4617bc227,17447446
passed,pull,ffd85a4c30b2edf833045ce2a8c69c8e78c23b64,17438582
passed,push,83c29bdb9cba2da7577a7dd93af9fcef5609a307,17317156
passed,pull,25e846801ab8c1da4cf240d7053d3a02972ca98f,17104380
passed,push,8d9f50b460d0781f82f57e51a22bdde1af8500fe,17104192
passed,push,2da6b4a1e63370320a41e32db764fdb78168a109,17104051
passed,push,547cdac669b611f96847a135bc616c244d930e56,17101908
passed,push,b5093ebbbd91c6d7e4ff725802a5a5e524a96e4b,17101455
passed,push,0e80353caf6762df2ba98e8025b25cab83fc3a77,17101373
passed,pull,0a6878e2f86fda37e813ab97fc8b6d2a122a9ea8,17100978
passed,push,049df81e70b0c410f6948b0d51ca229b51c59d58,17100976
failed,pull,58a1d46402e8c709fe44476d07fa630216588a1c,17099365
failed,push,8ce303625dc5dcc77745a27106881ab597fad7b6,17099296
passed,pull,76896fd5cb3e5dffbc53beb9bd4195e7bcc8d5fe,17098254
passed,push,3eebdef97467015c22566590a4008104027e73e3,17097947
passed,pull,81ab2d4a4296a39f8b8525d36a6f23c9cb86cd67,16497802
passed,pull,32fe79a3c538e99c21977cda6b5aad709a48a69d,16482824
passed,pull,32fe79a3c538e99c21977cda6b5aad709a48a69d,16464118
passed,pull,4be81c65db39767b62747a2cd4d4385937680aaa,16464083
passed,pull,e5646ed1bcf1a425ca88a4d694dc6eef37b862e6,16463976
passed,pull,8ec3ce10fa9ebcaf4a29a4f922a4f35ce1a5b3b0,16463951
passed,pull,255bd627e76653e4fd7dc0b7d41ca3a9e9ef1614,16463784
errored,pull,8a1686a51651dcd73e0a42cf751866d385934bfd,16463612
errored,pull,85e38ae488ae40843d6f89f5d9e2eadac8f6c46c,16462711
passed,push,d0d02ea900d2bd637b4420c3c23aca88427b9084,15189052
passed,pull,731476c350c2c17cb07e4493dd4fd0f3f0c7254b,15176104
passed,push,095b4fba4e61bef5a2d93650129e2c532a309382,14249220
passed,pull,0d5eb940aad5609b038c7ccbb2759a5ba9ab11c7,14245093
passed,pull,4726aedf948e262e7760f2ab01d47fa84daa0f29,14060913
passed,pull,4a46071331188e0dc6b652a02d8e393c018dce8a,14040576
passed,pull,aab9fdd225a42ac6c1fd68a9eb7d5b14c5532fb0,12605082
passed,pull,1af8c74b6dde6d93c44ae86082a6acef94d95fa9,12604248
passed,pull,a4165ebdf40617f37f963932de34faa6e95fa440,12498735
passed,push,c6555d67df97dc851d64a9d7e85b5f53b887b730,12498708
passed,push,ef24cf4491f78c564e0b36c78331abde8c16ea6a,12399866
passed,push,0a3eea919d89cdd423e6ace650268e6c70fe9e4d,12398837
passed,pull,a3a24fbb679086a5e4e61eca4e45e43f067b45a7,12398839
passed,pull,782f163768baeb41f8735808dc0b74852899ed4d,12398668
passed,push,270a81b1ef1b64642489c89209a83daeded0ee9a,12398666
passed,push,0a4b19a48246b2fc16d1517855b16c87e0494e81,12398469
passed,push,a3ec792d66841165aebcbedc2a3c34b45a448970,12334920
passed,push,a0485abc216bfd2cf2616228c5a779f44f7b7f2f,12071366
passed,push,2ea528391038d15c38526db396c73f7c4f60f133,12070775
passed,push,641a5594c7113354a17df01e03bc40737642dca5,12070739
failed,push,f28dfc40f0330d825be1fe4b5be9075171a4133d,12070645
passed,push,877c1011d07c747db65e23594a886d6f64b7a02b,12064009
passed,push,823fe59280784c512478b1ac8f0582fd8e0e8588,12064002
passed,push,5279ffd9787fa21881f0a1694d941118a70df109,12063738
passed,push,9193be7492a99bbf06c720a723ce7d7e7ef94699,12062306
passed,push,6e06b2329f1b8ffa386411e2ad8c42c0e9541dc9,12062304
passed,push,0224327f3ee81623156dc2ddd6ecdcc3e31a0b12,12057874
passed,push,94fe07f7185172d27ff8cb95cc3baba664affd98,12057847
passed,push,d0f226ef16dda6286b8492940ecffa000a1ed9c0,12057707
passed,push,d7e5dfaad0a155085e0a2689e2e9d0ad639daa4e,12057629
passed,push,e632f2ad1934ffb2c859a8ab2adde2a4bde97ac0,12057436
passed,pull,a4885b7cb3e6fc7ba9c9811b85b739f7bad1bf70,12053212
passed,push,a2434df2d98bb5206f09f59c199fb215c05222a2,12053168
passed,pull,e34a54556d9503803cc3a1afd091f5d2ac78cd03,12017768
passed,push,8b803a9b3b9e68ac171e7adba5e197ca2c00ca5f,11989473
passed,push,f4c78cc34ea7aec1e579abc9e78400914460f966,11298037
passed,pull,ddd583f9ad251b277ed8db37f9a1bf5ee6eed266,11297440
passed,push,ab2984fdebf32693b6a9c6ce2247130a99a2485f,11297438
failed,pull,faf4273c7651c750b1390f4a9d3840dd5aa0cf0b,11293161
failed,push,2ef7150fabb0e9716b69cc92e501cdca99ad2387,11293131
passed,push,a14f6e3ab0fb8d32a458f29bb31ffc2ce2595c62,11219578
passed,push,b8b4938479e5061649ad483abaedbe4819eaa4cc,11219553
passed,push,9328fc386fe362edaf4d0d4b7539ed6d574de187,11219433
passed,push,62864307b8a62212d7c2bd8456a80bd6489717f6,11219389
passed,push,bbc6e403a479e3f372cff147b861c9bdd4ee6eae,11219205
passed,push,865a185feba643de4915421c90d36fef17a83520,11168687
passed,pull,6455795855358038ef770734aa1595dd74efa96e,11168620
passed,pull,c48ca4b986c961cafa7714fbb11de77b59fb4f23,11167753
passed,pull,db975cfd1cfb38447f3c236695c87012d860272f,11167683
passed,pull,639e38dc34261888d5d349be89abfa017df9d020,11167524
passed,push,559aa32bba9a29f4b91406974c294db114534c57,10775480
errored,push,4aafc31565198c756b1052c992bf90c6efbeeb95,10772072
passed,pull,3bd5f41456711ed7b86711780f3cc6b072f9d92d,10769245
failed,pull,a92fb892ffce82c91639f3289e2d5c54631a49dc,10762906
passed,push,c73ef42270c513ede8dd53947e08bc583043fe5f,10733363
passed,push,09c7d7ff7d30a24d70b4f437608ac810a4ceaf33,10551707
passed,push,ed22f81f6eedc4dee593155816217c2127b88cbe,10300756
passed,push,d731eb708cbc000b428f0f0d5eb0887d5179e6ca,10293792
passed,pull,ecb496f17a65e3bd08ecce6512fa96fd6468b647,10290671
passed,push,4a2482ba577a1714444ef027fffebf3cada9ab82,10289589
passed,push,39500aadd7b0af7f54be2c7b56f99034e8d38868,10281127
passed,push,378fe5db98dc97f2e8c04972eeb04605b17422f8,10200582
passed,pull,1b2195ff1bedc99d8e74a2be8c826f3e534126c1,10195314
passed,pull,b662d20d21f4899bf235984c7dc81d190fcd4eff,10180968
passed,pull,4cde829acd5241d972c596476ab43024f8bec24c,10172754
passed,push,967e7413240df570412ff4914e68a8e350eb0e69,10171926
passed,pull,12c13500edaf1010f062cd6336dea93b82f40b6d,10171602
passed,pull,51fb4a4c48014b9c0846c74161c93a76adb1990d,10154669
passed,push,47e776e04e0828614d35210eb2f92eaccf027e42,9883790
passed,pull,35dd1495fd5b63cda2a4ea3b1a980608c3b1fb29,9883293
passed,pull,4c2e8872da7ca08d913238167c0df22f42c8a96e,9883266
passed,pull,b9ac5c9f24093ff5f575ab5d042141a7356e209d,9883213
passed,pull,80212df87b17c01b7846bee53117f3929af2ec64,9882853
errored,pull,eece14b91987a53466fbc784d851843dd823e6a9,9858939
passed,push,9c5a0a8b878f27ddde1ff7115ed215e77d844f18,9816203
passed,push,75d771ccd7255aceb0917c3057d3d2a4f72143d3,9815816
passed,pull,d0d1876f4251c0d9929decd9a1a14c4ce4a342b5,9786427
passed,pull,76d8cd0c00258d64cdf1b5f012ca08353bd37f6a,9782298
passed,pull,5621c25ed96318e165a7959cbb20b566435fd026,9777952
passed,pull,0ec046c21e224daf035d1460b2ded2f1b574b79d,9754046
passed,pull,26ab70abb7d81cb8895e48d5cda366b2ce1eae66,9751677
passed,pull,aa2121482e28746843d83e76cc8dc3f5fc982483,9748829
passed,push,829ff7d64656480150edef2c4cfb727823251643,9721695
passed,push,14785e7a3c6de152776fd1b0e4f609f7d3319970,9719606
passed,push,57598a6b7f7e9e70d27b9bca77a0ddb5b9b23fd6,9719367
passed,push,b58965b5d6f15f6a77c83c21f3defbbd9ec6e62d,9709768
passed,pull,6d189c00789711f946f4c2b949671360e4eed5a4,9708219
passed,push,eaccb30ec897606e5be8e18a2ee041e41b094260,9670353
passed,pull,04f7defef1bfd8d7cce1792dd230cf7d6e1298ef,9656709
passed,push,5aa41b5de36f279671696280b8997d7286167ffe,9628832
passed,pull,e1d8471d3aca3c2c02eb0bfaa9537996191222d7,9628179
passed,push,28fb3229db3833fa489b2581e86552d0e9cdd583,9628092
passed,pull,eb0d077c852210a477d6131e933cbbe905fdef41,9627040
failed,pull,bc6c8eb1b039d325410cb4dd6ddec29e51fec252,9615962
passed,push,d5d1805fee9a64d991696c33e025b484b4e4bc58,9611666
failed,pull,37ed72e09fc74e156d8fe82ae13fcc26a177e645,9604119
passed,push,336745338933b3af0a29fe407aa52a7337778d1a,9565693
passed,pull,1e494f36193ed2136082dfcea58a71b7aa271617,9564273
passed,push,1646a60b21a28f85ec3b5df61f83fca6592dd03e,9564268
passed,pull,7620f59940beb6ab7c58a75d4c612a72bcb1ec12,9550857
passed,push,fa44207a9f635e31ca71afdf1835803896e034e8,8896962
passed,pull,ba7158deeb9e310dd7df29331eddbbc782310189,8859219
passed,pull,16a87844c49fd4bd8bb63c49157e2d7b7ad676ec,8849681
failed,pull,534b5f96595b17014453238829c7aa18da2debd7,8849194
passed,pull,26633412342cceefe8a1360532f119ee45e2cd70,8746101
passed,push,86a2f8dee03f524c5bf017e21b3b586536592f6d,8714661
passed,push,a6cf7fcdb389b20b72fc18d89e7971fb57838aec,8714518
passed,pull,0dd37ceae1227263e4b9d3ed073b316dfe438ffa,8705221
failed,pull,e4c53f564fddf403ec0360773541ba2b022bf8e2,8699632
passed,pull,5f9231c3115542e2f38ba2b544fb0d5048d6cab5,8699249
passed,pull,d19cd41c6080517bfaf8b81102350b52d5bd1f33,8698842
passed,push,9b4f01d9a4b5097b5d84130d6f0f0f431c871c91,8438667
passed,push,3b26cc2feda9452d85308f7d7018d73e42829ef1,8414593
passed,push,485e67baba6ca2f6b1297fc7dd36daee20b4ce8e,8414413
passed,pull,a84f7e02974da04ac39ac66f7c6a681817d7f688,8414398
passed,push,1f94baf2fc5d5e5049f8b744a929a18eb29da3b0,8414396
passed,push,80e600432a70f96275e2ad6549c947504331b463,8016623
errored,pull,2f41f7afc9cc3ea262f78751ff03c9c8159361ba,8004165
passed,pull,6684bbc6e31e3722dd9684b7932ef0418adcdd4d,8003144
passed,push,7fd357bd430a5c4bbd8183a6e40e8f32b87a48a8,7970993
passed,push,b723174c900f38a23abeb6d0f8e5dadd41215a09,7970949
passed,pull,4e75840c25801b1e5350bc353d9dbd7a47edc2f6,7969879
passed,pull,e6bc9f42ddd61762ed49b7aea2051ecd96a5b6f7,7968751
passed,pull,02d1859c8c83c0dea205e961ab9425ae78547f19,7967415
failed,pull,15094be8321b22b34907aaa8a200063234ffbb0e,7967142
passed,pull,d2d81866fb70145c74e18274383ee820a529b225,7966865
passed,pull,0e9e395bd12ffd4220ecd82e2b452a5bea364234,7913968
passed,push,b8beb9df1bc2fd279ac20da3b0cc56353349d492,7911626
passed,push,69bd57b6016e2410260a838bb9fe00fe03b9ff7a,7905433
passed,pull,2241eb68a9645a7170c939b8a1ca4d0cac6337b8,7790414
passed,pull,95529bd43cae634544be3ab9ca621a4f7c5900cd,7744215
passed,pull,cb4c9acf6ea7c47992acf02f08de5d5def68ec47,7743209
errored,pull,3c9f02367d514b17912748baf8201a0679de87f4,7742280
passed,pull,36d54a33a5e2629c9c0201801d08afc0e5080d9f,7741104
errored,pull,1cacf51c2ae5435f4f08a91a0461209d1c074d9e,7734461
passed,push,72648eb713663a1528983a27a0790ecbdd14a74b,7493632
passed,pull,a72a66e94038a4c0d17a0f4c947b2d6fed0d19f1,7413401
passed,push,df127b03984e4f92c4936c1a9ec1f677ce20b12b,7412940
passed,pull,9d8ff000dfc71cc471ac374578f08178354826e6,7408331
passed,pull,57bcad641b1dbfe2edb57a63414528a5013d8d34,7402949
passed,pull,bda991b30fe12c5db4f3e775d3ce71ccfb50cbd7,7402920
passed,pull,4802516cbe8c331ae8ee362866eb8b8ffeb955bf,7400414
passed,pull,f55f3af03860f4dadabf3eb67cac7b9094af5327,7346461
passed,pull,ad89f73b3217726ef99ae1ff5014e5ef7b1b0a5b,7345667
passed,pull,ad89f73b3217726ef99ae1ff5014e5ef7b1b0a5b,7345573
errored,push,5b76b4c289657aead7a8b931ef333cf20a50a678,7105112
passed,push,b51ae72e7fbb5b7e8f826f804bd89ef2ded3939a,6999792
passed,push,5533bdc99fb5c51a22b24fd40b71bd775115713c,6999790
passed,push,d3e5210091afb3c7c180effd8cfe9c219df7f236,6999699
passed,push,4936f4c579fcbe336cc05a8caf0ec5c9889a4ff5,6996933
errored,push,0ebc838ccf308104a8d28ce08df4f408e7868603,6996733
passed,pull,248161cd7674ced1cdb08dcde3613189902d6a43,6880471
passed,push,05dd46e869b3a3b12ebd599065d3f4d34499fb8b,6880469
errored,pull,26710453aedcadd302e286afe5456673b5866c2d,6880401
errored,push,351e4a5bfd88abc51720cb72750a02110f5af375,6880399
errored,pull,6993afeebb2697906383c695ef36516ca4cec807,6880338
errored,push,18c19c27eec3961d4f7c9c0d7041c7e682e9fc9f,6880320
passed,push,eeeb1bcee6ce7a225a80785b0b018e35de18d55a,6675024
passed,pull,7cd3ae4b2d23413caec89deb1f06d0dfaa649a55,6650191
errored,pull,1e59c441f076a0e0daa865423adf0306cc0b6183,6650030
passed,pull,b5cde4629c13998ee1d44428d996f53d33a317bf,6630047
passed,pull,b5cde4629c13998ee1d44428d996f53d33a317bf,6629863
passed,push,e593bb71542285aaebc3e94777461f15cebf9827,6461651
passed,push,b286905305faee3cce80953fd3178123dbca6881,6461257
passed,push,8d732a74039b164bb8a78193f294347769e92c71,6461031
failed,push,fdd4467db50ba1b6498fa5fe9b8b7c746d7aec2d,6434687
failed,pull,290966b44203ef7ce1a00dc843e17b43d8eb8d8e,6433401
failed,push,95fc21aff0a8a2e1cd34389363eca71e38f543f1,6432624
failed,pull,c45e6786b06b00ba6a634d627db7c757a2e2fbc5,6425668
passed,pull,907c0f345056554d14c8179239976e7cb8fe7854,6424779
passed,push,b1125ee73e9aa05ebae44502a26ed7355914499c,6411677
passed,push,b1125ee73e9aa05ebae44502a26ed7355914499c,6409821
passed,pull,5354d2477a9282cc05c46d73e81818e555019cbf,6402503
passed,push,71f96307611936e5fddbb684f5a4ab7767b2e4ec,6355271
passed,push,dd546aa211e6e6d8688c026aff8ac744f84b1df5,6343728
passed,push,b96d9f3c6c31d2bfb8c64426ac40846c04bc612a,6318488
passed,push,c9f8a8d93e10df74189bec15688b7ff479f073f1,6290665
passed,pull,06c9b1f7cd17852223fa5deb4924e02e4a30e958,6278687
passed,push,732aaf659b4e1f225eee9b35ff6385b267da9155,6275709
passed,push,91091e3664f775ac8883d5a0f9448d5f07250c7c,6275491
passed,pull,8508647744add4671afde8ac2b8d74244b503c07,6270709
passed,push,1e8daadb4e28a38ebca7b1184e56d974b222d173,6269459
passed,push,46c61c89ca1436112be06dd7d0a7afa33c8a9c65,6125478
passed,push,732520fc1ff44143171a8e6f159d207aa722de2d,6035746
passed,push,a9a9a1376961517bc1b3ceb4b4e8fb3e3da7ae15,6035695
passed,push,33c6811644431917e6511f67b9ca8c5e263edcfe,6034975
passed,pull,01fd9c3e7feb21f6fceb98f8dc39a1caafa7866f,6026226
passed,push,6e1399c803a3a1aee0dedfafe996c181ceac9535,5851832
passed,push,06f259d5f8e5a7a42944ab761184ef63c5c15f1e,5764674
passed,push,08ef290428f98af03a973a4a1eacba67d3d165d7,5764329
passed,push,8f0f1a375f2ab8edac25564b3495d26d52955b29,5748000
passed,push,39c5294b3cd1fa7976719fc6c99e72acbd963205,5714291
passed,pull,6021e9eb56484d02dbcd8a83656c81328943841b,5705829
passed,pull,33ce6b8c41bb4354a07fa790034f4a01265c5fbe,5704429
passed,pull,462a1e82ef3096abfa58ba22369e3f18b8912733,5704393
passed,pull,ce3ed77281bd0102898c0bd0e508762ecf497bb6,5703701
passed,pull,1dd4f85c0eaa4808342e9d5d7eeb0ee834a1c53a,5703419
passed,pull,2b0aa09c68678a94e1baba7cc500aef652d0045b,5703171
errored,pull,27be99d8331b52d6340ea0d17dea19b2e2f71ddc,5702708
passed,pull,a405eb5eac423a92357e88cae1894ea65d3d5178,5670994
passed,push,9c42d26d06bb43f497b4b48e969d3d04352b8dec,5656944
passed,pull,cfad72f3af3ba53747d1d3cd536fb2c07eff156a,5636777
passed,push,10161d173d00d986c9645f63bd4b21b69560ac8e,5514526
passed,pull,7ae88215bfbccfaabb7860927b8f2857ce44d8c7,5490230
passed,push,a95b6014a2d58b5d67191f190e82a985aa8dc8b1,5462923
passed,pull,3f5bd59b120768203ffa44bcc0f51c1ac3fc7599,5462825
passed,pull,838fe8b9e02de8affe727209d6b602b115ebc626,5462671
passed,push,0fff63ead25ed82eae3503870eec6ba090abb557,5360049
errored,push,8e0cc1c72a8ded1843f0a8b980cc7a69ce8f4c53,5205718
errored,push,cac0e7d9d848f12709da0b7ee38d0a8ffd04bc89,5205672
passed,push,66fad1671afbd78b630fb6c54f26ee32b423e206,5197918
passed,push,b127d0f2590a201ecad25eed9910ff28ad047efb,5194439
passed,push,9adb1a4a5e21f2a7c8fc231de5af35314239beae,5192661
passed,push,35a247657273d1ef5db82760b3bc055381cd6742,5192305
passed,push,17db2d1cd82fa0acb525f1d3c340f109d053e811,5188586
passed,push,04981db50f3e6bd8a32680abc3935ada92590f27,5116775
passed,push,04981db50f3e6bd8a32680abc3935ada92590f27,5116321
errored,push,8507d05f12dfa99e80f49788662ed7d35e128f63,5115712
passed,push,f9ffa1b4ef045db282b81411a753bfb4e115d9c9,5101457
passed,push,cd0e59628d69ee48781abb9721da753f343ffe16,5101449
passed,push,438adffdefe2a3efb19f525fd321f6f132d7e6e4,5092954
passed,pull,60192939a6b249cd14c5cc2d7c3c1e3bf46f149e,5082565
passed,push,2432d667fb8d3c3946546b16418f72d4216ad7ca,4973997
errored,push,12c2cd4d6d2b195ed5c6898bb13d00af40e157f2,4973919
passed,push,8077fd4205e3361b1e14444f32b19f29efea3a29,4971538
passed,push,6342a1c8a3cb8e81325bfcb376d62a84ea0576d5,4480198
passed,pull,671fc0cb2ff924f1adb581e220cdbd7893bff1f7,4480170
errored,pull,069c805218b6d24f415a69f24cc5d51e8f375c34,4480055
passed,push,cc2c294015d44fc0c12af4ec8596b4acf47438cf,4474574
passed,pull,32787d95d5aeae904450f1628cda1939264bb4a4,4474241
errored,pull,c970b2b83455a78313bce0cace0bd50edf76ebdb,4473002
passed,pull,318f84493547f7400580a596f4e433a4b73a66bc,4466307
passed,pull,1baa68d532df28cf952a902072cd21bf1d793765,4443203
passed,pull,ff2223fc2d01454dea0cd3775fa0976a46a1d0ab,4092247
passed,pull,f29e90c79850a1d4449cb6d3f7ae20651762b01f,4022022
passed,push,a09b731904950ef273b0a2abfd27fda43cf5f1fa,4014232
failed,pull,a644ea6c6455909455833afe3b5bf55b8c364e81,3828510
failed,pull,75c7af9766cd2e06ca181211f4b354bdbb1780c7,3828505
failed,pull,6b445fffd4b334b3cbf1c26735f575bf7387c31f,3828484
failed,pull,c412af6c4821e61c083adcf1447a5d2ea450b2f2,3828436
failed,pull,3cbb93af6c422bb2f9ae6652c03ef0396dadb252,3828393
passed,push,e260ab4cd3ff209f6561a252be41e40dc1f1b883,3806619
passed,pull,148a77d16e05d95032e2ed650747b84d45ff9834,3780068
passed,pull,35a1eb41f70ef5b6fd295e93d00349579ee574a6,3773861
failed,pull,863a969016fac138d2e787320517aea750abadd2,3773481
passed,pull,1bfe69123117d702424df4c9d80a2fbe1bcd98ec,3763920
passed,push,5635fa32b1b005d7e8718ad68f9faa48836bf72a,3595756
failed,pull,42471529eb6c76a96ad4dcc96174631a0a988ae0,3531695
failed,pull,42e781eae3452df279290b94947844a8c678a98d,3515747
failed,pull,6e2ffe38055a15724fe9803e111997634fb4da42,3480831
failed,push,49361f2266ae267b12beac813aacb8e4adb26136,3479811
failed,push,8406885d234f9653bee0acd308b00378545d875b,3478904
failed,pull,4a3dd155a2e4f6f79d7314b322baf3ce3ac9c47f,3329201
failed,pull,49c6a3e1a13b29294af3464a53415ff18d770df5,3328343
failed,pull,0e7dc4a51e42f8e112c165c12f92fc8eeadeae70,262601428
errored,pull,385e21da3fc0fa160f9fb7f27e18609f3570c8fc,262600658
errored,pull,f37f44b7cbdcdc37cdafc77676fff3c3b0419a2c,262600020
errored,pull,08ef290428f98af03a973a4a1eacba67d3d165d7,262599259
errored,pull,64712a68371454117f00c90899b8b0dceb3b2ea3,262598850
errored,pull,63ffe7ac031716ea1f3b78c9a8d49d85caa34e27,262598026
errored,pull,9f64693d7e395e7c710bdc5d72ca92a700e8a6c3,262597146
errored,pull,b10ac0509abf101274d6dd4d3f65c432baa5cd54,262596227
errored,pull,d82789fe8c24d6106d9ce8926c6bd01199f70a6d,262595487
