Status,Type,Commit,ID
passed,pull,821118c1c74c415b4c5a7b532ed0962d101056f6,263291896
errored,pull,559e0f8f7ea7391c237edd1bdb287cc6e060f065,243605073
passed,pull,e53f5c496db7bc0b9e3825eb60247b2256f0dfa2,242416231
errored,pull,cbe7cb932c2c19990541d5b9423c3c60d7970d8a,242411991
errored,pull,565beaf558e653b85177b9ac2b0b71a284c58776,242407102
passed,pull,dfb020985430cd001bc7e4e0fb0eef4fd3c6248b,219061634
passed,pull,a34834665a036434543bbb37172dd78efea1288a,195121359
passed,pull,21a94cab0ff5f8e2688bfc320e984bc70b052aa9,193029358
passed,pull,aa460ffe4d093af9a83abb377b8f9044a07d1921,192586178
failed,pull,8999bba180840a24ccf4f2492b689e546fb77108,178549544
passed,pull,8b01192be8db6c9d650e50dd9a2e50e9cf3492e4,176355147
passed,pull,c54db3d974431b0c9263477ac00116078a4791f5,175856849
passed,pull,800378e1fa56752d4de047e92116b2c796569c21,168652654
errored,pull,c6b229df976a563c8dd4126f7cbbb37907524488,168647815
errored,pull,6fa62d0bacf21266af848251fecb209e5e859f17,168479788
passed,pull,a61cef9310ac404df91127abe74aa5552d67d1d7,163857138
passed,pull,ce617d9e975e4c666b515ae9a7a4d3c4b92ec5cd,163164699
passed,pull,19d65f941ba37dbb7863b21ee182c03a340495c0,162077597
passed,pull,e5d6e0a30b4f25cd2873bec500c159adf1192f5b,162014933
passed,push,1f6c48e606dc1303d1e92a0a0eaa94120eba64fd,157619016
passed,pull,4e560e7b41d97d1d5101a67a92fa19bebc10aca3,157605801
passed,push,a3b912d9dd0dbfb31417b0d78ccd327882458cfd,151202979
passed,push,38bf73b85555a62ec7f97cf3ca59104b606f31da,151202960
passed,push,4acbbe17f1df8c9770ac812ab2ad03461808aee6,151199765
passed,pull,05e135173e7d9792aec1fa947c3feebb93a24460,151129368
errored,pull,dbcf558bab21398bc12c61806d8b5d91d4f2e59d,151126703
passed,push,7c061988026625ad504d815f747ceec9c42074a8,149334046
passed,pull,62dc24072c5934748fc0ccd5475c7b9f12d854ff,149088993
errored,pull,f88af9b42834152e114ecb08f742df96e4117753,149087733
passed,push,6dbf2a95349d02af8380dc4d90b9a3017c66301c,146405128
passed,pull,89aeb7f6cfad65f0ff0c7a97a431434c303b48ce,146402648
passed,pull,587a768c1d7ef5cb882fbd481d91e39ae995f530,146402162
errored,pull,0ca72a6cf341d3c19445df066fe5d81b1dd5e13c,146397085
errored,pull,d765a6295c2c773dbc7ba4f8cf0857d79e204e0c,146392660
passed,push,df8f1773267209cde637b488ef984808d03012ff,144618086
passed,pull,c78b43c100326d728d4d69b68c5349c24ec3617e,144614954
errored,pull,a47f21fbb1d321f7852ef5530bef398bdd8e6764,144348426
passed,push,bfd8db2631d2b37730b05b880e53880155d9296b,143760291
passed,push,fd6b857c0a43d6990622d214b102f7b0672cf9ec,143737805
passed,pull,1e6a037705618a30baff8bc3545eff6b438fc8cd,143736055
passed,push,4426ab05fa885206499c95ce5d922bb368ba1501,142205733
passed,push,32b25fa9977e47bbfb9bd4e0d77e2662490ef7b6,142205607
passed,pull,b072e37f513accacdfdc3c188a0374bc990fdfa8,138540152
passed,pull,e4da34577728ba809a0d2d2b1e132964b076f540,138088973
passed,pull,649ee9486cc28127b1f12903d96956b2a2f9f1e8,137401566
passed,push,eb88ab72bc117c4e2adf9f178374c46ba98f9f3d,132151454
errored,push,bc4a1411a13de96005a683bd99cc1485593e3e7d,132148126
errored,push,57579149c2f09b5b2b038086d4eb4ba940f80e4e,132147013
errored,push,9809123b33cf894da84bdebbfa94f39b0bc5736d,132142667
errored,push,d9c40e2c8466b8779cb9427cd873018ce2de15f8,132140399
errored,push,30d91be9bc21f79de4ef8b7628b3fdf55e116cb6,132139045
passed,pull,9d0acc0bf83071e77c38c95629526f0be98f57a2,128709842
failed,pull,17de53cbf3fea28235d660be0dcc4bf6b875b27d,128709291
passed,push,cde111fb5e08eab7e8ea9315cb08d6f5b34bf88a,120078136
passed,pull,44db52bd17c31ce01e6b9492e071e91cd0bfb889,120026582
passed,push,b914d49c0cb3128fcce304aa8c74b2d732e7d306,116011798
passed,push,6dd7643ca2a1a911ed3bb0179597f135e513438a,116011772
passed,push,32cb531c4dd97e25667da83f4d0956c010bdadbe,116010608
passed,push,16c631a3634545fbf9b963b429eeda62cd6dc805,116010450
passed,push,5d361cb4d12b5c123650e17cc4e91c8dd417aacb,116007868
passed,push,9cacb08e24dbc6d9b3b984b9723a9b7ed1326c48,115919247
passed,pull,5d0100831da2e9e9afcfcd83a8c56b08b47c72e4,115910144
passed,pull,9d34105a96f7072ebf30a7bd3c3a27e48b5d77c6,115458862
errored,pull,84dd870aa7ad441d57b1a1d01ec9202d92583a5f,115454314
passed,push,a88f9bfed0eed9ca7fcca76e4bfa6854872b41c8,109848825
passed,pull,b084aec7e8aa9aa966b4c9c35eb27c5728f26b49,109821335
passed,push,bbab47de1ab2fd02322601ddaaf1c8295e2b6807,107795620
passed,push,562f1618e5b003f50c5d3891b6371da82df535b2,106375087
passed,push,a767b4318e9546ee4005975d9404aca8b4c8b4a5,106367656
passed,push,3ca7ee92f34ece0e5fa710023b72685e0aa8ae01,105430177
passed,push,ffcbe3901d39f848ec09731859494900d85a9839,104744220
passed,push,a392698f4024be02c2971255561212156d36a5d5,104631543
passed,pull,aac533a80acb5686a60cb210b885a5fec26973d8,104592487
failed,pull,880660e9eecb38c8c525f6a17a430fba28243ce2,104591302
passed,push,73e944f458001bafd8b1353e34dcf0a20b53d793,101900016
passed,push,c6b8dc1e4f97b8501f68fd5730dd745fed4b2e54,101474880
passed,push,9fd8c80ae9683c7a92404c778b2f58ca8685025d,100950197
passed,pull,ce4b45a1516bd06ce51a1e61b8386e57c9553a4f,100941824
passed,push,27e7c7cfbcf83aa8b4cb27227c50d54bb1f497f8,100821552
passed,push,5d3dc15f1e3c3a71c20f9e5f1c514ac0ef28b0e2,100652235
passed,pull,4616b79652b57bc99c7d71fe6d0b8fdae9c8d131,100625329
passed,push,10e1d4b4d895460b76c7627967e7731569fd7fd7,98820635
passed,push,02a526f4c45b021f510126e22dc3ee7477cd6f60,98813246
passed,push,6bb04c009ceb2bd354ff0e18d9a18e1ce771141a,98813090
failed,push,124d771bb3572f3fcf451ba151edb2b805aca58a,98812968
passed,pull,f6f0e6fc3f1c5f3e6455cb155758a550e134c2de,98365327
failed,pull,50beef29a358c6e2954c1829807c6fcd33662a1a,98364056
failed,pull,5865d0428eea21fe438d75fcf0c50e87e7ae6034,91991323
errored,pull,85ce7abe2a92b6e8adb778b8955c166c3bbb05e2,91965408
passed,push,ccda6cc6fa5f0d3d6ade233653ab6b391eac2e64,91639854
passed,push,b6c4b0a6e8249ea0786e2a3ef706fd8a99e9d8b3,91117926
passed,push,6cdfe374a9778a975332d4a270b4049b65ea59f1,91114351
passed,push,aceea38c0a628da990d51c0f7c6a7a2447c4bdaf,90083931
passed,push,69052294f849a257626b7a7ab852928535f2e9c3,90083778
passed,push,9fcbf00265c168a91afc8c479c36db5e004b1ef0,90013138
passed,push,749f8670982be4d125e959567478e3874ac38878,90003367
passed,push,be6283aa386f244ee6193ef992d341f3f2c062fa,90000626
passed,push,83e8400da8dfc1820ec1f4523f51505e85abc0c1,89999659
failed,push,859359074b2f837c532a33f151199288b453f04d,89823713
passed,push,cae0530266c91c70321fe0c1293c4b0d1f435a47,88777405
passed,push,ef55cb16097e114283a4c3b7fef81109d7d6d437,88684757
passed,push,b1e9c19ed5482b280c45ca185c87c7433d1441fb,88684724
passed,push,4e06ad82e0632d6e2087176598d03ba4c41ac580,88677542
passed,push,411864be65e4235f77608b1be2ea47d56a75dcdc,88675390
passed,pull,247306190ebf1b84d5e3508ef2dc3106b6cd4f87,88152629
failed,pull,16904240395e6b62e22fa6c7848d6bc5e8a006ad,88148277
failed,pull,5bb8fdb75b14f36067c65eca5f6922dce6ed18e6,88140153
failed,pull,965578623ad54d7811526df0543f09e246248f4a,88136011
failed,pull,b69367996d493bea61e428de2ff14aec935cd47d,88128276
passed,push,00732d85cdaa7326265743ca6a837e6501ecefec,88116101
passed,pull,60baedec73ca8a33d30357c59d6b4aa89a6cf896,88114472
passed,push,add26f9a3f7081b6aaf2c8fa8907493ee2103311,87723838
passed,push,20846bc9ebcded4d12c780903a5a3b3f71dfd632,87044349
passed,push,682ecb0ec222c455c40b8ab5db605ef5758b382c,86938537
passed,push,a2c55715c867f36545a1873794d782dc7160d9a3,86938529
errored,push,ca057976688688648e0cfbc872bfa7dfda4d6b68,86934606
passed,push,9c781a9634d4af7107d9f4aa59363800e4fc71e3,86667331
passed,pull,46f1c2eae2e552778274f992dd8aa2ad95b9b62e,86665761
passed,push,17347f7a6f1702150ea62ff83112bf38d778e56a,85909279
passed,push,21dd7fbfb3eae8cfb88073b1ccd8ab80758c41ec,85847995
passed,push,2c86dc39eb21a61f11050a6885f89431f824f774,85847852
passed,push,a4bb00a7c9eda74d813d8f94c16de0a66f3caf55,85847365
passed,push,d1a7c70c653586083e640f2a356c4247916baaee,85236929
passed,push,cdf3f360b15b9b18203680615467b64e3d0fc77f,85107873
passed,push,60c809c7b35deb980bcdbcf8baa51e8878d6864a,85107679
passed,push,90bdc21091d77f0319dec04655dc7dda4e67035d,85025830
errored,push,d6d150dc58d4c1fcbbb7ce735aac1ea9f03049c8,85024751
errored,push,9341cae53c5049db5987593f96f06600a5f5fa14,85023884
errored,push,3b66977e92f07d5350f741224896c87a606bc8c5,85021351
errored,push,f33418944a4ec62ee056daec653037e898961757,85012038
passed,push,4e63fc7ff7894966ffe0fc0d77e2bf0e2612964c,84977883
passed,pull,e2e007788ba6160337aa5fad1e501b80e852871c,83967577
passed,push,a7ad6e2713a883a0a06f10620eb9500a9780843d,83884068
errored,pull,f2b204fc635127175ecf01d6991c31c54c5cd2e5,83757933
passed,pull,27f2956659fa65b868a0fc2535db2b81a5c4fe52,81387093
errored,pull,183bdd33b20334919cad32dcbe1387036c0048b0,81382916
passed,push,238cf905be583133af13dc2c8a531b450de5e8cf,75265838
passed,pull,8c177fd6169540ba6033890a02ef5eb6ce2c79da,75182526
passed,push,b901fff0e97eb053ff74eedd85fcd5058f3c3d32,72133853
passed,push,3e0f0d48d43855478f1d052638a7fcd7e76c7d56,72133722
passed,push,1b2b624a1f54394a623b5bdfb4dda10b4c7bab60,72037759
passed,pull,4b3d02b9cf33140a597b147c5bf0f08dde36d7d9,71928079
errored,pull,a483f5868d043e7e648eecf9c9017aa4fa2efd03,71491485
failed,pull,d69f0a3c44cf2bb9dac9f9d67f02056c9cac6262,71181100
failed,pull,9c95a61117202e893eddc5d42bd7918719e97af9,70951342
failed,pull,e7d1bb88c610fef7e894970ada413e3af62d0586,70948893
failed,pull,56abb8bd79d49d17080318f3f36e86de7eb23082,70947129
passed,pull,c23f04bc11be229e274d212c522b639408076758,70723893
errored,pull,79b60a0ac383a4a23f54644ab9878063a7fb5887,70719413
passed,push,c378852c7dc564d10b18acd0b575b711f129f358,70243131
passed,push,c32431776d62a1fadbf4be03f532aeb0e072cf43,70242454
passed,pull,bef005a8d3d05c5c670eeaafb3336d6dc54de522,70113506
passed,push,9549fe0db556c583385901da3d7d2938b5c6db02,68500941
passed,push,d809823d7aca690d1cedfb85c1e19f450b912dfb,68500866
passed,push,e993209ae235c8a1e5293f5ac9751a0ce985d956,68500481
passed,push,521736959bdd226b623c2f2cfc6c16a9e23aec40,68206061
passed,push,8fd7fc5d6eadccd89216043cef9ca0cb3d91f239,68204308
passed,push,b77cef52791c4113dc71eceb975bc0aef523590d,67064978
passed,push,761b2289dfdb28b6b40ff382de133d999af0285a,67042560
passed,push,c39f4a8fa82eab22699ecea1c88c220449223843,67042538
passed,push,a1923b6958c38d6f35333fa93ea1ba641302cc43,67040682
passed,pull,21f9ebaebfd9e1155a0bda315604bdb6e5d92eb4,65119013
passed,push,e816fa21872b53f2a082b82f5eb3d3aec75fc657,64840821
passed,push,538c267df248bcf213fcc40a0117c46cd55a442c,64805330
passed,push,49f401b88d005db96cce0a906e295d66b292ae5c,64805241
passed,push,0c67579e77229f962cc8c2beab2f386b83c4581d,64802970
passed,push,81df990bddaa346f686f0c7ab3caaf314c68d96b,64801317
passed,push,0b1b12303cc74f3583433b3c15824164c74ced6f,64023491
passed,pull,4df512e7341378cd42fcc22729faa85d5ead52b1,61666017
passed,pull,3108d48cce3e4c83d9ef76ebaed33d3aa3cd38b5,61645214
errored,push,3a1e3dfdb66b40031aedc944eecec0fdf37b2ad7,60299571
passed,push,fa77c318161418fa00c7b1cb1a9def27a1643a9e,60299560
passed,push,0aeaf49a4ccef044aa1030a47109f3f28c31f15f,60152235
passed,push,2ae260dc94bb4b70b5470e33a582785a3b33e4aa,60148119
passed,push,d2d699d2777886f5d0425906055c633722c101cd,59436040
passed,pull,3fdbf714093df50b324800145838059d8e1ab81d,59254652
failed,pull,db6da9312183b7ce7f4adb71ba3ea04c1136e6a8,59248965
passed,push,15e53dda4e5d3cd7600f95739393bafa8a130928,48057878
passed,pull,03a53c3a28a53de5f6c10cbca3029e64bb895c9e,47983609
passed,push,9c5ea54706f04e31ae2946e71009e92db8ba9919,42334747
passed,push,dfb64ef89e8a34b3ee8d874673226fde0f64e253,42334621
passed,push,7f968a418e9a6dc358b76d99e9c4544425754cc1,42260308
passed,push,61fea24059b19507ea91d167bd988582a50b2c4c,42014680
passed,push,6a20a7200b75d22624c91f52f09139c6a8784969,40311212
passed,pull,c595137fd8318852fcd01eee13bd5dd19ad9e889,38831107
passed,push,8e2672d3a2d6f99751de24b75420f8061ed8614b,36363647
passed,push,6003c2e401cb4d374c2d8367573907294662dbbd,34729570
passed,push,0a318441bd0b81c0f921fccdc23f165864481ba1,34699129
errored,push,4d4bc68d82dc67af32874fa2b5c0e3edec37b877,34667674
errored,push,60968e87b477340789db732b9b9ab072db6bcd8d,34667151
errored,push,7b4af5a0a19ba37ad76b86721006ac23f64ba8be,34666941
passed,push,fa00b8aec1b2567304c2f59cd9ce7e85bfa9ddd7,34183506
passed,pull,e790fee4354270c21e5f061448cf6fef7d5b97fe,34161435
passed,pull,1e3c4ea626cb20bc5a255dd1d5fa540c5aba1e77,34161192
passed,push,60e9fcc4e181473179523c9d5dd22eeffb315867,34062248
passed,push,20e0c7e4d9248b1711257e04e0ae0263903f39b7,34062010
errored,push,c1ddee8f81b211b9a5c40a366960ce5f071f3202,34061451
errored,push,dc12a7160b3484ce30a144d5d5aba1a4d7b68283,34061406
errored,push,2df8779520b292c5a2f9d8dd9c9b2f95add14aac,34059381
passed,push,d06e02157f4b8632cd6e5e08fc3813e4cf8d4b63,34059089
passed,pull,07db4f0ddfdf4ef90d5f43a75c6372c35ef19f19,33109220
failed,pull,8d2b28f38261d188442de21aa0a1c7323f048a91,33105452
errored,pull,c29d6ff10adaeb4d97142ba699e2729336267a46,32951047
errored,pull,a19d8801f0c11f6364073fe9effa7b87bfc83a87,32292953
errored,pull,a19d8801f0c11f6364073fe9effa7b87bfc83a87,32292794
errored,pull,0d9abc03263ce09709bf73602cdbb0bde10a045c,32292489
passed,pull,fbdf329114144819475a66e23d12f2db022f7661,31827156
errored,pull,946714768b3e9851ea3f063997d83edbc8c1f37e,31760296
passed,pull,3636d42bcf9048b4034b48cd8d623c3ba37ec89a,28625122
passed,push,51c7b66b04e6eb3f6d4052968c9f34ae77b76b58,23948452
passed,push,deefe96a7a38b50673c4bbf6a91388aa91516407,23932028
passed,push,4f932fa1543939b4af044f7573d8adfd1e3c6e63,23931822
passed,push,3a488227bdc113ee44ebc2ee14af3e0c8a57965a,23930353
passed,push,3a488227bdc113ee44ebc2ee14af3e0c8a57965a,23929622
passed,push,3a488227bdc113ee44ebc2ee14af3e0c8a57965a,23929551
errored,push,344a92280b6f61edf2b656f9eb94dc27a815c181,23929319
passed,push,decdf663446914fd5570dd16272c0e676630998c,23898085
passed,push,decdf663446914fd5570dd16272c0e676630998c,23896626
passed,push,decdf663446914fd5570dd16272c0e676630998c,23895551
failed,push,f009c00cbe43b70d1bfb8deadb7a340431f1dd3e,23894726
errored,push,f009c00cbe43b70d1bfb8deadb7a340431f1dd3e,23894408
passed,push,3ac84aedb87e5605d8dc1d64a04fb78ba506c1c6,23876804
errored,push,15781a8b83447c8f923dc4a0e2265268e0cc1fdd,23845791
passed,push,37b785a2c2ef31d4f9e35631449dc8e6a94e3060,23721936
passed,push,f7ce349566e467570cb54000a4026f3ac0db004a,23637510
passed,push,966cdd0f019e99bf362c18a54def368093ed0c5b,23241962
passed,push,ca2852dc8cbfc64b68662ecacc0f19f1d60a13f0,20452394
passed,push,9875b751999e338e185ec9b83ee92281c99d2105,20451966
passed,push,865b2a7451d712bef133e40d447037f5b929bc53,20427801
passed,push,5d6cc0f8cfa0b9fe8d2c97987fe2d3e90ff8efbb,20427796
passed,push,5d6cc0f8cfa0b9fe8d2c97987fe2d3e90ff8efbb,20427793
passed,push,b6401e079523bd33a4f533a0a580b96708a9718c,20376348
passed,pull,a4820fab0ba3a4106b1d0d9427494662814f6540,19648474
errored,pull,a75e83d37f06a5692b4e775dfe472cc9f2478e31,19646841
passed,push,9dfb8aa3249d1f43fb03bec5f0c2483457cd10bb,18962610
passed,push,738458696f93a32610e8e5313c9081d1297bfc12,18693636
passed,push,9036297829ac219742c95820bd77f129c5c10eac,18693624
passed,pull,c7e1860c38cc6935ead75544f58f1493afddbaec,18689301
passed,pull,c9a23324d390ada6bca80112a3d8513429a66252,18352421
failed,pull,71eee2ef8054bb666f0534a499bf21607ea72539,18292218
failed,pull,bf9116111c7c5a0fe5d8f4c4a348e4868a17b20a,18288187
failed,pull,cb10eb4f22e47ece222e75462307c7aacb8bdce2,18286825
passed,push,d47b030ef0d1d5a4c5c1983589f9f07c6d8cbffe,18102613
passed,push,9cd383faa0449ef5087b766abed8940515942aa5,17873483
passed,push,78113700fdc9b17d81811eb58b3d4b0fdffe7cd9,17484996
errored,pull,93056aaad1c747cda7716baf73d92aacb1c7c608,17397996
passed,push,73138036bd79497bca4cdb1a3d633fb9acc8b866,16673347
passed,pull,4d812a628636cfbbb8c5608305ef272716df04e8,16660219
passed,pull,4d812a628636cfbbb8c5608305ef272716df04e8,16660216
passed,pull,309a193d8d442eeb81da6db3b0c54b930e60efd6,16660053
failed,pull,976dce3f7844e5bf227bfa876ce708ec55d03059,16631785
passed,push,64b8b1209d829e0829b528dc7f5791a4852a3419,16523791
passed,pull,227dbd7de0fa73b10f32536a16c7d60ccdebf6c5,16500219
errored,pull,32555ccb83c79b9b3cc141b8b6095354b345f71b,16499722
passed,push,316d569a37eab34fd0d94413990da12707e3b24d,15188452
passed,push,85bee38c962749fe090988fdd96f35ba27a56fef,15181019
passed,push,6195e084835a73fd76f39e6b7a0a97b14beff8ab,15181013
passed,push,6195e084835a73fd76f39e6b7a0a97b14beff8ab,15180999
passed,push,ffb2c8bd3d11570c4774a62230d54eb206643cdd,15143739
passed,push,bf2c1307199f5923f173908090837171c12b824f,15143477
passed,push,3480d53e16a62275a1e4996dd1a6ccbf1bd919ca,15140035
passed,pull,9fe84d10e2cb337f3d3fa41467b2cf4b2311a35b,14923418
passed,push,0d04cddd21a7715d44166a92138bf62f50f9678f,14919758
passed,push,87ade9536e1c033d38c40232d86d0c4a48365a7a,14919721
passed,push,0d226fb5f6151f942701636de5b07caa9abc15f0,14890733
passed,push,8db3228699bb2d193efab3ccc17351d292fbef99,14890730
passed,push,8db3228699bb2d193efab3ccc17351d292fbef99,14890721
passed,push,f1efcc2e51c33354ebcd672e534c1ef82ca2a24e,14887964
passed,push,24ac9ca51b77755aa449a306f89115924d0af14a,14887869
passed,push,d303294b9562b2e0fb4ba89938daaba1660a5f7f,14887865
passed,push,24ac9ca51b77755aa449a306f89115924d0af14a,14887862
passed,push,0ee7bc009a52abd6a3d7ab632c5622d6ab7dee11,14803958
passed,pull,89f9bcf393de52bdce24ed22296f7fc7774695e3,14803485
passed,push,aae94481382980235c635c538162c886f4da7ae6,14786599
passed,push,b50326e186dd512b22772e8414638c9a3664a015,14786286
passed,push,a2bd83b004937366d9bccaef57c1ad5f5574f7e8,14740649
passed,push,38e0b7f81678af8b4ee851cbff758cd9bd93bc6c,14740066
errored,push,8990312cc644125e63fa0e0ef9cda3c099aacf24,14739234
passed,push,83a36170a756200b6ace4d30cc19935535d99f09,14738733
passed,pull,7b24eba6ba980eb84c88024379730e6e10ea3d9f,14428958
passed,push,0e553a38c22ede9fe0d47beb045cea31e227bf4c,14403797
passed,pull,57ff83b113c615dc6c5b85b71d6e5af271c9cd65,14398039
errored,pull,cdb959b44b0553d3ad0fd4bb5c347478f25e5d9d,14394750
errored,pull,c07361e24b99414d6adf858a52604ee9cb8ceb55,14380837
errored,pull,c3957f87a14a663865a2d107dde440605334be51,14344694
errored,pull,b3f4c3d412cfc41453b120783d62e1d201f10c60,14344532
errored,pull,435897c7aa7e114c7f3487b406b05dcbd7f84e3a,14344335
errored,pull,72a4b8420a594c88675679b8f175402a31a7519b,14344303
errored,pull,778b316a865621bcff345ee920036a970115feb4,14343777
errored,pull,06f81e00fb13a5b7fd8c2f1728e4051cbca4b6d5,14343168
passed,push,aa0ae5054ae57448c13f6f4855407504906c54c5,13869943
passed,pull,76f49f4d5d0816b3ca52f2fbc5a88e59a705ae24,13861543
passed,push,f372ba243f6213b60d3764c96806db5f30801a1c,13858272
passed,pull,956a8b8a7f5ccebf64ccf5e341dd9254250e0732,13827013
passed,pull,7ced47af2320b8b9f4e11b06a6c5c207808a74bc,13826876
passed,pull,4242241396eed7e754add4cc9658d82f3e2d4baf,13825366
errored,pull,551ff5cc52fd969b6fe902767d664aaacb3d1c65,13811499
passed,pull,05b45dfb10f3af3f4d1d668e85fd2627f5e17c54,13458416
passed,push,1168b1e0d32408ea58263ae8ec1d4733f278a05c,13342482
passed,push,6c9e4b03166866d2ba3969fe1dafd42348e8edae,13131846
passed,push,3081ba38fa7290932d5cf42f2d06125e69430a92,13088835
passed,push,f6ed647d9d4bbfcc08912c2f60cc1b0813028fee,13088734
failed,push,fbc60d0ac059d82a1b618be129f9d052f39874ed,13088475
passed,pull,c60a3054a61b40b387fe314f1636bae69acae812,12751947
errored,pull,61b0dd6ae87ed81216098403afac171e99cf6d19,12751428
errored,pull,961217372e59b2230741fe22c0c8125fcd4e5b26,12743959
errored,pull,34b8e43ba6e2477037ee7e2097b393e92c54643c,12743792
errored,pull,66c3906696f99f218223e636d244519c7fd4b1c0,12743691
errored,pull,72a6bbec183d8655871e7d3d846d809d90106fcb,12743632
errored,pull,bec0b479c7a08941c17dc8c0f191d13b8ed55d94,12743543
errored,pull,acc310e40392417f8c58b7aa6dba23829ce65502,12743479
errored,pull,99d2fa5766607b673c3630f0b10ee965e3750e3a,12743356
errored,pull,3b83c8713246bf6eab6716f2e10ddde91b761d8c,12664208
errored,pull,059b28e466dca7470bd75d2c6a43c5d38c933851,12661919
passed,push,9afe2d7117bad0ce46d57428225b0362fc442548,11532072
passed,pull,7d10ad6d05579835e9b54e62ef7801be54d3b202,11289794
failed,pull,fc020cb6666882868b11a2d32f836c76943629e8,10961792
passed,pull,2cca3f437c366fb392690a72c07d94ec663b2b07,10421046
errored,pull,164c1db69a4f58a5ea051431e9a5bb311c656d82,10420774
errored,pull,f4cb924d4d77c5200ad314262c16c4177e699700,10420260
errored,pull,e0bdb748e286c45f45dbe971738abf28125d27da,10419782
passed,pull,0fb66402b8d737715a5107f3f13fdc20ea216bec,10417414
errored,pull,29dec77f9d102388bcf852813dca248e94714e53,10416119
errored,pull,6d98b9d835fbf9fa51e7cdb3b7dfacff72a0e762,10414537
passed,push,e2326702d87fa004465b0af823a2735d99cac577,10406602
passed,push,8cc42eec19be95599e74ab85956c6faa63efdea2,10386084
passed,push,116e88da38956b2b1515bbd643059c016b416faf,10375169
passed,push,e3c5f3380aaa7a49118c9b55b1fd0c4285f4a0ca,10375166
passed,push,7f585e4a1cb9fb7757c1480d2661cc46eadf6ff7,10374559
failed,push,1dcfc91e6bb51dcbb827ce28db0cff32757508ea,10374339
failed,push,a263eabed0753132d90202a57de989eb403f68d8,10373789
errored,push,4899df028df7eec445fc425efc64b34d83506152,10373454
failed,push,f2034a83d97829d8e8742e5884dd20ad5801f46a,10373441
failed,push,2bd52a396f50cbbce168dcd677492888b88a8d3d,10371420
errored,pull,b91094a437e9c832d2c0d132419ecc865d2bb2d8,10290558
failed,pull,fea9ebc029f8290b7f505e471feb579a9197e616,10160360
passed,push,9fc19df3301fb445a9fccbfa9547f26e4ef66c1c,10114735
passed,push,8df9cb56524f5fa1e496ce86088fc57d0443f948,10090569
failed,push,b3c657185802a5dc2c5b4fe9951bdeb6276fea1b,10071665
failed,push,139ded5921a043d12d026911284eb2fb020d7566,10071536
failed,pull,edbf9eb49e0e9002b5d347b6c254b9eb2a97abe8,9736837
failed,pull,33bf1933336f672fdf0907f811be18dd4867028b,9703971
failed,pull,5a84a9fa1cac0c555470ffd3f77862366325d521,9703149
failed,pull,def2491452eddb8e73f2fabca93d6b8ee3d78680,9699517
failed,push,777de656f5d492fa1877855ed5f46d6a9e597616,9689009
failed,push,8aa76bb3a576ea60151ab982e90ed2aee8e8cd07,9656313
passed,push,fb460a216addb3ba109a4bd943f6ae84cb71f1e5,9656298
passed,push,87d2f14e3013bd40a835fe39c544dde9cb9925a3,9587539
failed,push,d88bfe0f5e266c361796616509deda6859401f8b,9587364
passed,push,c4e30b10b3cbc354c53af851dd6b04d7696632d4,9565349
passed,push,4cbe5a2439a90c5cb068f05eb4ff46cc28fff469,9564769
errored,push,17f01847b5b68c1b2e7040962f50ef309293f4e2,9564755
passed,push,0ef630dae88408efebaf9f5bcd40eabba5b288c0,9519860
failed,push,1373b4ebd2320752385c4c529accef95966b1b6c,9517053
failed,push,0231862610fc6476142bd0d424bdfe10c33f9e68,9516631
passed,push,528d40e83e14fde58810278be01cc213d16c6d2f,9495932
passed,push,1b593b859a84f9762ea54a7d037b9dc3e8aae98b,9439444
passed,pull,063f52f25a7568bc4635a12e3e959cb30be1a5f1,9438875
errored,pull,579f80f29d7913dcabacf1b9e26c50f77e3f6ed3,9438685
errored,pull,d2fe9bb51f5782d5f9492afe52c2ef21368468f8,9437353
errored,pull,ad6a7755b855d88adca02fcdf115eef3a0e521ac,9436331
passed,push,38dddcdf8c03c67b4a007aafe62a8bd7b42b0285,9433739
passed,pull,a270cf6a4a16464006ee3085bcfd7c0e68c1c733,9413980
passed,push,ae98e60b86de56c3d11ea0faa8a0a172752ac09d,9413877
passed,push,ee6adc23d295bbaaa8206c1a90911e9908a35a1d,9413539
errored,push,ba984b5ab7b741d1c6eb2bd590f2a8fa7f1dd82d,9413318
passed,push,1451ecce43ef0b0ab829207b238bb73d8f5d9d01,9413049
errored,push,cfdd0d29cedb233eb696616c1cf52a405b718850,9412909
errored,pull,c5bd13b3167b69c876a41439e976195fad8c64a3,9367882
passed,push,d93e50643e62eb7158c65cfefb3b9f2a4fe54685,9248842
passed,pull,c2817d39b5b998364b7d887a68520b7e8796e831,9140075
passed,push,f3e5d2ec41f8cecb52a9cbec98dd54f384a68542,9007603
passed,push,7185d3849ae188a4c17cdf92ccde6db745eb4dac,8989480
passed,push,36097568bb6a1c23090d8e89545faf2daae6bf05,8989477
passed,push,9a08974026d9c2889b5ee5afb1e309cd81210ffe,8989409
passed,push,53895eb26fa4f2bc6bb5d605569fca4d7c017c57,8989297
failed,push,fa46226dae64f51fa1067e95a58311e310da02e1,8989248
passed,push,2f3c63b5703bbae7333145357cedc876ea5ce538,8989226
errored,push,bf1c569973a7a77c8077edea766fb09b0ed8dc2e,8989099
passed,push,cf80002e2b5bce36107c38a4f1acb809ae051dd8,8989094
failed,pull,16a5cefad98e122c3e1ca947feba2886513ac9e3,8974476
errored,pull,92057c36bc2e7507da294d13e2e9bc63ce38cd5f,8953560
errored,pull,f632f337ee68a23566ab0ddd56e1730388f50770,8952576
passed,push,517376c555ee1955f0950da6965c678ca9427ff9,8908397
failed,pull,18c3e5bedc3c1ffe0e65432f88ede8791965963e,8790621
passed,push,5c47aebbea4c793f577f468494e46089c317bb67,8597417
passed,push,d54d2f3a4e16df0c0940b27218306206713f9e70,8142661
errored,push,e697a2a1c49c6cbad3f565bae6f89b849b78a629,8142422
errored,push,3947854398a0c05d70289132ec0b874907c9281a,8142405
passed,push,2066d5456bc5cc181258ea8ae6ebebd6650fac0e,7721050
passed,push,7c5bec49a3d576a67749c4c9039298e7e4420e94,7289237
passed,push,b982b9bbe8566b8852c33d0a33fd393b12a8fac7,7289098
passed,push,b983596c866cfa52886957f88881f5c7f60af3ed,7238539
passed,push,7da0ec7b17b708b2ba4c3f7f32d934fbe7a0d686,7195086
passed,pull,cc3fd15d1739b169d6a4915ca3cdd3273332f2f8,7195048
errored,push,62319b3bd4ec7627e2df9ef2aa73ee304c7e2738,7187443
passed,push,7b3f870b6ca40642429539416084dfeb78d75368,7172780
passed,push,198468307aa179fd241850041f1138f8166e0988,7172777
passed,push,6f9e226ba6b80d4d86e649082da7c98a3693066c,7172666
passed,push,a30312a9e15a6a0863551ff8b9654fabd3f39721,7172022
passed,push,d27452ae5ecb9ae9b884816b1108164369db2cb5,7141076
passed,push,9cc6b2b139b7a166f9a092f21bdf96595c118823,7141038
passed,push,080a8621805820ec9cca527fd7e7e68006859e9e,7140632
passed,push,38935bf113b03af38a3572e23aaba29598ed4c89,7140402
failed,push,b82bd540dc05e9b4427981b14b0e6af58639a6de,7140203
passed,push,ce66d322fc864e2999e3a0601da810cf1234a05a,7139456
passed,push,892c9e31124537c9b6b40fa7e28cecb0c43fb478,7100971
passed,push,22d1d66adaf286f69ea373d95329aa3aa1cf117e,6835497
passed,pull,4ecc4332598a94d2e0d098ebfa4f111b9c2222d4,6834815
passed,push,9faa95c074825b9e149512401f34d719742907dc,6806311
passed,push,f0bea700b6c1ac86af85520b07ddb7bc9e206824,6792564
passed,push,a0c76d015a5c6ea263de7a5ca783df6257ab2791,6482027
passed,push,f79b99a0e41d049a28d5d64ebb8dcadea5de14b8,6470877
passed,push,ef1ae553c01bf86923a8f9c4bf7f948eca2ab7aa,6470874
passed,push,ea13ec2a0e31fa38e147a2c254d8e427362480d1,6470811
passed,push,9f1e68fbea5c69cc4aee01ec0fe4b98fe690e733,6470732
passed,push,76d491e6250886f9751e530f81a1200a2292a0d1,6470691
passed,push,a4fa760cbe2c65f69d3fba07b73a898c80bc7055,6470285
passed,push,34192db41855d01053ae877782d15534009cbbdd,6460205
passed,push,b0d9be15cde4228bd8a225efab2e93d71b5ecc1f,6460176
passed,push,bbbb4156b263101b07ad857c999559c7be8abf8e,6460167
passed,push,a697a02a54c4796ad078ea6d9d314f3252ae7749,6460128
passed,push,ca35529c5abe8c4ed7ae83f141ba1137f0645fb9,6339454
passed,push,29e53c8050b16ebca99c7ea4817d547a31bb2e72,5944030
passed,push,e6f69ea0cfb078edacf2f1bded1f50007ee337cf,5943886
passed,push,3d9dcde2586e9449d8e8472031dd0b55ec4c907d,5940804
passed,push,3966abbc48347bd82078524143d2599426735b36,5940799
passed,push,342c7fe299b9b9d258e3d8b1044977ab3cdf9d81,5940462
passed,push,4e5824d67cab645ce27989bef90e3560b287b443,5940390
passed,push,f796dc4d350d196bfc44899ebc3a5e36cac9a682,5938267
passed,push,cf6ff0d583e0b83b66ebfbb73cc3a6d9932ec7b6,5937971
passed,push,9edd02db9721baf86aaad844f039bedb1e5c9f26,5937846
passed,push,6f616132c0812accbbda0cda6d851ad08d8f4077,5768535
passed,push,01bce0a6d5e6f73c47cf9654309f422010013743,5748814
passed,push,c0a34a941c2653f488717656c84286ac53c06cd5,5744565
passed,push,6025f5fce601f05a14dde2b81d1100fe240dd868,5741761
passed,pull,c011aee1fabbb3c85a44d0470af587f0da464daf,5652737
passed,push,a0e678e68ecbb471e21fd7fce0b4459ec929889c,5593150
passed,push,79c10e35988c0530822ced7e90d959f3f2381a11,5580574
passed,push,5904f86ebfba6e909f3d445afba0e49ec0909ef8,5580568
passed,push,d1a4880a0f415ea9dacd3776e626c600776e9a5a,5559515
passed,push,db77ef2b6fd2bac7498b4124b95c47f753cf3a2f,5559394
passed,push,3bd12131da7769a13fb09f0aa58636200dbc8827,5398981
passed,push,d179b73a5b4c0da2284494ac5bc52ff252f6b200,5398525
passed,push,a97bc96b2cb1a9dee1bf7f680f378fd06195661c,5395432
passed,push,b411ef71886ed777e8a3a15a585175b7a276fa70,5395316
passed,push,727d3e09710d2d0f26884e06cef56f7fef539196,5392099
passed,push,b058468055f3fe0a2fe5e8082f291321ee023782,5391451
passed,push,00ec3ec724d4732f985f28f76fdfed9167e547c5,5381343
passed,push,2fcce1805b86b35dffaa4d168e00ceb92e700ff6,5326722
passed,pull,853d9791975ba936d88d808e3e92dc1557338a8c,5326451
passed,pull,c4a83fa9c7e11d1435ff40f2aa40eaa0b2f179e5,5326154
passed,pull,0f8548b0789677c598f701ba2af974ae1ac25d8c,5321710
passed,push,4a0ab37c5d9788a2bdc086f46d025d4dbb7b398b,5187194
passed,push,c03417455d71e9be0e9675f4f01b4ca8333a066b,5118425
passed,push,02ca701932735cab8a1549edbed966ffa5511592,5118104
passed,push,ff4430008ffff046b836ae4057b2a3ce36fd8e35,5030493
passed,push,f8be8efa1da58ce74ff3090d5317a8e5a20b3bdc,5030352
passed,push,7cf71c2af8e4460ad5ce49edac5f243bca3118d2,5030349
passed,push,1da3b3b6476c93e2e62a71a7fe0ad767ee41d03d,5030339
passed,push,cc0036ad7eb204c7a30b33efe952c234ef671217,5009572
passed,pull,8878b53dcd7a53b295c0b3a919d738d44f4d4fc9,5009549
passed,push,27c9d2177a58c09e4eabc4dfd88c6e0ca79d03c5,5009546
passed,push,b5a1e343028bbd1245f7b68864262cf7638e1f05,4820453
passed,pull,026586cd0c33bc6047771f179989c5e8afd05bdd,4812000
errored,pull,431c4a51af239f3cc3b52e0e4fbe44c8e6f9ddb1,4811784
passed,push,779805f5625c5aabaafd0e48960b537aa6eb3106,4735463
passed,push,81138fa356d22bb7b94579b75ee1d11be3a69f2d,4735047
passed,push,1460c04a5b513601b4152fd79f1945247bdf029e,4734957
passed,push,11fd86017723e6c73228fe996a18179286a61daa,4712819
passed,push,2b5ec2cd1db6be070f5f26d5f42ee353f346075a,4696642
failed,pull,774d15cd0e57cc953f4c1689aa3c3421f573a520,4147361
passed,push,37da588fd050cd8c5b7d27f37de9dbeed41ecbcc,4147316
failed,pull,7bc99ce8948e3d8076652d00a107721630919ebb,4139221
passed,push,010c365bbe3cc04a7fbf1db0a1038b2b357c5978,4125491
passed,push,83cb6eef67ea2c10c9b0c038aecbee45bd660e73,4115165
failed,push,fbf243a6fc6a0bf3276083478b8461663484d29e,4093796
failed,push,fbf243a6fc6a0bf3276083478b8461663484d29e,4093688
failed,push,418f38892952accea7a52119b8236ef6273cf8c0,4093212
failed,push,9475f5a4640c109b2ed392d9909962f39d05cbb2,4091600
failed,push,9475f5a4640c109b2ed392d9909962f39d05cbb2,4091476
failed,push,99c90979984febd261bc99c1f743cbe96da83a63,4091473
failed,push,a610d9f359ce10418b4e6fee57ab43b10597d86c,4091451
failed,push,33b38caf9ed7534f581e15a9d60746781c213832,4091024
passed,push,853bbfb7b2f849cfe75390bebf27c519ef9ddd48,4080518
passed,push,81febe5cdc73a1f0cd89b4a9ebe342b4704841a0,4080483
passed,push,d26c29e5336f48043aa73baafcae4400414c470d,4080012
passed,push,44c6ee98f0fa487a2b8f121893f646fb5741be17,4079703
failed,push,bc0e4d8f034de217d4f36364b05a24116c2e655b,4079567
passed,push,9545e4c0710a4adf24fcaebfbcbd2c2139d0fb43,4079196
passed,push,b2b0a8050764190539f884b7808617ecd0b9b0f6,4078785
failed,push,e2f78802df835999b3dd32ba7a9d0b244e0fe8bc,4078775
passed,push,5298e7d2b9aa24c12c4dbafafefd1f603eca0d15,4078626
passed,push,e686e7c72c7bbbffb8ed55dc48f9f5e40482fb12,4070606
passed,push,4e0a04512c926aef587381f2028a420531c27b9f,4011592
failed,push,c9c6c3f57aa9d804478d85df51fe110326bda901,4011570
passed,push,7171e49717311c693554cb40c2ae23f875cbba43,4010232
passed,pull,6561b6c2a970855c40c432af34295135c51452bb,4010130
passed,push,a968e346d6b25c24b4319fee259af5604eeaf5e4,3957784
passed,push,ff9791692ab044edb5be793ddca214d5edf9d93b,3956307
passed,push,c4cbda99a1581145e84f7105e8fc90d72c48d686,3955555
passed,push,3d8c850d8712020318ebfdcd7084f5a49f599fc1,3955098
passed,push,f964d099387f3e7a24d9819447b43c30e0ab3ae7,3864793
passed,push,a9c33b3c647496c8d267c99ffedffdb7d6b2d05d,3779173
passed,push,782953b33ced6583a400c19f90a8ec6b04b15e38,3767073
passed,push,c134ec6e22a648604823a8c20c24663f50dc9285,3744631
failed,push,3255b34fd83220ebfaed13b58e0e9c48a2996b24,3744217
failed,push,1d8a07cd0b0f6bf206547f944fa4d8db44f97256,3708750
passed,push,39bc1764e7fb4787b64391bc761821bfc017e820,3708223
passed,push,490a0c83cbc6cab3dce0c4773b6069f40054e2d9,3672645
passed,push,16d7314d96df26902485f6b92c02092f2b033f75,3612732
passed,push,8ac65ad1a37f897ed0e323364bf9a8c26f983def,3610573
passed,push,80cb1c674ebe08063dae469bd20390a3fe1b904d,3601152
failed,push,0ebbfbbcd96c33550c0b16611d474215484a956f,3601144
passed,push,e46fd692be5cdd6453553a2e902af5bedadce41f,3601027
passed,push,672265f47f9a5156f99985197f2e7abd075955e9,3599974
failed,push,0fc5702cce3275922937297c4cd79827c76378f5,3599888
failed,push,cd690b431aab2b21c7465bd6b198e526c423ee01,3599825
passed,push,6830e861fff5822a6fcc6c2d8b1da0a539b5ab3f,3595555
passed,push,fa457812cb2d385336457a25c4f5554f2e83860f,3582929
passed,push,586d8fd1f7e11165a29fb9307453c3c5ba938640,3582556
passed,push,bd64fa67da3b9a247862ab2c4c82be70255ce634,3582226
passed,push,b1e395dd98017a0ca457a214946b76d047eff858,3580365
passed,push,bc6c74707446b2ca67f9ea93f8581fb54ec8de28,3578865
passed,push,1dc1f21be58c1117fe28016b620dc29e33d7f895,3578743
passed,push,8cdd3e3ac37b3b68469f8b9b6f41bad118586c7a,3425080
passed,push,4569ec227fb077d7564d47111c2c16e50a64b492,3356971
passed,push,ede0664d9cf8ad48814c07e5ce64902b6001ae91,3187414
passed,push,bad1ee66ec08ef24d7284449f885c4b1e36ebcbd,3172509
passed,push,6ed3668f42ccf61526f28424a9d6f1d4259b7c79,3172506
failed,push,0086c97852c8d28a3771edcb9a68c1eaef351a94,3172499
passed,push,490a0c83cbc6cab3dce0c4773b6069f40054e2d9,3172496
passed,push,34c9dd11554bc85994f070eb6fafa9c5f31d7830,2967234
passed,push,83c1c4c6bd31dd747b5ff3e3556899262c450b5c,2913587
passed,push,9bacfdf5f31f38af4d95744a11410b5ab8ff46f5,2908488
passed,push,490a0c83cbc6cab3dce0c4773b6069f40054e2d9,2907629
passed,push,711d993de2ee34fd236dd33d9021ec708994a803,2907626
passed,push,2bfa0fd0dfc51e3f2030a5f81fe716b2dc98ff79,2907618
passed,push,cc38e51395598a5ae59f8937058550bd7e4ca934,2907524
passed,pull,2af93033585d37f1a6bb163b0f6ad12cd3c4c897,2907302
passed,push,f84ddc99f8a8b097ed91e03122f9100c96ffa5a0,2907299
passed,pull,9efdad770319db7a5f05594e1fdb709493a51c88,2892237
passed,push,c6636e9418dcfd6682321de4d72a6ceb6d025e0f,2892221
passed,push,9c5801cb3e821c1e98d18a66a5d65d793426203b,2885923
passed,push,f655d17a5c7dbc06b2f84dbb6677353870ad755d,2880412
passed,push,8f2b71410f245f56235c3ed3100b156f4fb9a428,2880395
passed,push,e5ecdbf14d8ddba9f41ef5c332aecebc3f63ab44,2880365
passed,push,51fa176036542eec19094425763bed2e53a70ca5,2880327
passed,push,e36bc889b60de12b08c261268174d97141f1c9b7,2880238
passed,push,7422a4e91e85d79fbada3d0e1243dc2d73f6f2b9,2878920
passed,push,9a3d665bf8293ab249f783fbf9f2485ef545e04a,2871806
failed,push,d592bca549d286b2c3d2ec271414e406fe74a126,2869812
passed,push,dc54b33abe134939ce5e75fe9a23d63199608dea,2727502
passed,push,c037772fb9852b7874e3103cacb3de7773a7c0f9,2714499
passed,push,c037772fb9852b7874e3103cacb3de7773a7c0f9,2714321
passed,push,983f585e19e809198a57d887a859b68cb5334cc1,2714313
passed,push,01e81e26cdae3a028ce9d4ed7f5f4e5d9df8158b,2714259
passed,push,d2e01202375b5264f9fe1615b36375af07ff745d,2618095
passed,push,6961086d14eac91f073146be05074068a54efb5e,2550102
failed,push,3b366363dbb6094e786f6ee1da57875ca3fb80bb,2550099
failed,push,ac664285ebfbbd9bdb4daee5589e3f2175e501af,2550085
passed,push,ac664285ebfbbd9bdb4daee5589e3f2175e501af,2550073
passed,push,da8a5fd7e3ce7c6025e010e759710fe1e360318b,2524898
passed,push,c3b5f1bec6e2be11894a1f7bf8a9578cab3ae4a5,2518787
passed,push,b748b4ffe0b27c068e41ed29d0b6c067c292f0b8,2517277
passed,pull,e54993e0d06e92edc75a8a524556c52f57194d70,2510454
passed,pull,67c051292cfe8fee16aa7dcb6e52376eca0fc5ee,2509367
passed,push,7f2cf517b00923793ad3a9c8b7b8c19bdeb9702d,2490854
passed,push,13cacca11acae6e03ea50ad5aea54c4aba1ef1a8,2487064
passed,push,1e8463ecd2881108d2b6a315e242701fd623b7ef,2487061
passed,push,353e114976bd633114ed58f8acb64dfb6ce7cb98,2486997
passed,push,4b298c8912aabe8b00012aa5fea77d4d071bb24e,2486994
passed,push,e447cd88d363f4609ad22d4f9bd02bc732ff634d,2486948
passed,push,f5d5bf16fc6b7ad346a587b380decd4edecc5a81,2478170
passed,push,eac7d787070b1ed0a20b05a1ff052dc660eb8abb,2478041
passed,push,d78255073a5cac4543a5a3d48c5b772f22a3815b,2473257
passed,push,a85b512d0e04c7aacf0a1268c6f8d414e76ee9a5,2473254
passed,push,204863829d86660c7b81149771d21d1c9ed34759,2473226
passed,push,7778c51e7f1db100cc1ae459ea717acea60af109,2473206
passed,push,a9f09acf258c312cf773123e5c684c81fdfdbc22,2473117
passed,push,87c7c539548ea8705a759ee36a87c97c53bd468a,2470101
passed,push,8eca3609ee71a82a22f710389335174d710ac9f0,2443388
passed,push,f1fd61e6f8bdf7f6ef0697c061d9f1a01eccd8a2,2443378
passed,push,e68ae2b38991ddeff8ad66a1a43b7b027cc26797,2443355
passed,push,1aef7336eeea368463a397e7083b6972e7556cd0,2382914
passed,push,6aa9c28e65cb4ffb72a829d02cb6f148cdb79146,2382890
failed,push,83cb0f68e9c62faaebb141e3cedc482c1e8f6b91,2382876
