Status,Type,Commit,ID
passed,push,1ccbac9ecdaf46097397966181f5d6307e5d73f5,295100367
passed,pull,4a77ed9766810251a769a309584405604b778e6f,294984788
passed,pull,eb16da776e62293702eb728aa73be49220c0c901,292500757
passed,push,e177ea4f2e054f9027a559ec5c0a90d87151aae7,285624788
passed,push,6f85780bcf818f329ed0418f6867bf149990d0fa,285588978
passed,pull,6add2657a8469cdf3e65458d57c7ac8cd082a533,283599415
passed,push,28d306e963a2e2a854dd0fc107f8f8a1228fa3f8,282253418
passed,push,3bbaf8bd4fdccbb8456acb444bc27157c7c1bfec,282214753
failed,push,d6accdc140ccf1dd09dcf5209cd63d8cba8c4518,282205077
errored,push,b90efa845e300f3ef113458d656689bf187164c1,282191565
errored,push,ca92af4ce111ee66f1349a57671c4035cfa09fdd,282190734
errored,push,3ba701b9d83dc9a6a1d45695c55f4f6edaa103c7,282189183
passed,pull,616a7aab8bf6981d033cf6feaf6f50511cc804f1,260951685
passed,pull,1d7812613bdbd9e1ebf08444b3d85dc73d62cb8a,259772773
passed,pull,c82f72eb8f78e06bd1913649a843b0013e4abb76,259767363
passed,pull,f6dab0b952d85f589468669432bcf972cf033bd0,259766037
passed,pull,955bde69567b28c1b7089435508a59099cf78102,259479843
passed,push,66825d61bf5257445f62a8a91ffda9fff8dcc4dd,254926684
passed,push,b3fdbc28743019bcf855c3dccd7dd07a2372a53f,254900545
passed,push,1e7b4b694926cef7339e265bc2b3fad3b2370367,249584182
passed,push,8780f88348f927a512a958065f248efe408e6672,244516593
passed,pull,d65b8791fda73d9d6f84372e5ac9099b304d446d,243499322
passed,push,49530d632d38ed5cee168ac525673e515f8f595c,242512924
passed,pull,8c1a78ddb95d06502bc8a61e3b629a5efc1a2202,241059363
passed,push,5d96cf2f4676a7494e539838409b9a2b78ccdd15,239520466
passed,push,825f91a87e3f0718d95d364f37f55fda045da96d,237297987
passed,pull,644ff9857205936fa98850d31c75046bc414e14e,237123830
passed,push,ba95735daf79d00ce0928f30701d691f5e029d81,235287772
passed,pull,32f8600fb0a1b132ab0df2714999972aca505963,235229299
passed,push,e819e8a1721fc7d30c223f0c14eb9f77cd8d4216,226832614
passed,push,dbf31a3b3820b67105986e499c4dd63ac67e66c2,226832138
passed,pull,668d85c507c6241eaab7f356ea3f2b4cc0e6a241,218865559
passed,push,6ad133837a4c4f8199d00a05c3c16267dbf6deb8,214245192
passed,push,6ad133837a4c4f8199d00a05c3c16267dbf6deb8,214244315
passed,push,4ebad444e35ff6c40e845c4243927661174d8321,214238754
passed,push,496017062ac6d4e1a7ba056050f23f25dab0794b,214233514
passed,push,b60d581eab6a584b94e44270baf4de961fbe4ee7,214228987
passed,push,e63c22845cd9bd01eb8c1ebd37c3545a1172f69c,214227718
passed,push,e63c22845cd9bd01eb8c1ebd37c3545a1172f69c,214226564
errored,push,d6f2f8546750ecc6bdfda75ab7e1d8519b96acfa,214219974
passed,push,d6f2f8546750ecc6bdfda75ab7e1d8519b96acfa,214219476
canceled,push,e97d3a2f65f09ef19e53c5431cc364c9fcc3c8fb,214214408
passed,push,e97d3a2f65f09ef19e53c5431cc364c9fcc3c8fb,214213716
passed,push,2202504a9cc719361a38a4eb5fbc981f8d0252f8,214213619
errored,push,7aeb8d1f2ecf3085b9ec983283ab16eb55d603b9,214207247
passed,push,7aeb8d1f2ecf3085b9ec983283ab16eb55d603b9,214204643
errored,push,e97d3a2f65f09ef19e53c5431cc364c9fcc3c8fb,214034836
passed,push,e97d3a2f65f09ef19e53c5431cc364c9fcc3c8fb,214034662
passed,push,14a3e9a439e3da77972445906a030a106e7f83b7,214034106
errored,push,14a3e9a439e3da77972445906a030a106e7f83b7,214028919
passed,push,14a3e9a439e3da77972445906a030a106e7f83b7,214028869
passed,push,67e9e5c65c662c4cba609d30cb7fa2726f2ce7a9,214028405
passed,push,629dd759da5b185dcfb2e7d4829531c7a0655716,214027294
passed,push,629dd759da5b185dcfb2e7d4829531c7a0655716,214026451
passed,push,7b9f93edadeb414f08557cbc44e709fb7f9a9c50,214025796
passed,push,8367f79127b0811258979ca57b92afd2d7f8da1f,214022761
passed,push,67e9e5c65c662c4cba609d30cb7fa2726f2ce7a9,214011988
passed,push,ff0473de9fb45b9cfcb14add67eb53662a75011d,214002056
passed,pull,57a4f967523cd1722d8897977e801b4ecb38c1ae,212119390
passed,push,acff94148b2110b95f7aeae6a1bdcafb756061f0,205495990
passed,push,eef32af393dab7518703c29347128436d563220c,198000247
passed,push,5c2b3d8bd4bf732e31e7ef742af65974cc74042c,197999829
passed,push,43b17998800f9e4bf076d37cba9e1f63bf00e4e7,197999050
passed,pull,7600c51688021ae0d775c8a5245dcd0a57728a28,197987917
passed,push,52757eabf45fbecb04a877feecf1adc3ea765a3e,189576540
passed,push,43bd5b23aa547e04ee7759020f4eaf55c2f40893,185307617
passed,push,e705d60f83a20366aa50407485f55e9c4b15ff1b,185306876
passed,push,e705d60f83a20366aa50407485f55e9c4b15ff1b,185306839
passed,push,e441ee9ceb077000cf84cd390eb1ef6a39ef33d4,183559895
errored,push,114403818fe7cf194ab4f9fed4ee3e96737d9740,183558410
errored,push,4f3f330a14067f2ae55c20ce62f6279e2bef0710,183557356
passed,push,347df838e80c5674aa6fa326a2da412228bcf066,179304766
passed,pull,35d50966db8baf4177da1d710acb688458ce3b82,178118272
passed,push,d7d1620197aa8dfd0e9462bcec1523156779a3b9,174899078
passed,push,d7d1620197aa8dfd0e9462bcec1523156779a3b9,174898941
passed,push,53922f2a5d3ca0750c22e4ead2194175545598d4,174884349
passed,push,262448b391379d053451719f3d14024e7ed9e588,173025340
passed,push,9839f89a0c35f24c21cc026ecc5b1664f7707225,173021304
passed,push,9839f89a0c35f24c21cc026ecc5b1664f7707225,173021237
passed,push,fb2063b3f83610f29572b631edaa7e0471d249ac,172992442
passed,push,dc437656ff8b825e87d7edf72125dc368b21c885,172935474
passed,push,f81758e92881cb18bc1e0a84e2ac64464dd5ba85,172933236
passed,push,eda629fffe60c8315f813950e811c21d8879c557,172932011
passed,push,c61c1f3fb68c2bafb6eb6d73f2bdc505624a9e3a,169380621
passed,push,ca7bec7931d244bf0cd344efe480aa9d9c54db9e,169083334
passed,pull,9880075fc4d9c808b03457d81198ffee95dec28b,167634014
passed,push,e6dd4ba04d1e16bbc9c98cfd19f330a15b6fd060,164882217
passed,push,d0f77df52f9e047fa88c3ee351f52706d53cf1d2,164881532
passed,pull,85f9fb87017162d63f2e834ba490050e34c1a88a,164004105
errored,pull,1c209c598063c39dde48db8b2a161beff8c4c13a,164001418
passed,pull,4a2819a4da0c5ac9441d948729160fd3821aa8e5,156536453
passed,push,909046aa9aab5fae75e2152fd6ded722a4d5aba2,153432576
passed,push,eaaff1d0687fc86a745ca8f3ea0b069b3cf54233,153432397
passed,push,836aa412608fea64a9bd66a403637dda15dcb161,150399724
passed,push,88555b56eb85e70d8d051228a61186448551dcce,150399370
passed,pull,6279aedb1a603ea60a815085cc940788dff32968,147888675
passed,push,63759ede8cce761faa5c55e43a667bfcd7b3639b,146906340
passed,pull,3cc06d0054587049eb8dcb76afd2f010db4e4d6f,146280450
passed,push,80c7dedc1cf7ecaf81a206cd90c8f08975ed7d3f,146249605
passed,push,f054298876a1f37f864eb5ed3fd0eb56134b2965,146220771
passed,pull,10e04560789728c54dd66c2a6551b50d935a4261,142529666
passed,pull,553e150c3da6c0ac24e68da091aaa8553c42a268,140783257
passed,push,1e86b1eb37c158e6970de3cf9d25bf4ebbaedcb2,137336744
passed,push,c866452a78b537a4459ccde2693eb0db1aaa08eb,137334724
passed,push,2e27ba998265f5d761b63306b7ae0a3f1cdffcbc,137333840
passed,push,ebfdf29f39d4271dfedb5c3c659040f85a0ea5df,137333125
passed,pull,f4a026a5fa5fcd47aaae2b17cf436df4b1396032,134525408
passed,pull,9575aa74d14b827352bdbde0834b004b33b2c2a7,134404368
passed,push,7a1faaf78c957ca7fefb61bffd74ce355f735cb1,133330397
passed,push,7a1faaf78c957ca7fefb61bffd74ce355f735cb1,133330305
passed,push,2acaddc80b7aef2d1a1538a52c32c3b472c347ae,132016178
passed,pull,eb22f73a33dd33fc87e32c77a90da025adc580df,131255768
passed,push,257a489c11fd4110c201d1182af4e1530573f20b,126093968
passed,pull,e31dc657445bd1a43f51501081ddd6c04048bdd8,126074728
passed,pull,20aa69eb1103b6642843258970fed0e88b2a3bac,126062089
passed,push,719ee5ce890a6df4abb981591aef15519c07f6ba,118868873
passed,push,a2e141279d34c29090c80a84c6a47ec33a90ed04,118858958
passed,push,a2e141279d34c29090c80a84c6a47ec33a90ed04,118858932
passed,push,72c59900d0f05257be01899b9353653ce481b032,118855111
passed,push,3195c2cad51f89a59041dae3130ec2d8e0546be0,118854474
passed,push,fef3ce069e7ef19965fc70d743bbaaa246897700,118851570
passed,push,88d97b818d9bbdaee06c3ed174c4fb6902d5c25d,118850754
passed,push,0a91bbf06df0bee056261d4c52612ae12a661c56,118850426
passed,push,a8722f8427361ce564aefbcc3f6a82899ee55736,118838230
passed,pull,f775c6b8c4a92c8b23e700bce54240db909dbecb,118164944
passed,pull,a98593bde3a5515ba97ca10a73e6478cb4ebffdf,118164871
passed,pull,b48916bd1578b895da1917819806e2e45a261b1d,113619034
passed,pull,ed81cf43533f7333c892284ea2b7c900cd479745,113599478
passed,push,84aeb139de0149dd13a022120890985df5f1080a,110846814
passed,push,da91f20e8c7e7d4aa624e6260c534757168cd476,110839944
passed,push,c55c81b0d6f297dda50532e1fd0e2bf779323d86,110839150
passed,push,b0cdaa7ea200481284d8a5f1ee7c5acf21a013b5,110838835
failed,push,1a458f097c25a5e666d43e6d63744ba301a0ba20,110835490
passed,push,5e830f1b5c277627799fb035907a7596140517e3,110516946
passed,pull,84c785dcb96324af4993044214b27de112f69812,106267412
passed,push,625c9048aa5ec2d38b850172fa9f0700c8c217b4,105420861
passed,push,625c9048aa5ec2d38b850172fa9f0700c8c217b4,105420779
passed,push,0b80f3ebf6c752debb8dbea87aa729968dcfa68e,105415255
passed,push,6c50ef551e56b01909b999eb2645996a9b670567,105412405
passed,push,d979bd86945ba316bace078fd2314a2751d0c908,105412306
passed,push,5abe1c4dfe19f27ad155fd08970a0308607779b2,105412269
passed,push,e7e6d78327d8c7d837e2a229d920b7e224504253,105411903
passed,push,125389ced2b4d159e8a14545d564a9e39e8e193c,104918850
passed,pull,cc2716f5a632a882b7d0394f0013a6f49d954fd4,104727995
passed,pull,0ce1d3651e717171f74a138c2861131a32501674,104629637
passed,pull,93d3c61e3f3543e75f7852a4a3ed7713465658ba,104622575
passed,pull,822caa1498da932b7b425fde9e99530e1041c3a9,102083849
passed,push,aaaa7432d1c23cd6462724cb2c460efe9ffb028a,101803746
passed,pull,05644380b33116f971874dd2002a9e402b5b90bc,101803014
passed,pull,307bb6ed13bc1d70f62bf6b42b835ef6c20d28e9,101691340
passed,pull,4db9b6b5958e1714fb5a39f2347f16b90f41f38e,99732974
passed,push,aaf4396ceb75f39aaa4083f3c96aabc822deeb9e,99671214
passed,push,f4152948bdf4efa3075d770190c48139b1341309,99670557
passed,pull,85946e5e1e3ebd95597f2584f4117902add89bf7,98971691
passed,push,e0d6015d3d42330fe0e4ab0c8fa0330435228bde,95467445
passed,push,e0b01d44d113a7a1504f48f0ae924a57a01d90a2,95467048
passed,push,f5bd8f5063258501c7fba6f49925625dfdd7799a,95466966
passed,push,9ced54cc82338351cffd18d44c3b0ab21624e4f2,95466179
passed,pull,73493d144b9935057d4c32e2d6f709250b159279,92926549
passed,pull,aef9b08fd379e54eaf47c9afe0607f5182c5e86f,92700473
passed,pull,3d5f796c190006eb7e3b0050480582171775857a,92699916
passed,push,73fd550faa7b37ef31dd246752394cbb5f5543da,90717846
passed,push,73fd550faa7b37ef31dd246752394cbb5f5543da,90717778
passed,push,c0cbd65f849645635110df3b719c7e9cc00104ca,90711845
passed,push,556d2a007e74e51771f841ecbffb5b82f748dec3,90706197
passed,pull,062de435b789843987f422c6a90598a4255bc380,88487160
passed,push,7d2a3bf80b95c19fe3b2e101d619e3091bd06d4f,87645347
passed,push,8f41ec9713568111cf6b81736d97b46aeb281ace,87176616
passed,push,8f41ec9713568111cf6b81736d97b46aeb281ace,87176582
passed,push,0a201881f01bce85efece778345ebd60cf58ba35,87171592
passed,push,4289f5e53527bd20e241d5e92fe55ef0ef20576b,87167341
passed,pull,e82b8114e5d6d48750044d7f926bd6562a06ddd5,86620786
passed,push,d7774f13ad2dc7cf7295bb8376c21bbf5c662fc4,85341745
passed,push,d7774f13ad2dc7cf7295bb8376c21bbf5c662fc4,85340632
passed,push,0a357a84750ac43ca0d1a068099390eadbfc0f8a,85222898
passed,push,dadca66121a67692d937f06c7df797886cf17d31,85221730
passed,push,451e2c4f87e38076f8b768a6f59b4eab96744f3b,85221085
passed,push,d2a0bb0593dab948c9b738266be880eaf00352df,85220895
passed,push,6265a7522991ce56b67f1a4935003bcaf029b1e8,85220306
passed,push,295f43e5770244dc72bbcab952081fc5391c0705,85219172
passed,push,4bac3c38ead34a77954e9901c86f691366da723d,85203437
passed,pull,d268fad8af67b404f1f084fc408fe3449e4941d5,84053338
passed,pull,856452a711fbe98e09f3dfe059622268ec1b3467,84050676
passed,pull,bb01fb2b96995c7ed8aff88857401aa91bb684cb,82269286
failed,pull,bb5faa619890b2b50c13b48e88bd5892065b38cb,82262672
passed,push,5846d0569dcf64cdfd024f6bf58d707f1a679f64,80921026
passed,push,0fb5db523fc753f00971c3bb9d8f5df2825ed73e,80898719
passed,pull,a156a06e092ecf3a3ea8d7596e533fdf14a8da25,80218080
passed,push,5825cc16f4ada772f6d1669e7b43084c4a123e7d,79383542
passed,push,3fa9123e447e1af2c222d9bd03bc36f61a1d3169,79383217
passed,pull,2e334cf5e012b1d500ec280f426d0a96e8bcd29c,79125957
passed,pull,cbedf721ee1016b1a087c2ad9369b9e2bd0c54fa,79123960
passed,pull,b3833536c9c3f27605299b1e73d3a26fc99d63ea,79123769
passed,push,0f2e727c9f08071c74fa10cd889b048bbb611485,78706953
passed,push,5da3691a27aadb9a0633cc5fccdcec5a63f274e5,78706757
passed,pull,72a395588718bb63765fef0ebf793957c01b6dcd,78576671
passed,pull,09bda53fb0c7803cdce67ba789e30f9ce60d1fe7,78575264
passed,push,760c27b76d9982f51d2bdc3ff7f085f3514e8ad3,76554225
passed,push,111295f4899b4ff9749d1e1482c6fc1f16acf077,76553800
passed,push,69ed639b41a4d1fe1fff68717681774c00ce56a5,76553333
failed,push,2948a362fdd63f2799794fd2ce316666756cacd5,76552707
passed,push,d9f33d8ae9b288c5021fd688ff296c0d053a644e,76548548
passed,push,c09de9425d4727e35fdc5b1a69f1e3b3ea4799e0,75076035
passed,push,c09de9425d4727e35fdc5b1a69f1e3b3ea4799e0,75076010
passed,push,ab7fc12af2a0fa23065bb732ae45c6aa4b21c2e4,75074286
passed,push,bcc681cba9d3e097be917de4c330377e3c0808a8,73240585
passed,pull,5d5ea0a4f46118ab069a5b07be889261d4da895c,73236810
passed,push,cc35fb2e6e106031fdbf1d1c2be5da6a9eb67c38,72530038
passed,pull,736fc3b708cedeb14cbfa31c995f14c838cc0761,72510318
passed,push,ce8c65f3feeac48d21610db12843e1237868d12e,71897145
passed,pull,77d3ce90060c31f211ee332e01c0d51cabf1728e,71894389
passed,push,6da4053f224c0af1a4be780954a14631d6205403,66874821
passed,push,6da4053f224c0af1a4be780954a14631d6205403,66874791
passed,push,1bf5a1945724a2811e2615eb48551e7eb099f02d,66869924
passed,pull,5dc6f6e98d328529b309ef048b686682d8ea0c15,66794828
passed,push,b6dea62f70958711c3a9cab0a026212e2dac0737,66661612
passed,pull,d7d2cbb415273052753b77691fdccd6e68136811,65801921
passed,pull,488f408eeafb14038931f93f76d315ee42c37919,65399934
passed,pull,aa351911e789f8ba853f73685cf51f639772b06c,64869265
passed,pull,3401c7bd9e79295236369df17000d452c4069f8a,64867884
passed,pull,b2243abbc34335184867805f9facc81b8951fbb5,64619754
errored,pull,0376545857780b604f13d4fe75849b485678a70d,64613232
passed,push,eeeaa099d771c09b3c4a2d6f0c56dfbec2b11768,64597864
passed,push,eeeaa099d771c09b3c4a2d6f0c56dfbec2b11768,64597846
passed,pull,6df3702062fcaffbedc7ecc65b8bcf88049e69eb,64570345
passed,pull,521a61710f6eabd9b3ef610be6389a894e6b33ab,64261606
passed,push,a3b1a16ee43af611939799a99c7c461d051d40e7,63394883
passed,push,87f130a7e4e655b51d9a0d4a6cee7c6dd5d7571f,63390012
passed,push,6943477bb629d70951bfe94d4a9e6b19fbb6fea0,63388829
passed,pull,9f9cf6c8ae12d1464593cc88bac4623f33e1b5a7,62606173
passed,push,070bf6036e924eeb817440e8819a0c06025d44fb,60091357
passed,push,6e008a1c643f4dce6cf23cae3587f7d463a0562a,60090638
passed,push,548c687ac340fc899d1970428afc0ae7c827d4ad,60011298
passed,pull,9e2b634fc9055ee8e6174a2b1e4b82d4f5c250bd,56694254
passed,pull,ca68d621ef9dfb6a6abfa48e1d2552978ac0d5bc,55668915
passed,pull,89fca124680d2b1400b8be4403df0c32ad028ed2,54270995
passed,pull,0ff2becae8eab19b2761530eecb4f2deb7e79123,54270986
passed,pull,cfcf115b3e81d506c50766513f17845ed8f73873,54270858
passed,pull,122856869a679504651b523aa195f6a4922e91a4,54270826
failed,pull,72bfc8ffd2e371f52f15eecdfd4e9e4013099145,54270780
passed,push,b9fe534c7f5876eced6494a6d6c1deaf2528a579,52795047
passed,push,02922734c59f07b8ccc8e531bd231464dcc3b43c,52790837
passed,push,4222b61dcefc4e621f6d016e0928da0280663f87,50500997
passed,push,eb1b99814287682e3f185a3b2ef7e2c858e2728a,50486477
passed,pull,acdef63dc050fb32de9b7d36145e85bded3a88af,50367060
passed,pull,7dedecdddf5263c5f6cd3993385f1e6bc50a6b63,50258941
passed,push,558c9282cedc6b0d8a4dcbb7e7157077872b1cda,50214731
passed,push,fd323b4a8fa05348c67bdace8dde380ffa7b7435,50212291
errored,pull,f3f87e7e63b4da8651ab88b9e55ce0554c77e948,49493610
passed,pull,73b0084418d94beb45403d62bfd0a20c52208259,49204167
passed,push,48b6ae85b02f41bec0fac7110ee47239c53eee9d,49071527
passed,push,470a545bb065df2467b4f2e7dc5bda853e580708,49068997
passed,push,0daee1292837cfea36dd452259d086f3e39cec3f,48399316
passed,push,b95ebe240aa65d2d28deb84b76d8a7edacf922f8,48395975
passed,push,4558a0cd1d53bd740e9177e9bb5446f76936afb8,48392884
passed,push,b7074b2a18894774f7d2f9ad1c3d714f5d762e92,48041949
passed,push,9a4bc93a706b81dfd301cbaeb489354f900324d7,47925199
passed,pull,3ee4476fb1a2a89deaeab029ac2d26ecad5e03d7,47923865
passed,push,780f9626fd473e20ea6bcf65a917fcbcb92cff29,46680911
failed,push,780f9626fd473e20ea6bcf65a917fcbcb92cff29,46679070
passed,push,e0958a6e0e98d656c0da5d523f4d7fca58e116d1,46677363
passed,push,488a500c510d84c5c355cbe61ba0deb096e0f3be,46673173
passed,push,87278482070aa5ba3b64f2a8e1406c69e4381657,45895369
passed,push,c6a92aebb9ba03440e4225dd3db205d46a49995e,45892357
passed,push,3f84a37f67d1f1ad72ad10f253f91d4a929f9dfa,45889822
passed,push,ca8f807b99b16ce5cc51444ce17ca12abdc7ff80,45889306
passed,push,156b53ef9b085f4104726c9a9fc902e97b97b8a8,45691339
passed,pull,fd7951dc3ce2697f9915c56bbb3a3646252dfeeb,45690986
passed,pull,a335d40e8986829e3df55cd9740fc844f4f76f50,45526394
passed,pull,251525307c626b565d878bb81dadc61d41e17c37,45475971
passed,pull,d01d64102a48272d0df56fe45b60da8c81f28453,45474239
passed,pull,e983fe0033534ff113e1bb67ce931e01e2a5ff20,45457629
passed,push,b5f433357184e6090507e41c8c66ab683d621e52,45362472
passed,push,e26b8246bb2d2826c5c357e59e47e252e2eba755,44451950
failed,pull,bf88179580b4fb25498464e9e5f5c098fc7e675d,44291344
errored,pull,49ecc2d89368e1545c1f50294c06ad5bc155a7c9,44289908
passed,push,5ee3b78500f67b464bc647d5834c62d05086b52c,43123878
passed,push,76425421522a32aecb8d5ccb0b4098f0544ed96d,43072904
passed,push,dcb48997946b242b37e1edc218a798e2e666b213,43072842
passed,pull,930305210d1c243e9efe1f77a2ab84ca55d948f3,43035809
passed,push,60d3a2e263a75c525a8197dcc592d99a84e39037,42742245
passed,push,350ad252473d93eab2fc2d05433248de4e55a7a0,42635895
passed,push,8a64e3ece8613f75e535c15aa3a08d85cfff6de1,42635837
passed,push,60fd89df9d362047035484217b4c161a360e58a5,42635492
passed,push,60fd89df9d362047035484217b4c161a360e58a5,42635468
passed,push,56e660f275e12cce6ebfb0911bef21204fd0f1e8,42633792
passed,pull,326a3f2a67d7590b55f42aa3975fa91c51a6f9ec,42135265
passed,push,0a7eed9c47188e104079587966094770b80a4047,41670438
passed,push,a07a46197eb5f65309ca9042148f19385e586226,41670188
passed,push,f1bbc28a1da528d06cc0b0c18ec26053e5d6cbe3,41643715
passed,push,3ee33d28c378e5ecf05a5c8bd20b8fed7876ee5a,41641678
passed,push,dbda260e5c2bfac5c20813c1a7645e8f15f89a6d,41640136
passed,push,5ba208f505bfba9155fcb28a6ae3f54b962438a4,41639184
passed,pull,9b1d87a60fa2cc6bf015aa98a79d83895abda48e,41185675
passed,push,bac4b2e69a0613ee7f0ae434072d4744fe7f2c6d,41150376
errored,pull,971afd744cc3309a6a8e63e2a3cbbfa52cd8f165,41118385
passed,pull,0abfb20a19ecbf6a1d6f40b4c1a8e6073fde6c44,40552691
passed,push,6526e7da38834a316ba1dca88df4ab165bd15f84,38867519
passed,pull,86bb07692108c405ef04ba90dae9ef521dbdf45d,38809050
passed,push,8ddb3fb57078d57cfea00b1f588c9ffa8ffbec03,37375838
passed,pull,ea1ebc7ca817d52070a2bed516624525b3704882,37315738
passed,push,562c8783667b48dadd32f994e9793eb5c66c3dfd,36976271
passed,push,8ddb3fb57078d57cfea00b1f588c9ffa8ffbec03,36942038
passed,push,bb7ca2c20fb655ae529fb7dfa341d81562714add,36921924
failed,push,a9e6638fec89b6c01386cdf55646a8997ce4940d,36921471
passed,push,e53f6a384033767a22256401c9f44b1f515fb735,36920484
passed,push,404b6e6bf5050db51c5827f856cca2953b7294a4,36918784
passed,push,504acaef364e4626161b372744441bb44866abd4,36918471
passed,pull,a1539f8abf2c7251fd884a51fcff81ffac8f1da6,35784350
passed,pull,653b0746a48f4e7143f1e237af71029f28bf7706,35783938
passed,pull,1dad497e0075356c1971eaaf97489e6ef890ab99,35781772
passed,pull,63f39581fc1eba090eba5e268cc3a0cb87d7cc13,35690556
passed,pull,29d8bd3c36cbe739cea83a78f765a8ac4d9afbcb,35632984
passed,push,986d905f76176322356df6ef520dc33256827f0a,35429415
passed,push,19546b6960c41dcd053bd06e7345bd015946809c,35428848
passed,push,1ecf8abe9a0a044b1a4da9eed855c49aac73c7d7,34724909
passed,push,47c194065d46f3b84fc3642b5613e64b9403c78f,34721782
passed,pull,38bb828e87ae2224a49e98a7f6917bef4fae2135,33432266
passed,pull,9ce0a5dbeecc19767c5384af9663474cce31afbc,33426261
passed,pull,b1c3ba4918712a9ad17a216ab21eea69e2aa4ba6,33355006
passed,push,079e11afd32f5ee00588f0d64a158c4f66e00ebd,33254959
passed,pull,ed2c9143a2a7ef4197f49d8c6e22480c1256edb4,32828350
passed,pull,1a08c176d5c8041602d627b301e7022919c52b52,32573025
passed,pull,82cda8429fd3085a3f4b74e44d975e78a5079a02,32494965
passed,pull,533bf46787d28b392fc5f466e2f0f5ac51044ac5,32287757
passed,push,0843affdfae354c7799db55d45c28d89f30b0ae2,31515964
passed,push,fc68b68aed050b2ab43c2df097140ead8b75d387,31515873
passed,push,3f3b446595502127f6905be8bcf6b1b5b4171c84,31515735
passed,pull,845ead37c9d4e1e973220e19db6388ed02edfe21,31466944
passed,push,8626507f5df4133fb0c341a85e22fc87f25250db,30995876
passed,push,680f94d0565075e98e3c947d359e7e29451e1b96,30978320
passed,push,680f94d0565075e98e3c947d359e7e29451e1b96,30978224
passed,push,b9a9b5737163f5b60643a37aa57893fc248c5439,30939629
passed,push,a1b12631a26324acab5348e2b9d51773f382e657,30934175
passed,push,70ee94062e12002575a2d1d398d315915b646221,30930513
passed,push,1379098f681f0d4d6f0a3403ab6727dc3437b6df,29135309
passed,push,04909bda4b942b4ad90fef5afc4e7cd484ee5f11,28936246
passed,push,967c03394560f12db48d0806c0df3a0a79e13e87,26340656
passed,push,1f8287f7f87bd6522a9bf13909a669b6fbbdad64,26309164
passed,pull,1663f86db65e389b7c5401b544fb874461a6f8ef,26308236
passed,push,f8a02875a5cf92961a66ca827b2cb0a43cdc19fd,24671217
passed,push,ec4c7b5fe0d7e52ccd43090bf2f8eb651f74b5db,24579854
passed,pull,768060ccd79d40172b17dbba6c35e6fd2464a17a,24498081
passed,pull,e6c3a5bc0dc71ab7316f86602dd6875499609870,24477101
passed,push,6f157ae0dd7d524cf8eeae2a5da0f62080b686a0,24327535
passed,push,ece149201b73df13b3a40e46f2ab4c26aa81c633,24325655
passed,pull,f613b7a923fdfb178d2a139958374dc055a2e9a4,24236924
passed,push,fcf264d737af5a37d45c6c5c9802487ce53c8de8,22091779
passed,push,e847bbcb04f110349ab19d455e016c65a7dddda0,22091624
passed,pull,30e6d9c2dd12367a7bc118534768ccbc1e5e27cf,21988859
passed,pull,2d8dd52f49d08d0af7e1b24d00a1c123eed05f6b,21949227
passed,push,1ba2af6d66813b45008db6bb9b0a039afdcf6774,21186091
passed,push,b7ddebdf7a76ba1bc86a456152dddb7d893d0bb6,21184809
passed,push,7385f322966dac2b1e1c843d0192085df648c497,21181433
passed,push,5806938f132cd805f14996a0b8d048f02b3d56eb,20074086
passed,pull,a576961cc5dfe797253ecfd6b69587d03fb25510,19171908
passed,pull,167c635ad600a8b6cdd68d12cd94a860e799f8e1,19066450
passed,push,f17223a4974f3e55097456441d7386735c97ffd6,18802125
passed,pull,d10a63bccb6f23cbc4df66b2e179073dea80ef8a,18750633
passed,push,c3ef36272bddbb08854a4a5939a611668ea68450,17716663
passed,push,d6e89413dd1f67986c6257178359442123881485,17292386
passed,push,34c0780202dde5d65e346ffe9f02d890352a9c37,17290629
passed,push,5a7bd39f3044bf1c1678d85744c12315e3441967,17288725
errored,push,e46064ee90fca28a92c0f51f10c94b40bc8af2d2,17224111
passed,push,bd8522f7976a256ffe0f85203fb1e6fe60c22b6b,17222830
errored,pull,3814e52450ede76d0aa37703a6519512c9a1c6e1,17130582
passed,pull,a2846e5a90e0aace2efd833f458408c03356797c,16184842
passed,push,35a9f97a047c9f7fe8499f1d45247c158d8c99b7,15743474
passed,pull,0dc42d68fab1fdd17e45d3d1a64f19e84b39b480,15681444
passed,pull,ad7ce209052942e1700f807333d5fa683e6968c5,15217509
passed,pull,1f897b1d317c6c86c963e1201270b0c56fba22e7,15199276
failed,pull,c369d82a9027d782974744dd1f82fc285a6f7184,15198270
passed,push,4058d725e2b886e429233aa02bc45c3acf374471,14924044
passed,push,9a62b06be5d0df8e833ff8583398cca386608cac,14828271
failed,push,8612f9e5b88c1bea933ef9ab1e431f5db3006b48,14822527
passed,push,8d109fe1a999a11b4557536dd96f9210460a5936,14599033
passed,push,19c4b7b751c965cd3e83b1321dbdc84b18f59b01,14590098
passed,pull,d3737c85228e1be92866fb46db9961c295da2d64,13637984
passed,push,2d9d9cdae4fc74ae136b06d2996b0549a14b6f3d,13528202
passed,push,05a0afda69655047df95847d378e46e6b99749cb,13525638
passed,pull,aee13f6cfca0a705859661494986b10b76034aff,13518575
passed,push,e02af2cb44051bb085966b884722665669330a4e,13366395
passed,push,a6cb59ed2280ab0a32995fa8b5f1a7b0d47cb815,13365038
passed,push,a38b5e0c620a4a4dc310d35105e3e432c4e91fc3,13360219
passed,push,ef64bcedb2101e0b1d093394cf4bb392742a27d6,13128936
passed,pull,9e8185d7ffac20c3bbbe79c597bdc2ef0e606edf,13015145
passed,push,4e2042fae407224a08d01d21e9b9ce2279a44db1,12156731
passed,push,b4e35700f883fefa579245e425cd3015c10cf77d,12155199
passed,push,f1266986177fc75583e07a518734c1bf0df295bc,12155160
passed,push,06867a48517f71c740016cd3d9e84558ab56cd49,12135739
passed,push,f6f98b71d7c945238bc9d377298d1aae1bc12708,12134358
passed,push,6ac6c0beed7674eeabdd272549e94d928a05d25c,12133997
passed,push,d0346a85a0417d2affdd31c9f1bf8adb8d917046,12132147
passed,pull,ef40c13f7b9662efbb64b375157d8b356c12741b,12028931
passed,pull,9aa19f6101c6c5a718ecce28d139e6fd5aa181a7,12008331
passed,pull,6420165b276fb9bb7ee4e426bd242c52222945c7,11927527
passed,pull,b80ecadd831c640075861322d097de6b6ca4bc9c,11879040
passed,push,229c7d01edb902fa093ea36ee5ca2f21409d9a95,11870349
failed,push,970139e65c754536b95a2b706f65ad3484ba68f5,11870279
passed,push,13d3ea10dea99f1e6bbac06e18da450fe1e9add2,11360564
passed,push,c23a46bb0540976f7c40f50a35a27f5be8d79429,11315259
passed,push,55876b98250c1afaf23be12fb5fc4bd3677abbce,11283581
passed,push,878d057f2f5187950152497efcbbecf05980eefa,11275324
passed,pull,2ffc210f4ade2a4caf87b63408344cee8df63f27,11069044
passed,pull,454ffa57d6630c2e47e964e996a16002a4c070bf,11044908
passed,push,cd161852ff308d97bdf1ed9f3e592c02659a36c2,10362504
passed,push,f6a98adcf40dfe56cd1f0f3188c760e3e3141c63,10362396
passed,pull,0d97270400a70cf9fef0d3a130e5c483bcbb1599,10308252
passed,push,aef185e1c238cc6c63dbe4678607f4ed73422e74,10287317
passed,push,b0fcbb950326cbb47452670de9e666ca119ef53d,10287269
passed,push,9732f2a8932b39de93a1afda8d5f9f12d764fba9,10285268
passed,push,4ff0dadfc9dae54d7289a245a95a3b46c41f80e9,10283021
failed,push,223e863a1f86987883674d704444f3ca5ffb6907,10281970
passed,push,28aeba952e838fb12c9b934ce6ef65658e45d7b2,10278372
passed,push,91b1ba4ed42ca0b345370ea3cc0ddcdb33781c6d,9957702
passed,push,67778ce6f8a2d794ba876eaa95a3b5ddf720ac0b,9956331
passed,push,c384c385083468f2fcb7bd30f56a7952e31eaf9d,9954640
passed,push,1516bade0148a8add828dc151e57f17e5fc9e247,9953973
passed,pull,50667b2622376ea053e61e67727d7b8ad931aaff,9739914
passed,pull,5c745cf76f6f50093e0a7ab6f264842259cc6848,9517339
passed,pull,b713ce50ee6ad30ee64098c5a1f6d686b3281af7,9516074
passed,push,1adb1e69863dcd1ff282692bf1452c422528eeb9,9312971
passed,push,6bf5bba0f77f3023dec23a1de6e0a8cef8585f61,9298908
passed,push,afb454fb39e8560b4e5d2460715a3b28a17a0c50,9298771
passed,push,0f274a6e0450cfd23bae02f80d283dd0e66432a2,9297761
passed,push,fe915d2cb3cfac7d8f2d2f95970d41a65012e055,9296832
passed,pull,6fc77454b7ceb717159f194b9a14e30f6e0fa8ac,9232094
passed,push,08a3a0b969b1e5d1d06489a698fe9c9b69e2f2d9,8955136
passed,pull,a687fefc8884359da0bc52069f437c2a8012ed96,8948553
passed,pull,6c19027f08fb96a818d248fa3e452d93ac81c090,8335269
passed,push,0cd0ccad045c82711aadf3b37c4188655ad552cf,8131388
passed,push,3a413d7844c22dc6ddd50bf5d0d55ff3589e47ac,8131022
passed,push,efce99164f0bbd2c70e7f9d71884a32473e02c6d,7743530
passed,push,ea9789a97831407c5044cc986663d5d91d53099e,7743495
passed,pull,b814f88c8afb1b2ad3b0611f6d144825ae0db3f7,7743159
passed,pull,f59ae14c8025220618f797f04a6b49fc485d77c0,7600563
passed,push,7fe4b477d279001403795e09c6a1191d7304e889,7002688
passed,push,6be086e6320a7debdb1b62e4c1185119e1e6e3cd,6728853
passed,push,7a5dc1e9647f41d944a7bbcf99c8d9f87a5d22f1,6726599
passed,push,b286423ba5ebb365f7c65bb9214dad5f4b3670f5,244161103
passed,push,76e4cfd9cffb418e2ed4b83f6581a9948c43e216,238171113
passed,push,50e7b4412e9aea5fa44158d60be7b60ed1783e8b,238170446
passed,push,a8d5d13a093b110fd8c8ba2dc9b40f268f404beb,238170099
passed,push,a8e6010c31a4a0338ae79bfc6b3271a952ce5906,238169702
passed,push,51ca3165cde8f914dc8c0e038a514698bfe8dbbc,238169288
passed,push,77a406263448839e89afd856233ae73b9c4e2e15,238169030
passed,push,d0514b4c01ee19885a0579f2891dee057091a934,238168702
passed,push,37ce3704787a4967a6238e3f3f56894f7554daef,238168351
passed,push,acfec45d0324e41b8159cf2e63071390893e2037,238167994
passed,push,08b9ea2dba478a6669b6a6025e531d585db02db2,238167705
passed,push,6dcf36d38137a1c71522879c7af84bf7b26bfbed,238167442
