Status,Type,Commit,ID
errored,pull,df641343540e6d8c8bb8342920f776dc21ab8b75,288974633
failed,pull,92f765385f8065a4b87d4f9da133aec5a3a2c8fa,265180301
failed,pull,871e35ee9ae9e7b649b19a0eba6b79bdd87ced39,220808363
passed,pull,e7c72c419ac059e7d7853eb4b50ec0c90007b432,220808132
failed,pull,04c615b215c34c8002b72fff748c05c15100cb60,220807385
failed,pull,6e2fe68bd1253229f65a5386edeeab5ffd647d65,187049084
failed,push,180a190d4cb49458441596ca7c69d50ec7f1dba5,185754981
failed,pull,8e5978d400ec8063cd1a47f801a68b5067e69eb1,163757063
errored,pull,28c9863fb005d256cd7eec34d4b67407bfa601c3,160430443
failed,push,a7d1e9fa154687572a6ee909113cdc2b6be95f9c,140918258
errored,pull,bc44e51a3bad0cb13a62fccc3869acf5ecff96b2,135178711
failed,pull,c037e21df0ba7a27bcfd8ae20ab5918647e22e7b,135006467
failed,pull,a66879389873314c79133f05f1e6d7fb7c0aff41,134999431
failed,pull,d9ba1d696cc97e022fab9887d35df0aca77c587d,134999399
failed,pull,3d6509298b037bd150ddef5a46209c310dda7c5c,134999029
failed,pull,fe4facb6bc0233a3be2efb08357f53fdbf4da14e,134998674
failed,pull,dc6b939908fa93511c724722d7bb6aaa70767c13,134996370
failed,pull,dfded753556a0809447efee9944e77c54e81894b,134996332
failed,pull,6763f5de50c933db6195456f76d6f0287b8bf55f,134995818
failed,pull,06488606c9e8bf33a679620dbb5a86b13f3004ce,134995527
failed,pull,b5ad042192e4a63ff2bdc0128105a1a9a0b8cb12,134752361
failed,pull,e1ec8baa0b0a750f38e5e29a6a441febbd17da98,129388983
failed,pull,5b2b98df43809eb661b2f3b441ddf2b0a7460314,121367621
passed,pull,106724b9702dd10150614ccf4e3faec17e23845b,112016336
failed,pull,7dac6f9b070b9a3e42da35052f3e2fc47727bcde,103341512
failed,pull,399b30d34fb2ff73ae2e05373e73a743b6e1d555,102291747
errored,pull,4b87376f6f4a148930781bc30427d6f56d1964e9,102220628
failed,pull,730b1aae70b1dfb0296478a6bd0d554340400d5f,102142782
failed,pull,eec67ba3812ca11ecc66529ad05093da585472ad,98799317
failed,pull,c8dda6c17074e1fcdc9b24976e03f452edddd07a,98611770
errored,pull,715f14e25e45697a2178fb7b72a46ec41feb543a,98611012
errored,pull,b4d98decc168c928263b3d81b07706fc37649518,98498429
failed,pull,0596f137f86a677ad589093ef31df353f8863dd1,96975160
errored,pull,6dd553a822c2c4fb6723d326cd77ac7910a6a85f,96954620
errored,pull,11f3d55d4d3a7c48dcf7545fe83a779ae6c4f6a0,96944566
failed,pull,a71d8e8699a6c15c30ee0f9fe7cbb627b75266ba,96930475
passed,pull,7c41adaf15e26394bf7472306f2682b04180d941,95156869
failed,pull,bbe04c9626cd26a5dff233f0db4072780084c74e,95156525
failed,pull,3f63fa046e0554a51e53cfc99c995f61f44974b5,94908842
failed,pull,ab88e073170f56b6c28cf0faea816e4462e0e1b7,94907294
failed,pull,3d71dc247bf7946ba201faaf93a2e032c3b66eaa,94905887
failed,pull,cb129be7ba3bf0f2b75cfb14b2822e4c067b43ab,94904355
failed,pull,eed58731ff0ffdcc6cac5e733532b8b10420eb83,94902825
failed,pull,01566ff4976a2739b44756360904e0a557e0b132,94901293
failed,pull,aaa8f0a6a2e21a2d5bda2d90516c82b36b5668cb,94898798
failed,pull,44e1348f4662e4373e21b18b6819be97813dae74,94896727
errored,pull,54cc4ea917f2c331c922aa8914ff1d47517a8b84,94893683
errored,pull,ab7df85360c9c99946ff5bea6d8e6632a30d400a,94892627
failed,pull,47b3ae45a3f641c98a7b3bedb895b2e42b59c6e5,94671529
failed,pull,0e8ad34fbfda9f56fc34afbccd56d3c4395b304c,94642676
passed,push,4c0bc5efb8a30672f1d8977dad0a66c343a14d43,94180107
passed,pull,74bd96b8081341861d48d34a1046ee8811e32772,94177314
passed,push,de9f59c65b85ff56646cb8ece5a5e0890005b534,94177293
errored,pull,e2f610abe87b8aa2efa54aae4f02d95587dcaf49,94167557
passed,push,c926ba239587cf10207ad2a48fbba5af135a78bc,94123501
passed,push,598b396e93221ffb7373c95ec760c2fec07601a9,94123431
passed,pull,92a4d4a464fa9aa415296451757ac0c04b3e13fb,94121184
passed,pull,fe8fa95276f3c29bd348d05b2a70621c6fc61bcd,94120901
passed,push,3351abf58a8877c1f830487741f3c76a904c4516,92672665
passed,pull,ade805196e06442735789a0bdca1d21fed57cdb3,92671507
passed,pull,681e718a042322ffb075c286ebd428ee133113b6,92302117
failed,pull,68fe19db97b2aaaa8b44deb70b8728fbb4545e84,92298915
failed,pull,9cba1dc9f4d9affc379a6176c421952aaff6a443,88749350
failed,pull,334c2754da54501b5e2bc15ad414397b58d2a046,88740691
passed,pull,a5b28bbdc2b53729d837fc25238ac9e71003345f,88730927
passed,push,80a29bfd281b5613160cfc140a35231e2bb907e5,87651015
passed,pull,f2625ee462d93f36c47f5aeb361495cd7655e95c,81935626
passed,pull,228ba837242ada0e6c6a6f179d9fd85d039e8a48,74162330
passed,pull,d97ad345833f8c871d0c8c5709077359a0fc0831,70722818
failed,pull,101a89c93cf98769c50ce91588b72cda960ea3c9,62972797
failed,push,ca8795844af8fc10b8a979bd1c265376d843e6c7,56572238
errored,pull,daf3e2ed2aa88a67f9fa40f0c017e3f19f043244,56571873
passed,push,fe5122ff98d83adfbf3e5a20e3ac7616accf0713,49748579
passed,pull,e60f21236631611c52c75b10983372ca452fffda,49748251
passed,push,720e56852af4e33e591b1297bcdabf54a046179a,49736524
passed,push,f6f02ea2764e65747a4cd135ef87f0105d96ec0b,49716782
passed,push,fd068b2e9def971001ea5902efd4b2596050bf3a,49716771
passed,push,fd068b2e9def971001ea5902efd4b2596050bf3a,49716765
passed,push,d2b12ab63325d99d2a830227b209aa2165a38267,49715992
passed,push,5d8a523155cb8b3dc7772168fa23de59b985d155,49584437
passed,pull,28a914704ec709d2a875c0217f599a0d65b9a8bd,49453169
passed,push,b96c3e9a356cbb3ddca4304c835ddd930df60073,49337563
errored,pull,a9d9d5c692923f32f8556565ba97276f4cbcc2cd,49296126
passed,push,921139fb8d06e85e2a50157a3c108b28308874a5,49296093
failed,pull,d2aada42a06e7c0ca36be32f78e575fdf8622dc0,48344794
errored,push,4c2fd9d3d86457ba53b074a14629d7e5ecb49c30,47925506
passed,pull,1df9c0ecb3d7f9895b672fa23bf0bb99f3e6a796,47918242
errored,pull,c04007053c44997d3a3d83eab6ee7e8b5a93b152,47215622
errored,pull,c04007053c44997d3a3d83eab6ee7e8b5a93b152,47215621
errored,pull,a0cb9d7dd3b0dbfa50e8585b266d4933f494f32d,47207824
passed,push,7bb3f8691e76bd8876d8293bcb63b90e91f66b20,46706742
passed,push,d58dab4d63bf14e1228801b4652f31594eff384e,46706732
failed,push,d58dab4d63bf14e1228801b4652f31594eff384e,46706728
passed,push,f66fa51bb3bb83fa5b112fe0671a8c8193252754,46706296
passed,push,fd5b99cb18fd3f3b8a73ca1a0b30031dce6c8190,46308913
passed,pull,b4b101d4bb812d4eded9ad1e40f9eeff824d6f54,46197478
passed,pull,6046dfe817b36f408b9ffcb8a75d5a2e5e9f1e13,44811650
passed,pull,4fb2059e720e37cc3bef152586e2de5402752b4a,43591356
passed,pull,c2efad8d49d4d886294ad9813000eec604d9639e,41626886
passed,pull,f30779d11f54dd2881a291837da70f07ea073c48,41558901
passed,pull,5666b4b0ae724c8f9a38731927c0b0944a663057,41558791
passed,pull,72927b0c265350f52b3ece7584b3ddd6d4c9991c,40750239
passed,pull,72927b0c265350f52b3ece7584b3ddd6d4c9991c,40750235
passed,pull,2b001e419c2534f5b7fe4dbcd5e13138abfec7c0,40610787
failed,pull,2b001e419c2534f5b7fe4dbcd5e13138abfec7c0,40610694
failed,pull,92038af686814e20e3064c52bee24d0a32752a30,40524372
failed,pull,d747931ab1551cdb8a631ddf598fc59579152b8e,40522459
passed,pull,87cc12e073705ed7edb9e9e79569652ae0d225ce,36236760
passed,pull,1012aa54eef8bd5d1ac4ad1d90cfafbdb115672b,36235984
passed,pull,7ba3d0788d1e8cece82dc0d6f4e5a41a83afacd4,36233514
passed,pull,f12cfe8a6fdae818cef31ec048c2a0653bb37c32,35361211
passed,push,3871ceb0c53702fb0cb0989435feb7aa654c4358,34992085
errored,push,2a266856a64fc11c438b8dce218cc0a8a4c29d7d,34376290
passed,pull,e4679f7b50e7adf06a9d5ef3a76d591627777639,34224298
errored,pull,69af46f7476e25d41e1826650c765e3ce8e46f61,34214419
passed,pull,d61bbc5fed7a9eacf5aee887234e285248284e7a,33894260
passed,pull,de17740065c7693a5008d42d69ef6536ad93ec81,32654260
failed,push,70468776bb6c74e15c53cce95e10aa1d42ab1915,31315435
passed,push,d63796c223a7a33675766dc24baeae51c9031b48,31315431
passed,push,d63796c223a7a33675766dc24baeae51c9031b48,31315427
failed,push,b20f2b6b8b9838455d755c989a44c0d8cf9969b8,31315244
passed,push,fd1fe23207de4d42d3e7ff3683481c8a705d97c7,31312451
passed,push,a52c772c4eeedd39f11c2502e196a46c224978e2,30571013
passed,pull,a9a9d7c1c9022d2771bd236773c03c00b36a906c,30005606
passed,push,12d7250f03a07462381bd67a7a217b95d23948ee,29549682
failed,push,9370143395a36ebef768081c74a89ca8de997a9a,29549678
passed,push,afdc571711f1882d5a32d8fb9a9b2e404939d776,29404845
failed,push,45d05fb7299c2c29aac0b5f451b6922d9d6f762f,29404847
passed,push,85f6bce5789364b213af335197752ba087203d70,29404843
passed,push,03cac914a1b39656247d2ce738139c5ebc3746ef,29404740
passed,pull,9c8431a409ae99974de30dd2272f50e090539cd2,29373915
passed,pull,98dfc6d81a5ebaf78cceb6f5d4206d8f14cea830,29371722
passed,pull,511bf3061e1890b38de7fecb80e3af195ebd4083,29371094
failed,pull,61fa31485e56a2d5d497d10c95212001f6ae11ff,29105090
passed,push,4393c6655dd2ec8a318850068fc15f4eadda9578,28434252
passed,pull,717eaa85e8701e619ddcacf96a0b9b5a8a49d7a0,28433901
passed,pull,984ff4132032e5fb4f314f3a2bd7bd940d3d34f8,28433649
failed,pull,c83b8a3cf12584dfd77274a770893a25f0b40eca,27450746
passed,pull,91d1efe3b791722f66b86f2108a443d186273613,27450137
failed,pull,9c41d5b00a02492ca42ea888ae205d69cbeb7577,27447769
passed,push,b8bd2d58cfdf7f26232dfb8c6775d02c50a0afad,26795097
errored,push,bf94d45bf5495d5443a0cb5c2f791e728929af46,26637285
failed,push,f9ceff365da3320517e12f5667175b23427d8117,26573675
failed,push,7655412ff3e2b5c4f50784afa1c1d121d2de887c,26573156
failed,push,f2fb17574072566dd2d7152674f9137bbedf84eb,26564865
failed,push,1572a563fbfaca61304a7208b8f422ce7bce3760,26478989
passed,push,5e8d05b7e8ac7bfa6556a9bc1e3965b417661852,26478866
failed,push,a5faa1e8982c9f3f720a380dc5c18458b6c9d105,26478301
failed,push,ec24d2a46cd29c738267b06528201481fa87fb91,26465419
failed,push,d6a003372a8aa7bc537c6f05e1abc44d49c9dc43,26398248
failed,push,5f4ca1c95b08fef49516d1faa464bec79c8f2eec,26386240
failed,push,0080681519c9e56d66c012cde92cd0d7fc28b55b,26385602
errored,push,0080681519c9e56d66c012cde92cd0d7fc28b55b,26385509
passed,push,0080681519c9e56d66c012cde92cd0d7fc28b55b,26383425
passed,push,0080681519c9e56d66c012cde92cd0d7fc28b55b,26339194
failed,push,55c7725888f6ff1cf6e6712a1a4bb68e2f433565,26240639
passed,push,fb001e3e14e94864878a50c3cd7ecc2b1c0e011f,26239935
failed,push,00b81729398f08f3f77dc8adcad0e95dfa7ea3d7,26109049
failed,push,00b81729398f08f3f77dc8adcad0e95dfa7ea3d7,26101861
failed,push,180216b3fb5dc55cee8e8575b79d0e71a5fd3e03,26084812
failed,push,dc2834635c6a10e8e4e99cb5f608d0750ebc92b8,26083614
failed,push,99daef056fea19d1a4a9b0e0036350cf401f0225,26069861
failed,push,8f526b3d0f460c535525f7bd34e04fbc504bbc5d,26069354
failed,push,76fa131e3c7dcb35f73c8f4ca07abbee9343114d,26069211
failed,push,6bc04c8087fd1ac0fdc57da310cb50faccc9c1a9,26057713
failed,push,f1aea032c7e3afc8a83cdb8eac6ef1ec41dc3f2c,26048984
failed,push,274819a250aae02a279a990e11796a6c170de27f,26042845
failed,push,d784905bee959d5957a83cf7d5fa74d9a0059931,26033884
failed,push,e6f739c14e674bace860e902140d3f8d3110915a,26032292
failed,push,121dc6a4d208ca998a022f0ad262bb05438cc087,25990099
failed,push,45f1ed5c6dc62b5491aac4966215386205081105,25900668
failed,push,e9e328e574a219b6f7e8c0e27adda2c45be99da7,25891159
passed,push,f79b95d3b67bb9e73c550467b41864d47e44fbd9,25860805
passed,push,40a02ae7a502b458ab3538a1462eebf0ace2987a,25707132
errored,push,dfe8306814aa5345034fa15f9a0c97abf725e6cb,25705319
errored,push,465803fb2e026efd998cd4a7579479a5b851444c,25705230
errored,push,dfe8306814aa5345034fa15f9a0c97abf725e6cb,25700672
errored,push,2c317e85db454b56d2d49162c510bbcd2d89db03,25699308
errored,push,b71cef16c3174d5d9abe06cf2731a77944055a91,25697983
errored,push,07bc40a4eb445c7c4b3ef1f5348d62073266964c,25697620
errored,push,9f86648674b206c474e1ab5395aaeb6dc063e596,25696042
errored,push,3926b7e4f2354cb8b3dc34ffb5975c33382f360d,25695470
passed,push,6ba9ebd6df06cf50a64b62ea6384f441d94d1c83,25695239
passed,push,40671675981199f3e0889c271e565293461ba425,25692910
passed,push,5ff9c38ed0d5290353b1c3dd0ca62084618332f9,25687159
passed,push,194e1ee5f2a7720f59b4d2c08bc88097e9d19d1f,25687038
errored,push,897192d6a5f580aafa5a3dc7ed8f3d4e7d5d91a8,25686997
passed,push,6420d15449bf71739b8c2da7f77159112aacfa56,25686701
passed,push,e203848795cf8b253340cdd11a70e3f3ac168de1,25685879
errored,push,e203848795cf8b253340cdd11a70e3f3ac168de1,25685714
passed,push,897192d6a5f580aafa5a3dc7ed8f3d4e7d5d91a8,25685095
passed,push,194e1ee5f2a7720f59b4d2c08bc88097e9d19d1f,25684436
passed,push,194e1ee5f2a7720f59b4d2c08bc88097e9d19d1f,25679076
errored,push,4ac3e4c3c0f9b48fb979dd107df4d77e22add540,25678264
passed,push,5ff9c38ed0d5290353b1c3dd0ca62084618332f9,25676181
passed,push,5ff9c38ed0d5290353b1c3dd0ca62084618332f9,25675427
passed,push,808fcb64c7fa1127a99ac8c66a6e171982179cc7,25675305
passed,push,65ea4ae30abf1ae2a6bbe5ddb1ca6a1211e2ccd9,25674254
canceled,push,3d1cb28390cfef3e0b5a5eed07909533ecdad441,25674142
errored,push,4ed575d65672de4e95430f00fd1298406e7a0068,25609902
passed,push,20197e27196ff90b97dce92a32643e222af9dd2c,25608953
passed,push,68e9e78c82da4c13432b6b787a9271eb45678ab2,25608163
passed,push,a3cae4a6ef3767317828062b8bbf516d46a9cc2c,25600314
passed,push,e9096633baa0ac488513c1fcf472e619714bb355,25591901
passed,push,3ee576848fcd5930a50924dadf8f0ab41742326f,25582385
passed,pull,14b2216de4791f480973cb8a9d4fba0e23165c6b,25211120
passed,pull,4031d85d9793f1cf4b9c772486fdfa4cf25dfdd6,24210939
failed,pull,c1cc0752df36addbe54b02db936e4791b19aca38,22592973
passed,pull,a2f5962dee0893c53c3fcb1cc49153197fec8f70,21268976
failed,pull,e01546e2bf0d67da9b1deabc98e507b40e47c2ad,21073576
failed,pull,2b98b9be320d65408b9d881a1ab12634fcd4c769,21048615
passed,pull,e4ea60553122531581811aaf554b22ca41a5e08e,18412274
passed,pull,5afb067ec845f46472369546c99e09331d539242,15772103
passed,pull,cb5ff8cee7defdb57f7361eae5e8e6420ce590b0,14259118
passed,pull,7ea738ba7917f69d0953dacb9d41bb52bfc2a229,12056550
passed,pull,7a17d5096c95df6fcf658df4bcadf8fd7c28d321,10671575
failed,pull,0b76f5178282a1860c4b3639fa70d8e3e38744cb,8862094
passed,pull,7483bd41de7a18a7c78931f4ca7c1e18e874eca5,8798611
passed,pull,116c8fa5ebb067c48ae1a42a62ee5847fe8300d2,8016203
passed,pull,f7ee3b02672e9bc387657de02156861d191ca136,8015015
passed,push,20c10ebd22e15a55c0c1c12695c535d37435dcfd,7334758
passed,push,db9863c9b59c5b0bf70936a575d357b47af862ad,6289407
passed,pull,4f3a91c4898aa74b22b2d32a757852cd9d4a7de5,6288948
passed,push,26365ea73efea4702d66770ba7c114ab5a5d1934,6248219
passed,push,b85e195f4b0d1169b1676e9ab86c56f02564bac5,6243352
errored,push,df96e548be8c241ac85e8535c4f223cf3bb5c641,6243336
passed,push,55f02595469e8a5e0d61d3116f5637e1f8ca3a5e,6243291
passed,push,62b11b271b2c46923a50df34766b514f6533118b,6243203
passed,push,05284a2b4ccd07971505e8a2469d1d11fb10185f,6243026
passed,push,59ea99c9989b449eee741b5415026e06485905e8,5947332
passed,push,d54f8ccf9d8ee5783ba34aa07f5f5f43c3f20794,5911216
passed,push,094fc2e819a1b134e07ff89aa6fed215a3d08e8d,5911211
passed,pull,4acb7af115e2b566dc13a5a02e691f61f35ba4f4,5908259
passed,pull,a0bab9c3e2770b03d1a14904b2bba530550576ce,5810361
passed,pull,4a6b69ca03f74dfef54ace14ab5b8314301979d7,5808630
passed,pull,c65f5087a8f7560ab9f942dc099d61437aa06dd6,5785061
passed,pull,927f2243f2923c86558ab59c202816a02a2b9923,5778273
passed,pull,927f2243f2923c86558ab59c202816a02a2b9923,5778242
errored,pull,be24972d00f36d1d1925f9f8e0aa3ce9ae3874ea,5778219
passed,push,a0ac0bef0d1bafb06d454e61a1038d4e038f34e5,5759130
passed,push,9ef804e9b94a420c1d5109a673dabe2b0e81133d,5759128
passed,push,6ea24039f76138824b977d4ada0beb2aa18f6b42,5757220
passed,pull,26662220a801d279abfd4cb6fa5493e1d98fd058,5717390
passed,push,fb6e85f4b6fc470498ffd4a104ab7e377511232b,5690106
passed,pull,2946e0159f123495e5b09fd547920bdf72e625e0,5690072
passed,push,feff1051fbe8490dcfd2799ca5a3b268b7aa70d4,5597333
passed,pull,4de5957b3f0fb947909db136637e81016e745b92,5532459
errored,pull,0b80aaf37ef7133543440793bbe16d5e6aae4a07,5504105
passed,push,47291f749d4b6729e7180d4ecba777c8758dadde,5311887
passed,push,494c013a42d484e21eda740eccfb18d2032e4fc7,5311779
passed,push,c5cf574466fbc54a59ce7645aadbb724ffd240b5,5311603
passed,push,2a3fea1c470ef60934cf41fcc5ebb8763399433e,5310962
passed,push,7ca12973c682a806e868fab0a3a865dda50ee0f4,5310124
passed,pull,4cc2d4279e9330bb2d2f9b6ae7fc083ce384523c,5209133
passed,pull,86345f84e989c388353dd5746d59f9466962441b,4876964
passed,pull,dfe07bde5eb5da655eb3a71197ebeab10cebc21f,4876506
passed,push,651ab4e1b1ab4f4a13b3d163e9f8673c60baeeab,4763687
passed,push,9eb31df066fff20279a5896592cb834d7bb196be,4763557
failed,push,14bc17fc971f3d460bfbf51246f816cde23a8e58,4763446
passed,push,bb4c041ab38c863fb0a314f51d97a26ac19961af,240782776
passed,push,29bb26acb3f8afc9a3a7824a71f4d7571ba6284e,240781389
failed,push,1c005b10b8e9b4602f6b4e05a13bc4ec400f22d9,240780213
failed,push,e6b2b79dc97c0343fa78c83ff287dc2f5761fb1f,240778407
passed,push,b6f72ac6f67523cf685074dc5437d1c3fe56c942,240776767
passed,push,e9429dbd3486b9e243eaa50d914666dc85a26255,240774936
passed,push,1f699682177498ca9bb8ca65a435d81c00f21e61,240773230
passed,push,bb4c041ab38c863fb0a314f51d97a26ac19961af,231622447
passed,push,29bb26acb3f8afc9a3a7824a71f4d7571ba6284e,231621766
passed,push,1c005b10b8e9b4602f6b4e05a13bc4ec400f22d9,231620867
passed,push,e6b2b79dc97c0343fa78c83ff287dc2f5761fb1f,231620030
passed,push,b6f72ac6f67523cf685074dc5437d1c3fe56c942,231619040
passed,push,e9429dbd3486b9e243eaa50d914666dc85a26255,231617727
passed,push,1f699682177498ca9bb8ca65a435d81c00f21e61,231616342
