Status,Type,Commit,ID
failed,push,15f9e732d28c0be9a26ae4fa50514957d8c97acb,106773119
passed,pull,856e38934835da0cae50752fe5758aa6fb6d8da6,87776953
failed,push,ee421e3b23b7c031f7bd0baabbb87a0d5fdf86a9,86650045
passed,push,427082defe707fcb865a4360894ac20fe3cf957f,86069039
failed,push,cddc80737b7c743acd0a62c173c46867eb1786c2,80779341
passed,push,212f1c0080c96588c561039276a92bebaca5c42e,77305104
passed,push,a67eaad39091ed0b5d846f18103d303c2e0e047f,77303667
passed,push,b74fbe2a5f1894779dc30210a0e80bdfe2f27649,76610847
failed,push,e0b1b3262471182c4209f49f37912becd4e4447b,76443209
failed,push,167ea81a09999d20992ad2f08d4e0b8cca9c027c,76443047
failed,push,af80e589e6f425cd6211fbdd9363eb8e7234902e,74267918
passed,push,bf70962e33247b28cf668bc629fa5b56b8eca9e3,72422443
passed,push,7b237890e6ce47ed24f7c2d6bad75fefa1032b34,72421820
failed,push,fb180ee04a112063bd5f2e867128c7af9025bbfb,71637643
errored,push,3459a493f826dccdb3b18f45e541cd350088cbde,71637461
passed,push,72dbd71df98e196a213365363b7e44e9004adcc6,70934158
passed,pull,398ae8ab07dd02151de450470553fc9f27491d8f,70914750
passed,push,72dbd71df98e196a213365363b7e44e9004adcc6,70914734
passed,pull,fc04e9fb6a26cb65d36722771a8f91978625b888,70877237
passed,push,095e42997b37c5caa3a812dcba988c1fc19db7df,70877228
passed,pull,2a4e913c4cc3c4570ebbe04f8ee5143949b365ed,70877018
errored,push,f57680ef102e9f086d8e1631d969ff4c13944c28,70877011
passed,pull,20aa67e07cbd5df83721cfa1d997f15d62f190aa,70269986
passed,push,5b00f74338a92b015481e11d0117ef186ef6ed1c,70269852
errored,push,5b00f74338a92b015481e11d0117ef186ef6ed1c,70269773
errored,push,5b00f74338a92b015481e11d0117ef186ef6ed1c,70269634
errored,push,a96b10470e841a20cacb2902b19785bb351a3125,70268099
passed,push,84eb15a9f01e2cc55a6de9f0b6788ae78e956f3b,70070257
errored,push,709c8c34e871048900233d4193dffeb6fd1cbb9b,70069900
passed,push,2a39b737421b769d4c48e89d2fc6b3339122d3c5,69957453
passed,pull,752fac686ff678adfb5ef03cccbfabc3aaf4186d,69928355
failed,pull,a1934df5adc27c5e82227e75722f8a5b0470276c,69927978
passed,push,e99d82d55fd61cc274723cd0fb0e45056fb648b0,69755224
passed,push,4837d23650a4aa0d0d29de19c69784ba3db47bb1,69754535
passed,push,dfe124a56865cca6e3d0d954b211e597d12ce20d,69749811
passed,push,0a4c2f7ea734437d383448bae37d34aa1e68804d,69749240
passed,pull,db65ff6ec5bb9d62099eb3d1575c7af158b408c3,69596303
passed,push,f972a2378dee288a2a0331a16fd426d2262eb1db,69420909
passed,push,0185958ba7785d630407b6301e08cb6c2f83f1de,69419001
passed,pull,e130472315ccaf89be45ea5469b7d24e98f892c9,69001689
failed,pull,ce8e0cae0511519889c7a69e82cae4deec706890,68878444
failed,pull,caaf5cbb8634d5b64ae27fa44739018983df4e72,68822773
failed,pull,64617fdb47084a1f9398da49bc24973c2d1e81c5,68821899
failed,pull,257a5937d7a18481e4a7eb2ec7541e3ad0f045e8,68819790
failed,pull,bb6306122a6ff651ecda1cc486d3ec75ba66ca69,68779641
failed,pull,7d27c97ef6a0fa75f385c770b63fcab7b12d89fc,68778253
failed,pull,56e320ee00ee321332e3633ce9062f682e79eb60,68777840
failed,push,0a1d0e10a07c7675a6f35b4e9f96d060669f5f84,68485817
failed,pull,4ccd69a0fa47dca8f964f40341b26b94913942df,68376630
failed,push,b66b2584a31ae00dfe2158211297a4b3e2b802ff,68286396
failed,pull,618ba00f438b2e69bda3f2d1e2cfa00e98f95190,68202174
failed,pull,00493e00fe8e684d3570c57bcdf28be6787bda59,68201045
failed,push,305ae87e35250f4ecc2ea4deb0399f30b9a08536,68123709
failed,pull,f2a100cc85ae5b2119cb6929f3fce6780e0b98c5,68048599
errored,pull,e9c301407987f6a27e28997271ce46e6c22a842f,68048529
errored,pull,2be104b400a53042df20c6020d09d0bc1d2e9680,68046831
failed,push,1ef7980c022a7c8cf85a1871c6548d30e8fa1ef3,68030372
failed,push,7d597f0cc55406b78dbdd9d06c2a31f13dd4d017,68022838
failed,pull,1fdbc71f23919e271375733379df1d9fab8b0c98,67898716
failed,push,2ab8cbde761c2a4d68151c604067b186887ca4e6,67728017
canceled,push,2ab8cbde761c2a4d68151c604067b186887ca4e6,67724947
failed,push,313e9dda2d4b834897bde737752b0c4bc607c704,67720131
passed,push,786914ac90c134337891d1315d96346514a66a63,67719763
passed,push,099afd0810c2dc97a1ff5310df216eb37de051e1,67715713
passed,pull,f5e412a4bfbdb9d87c5ed2bcc99ac8bb5527eb22,67342084
passed,pull,6108541a0151d63ea187e2d2a71df6e258c6602a,67338321
passed,push,2549f5bc9aa2f09851f6ff8f4f3ee992ebe705c9,67333792
passed,pull,225d64261d56f62fac7993d87dfbd1fc4956c3e8,67161264
failed,pull,ca6997c95775274f8bee2aee864f7fd633674793,67160580
passed,push,b473cb8037983d99a5ca7deaa472a5ba4a0d0f6a,66524688
passed,pull,d367e9a5c1775d3528d15f4000d369aff7b890bd,66228747
failed,pull,676b7a2857f20f30c85a712d30b54eb65d0a0f0b,66198940
failed,pull,501602e21c16a3ed7bec06c54610e2d16bb01d60,66195490
failed,pull,fa269c221c2c2974ee31b17f031d83143daebf72,66126520
passed,pull,8172dd4936c9f47912f2ab6fb7db83f74d028805,66121986
passed,pull,46a95c51d235d8a9195063435bd5395dec847f7c,66120808
errored,pull,a07eb25007a6a5ecfabd9431d3b468c059606630,66120116
failed,pull,56eec2e3194b923dd956633d66f542380d71f1e9,66117006
passed,push,fa21d2f7d6344f563d98110c98246bac7e6b5264,65759636
passed,push,e33138fa3b8f64950d23c8b2305691722634c726,65759268
passed,push,39d273ed59c549a9e131ae76361a76aec048828d,62913815
passed,push,7cdec5c6d03397c6e553971c3ebfb7ea11500d82,62901860
canceled,push,d6a32f58038d495bed19a69a9b1c02c6cddbead1,62901706
passed,push,c9d1992e929aac40d40e617a5839c248cd12832e,62559585
passed,pull,6c49df39fd8d637d7a05c6f9b28e308cf0594903,62545730
failed,pull,463ae7f74d810f4cb07a405efdfdc9dbe94646c2,62545602
passed,push,d5471f483e24f4e507e38a4775def95e03b1bcdb,62516978
passed,pull,303e39e16b4547bee8a26de5366489c540dc5d41,61983957
passed,pull,0ad53c0682620c728cb5985b83633e6e1ee4e753,61979345
passed,push,cb4645931ee9e02da452638059b5849911999bc6,60525309
passed,push,dccf4847915e89b6dfe6b18635f090fd09c0a278,60517466
passed,push,b13dba507e9d0be84a7973adfc701c7148b47b20,59715945
errored,pull,aadf83fb7429e421cfd94dd1ad95ead94fbcbc10,59715769
errored,pull,2e4ed9b6f37717435e89d0689fe4fad9170eec1b,59711931
passed,push,8799a3b890eeafff9a5bd63869f8fbbcbcc68186,59707855
passed,push,3236062a53bb275069222fc9f6f6257fa137f09d,59707804
passed,pull,7490ad284d1a8e1044be1386575920b21ffa4ee7,59630096
failed,pull,8a280beb542b366376dc9eae6aa973b7817de608,59629964
passed,pull,a34cc68a253cef4cc2c17544a8bec93844d05027,59629465
passed,push,5deeccb91c98fa592eedc7923f12d37edfd4cbff,59380288
passed,push,834adc3c1cc749f074db30587cd13f8e248b9486,59379918
errored,pull,e00f106afb8e48685c5b38938cf59dbd9fff1218,59379530
passed,push,dddef961fa2c28e96a97bff84b264a370fbb2c02,59257119
failed,push,3745613eafd0a61e997266708047429f143125d3,59231476
canceled,push,e023231dfcd5d16ab3adb00c2f8b70d8b8d20922,59222647
passed,push,e023231dfcd5d16ab3adb00c2f8b70d8b8d20922,59222559
passed,push,d2aeb0673da35d29307961a79b57e26e21454cea,58785065
passed,push,de32c735d480a6efb07ecc3ef4dbe561b2d213eb,58773505
canceled,push,ce516a4b48bc1065696aa10216ca857860f06460,58764664
canceled,push,3971e1f2f775757f1965b16735d0c508ab3a3b8e,58763790
failed,push,799deaea0ffa74d6126129eb323e46bb1c8583e8,58762717
failed,push,8b9d3a4edb70552bdbbdc5f11e6ea71f367c7183,58291153
failed,push,7020593389968bb390ed992032a1bb14b76a575b,58271857
failed,push,941bdd4c7728b995b5e61b0f759d7f758f709d6e,58271661
passed,push,a821f04b62ce833523379c26f9f1f95926e872fe,57338448
passed,push,c36476a233c9d285d45e47aa1a023021cc15b0e0,57328352
passed,push,411c56995e973a12f8ca1d3d171d92d11553c4bf,57288865
passed,push,9e0f38b3ef0eee7d3d4f7c89cedaa394f2e5c441,57283972
passed,push,9fde152daad8ef5d89bcd5444bf2988a34d4d1cc,57283742
failed,push,61a737c11af6d3a3cd2da001b3d2ac22da405766,57256071
errored,push,0bff827529ff27bb7ce37e6826455a8d07fd3d3e,57255922
passed,push,adc4749b283ccb3dbd66d955ac589c4986ef286f,55639272
passed,push,2907a727490bec6e2711ae8e64de84570d3d8dfa,55398367
passed,pull,70801c4d69fcf583013290a0c7ae5f1e925f4cad,55395219
failed,pull,9b0786ba6b2cc3ae017a349a0701c7192bacd765,55393807
failed,pull,944ca9ba6846f22abd5354a19ae4ac550b324216,55392128
passed,push,bddc9bb237ad687a5d8a9b43b6fb17b231f0bb9e,55384795
failed,pull,692acabf91c4954addafed8e9c90b0f1a5f9ef2b,55381886
passed,pull,4e67df1397a7d9184020364d817de7cb043a536d,55378487
passed,push,5822e79a146311cf73957958cecfe6f43fad2ac3,55377251
passed,pull,e97a73b863fd5cd6ea2b56a14da65b7fe349096d,55376454
passed,pull,a1fa5b49a1f54fc47918299df9ca1c2a3e94a11c,55374049
passed,pull,a1a9974812a6264023edb98f8ee6d45f5f536331,55373141
passed,pull,3f6940ae21c38cbacc74b7e5ab8d1795a77c709a,55357456
passed,push,c8176a44f2829620ca1fa53da22a7ddd3c24998d,55357440
passed,push,8150b158a2b3b5eaea55ca53a425a6fc7e57265c,55357321
passed,pull,8bcb03d622d5a9e666aa960d7fc021344008e2eb,55297463
passed,pull,12d9291f737b6ae9ef3ea383f6864da060f9fb92,55281329
passed,pull,b92779966e117d1735dc0e756d9f27f586560afd,55281040
passed,push,8adf11d8ad0eb5084372af448cdecdc4ff253e8d,55278387
passed,push,630afb8ed98e293ec66e94e0e947ffa1d6a04f47,55248284
passed,push,54edb1dfca22c2b6d140e66e9073c2fea32e9085,53980110
passed,push,b738678bd617de6cf5a1c76cb8f135ec51c72a0d,53642814
passed,push,847165c1436dc0ab661436e5085435c6d97b7163,53638057
passed,push,ca07bbd0707af3524a7980c3ee246c8258b34392,53224926
passed,push,06f5bd7967f9b8469fda535f65ba631ec229d9fa,49185751
passed,pull,7ae21cb362992b6890c5b2dcdc782f646d83d362,49185479
passed,pull,0a834932ae3eaec4803146c899d2a6900c149de7,47472263
passed,pull,0bcdbae423ad409e8cd2dc6eae56a3296e5ac42a,47472014
passed,pull,db13d1189ebf9aee9dad0d63f22a6e5af562f5d6,47268829
passed,pull,86cc54ce5298cc6e563aaf626e468e2e4aa8bf35,47264943
failed,pull,81ef8d79fd13fc5d102aab3e86ce9d34ed648660,47185885
errored,pull,6bfa68ba22a45dd12c81ea63a9be200faa460e88,47144425
failed,pull,2bfce8376c30b3590fc3fc5afeb5b4074d1e2c2b,47139050
passed,pull,96da995b0e30624cba1c150f0f10da8b96faf48c,47125113
passed,pull,f2a999119cef110d5db78352c626c7ecc38ed810,47113535
passed,pull,bf0b867c861a96e20bdff67cb16a6d5cc45903ca,46990610
passed,push,29b2c31a4f6c8009da9cde5ca850c1afef0edb89,46861634
passed,push,f8e589ee428ebad58b9fb29aed7a4f41dd393654,46859244
passed,push,f9c0c7c7714c346b6ea2f92100835fdeefddf5d6,46453288
passed,pull,2d7d9548b9bccf29765a8a1e6c792bb848f90be3,46444399
passed,push,bb77d5b8798fbe8273b395110546623f7ab83205,46439481
passed,pull,904cbec1cd6c8c10fbd2bb94d1d008c7b7702ba0,46369384
passed,pull,ffe4ecb4e46077a15a398e593a43057eab543d17,46229297
passed,push,f749520cee077a292a1416eee95dfb288f30b029,46217932
passed,pull,2d0ca0db4836445ab9fd66796de98488692c9d70,46217483
failed,pull,aa4792f855ec8c818adbfa9fac045d93c6fc5766,45791404
passed,push,925c350fcd4dc9196290e97536cbf1c8ebbcec89,45463855
canceled,push,b774dce73a945d3b5c1351d1ec7d963c0b872e51,45463812
passed,push,5b47788e1d2e783c38f8de7af2928613b868cd77,45034372
passed,push,7718621053e1faa33d2140653f3f049cf52f6df4,45030548
errored,push,bfdd93c4cd613fbf77cd97e7f37c82d7b73847d6,45029309
passed,pull,2d9bca4bf56997148f0a6424cd568770ed33ec0d,44965295
passed,push,63dcdc5f304e4d1f2c31209a98d68c04bc99b4aa,44568114
passed,push,544dbfb6a6a080c64da624f2b7431e61f27b393c,44564864
failed,push,449070d842d1db1f44b0af84ee90d4f1849f4d6f,44564081
passed,push,0ce83eace34065596877b08bfb6df826e14aabd7,44453914
passed,push,74d6871e7bf73dfdfabd4941a3bb4c576db754d4,44450373
passed,push,5d5bcb846760800f0b6fab8076131015c9433808,44450272
passed,push,67f1688fdd4c6f01649365a37514f47e2f28fa92,44446827
passed,push,67730bd5e876fc27f68c45ea93bf47f88b64cbb0,44444957
passed,push,513bf2dfe3c307ded68ef4229b455e0b0b40d2cd,44320463
passed,push,41f272e1dd6fba9b138e8b0de0da3796db9d7a1f,43727470
failed,pull,5df9f951ba2aac7d0e0b41d666eb4d2f23101267,43498284
passed,pull,f60fc91d1b8829b0b0067b737b92d3a9d85b7edd,42254083
failed,pull,4ad792c25f147834e139f4804dcf82b1d2bf0615,42214428
passed,pull,171587efe4bd3998fcad589b6337950389426f3e,42188731
passed,push,e3a915d94db10ea65a44714e9cc37b532d77464e,42176788
passed,pull,0b5bd11a4c110f028c938b8f097152f01e42da25,42019563
passed,pull,93b47a0de2e6d6b2495715fbb02f8030b0deb994,42017555
failed,pull,101cf11d50330563343aeec46aab024271411746,42013746
failed,pull,6274569e10363928eeb950b96feecb33e4c5855a,41999950
passed,pull,662b862dba9c5ce00f23f20706178017c32a7c8e,41883513
passed,push,4bf27c329ff493b66da7baaa4ea79bacd148c897,41881534
failed,pull,bc5d92376fc51ec77afa1029f13764f11d33d957,41877621
failed,pull,59fdaf21aa544be4ed8b7df1a24bd90f166f0c23,41877466
failed,pull,9b1a9ca09ad8b2d3100f8b4ece7f55ddf4a2d551,41877339
failed,push,b88036f993f3743b6b63fdf5b23b8a4461d63cdd,41874787
passed,pull,c7bfb145f3fc74fd5ccebca972f85b254dc57af2,41816531
failed,pull,92be7fa6bbee350f1b70f918d348f758e61b26e5,41811980
passed,pull,edaf7761c278809807b1b63160c00b1e83d050a5,41809673
passed,push,e2e9606204273a2b4849cf64702a14880b832fd5,41256384
passed,push,bbd7bceab048cb7271f95be7035703041f7d3351,41256257
canceled,push,e062a170a7b98934e4a81cd13519275cae0f9775,41256203
failed,pull,23bd6a308775c5036cd70fc2ea42f95fd82c8fcb,41240964
passed,pull,7084a5b7f0a439acb22fa4dc7c7afe1c631534ac,41240830
failed,pull,5c466096adbc638cfa36f605093ccad9146d4c6d,41240707
failed,pull,b7ab855b156583cd02b47361a06a0dbf63b7c4f1,41240598
failed,pull,fad308948be681ef221c77b91945436a9b4bd740,41240479
passed,push,bbd7bceab048cb7271f95be7035703041f7d3351,41225868
passed,pull,bf01f731052e08cd02d85a4d20b7d0e5ee7e04c0,41148430
passed,push,4c447c1cb89e17ac1c9f281c8339491775f5b529,41083184
passed,push,4c447c1cb89e17ac1c9f281c8339491775f5b529,41081156
errored,push,cd93a2a1fdd09432106f1a27a719283e3b01abac,41081132
errored,pull,d5cbc598841b40eff8676455ab3dcb255e4f1528,41060938
failed,pull,4dd917b4cda5d0ca825d15ae5fbf988b58c35af2,41060409
passed,push,e5a14cb307b9cdc5712af303ba09bd46262ba219,41060349
passed,push,84ad6bfafac71b07ef23f739b0e76125ca93dc54,41055274
passed,push,a17a28a8ef9213fe8a8f24a1dbd5e34a1a425616,41052416
failed,pull,9872d7f914ab19ea2c073f2070e6833d464cd4ae,41033930
failed,pull,a41db1546672c3612440f773632db9aff582f534,41033634
failed,pull,088a6a1898c021f5b4cbcffb3969c506162f7fa3,41033601
failed,pull,fe806246e90e02da575ee66d35ba98fcda3190af,41033550
passed,pull,c5e4c1ae8b9b664bd751fa15d7eee95905742b44,41033478
errored,pull,27232e5e8b36b286ed9dd909249fd3a4fd65fc62,41033147
failed,push,e9cd146faf58965b19feb837a5b759bef1aaba20,41032644
passed,push,ce000cd6a835b9ea523d2f6769c7be07dccd1af1,41031459
passed,pull,57af43ababb1bda06d98d2c35bcb5c05a402b5fb,41018369
passed,pull,1ff7be6996da0757f17a9a256f1ecc9fd36fec46,40993433
failed,push,f5427f08cf65e7aa6348727158a775cfdcb6e67a,40565130
failed,push,f281e466e304e7f418466e23b108f7988c3f6540,40564306
failed,push,3c74d4162d277024687bcd9a7bda0e6bd3051f9f,40562971
failed,push,28df1e3287dd359be286798f0c2c41c90bd3e837,40562331
errored,push,99d053fdfb56d6440078214947e153c836ed2554,40532597
errored,pull,9591c7a90d319b0945d185b72b1f77d195be050a,39956533
errored,pull,c1a174bde4ddd86631764bbf3f284e7fc820b46a,39956023
errored,pull,1dae5faeff2bf43ec1e1b467c83f6abe7d41ed3a,39955216
errored,pull,f897fcbb0bbb9a308d114441aab1e84f7092e3ba,39953738
errored,pull,caf0ace09e1a7295e78b9fc31f32babd70134849,39790277
errored,pull,b99f72fa9d82f8a13ca2b053e637ca1f40a30a8c,39789035
failed,push,60501bec7a590695ce1f2071c8e187847d41c876,39487196
passed,push,965a879b7c928a168bf0b3a90265efc147daccb9,39474729
errored,push,f24de85e2b646fb7c4635cd84fd10c13286dc4f9,39473680
errored,push,1f2dc5855732dd25ca22c5d165d5ac513d7df23a,39473467
failed,pull,de636c85f10a931afdd0abc8c9fd9efd13f29c8e,39400552
errored,pull,ab3976fd074ae2a1af2dbc06468964b70f126005,39400377
passed,push,6a8435ed881e7fdf0fb997df021b2d8f1daf34c9,39336829
errored,pull,94d7200e589bad3d9be5d7797b76afb881bf0cd0,39320034
errored,push,ee714dfe038141a47c5ffdfccd404416643aa9aa,39284525
failed,push,f084c104de2bd2b4e1dfecdf25f47446447ee351,39276809
passed,push,f899d98d4e8972017e55c4860ce2807cd75c60ef,39261185
failed,push,4b6deff6b7fb9dbf5616fab0cbe1658e571d1a7c,39258223
failed,push,f084c104de2bd2b4e1dfecdf25f47446447ee351,39255796
failed,push,fb9d713f11e85c17fbb477c1a29863784ff2980f,39171863
errored,push,4d081e18c301ed13ca017db33ad493814285bdfd,39166718
errored,push,07877cef0c72856e910dd9f2b9a71422c8b97375,39165300
errored,push,a19744cb3bc5240bf7956bc0f677e35a98ea64af,39094711
errored,push,6c261bd33cccc4b9880a2b7991197dc989eda4ff,39094441
errored,push,c3873235c24a1c7d5cf90fa67e5131fecdf3caa7,39094265
errored,push,5f7dbbbf1016516c513ccd480c1e5cf502ea557d,39093882
errored,push,89354c699125eb3fd84c69bcb1a90b627c8173a7,39090148
errored,push,dd4b958fcefc159859bf2d93bb80ee8b2e24e8b3,39080206
errored,push,fc83692abcdf63143cdeab9e56e1ffc3d1128f1e,39076791
errored,pull,281706e17a4c833358502795abe7dfdf04c2ad8d,37219025
failed,pull,3933cb1254dfab4a70fa129c0381eb6ebc1efff1,37215262
failed,pull,d83419c595e10b311addede1ff80ff252d91ca2a,37215126
errored,push,97495c361fd0ca76b333c8306e774ad3d4aa6de8,37214665
errored,push,f142375a1dd59816823e11cdcf6aab3edc9bf02f,37208304
errored,push,d7c0935e465ce784b759f6ff03690e02a8cb02be,37208248
failed,pull,c384c79bdba2ff1128c01a19a3bef40ecd22afde,36700269
errored,pull,19031c549373d004e42bde10d29aadcd701ac07c,36505373
errored,pull,ce412aaf3e8cbac7a35b04d220311859f05a673a,35435701
failed,pull,10629c530c73db8af7493c22403ede42050c31f3,35430851
failed,pull,0407360971821fbca54c6de96910d29f158da44a,35366749
failed,pull,3daae9f2672ec130eeff70e0b9a3e38440ca9e9b,35366435
failed,pull,74cff76deb68f41edb2d800767b0f06d62a7cbac,35361336
failed,pull,36537cbfc6691625f0613c271d5a7106884e80a2,35272122
failed,pull,3b281ddef45a872bf05121fb21d7cdb643e716ec,35248476
failed,pull,a2302f46445263b852d6686b94a995cb526f7511,35227810
errored,pull,d9395d9e44eb77977d7408fe743206539166ea59,35025225
failed,pull,bbcfcc264c921447944f93e7e300bd9c91bc80e3,34968747
failed,pull,e47075d3aa7451eca3d950d96a4fd686049c0bc9,34941047
errored,pull,596376c18df6715564a504995447f7ae916c4aad,34938837
passed,pull,1ffe100a0a9d1778e75c946e60711ac272a4b450,34796170
errored,pull,272e2fc363a070612c0ebe98d66320e182181d1c,34789050
failed,pull,9637d6aaf8411ae10a7897de0a29e3dac73c9f77,34772125
failed,pull,2fb5f6f671f3a4325364535f5dce459c289d7ba3,34759642
errored,pull,77f82da2dd2b435f33cf6b89946c299f33494e64,34747577
passed,push,696f194210f6faada1057a15d09d0acc73f58dd0,33980372
errored,push,c0329e65707372d32ed9c8ff8195a9ae8ab6c08d,33977820
failed,push,5da1c4a5870b74f45e34413afa75ed605e15c8c3,33976921
passed,push,2b718fe9aa446e6b0f970a53f8bca69f74706550,33703061
passed,pull,09738cd4854298a2fc1591dc8b4e450798998fcf,33578281
passed,pull,48885fd9411bb25bdb9884aeb1121e65694b9fab,33503043
passed,push,d42f532f65f7d65e3686e04799cbd8155eb9edbe,33477230
errored,push,015ecfda07bbecf5d0ad07eda32bdf27124d5f5f,33476691
passed,push,7b3cecb27fd2145a1f1cbefb747b0276131a6470,33432275
passed,push,926e813d04d90d937515a630d2ffa393a6ab2940,33425882
passed,pull,1614c2ce3bd21136e51de1b50bf0b6acd4467223,33330383
errored,pull,510ca10aacbce89d3c54007e5d917ee4e9461c9c,32027693
passed,push,980b6a350d54b9e3fd85141160a2564c6c5e6a16,31607550
passed,push,99fa86500d016d012113b3a2dd4de389bbed37d9,31354990
errored,pull,e48ee6a25640b04e88bdfb86040efdad848e34e0,31264136
passed,pull,44ec6574d1923e82ed610ab02b0df85806f07b43,31250255
errored,pull,3c8741432d241e838c901209c9ad2acc0d13e370,31242812
errored,pull,3f4f928cb7cbe35fbef698b16b7926280ad6eefb,31241860
errored,pull,bb278b5e156f8702c6ccbe8c7be98b960eb17b14,31234990
errored,pull,73a8e9c6df22036a97d0059fd0380aaf3b4e4ac0,31225340
passed,push,2d06584b83bc73c79a80bf05835d4375dedfb7da,31143857
passed,pull,e5c0498b69065d34f89555d2d2502338e38994cd,30854901
passed,push,808d43575b248d729882c49ac3dc15a84ed01c04,30341045
failed,pull,05024cfef6b5d1595375c3a8355168e5bd0b6668,30261225
failed,push,28dec6df18b0938bca47d43c17a640f1d26a6bbd,30261220
passed,push,e0e0dea150bd41cea900fe6a08c89504012ac40b,30158741
passed,push,3a6630404182e0edb87da467c111f37d81e752bd,29972914
errored,push,5f82c046d95ad74ac4c006155efd5163be643b80,29966738
passed,push,8ddcc4c7903d0e0dbbe22ed300d3ba361437a5be,29909188
failed,pull,c457b35958d681c1e883c4252bc78961eb3de4ab,29907852
passed,push,5491ac3e6bd07fffc507b5b1b7271424047f8404,29906516
passed,push,d2cc183b9a037c636151fa5e9db16045de73dc1f,29875059
errored,push,56046717fd3fd340eb84e2aa58ca09ce086642c1,29873151
errored,push,548f9cf7bf0e9cddba77642f96b422a96450cdfe,29872306
failed,push,9542e404ec6b74e7fe7b3f57fb424da8090d4d85,29870805
passed,push,2566951c705ed15b56188ca4a50a30dc5aab77c9,29821484
errored,push,18c69bc94035005b26408bd82d85ec69554ebf3f,29819882
passed,push,b546d2009ae9a267ce6bc33cb46a6fde00225fd8,29793785
passed,push,c4691cac04442cdbfe5ad7cf456981b5038e5ff7,29593293
failed,push,ecec33307fac2fd4271bba95948f9b07982b4aa4,29592755
failed,push,55cfa071c7927dda7671884820bba581f76886c0,29591897
passed,push,9e15f011cc49c995749e7c063169d77b2be3a4ba,29529692
passed,push,c9908cc1f887c2f9c1fb3076af73b79085290448,29528239
errored,push,4010a7414a325a180c3e015ffbde2e5df8a12413,29527744
passed,push,3fe37c1a1feaec93ba8b6864b22a651b593210ac,29011942
errored,push,fd4a90f784a0980d6b25b902f248f24009335fc6,29009094
passed,push,7ea516459de61dd67de5d60ed7a280a78a5f5d2f,29004637
errored,push,703be7725ceb0a0cc7fa9f920781bead1c597e91,28714407
errored,pull,41836559262d6b88f7a6cc4f2c6202f65af74497,28593129
errored,pull,53d59f87b5e8a601f536b52942ecbb1a36c58bb7,28459015
failed,pull,827d75381b3dc646c4eb4558448e6a26f0cdc339,28458848
passed,push,88e4f0f088040ec964074cd8586c8449abf6a703,27009600
passed,pull,468dd104ed2bef2e13ace1fc58ae444dca2180bd,26513831
passed,push,4b0f0ad0ce6afc98a1fc78b9fe46584c41f478e8,26400365
errored,push,53000282b2c50cec045116982922c33aaa519034,26393068
errored,push,bd48984d9fc749290ecb317d6d0d7a72d0d6342f,26392651
errored,push,ead04204c61df129922a7be5bcb1f96661ccedef,26208567
errored,pull,829c24e8ff4e56becf395c4c3a199dc8c41bf346,24661911
passed,pull,cc386b5b1837a98d9662a845eba80e146db320eb,24470183
errored,pull,63cd80329d3f03cbd00a5274cab3ada95ec73fea,24470052
passed,pull,dcb7d5e9c17737e2b8a6d8e1bb2b004fe6e274b1,24450444
passed,pull,ca2add6daddb65ede1ab7fc096e079eeb31fa22f,24339360
passed,pull,34434261f7b9903c0c96ba0510952bfde4f9824a,24308701
passed,pull,d8fe8f4bab352d62ae5be20d6a12897908496e71,24308531
passed,pull,82ba5420abcf74f7e1ebc08211675e964854ccdb,24305458
passed,push,e64fdcc928458ca598ecf748855fc2f32f64254b,24276576
passed,pull,31ccc9a7dcb4bc54d3b1e031e9ae53129a26dd58,24259726
passed,pull,7bff9c572da1b0d5cf90bb6c5af8cd09b2fb4cbf,24176466
passed,push,a8e5e34d4946704b342e2357ea692c15b9f519be,24116642
passed,push,e732c5bfa1fb2657f512c01522ba719e89083cb9,24116638
passed,push,e742ddd3625ef41917e9a1c6e4c674ac1406fd12,24002270
errored,push,9e02be3c5730837b34fc258933bd453da7ed746d,24002187
passed,push,769081096c7588023fbb8f6d60be86d6f991f1a7,23921660
passed,pull,8df629d17447990e81f197084326ab1b5aff738b,23918094
passed,push,5a46f408a122f7c7140e5fadf5d4756190f989e7,23876112
passed,push,27a66abe74bc426b92944f87a4f6f245ced4d2c8,23870055
passed,push,2eadd8057616d0709b3a0bd9c8697f7718cfc4cb,23868120
errored,push,29df1d55f3c825802df751e1ad79a516aefdb8c3,23868013
errored,push,29df1d55f3c825802df751e1ad79a516aefdb8c3,23867008
errored,pull,0cf766a68412fb7c494eecc1373c0696db53b258,23859707
errored,pull,6996b7d29f8ab50dfaf251e5769a0a3cc1683fae,23858424
errored,pull,e192ea120338bd68da652d0a6761c264717c1d0c,23718145
errored,push,b2805729ddcf70b99405d890de0efb02e290688f,23662240
errored,push,70f1bc1acc3e0c3cbe4639eba82c57f45dda1d72,23600749
errored,push,36a5df3da7022c9c7c9734869109a1bc787320c5,23600412
errored,push,86eeaabb9e74ca552de4975299635e5ec37eeba4,23587940
errored,push,027ea0b3dce81d49e249caa218f31bf1f1f985a5,23439474
errored,push,e2e426a310d379fa2f421a93f018ba2766d8a380,23425715
errored,pull,dbd26bcbfc0d9f706d65aab1989c08d3f29c8ae6,23384694
errored,pull,e7e39e3c0da1f6d1100a02cee264cc4bde2e951c,23383325
errored,pull,3cc4410fadc89e617f976560fab497ddbc619315,23359277
errored,push,d3cacf7e49958eb125b6a328a44f195b7ceca035,23302366
errored,push,5bcbeb30a90482eabfc665439ad8608f2b93c052,23285798
errored,push,b6da5dfed857c6f0d2a9da666037b78063156590,23206220
errored,push,e30c00c2689ba99a1ff3dff6ef6ec95a209782d6,23202409
errored,push,e30c00c2689ba99a1ff3dff6ef6ec95a209782d6,23202405
errored,push,440d0c8837b5a1bb9f08763589c1497d2995ca4f,23053522
errored,push,c58266d3f725f17b7cff51f83fd4c9d18369e954,23053378
errored,push,a77d9f0637697d7d9ab674f410e7760efddd039b,23053330
errored,push,2f483e021551fb0b66484c7e39f9fcf4d3de360f,23053288
errored,push,0e3508d9b2f29b81260fea171cc671a16bac54a8,22965961
errored,push,751f1eb4411e1f11fda5328ed08f9e90becb4394,22963475
errored,push,d241ee4b5b0489f68c0bbdc4e75b309a3b6aabc8,22962422
errored,push,46574c81119553529b2c5c135770a112544abc9d,22959828
errored,push,7f7c12955406e257fcf132ab51d669a007057ea9,22957957
errored,push,e046d8b3a0558527ede90850c5d2600dc84b80b0,22898288
errored,push,3e90466fbb6b91de525d7da007138cba7de242b2,22897882
errored,push,2d58374bbc06d36870928753f9c19c29222e5f11,22838723
errored,push,708ba28102bf34ce615259528ec4de5801794732,22838433
errored,push,b2aa383aa4206350bbb8f4e2358482e71992cc6d,22719630
errored,push,09ed43ec1c7fc2cb6ff58767e8c57339ec93e7e5,22711728
errored,push,7599266605434c14b6e0d80ffb1895a28b271699,22708900
canceled,push,f7264786f898d0ad444acd13815e64a04f2e3849,21935648
passed,push,332ed5aa59c97322cdaa926ae8854bfabde15170,19869745
failed,pull,087c1fad9e53b174e1fdd58c7b4d88e4628bf14a,19453304
errored,pull,44a3b4dad113da97f4d36e4032c0da65ed693359,19449252
passed,push,3f7d9b2ea25a226c38d1f4981f283254acb4d745,18542484
failed,push,dccd177347368b1dbdf39aff6f648634645ed004,18542255
errored,push,a5603cebddbf87e43bd8bb5ee10d069d363f85fd,18517780
errored,pull,bd24be0ad837a84c60291350194188739bf99cb5,18461162
errored,push,b726be1df268296f6d8a43b9026ac89314ed140b,18420837
errored,pull,aa95305d3d362d791d349381f98c79b1620bba39,18400844
errored,push,7152919154aa2e8c7b2d27e4ad261e32262ea0ee,18349112
errored,push,f9e405cfb6b5392c3475e1392c1dc3be6416cc22,16780844
passed,push,e290ae696b2242f6eb93f1886da91c0be3c50b55,13230934
errored,push,79b7e7cee95c06cfc4626e6c3f594ecfded79850,13076945
errored,push,e4aa1a16cbc253ce0d9324a2d53987db9bc37d12,13076823
errored,push,2c81459bc203b4b71e05dbe9b5eec541337ddfe4,12756172
passed,push,40e816850d51317a00c362ba23abf6ba54651d3a,12464544
passed,push,8db4103e44d83565f2e87ce33f425cc10e328e86,11903047
passed,pull,b317319c1da1379b3b75f6b47d72ed16f7edf3a9,11785688
passed,push,2839e7f04728e5b0f04078036aeac601d0f8772a,11785595
failed,push,6abb4d2dad2d8860e47833b7121ed3416cf76bf5,11747871
passed,push,57fbe8a01bb1a4e9956ba09d32d92d361bd4e5f1,11628955
passed,push,2cb468ee806e2b75b51d973c95e9e6423d0c95dc,11203308
failed,push,9a98ea9c6460b2e4f7d46079b192decc256943d3,9423614
errored,pull,e634985f5468f37448dd654af1779d3126890a17,9377393
errored,pull,2f0c931bd5330bf4842cbda7bba28a7bf199110b,9368095
failed,push,a3a99c8735090a3d0003693c283a278c0b7aca33,9174772
failed,push,fcf9357c417cc8da70c320f9cd41382c1c50093d,9174746
passed,pull,efae3ff584c0f41e246e29b063549d3b8f8b92ed,9151582
failed,pull,89d137018760e0ddeaf4fa27682b279337e23163,9141188
passed,push,6ef8f126a28547c61ec8da9aad78c2d5e60c049e,8922157
failed,push,499d934cd803cae9ff2be3ce13daf7c8054cd875,8838736
passed,pull,0d3734d061dfac0e151da0d8ae18d63ba321661e,8825557
failed,push,33030b6d770c653b917038f4e410f6cfb3cc6abb,8504607
failed,pull,e8c23f96cbbf529e1a165fc5584caf524d727fcc,8496125
failed,pull,df8a83c876bf85ed5a930fa70df8dde94f9bd71a,8495838
errored,push,28e5e34eea074d1a815be9a39c0d072b7bf9f9b8,8454151
passed,pull,3f743581b275aa7328e3b6546d392d4b54f8b41f,8443506
passed,push,a023d5e3ff9724d046f45185f7b0a0db9affb24c,8429114
passed,pull,0bdba14e2163036d1210007c2ae67e2b331bbc92,8426713
errored,push,ee6aac64b46c96097ff0426e94be294110534176,8381528
errored,push,6ff9eb5c4d66e97df74b7457319baf1058d68d5a,8310560
errored,push,8a979921b20d2d3f3a745d0d4743129647d5627e,8307403
errored,push,03605c2ba5f7c4c7b57177821a011490bfaf6e74,8276910
errored,push,9a3fb548ff9ce4d8cbd642350c92956142fd04f4,8271689
errored,push,17985cb315cee645a8a71add78f6764bd0e5d35e,8116615
errored,push,13eb5db2dcf42ab95ca04561aca3bba34ab5f2ab,8115976
errored,push,59c2e5c7c68ecabbffd026fa82d4cd06689a35bf,7850024
errored,push,cbcc9d8e1e1f91b607815c207d5d6a53544156b8,7838247
errored,push,394e1b3f37eef0a14c4dcd09970b185b6eeef329,7837673
errored,pull,b62915b1d17a01129aadef8de80ec6bd6f74a6a4,7806732
errored,push,9da67da2bfb4bbddf562f6b364c497588687dad8,7804074
errored,push,075ee145739e6f32fe0649e82d929eaaa3d9e81b,7773633
failed,push,9d61d77c00aa6223af81cba85de6343f797ff8f5,7772720
errored,push,56c7e097b9083a08eea10a8d268e465453be7a4c,7771959
errored,push,c19675f0dd6b73c456eeb851b2379ddf0d65a085,7771613
errored,push,ec9148f574364deb988e459d79c63cfdedd86e41,7771485
errored,push,7a0581e6d37e6a416343178f20173c6f1aac2f8d,7771250
failed,push,24625039d28ba15b3110e1b5e0d7bf40cbe3a276,7738201
failed,push,bc3e2880f64206d7f0bcdb5b7515bbc87fbc142c,7731997
failed,push,1ab2fc8327cdd301ad7369e0c482c16c24076fa0,7728802
failed,push,223fc128acbdcf6c98eadbfa5dccbc5589267871,7707663
passed,pull,a0a8b5cbe2c6baf60f3e241762139d576f94e27d,7664670
failed,pull,89db31ba36b8a1cdb3093b6e12be9ca3f182ca17,6982207
failed,pull,43993988472ba4891d65ab6ac5a800910d429e03,6447678
passed,pull,8bbdb60550987dedc1bc5a06f156587f4e623d6e,5929366
passed,pull,3507876b1a79fda052f13a2b168d0a1bcabd0bbc,5307918
failed,pull,d13168b1ec44842532d1407ea17196d2e5412046,3910304
passed,push,6a23b8359e5516e4ef27169a989a2e64e533fce6,3821602
passed,push,c028a84f6f0d2a7a987583e9c2b2fc16cf7a166c,3289491
passed,push,3faef69c1a2a98050f378f3ec9fc0e4089a1e612,3289419
passed,pull,dfec780412fc1071d87dcce298a7373c631593a7,3186484
failed,pull,bee71eb3219e3fb6f456e4271cf3d5a82d263684,3053215
