Status,Type,Commit,ID
passed,push,ceb57ea1934df0982916f8d4cc249a5e23da6c4a,281796996
passed,push,7ed47b48660a6437255c490034a60ddfbe1e7e4e,281796615
passed,push,b3ec56cc7c0c257a6d45dfd7ba52eec598cbd195,281795452
errored,push,8b5c53961f7c4aef62a3c381846ee664bc5b289b,281793814
errored,push,5ec4cdda684d5e12c07f28718ffdaad2b839ffe2,281792250
errored,push,1be384ca6fc22b6a09bc473df99b25e6f3a7e74b,281791594
errored,push,e222a89c30bc23229612df478b63e46d12397d49,281786030
passed,push,32fb1b9eccaf9903b4d2c3171013dddb511d334c,246728978
passed,pull,e31f942ac2af802603aef1edd7723b3147ac637b,246654858
errored,pull,e1a9c56cf82de21f5b054a19b2e380ecc9e8f297,246654375
failed,pull,47df6fb196ea25aba3d3a50578c9ae5912821da9,246650792
passed,push,3e6799a957fef92bd991c5e7c8d019155fd43a75,223278613
passed,pull,dfd5e6f95b6b2b34c4a592428d85632d6a1896ae,223268367
failed,push,dd946ce00b48b8fee6a2a5cd1120b060056bfcdc,222001846
passed,pull,ab4e28f2ba124c2df69ab5cc1aed1ae492470386,221998011
passed,pull,9faaf843d58db73b19e7cd1a3753b9b69ef236ef,221997398
passed,pull,ec525e36493a0672dc22c9fa5e2c7bd058a783c3,221996694
passed,pull,5625f18618c6452976541ab06832d412161e1bbc,219281012
passed,push,1854930bf6f7b5abcf3d80c8d601ab2bb96cf7c9,205384234
passed,push,c8acbf99bdcbb4fa18fa7c9c09caa8f2e60c9df4,205383228
passed,push,110fe8fc40fa519f39f4ce7d4eef7aaa36c6a481,205381307
passed,pull,98cc5f0749a815cc88805ad0922d915ea6351709,205380957
passed,push,a42c15f59323cb1861af8077801aab9beca2d629,205379449
passed,push,2405d9623b51ff0fa152f028ad54836bf3feff22,205378185
errored,push,cadfed00b29c200bda0384dbf349d6df49b43010,205375272
errored,push,ffe1a8cdd87fed15f6eadae5b8c0ab700ddb6e6d,205375073
errored,pull,559bbffa378155c359fcb8d91c0350b19d072e7c,205237700
errored,pull,646c6485ac055f9a52408865658bf1cbca57ff78,199162974
errored,push,0225723558691657875417baaf3521f3fd046805,174640121
passed,pull,6ae0b036d2ee186f481e2b7094ebd1653c4aefb2,174598614
errored,pull,a61671114f7fe1e5252517ae6f4aa8dacb964540,164921351
passed,push,f466c098c9acfb0dabc2d69f3ef914a2bbe9baae,143375423
passed,pull,279bc552efb3c477df15197934f2bfa96191633e,143362121
passed,push,d2bbe90542012f3f3fe19f2351dca97d5b550982,142976365
passed,push,7c8ccd2907ba93321b847da7244efed76650d4ed,130393380
passed,pull,2f417282558a0ddc6294d622a71b6f9875126070,130375335
passed,push,b58d116d55346eee5254c768bc1501f7c7bccf52,108388158
passed,pull,5eeaa26e3a1468cc6d78d934dc7feda1c341dec2,108385404
passed,push,e5a0183fc0d0502be41fef251a8e4af4c8702064,107979078
failed,push,a6f70e227c256d79726c8a4435e4d0ac9bf46fc1,107977244
passed,pull,624ccdd655988c2648645ef0a5d53865d1d57ee5,107930238
passed,pull,a6f5fdcb1973f95730b402ec46f091933d0a6c54,107927427
passed,push,d432dbaceb0a02326359a7fcbc4dfb7756389d66,106945352
passed,push,755480755e665f6aed1523439c9cb42d15848162,106943156
passed,push,31efc66d334678d0f59694b31a9c06abd5ff2c4c,106582726
passed,push,86e32e11d673fe126e881d42e13b85ef6bb043e9,106581665
passed,push,9e673e0436c312c4a0c7e164b09ad66ce4e5d327,106580814
passed,push,0c6300ec4bf2d3d0b8c2f124a789489f0f75fe72,106579811
passed,pull,18bb424ec4109ea12f10beda0945cb6f03d5c01d,106577279
passed,pull,9c2f411a2bf4b6fecb5dbec4da12e915e2481d74,106495879
passed,push,36355abfe817661d20422964de4e16a5be4e8937,106418754
passed,push,e0934071de1c363e4c13a37845f392a40521b154,106224876
passed,push,9b5818c1140b123005689779be88d93182fb8fb9,106222904
passed,push,9b5818c1140b123005689779be88d93182fb8fb9,106190624
passed,push,9c03e48dfc92f9c8f5fb31c142fcffa4ad0211f5,106186210
passed,pull,ff861fd9c84d4bd90593cd053acc462788dda5a7,106109745
passed,push,f6974c4cc01b26a61d703d975462a04c8741d630,104272875
passed,push,ee0f3d4470642db81ebb0be600934b61863d34dc,104272303
passed,push,ffee60c7c591da9d3d359b84110612a97559404e,104270840
passed,push,894948e665612adf4f16b6772fcd9ed8e62add2d,104260475
passed,push,d40f399b43c73b2ec0be8e178847ead47ee3194f,104259895
passed,push,d9b8ae4994ed1a742e205d42e49babeffe200531,104259812
passed,push,bf268c7c1ae38c40712233a8f3070735e590613e,102796207
passed,push,2ff98dbc8bc4b83b061cb2678d2b13863bb2e916,102742952
failed,push,563c0b1db2aaa50cb1710be3e66137e1aa36593b,102739649
passed,push,0095b82e73e6ed776bb995db3ab5c2142ddd4c25,102730946
passed,push,fb2085308f0b6ec94214803301fe5a2af4fbea5c,99507711
passed,push,43f60d603c134c111fa5b7279ded69e2acf126af,99505207
passed,push,f5e8eba7379edbf7258ab60d6da5ae26147144e5,99501025
passed,push,c6f9d54148962f497ce61f5f72d789f02715b969,99415877
passed,push,ea6a53adafe1a7fb9148e874e4c419b910da0a64,99243805
passed,push,341b155f2cac65e3df3ab0d452cb8a70cab1081b,99240664
passed,push,4b7433a596b5a12c8df4535f2aaf7219af8efa63,99232640
passed,push,feca1ac9d75137c990bd33275a3cef7ab019c61a,99171298
errored,push,1a85c3ef45f7919ab161d530a2a7645cad7d095d,99167922
errored,push,5d8410d5042a3ff3dbf1b8036ed04904b3777be8,99165114
passed,push,515a03daf069336b6d69b08d5454682a793ba4da,99134201
passed,pull,b19e63bbdbfbffc4a5b94fe98fa0a295ff61a6d0,99094760
passed,pull,73214fa7d5de16257da4913af9d629ba5651fdbb,94775125
passed,pull,b227444df31074900f92ccace31a95d014a1a074,94774268
passed,pull,23e67cb0da08d826d22c8a1e1f2b3384dc77835c,84633489
passed,push,a5acc7d8350142f88c9d99d721b7cd24f3a36b97,83028366
passed,pull,4c0320675fc7d95c5d8dd8d89f6667c146992608,83009616
passed,pull,513ba7988a81aa79861fbf9717a64778be5201ea,78362195
passed,pull,3710347e58df244bdec42a9a49c7b199e41f7ab6,72273513
passed,push,9050db12d83ef6f69c7a93ad32a00ede5512ff57,65725556
passed,pull,efd0f4e2dd8f062ba758ca457df8ff9b075445b1,65724623
passed,push,2227298c0bb2c817743477a78476cd660fd48051,65721776
passed,pull,1f8695eb384d1290622432c40c5ff9efbee620f4,65716912
errored,pull,8aa76793fa05641edf8670b05240e534dfd708fd,65684800
errored,pull,4d38080a211d727c6a683f0f05c32aace18d02cd,65684243
passed,pull,9d1cdc2c3bd284e2beaf518a1cf1bc3a179c67a4,65667286
errored,pull,5373917e9b22965abbd10844a241b50aafc5990c,65667152
passed,push,063fdfcf989f9e1facd92561c0c43ad4219b8a6f,64495614
errored,pull,fcdf8198ca6a56084029f6106111ff24ef6c71c7,64495044
passed,pull,46a6756806b7dcf5fdc5fde0f175c65d62ed4cc3,61686824
passed,push,bf9f330677a9d9a936036acffe5eb8d75175d573,59635181
failed,pull,94e88019e36d3314b74d5e12d6ca98930e933066,59624634
passed,push,33aff1d88421a86dcce6e5bef735beb3b0dec956,58239595
passed,push,1e7acc42aef5b787a4dee55025809624c539fcee,58239522
passed,pull,0a5795b3ae6c4d5f68aae46cedd7502121e9a0ce,57816898
passed,push,8a08b8f3c416c3826cccde4f7227843f0e725561,57557303
passed,pull,1d86243560e3c78b7f49866e7c66a9572b379d0b,57399167
passed,pull,a5a0b2c579c863280a46a189bd463606557c35fd,56594102
passed,push,25fcfda0d6c5d4e8f36b12c7cb0bfcfef334539f,56023210
passed,pull,550f586338d4608136916961c0fd5dcca346a062,56020601
passed,push,6430547c14d4cbee5ebd50f597206e9e98e9e0c7,54569578
passed,pull,da7d94e9f6e3aca3c7657e1a280a5ee71d38117e,54312684
passed,pull,6765f65d1dd1a9b3bd04e32028e949e0e731b77e,54311143
passed,push,96316651c29a037233d5c3f3fa55197a59628bbe,52558903
passed,push,8ad2db578ae7f73247342ed90849ddd37a15b3b1,51564277
passed,push,cbb698eae0b5ef197f4bcbbdd29dc0c5ab827115,51564278
passed,push,8ad2db578ae7f73247342ed90849ddd37a15b3b1,51454015
passed,push,5cfc672bf33a8bf9b5502d22f73bcdfbf47a2f1c,51452761
passed,push,cbb698eae0b5ef197f4bcbbdd29dc0c5ab827115,51444281
passed,push,329544b1b5c2cf71e4d1af21d4b7be99f559812f,50847828
passed,push,13bdb47a384618520708b49f13c35a45b3895629,50830054
passed,push,de300005f033a22b2c6424745628cbbc1f7cb509,50827983
passed,push,e8d74077f2669e40b84150ee511c12aaf3088f35,50827522
passed,pull,871f1788c0899ff9a6bc1090fa82a8a85a82f46c,44498264
passed,pull,b6678633a697d60625f8ccbb6051bb9bc80e8fa4,44264440
passed,push,114dfe4331fb79230632ec54ba8155ec149431c3,44100129
passed,push,2bb9003f119e2370d93b60400bf501f9cd0a9397,40567893
passed,pull,d5a0590952c2d766ba0701e41f9f23b651c81b7a,40564258
passed,pull,20974a7e67d659d71e5afa109153e38743aca125,36708301
passed,push,64f9230a55baad74eea35c5e0559895e65ed021b,35723506
passed,pull,d1814643d0522d3a555039c1200d6ceba002cd60,34533269
errored,pull,f888e0b457d94ab7dab3e9679cc0a63f43790a0c,34305911
passed,push,b3893f163e317218cad3fd4d241b98d762fdf98f,32369584
passed,pull,d8202ea2de65430f7380e2c51fee6f239197599d,32335802
passed,push,a938c592d58980765fa900abe7f7f2c697b82542,31017787
passed,push,a938c592d58980765fa900abe7f7f2c697b82542,31017363
passed,push,9b115258c56ba180bae3b6d08cd45e9b90dcc221,31017252
failed,push,2b6ad93a5854b10cdc82724655423ab60da62684,31015735
passed,pull,b3aadf5cbe029326898f5b73c9dcf4971dfc1f16,31012684
passed,push,caba5771fd2030367b65df66cc075747e7d0a59b,30969915
passed,pull,1576839a521d88e8b6721d6affd2a121d07708d0,30907270
passed,push,268e6a89af1bc3066b6f26bd6ad782242a8fa63c,30676549
passed,push,45f3e53fc1293a176459e98e4888e09622f3184d,30667270
passed,pull,cddb73e7e3be54b8ac763c007a128e2964c1c124,30559783
passed,pull,d3a7920c0de0de755590e395fcd1467352810dd6,30528603
passed,pull,5131ba0d36d602f04cdfa005cd16c103998385bb,30522548
passed,pull,062b55a9334bb140669245690732216bec305a26,30522176
passed,pull,8bee076e661084539fa1e4dd2f9fdf6dc92d13cf,30521505
passed,pull,1ce5016b783798c364d0a9439c55d54785c0235d,30487560
passed,push,1f0199b2d81e4ed9e8a575069e09692602b3915d,30258276
errored,push,b765a61936528bab241efc8502df27fb528344e8,29682158
errored,pull,cf547b86922cf5b2feddbe8fcddcc6bea478b4ce,29652659
errored,pull,250c042f9735eda4b91b7953ce465e2b375ca817,29649732
errored,pull,65140c2982a206e224af3c22543c78dcf7534eb6,29649594
errored,pull,33eade1f271437d690ce60897e22fcdb9ae5b771,29647877
passed,pull,c7b9721cc05456a03d233a2964d85bbd2aec7ced,29603856
failed,push,dd50cbbcb78daa91e9d0a8ac38bf79f58e317109,29590011
failed,pull,80265a14eff34941e0d3eb9a591ec07939df737a,29589831
failed,pull,8e0640ebc625ca67ea3f961e8359a7a5b85eb974,29589380
failed,push,69b9cdec56e31fdf471bfa4f412f45557a031329,29586030
failed,pull,029813b1fe4209866ecbdeefd3fc24e35517e52e,29585291
passed,push,dcd1d81b949b200e9768c0e88ed8987ab3fd2657,29298761
failed,push,da7f43155b2204141dc2ffd53ca22e8d00f47416,29297381
failed,push,cdbe583ae5688901c4720a27e81fbf1638827661,29297276
passed,pull,1dfa34cdc33d009e7fb2745d1c92a41c68067860,28486700
errored,pull,5c4b20d661bf9f521af0892bb6324d7023ec4b8e,28478381
passed,pull,bca2b32e751101be0a8979630cf38f9f49c4e759,28471404
passed,push,35925abf9c134f1d91f5882a5e56bc9277968bee,28232293
errored,push,9c93d0ab73a7fd3aaa3011f853f8bd8807a90b0c,28136837
passed,push,2b60fea38c93df60b7013a96a51ed046079215fe,28136740
passed,push,2b60fea38c93df60b7013a96a51ed046079215fe,28136561
passed,push,6b7f8ce80d27d68705a7a2a47aca527dc255f390,28136509
passed,push,797eaeb790f0fb58abf5a1a86c045f7e5d714bc1,28101122
passed,push,747724fc17f5bfc508b111ef9fcfd87878a5286b,28082534
passed,push,5ac888c3d56fa9c0ca752e308433ef4a7f4ae42c,28081633
passed,push,7ffa6fcb85c2093a9291f4e5bcbb717d48249dcc,27602565
passed,push,9a687ba5adb3599cee8092abacc0632bd2d24515,27366396
errored,push,9c93d0ab73a7fd3aaa3011f853f8bd8807a90b0c,27365999
passed,push,f1dc0f97185bdab4f066718c8567d3772ddf63ca,27365185
passed,pull,241d2f4d9179db0d769c4ee41df7079499ff6496,26956433
passed,push,939a36200cdf58ccb0bb3adb15403f90a31c78da,25685923
passed,push,7b824bea21d9c672e8e25a26726960fadd2c478e,25685731
passed,push,922a318866a3d1f53ae945d3c75828ee0f88ec06,25685529
passed,push,89713ad6402f4a06fea58501afc97701a4748f4f,22280463
passed,pull,eaaa9f0bbdc84fdc0d38d345093967a4517d5635,22179306
passed,push,20a0b0f6fbd865283063664499b37697a23881e1,20447986
passed,push,20a0b0f6fbd865283063664499b37697a23881e1,20447798
passed,push,bc3b5cc83b614dee32259a9098bc526d2fb53b48,20447588
passed,pull,c9b247a801169a54f5766ff500e3c4e549e6d4de,20070405
passed,push,d038ae8bebe09a09af168385e6a93b75d9277975,19825981
passed,push,d038ae8bebe09a09af168385e6a93b75d9277975,19825907
passed,push,011e0831ae3cd2b6121c16075d036284193626b9,19697446
passed,push,6e9fa74549df5f5eee6d991b729b2a7283f05de4,19696631
passed,push,5e17a4ab5c9616f6011dd44ca012fde4bc56b7a2,19696080
passed,push,0fac734d187bfed8f79860a07b46da007497c334,19683261
passed,push,652dc8c4a311d7dd3e7e771f74ca5e7fb6a6c9fb,19683188
passed,pull,a18cc97e606ab376bccb611c5f3c799e3351a968,19409213
passed,pull,f372a637c3f8b54bdb7631ed95992d90ffe2f536,19180911
passed,pull,bb76ddca42161be2c9fc8c5bb323a36e69ae4924,19177053
passed,push,9e228ea7afeb6966ba11e26c43e6e9c15b534bc9,18773836
passed,push,7af32f2c75e9047bdf7c7b6cef06334a3b5c7f84,18757967
passed,push,b82ac5b317c8b105ea8506ff5c4dda8dedb0f512,18757567
passed,push,963121eabbd86f4422d4bd0f03e30b075f618cc1,18757091
passed,push,590b6cec4180c9c566efd9f2e696fe8d2ea9c36b,18756113
passed,push,c2f8e62f38169b0fb2ad49b6aacc80420cf7d7c0,18754120
passed,push,9e4e0845755145e2ce43891e42cab5b37b28b195,18272496
passed,push,b9a0387401f628b4f48635df3d8f72a127758421,17761330
passed,pull,6d27eeece7703ea12b20bf7d6f57b5090e61d048,17047175
passed,pull,598689688c0c63751fcd1c2c8aa1c0b2ee86a5d2,15512666
passed,push,f5a3be7ac1c646b94e9c197d12061cb33d2fa32e,15510999
passed,push,9dbeba576b81a80c0563da6709d6a73d7f891ffd,15499709
passed,pull,53195315a441e5ee00017b27afbb5646944ab237,15442177
passed,pull,e77d6ae796f896ee4c6637aa078f5a20b8b6b239,15283453
passed,push,57d3fa1ced56e6e7365db42f8ebcae829d0afcc4,14763146
errored,push,1dbc732675fd695eeb1a12f3949a7d107d23c6dd,14762274
errored,pull,ad49c2baba5cf36b5b6ed5a1d6b82cf122c8e5db,14741386
errored,pull,118b21705e4184653dc00cf1dba0d442fa86fd5a,14486250
passed,pull,9faf26f54f317dea7fec5d3a0b89f9cc45209e92,14180258
passed,pull,da7b19f67e77acb2a9652ccba86f8894b58f0f0a,13655725
passed,push,007ed2e6b6324bbe25c2166d4ce9269626b40ed0,13577537
passed,push,3e9e8fee2f54b3e5e4e07941a9499a34818c324b,13571631
passed,push,32860fc854363d6c7a00df52608bb40ff870e8a0,13518435
passed,pull,7c114d47b9a7ded4ea75d86fe2ff4c3ab7055ef0,13255158
failed,pull,92428edd7a158a44ba9fd49575ab157a2fd07a2a,13254553
errored,pull,91a5da1629425b0b369badb0dfd78b6e3ad2be80,13254310
passed,pull,21d0606c70e46b0e063c0c5d521a1aed50d2fb2b,13254112
passed,push,6d657ece616a1ec7be1faccd2219ebfc951499ed,13203541
passed,pull,c01f83b542c39fd21594a67fd324bdaae85e1590,12711549
passed,pull,2d058a87141557a0da193a9506f951f4b031ff37,12709705
passed,pull,73c28e67f529917404e08fd6d1b330991b0d04c8,12709466
passed,pull,3899bb1adf617251d55f14792dc4ed0aa3ec09f9,12612594
passed,pull,e87f9775496ef8db86d65e8ff9f45aaa3356fbb8,12610298
passed,pull,145362b3e136e82164cc1446d99ca022d63b5dcc,12606112
passed,pull,e3bfbde782f67bd5118a29daa6e35523536a017c,12605967
passed,pull,a9869529c62edf9f79e245738ddb934810e83805,12605262
passed,push,66d847039555034b875cec6e5b0b741d3405ed5e,12366938
passed,push,5e70345015a67b6f56e04e94e3898942f64beda2,12366654
passed,pull,9edbe9497b48b46162abe6662be72a7a9eae83e1,12366379
passed,push,1ddacd6ed5693b1128beebd4c55a050be9368a7c,12361138
passed,push,7a5955bf2a3f8eb689c4e84cad17efcb21318191,12122834
passed,push,628fb9c0ed7a649132f48fec357f3103bffc247f,12047337
passed,push,3ba6ed35ca90e37883a84fa6110a793da22a6b13,12047233
passed,push,6310966bb3f4f2e2e7bfc27567fc434ea2c23d2e,12047029
passed,push,a8c1f52253e711f973dd9438fa5b35a1fc7ea24a,11729368
passed,push,57f0613c95df86dc52188a627a70aa297d393127,11687702
passed,pull,40af1784bf9c87ef87799652ed14bd5df897fa6c,11507470
passed,pull,12ff29ebcc7b5089f2ff1d07f619b1603924b60b,11496903
passed,pull,6332ffe282b4dad152cd016070955fa9fb07633a,11472138
passed,pull,c4e06d12d24cefe68c9b3fac103fb37af9ef1ce1,11107047
passed,pull,186a860b3a55e2c904987035747dcf8a25665568,11054693
passed,pull,ae98cf1de0b0630ce2e163a69abbda6b7063244c,10923066
passed,pull,58af85e4195ed561226f41dd3467fc98f98c2236,10922447
passed,pull,26d60026498f85efd652fcba6e98b472b17f9165,10895360
passed,push,b0e8c0010491ea84fc33785d34f99667474add13,9912573
passed,push,db6d6dbf9614424400d46207d2c989023174c366,9909157
passed,push,2b23f61b153ede890b55aab0b1604e7cd9a56bef,9908726
passed,push,ca2bfa05c90406c2c0c187c072fc9bb21ed20e10,9908325
passed,push,31eb7c6c57e0621b125ee32b26d73c3ae34405f4,9907852
passed,pull,501685c2b507bce5de71dc1c01a475f8de226295,9840465
passed,push,91b61f6274c89345df429d4a86351217ea4cad01,9728455
passed,push,f0ca5c1160819269136bdbc929320b49932a84aa,9593509
passed,pull,62b9f1c60ba9db24eedf16f9ead229b71a705451,9590652
passed,pull,15f912e4bddec86ece4902d1d00ad156da70965c,9347365
passed,pull,46ff8e152c0705bffa908a93b25913f793fdb22c,9268553
passed,pull,6de99163311883a95896f2ee3ccb4219229f721d,9268400
passed,pull,c39f200fd6fe3da45264120b885a1c5aa1ffc551,9268276
passed,pull,29cff111f38c463df2b16ff52553c9faaf915c07,9267933
passed,push,192ff8b0a2489081663a1d1ca55e16aae7b24bc8,9090788
passed,push,b4c94b80412c171726dfd0b4801152b7c4ff44f0,7454415
passed,push,7c78be8aa6716b4b513521b5a6971631c924c17d,7442486
passed,push,594058fa7760007ceb644135e3a23141661c2b93,7441825
passed,push,25d2043a7e7b528b21b74deec22277e48f431455,7045951
passed,push,d2e1744f541117a56982849a3c940d8e0aabb9c6,6585304
passed,push,6ec574faa5efd054a2ce3afb9c16e65364381eac,6584647
passed,push,8db3129499c7b6c72f70d159a23b531ecba07966,6572742
passed,push,6716090bf9175c5b3598badee99f969d883d5d85,6571440
passed,push,743d3f08e68abea29ff7e820ea9dd817864bc7ce,6570301
passed,push,31e856dfa20edac58c64089de4300c12be1b0282,6565218
passed,push,e8b5035627624db2d6bb5ffbb24d6dd316d21b7c,6564399
passed,push,fb7f3c4d21579733315e190a435f619427ddb60d,6563166
passed,push,6e10bf88182f028b26241fb7abacb5d160fce4a0,6561165
passed,push,ceeb8c83e704be41548460873cb1917f38828afd,6559391
passed,push,114132eded9daac0bf13e7a59eac6fc308600344,6550507
errored,push,f7f015deaf23fdc7e5bebeb08d91f6b637a13aed,6550070
passed,push,94a2fcf5f7393eeb87c35e83103adbb0a2f8715c,6549343
passed,push,72937ee70568278b26ff5ee6a320cf890424ba0d,6546982
passed,push,d78ad8c1241e30d8069dd467d552773bcd9bf63e,6540235
passed,push,5e72c6535c5b1d0affabe7bfce534350f4b9b9f7,6539959
passed,push,0619f5d1a0ba5340947777d0c7d9d77569d761a1,6539423
failed,push,12d6062ed52a5c73b205417bf78cc520cf2cd8a4,6536802
failed,push,dc36ff271aec527042b483c7bad1eef8293a0201,6536336
passed,push,e9850d5eae8358abe3ef360a3b648e07e950a3d6,6534935
passed,push,6b86177b85522c5c8812ea9d76a6a87a37bacdf7,6534543
passed,push,7d014a4367012a513a541f38e68b13a280f23c5c,6534336
passed,push,743b54f14ab81f7090bc28a20faefe16ef7d7b8f,6533983
passed,push,e6f9f6d651f93bedf82b19645e9f7307d5aca60a,6043915
passed,push,6f9759a1feaa1fe8e04e943dbe979a325087bbb8,6043681
passed,pull,43ab7db9fa2f7da902aadd45e196fc32b3d1a55d,5863438
passed,pull,2b7bd77952d75311303f25a96d66ae061c7a8712,5631735
passed,pull,fa9dee474cf1929fd890ff009d506845700b722a,5620490
passed,push,38c121c5e6dab73b0f655c3d3b24c0b225d41300,5472033
passed,push,8864e59b0f96806e84b17fc70b70a98ce7a0d39b,5144596
passed,push,0f6917d1ab263b417152a4157c1570161f5fa090,5144133
passed,push,30a6d9cbeadc021ec1df4c7f18ee2f2765044fc6,4889545
passed,push,5de0e230d17cf6b45e9b7a26a9a5bd7033f9b6ad,4862981
failed,push,42f91ed5e16b82ec58dc1a5621d4496e0b29400a,4861474
failed,push,183dbaa9ab1752398518b208e3b9c647f8db3caa,4861445
passed,push,270399210ac477d9b151d35f56dff731a1502a23,4860008
passed,pull,c5bdacc5e6810c26d6f2072700dbf8a7932e64dc,4775415
passed,push,1b611f3746fa633f4cccecbf43ba2cca839796eb,4670456
passed,push,f2bfe0c6312fc9ec04b4358b544f133b7cb1c7af,4354095
passed,push,0af651a43d201f368e4c93559a2a382c6fb0f6b3,4228283
failed,push,ca9f94c93d2ed9c77a4b57d103c732737a1c4c97,4227676
failed,push,1cf6bcc19119fed9db5687e458a9fe435e22aef2,4223327
failed,push,26fc7b2e283383db3814e2ad2388ec04717fd2f2,4222178
errored,push,3ec66623fbf2d8f42442eff1fb2b64a658b7fa09,4219564
errored,push,60233117d68cecb2e08039b1d58b9a646e9e2715,4215791
errored,push,0279a34cb972e3ee9ed58cb6b1e20e980d0a0cfd,4213935
errored,push,e333ec1c1eb3b7b7a5530d3fe77c46adae715f40,4209121
passed,push,f1ce20fb5248246e2180248fbd55276ccb616362,4208616
errored,push,e789cc77768f840b5a4e35ad9dddd90d1e7055fd,4208428
errored,push,6fe71bdbc012eb2ea5baf56d4503f39e7ac0eb2a,4207919
passed,push,51efb2adfe7a960faa9998b2dd5d5ba60652893e,4161170
passed,push,65647673ac482e389a8f09b26e102a5c1fdf346d,4074873
passed,push,9f517157d7155676879677e549f526e19b23f9bb,4074381
passed,push,470e9e1aca6931bf7a7b74aba18f207ccab2fb9c,4073228
passed,push,4eafd816c6d29ba70bc4375b2c2fda265d1d50d2,4073049
failed,push,912d31f7843ab87df0e6705a79ab516b262f7bd3,4072854
passed,push,08f347b4d79e1563745ca84639aeb2ff5cd57866,4072069
passed,push,3cb0cf4b307f1b31f0efc676a4d30ca6bfb1c92c,4071851
passed,push,b6a4155daadd16f466fb9a0fe2401d733783f14b,4069630
passed,push,cde7f4a993c6b14c7cb50735ade2e955611c3768,4069186
passed,pull,d2b8fda6d3675ec1afb4489965a4722d389e50f0,4065977
passed,pull,05358e84d38c1ce804cc0a6ca550779c9a73e66d,4065403
passed,push,3cdd162a8c17bee12bf26e714d88c9543cc46c0a,4064657
passed,pull,bc578ce7c7e825d3af2ae360417d776d3fb090ed,4063917
passed,push,1308f109d468ad91c5bfc096587002f804180b8a,4062447
passed,pull,d332a3c4f076c653dfd36de0f2b7d718f607358d,4062418
passed,push,284a4457cf126bf3101c9c8b16e98dda56a68ec3,4054616
passed,push,b95d079b7069ef4a1f4468a408a36598a0858400,4053953
passed,push,c9f8de6eafba69a4539ea1e2c612fcbc080f2e2e,4053900
passed,push,05318570068ea85349e3cfae5227ea9f4c41ddaa,3949143
failed,push,b18ff62ad11adb2bb189448e7bd7c941363adc0a,3937441
failed,pull,215c557447b297baff1ca72f42bdb173029976c5,3937152
passed,push,73f996a355f7a6422a06b928e3e7d81a8efec692,3912797
passed,pull,c8f401dd89042bdc852e3004a05db2c70a2716aa,3912751
passed,pull,581a811dccdc3f613f9c08a7d2172441ee543f19,3912585
passed,push,d3a2eb3d6059c822bea89ccc891c5a2609bd98fc,3722615
passed,push,adbc4ada7c9a758b0da5c312626cb576b6a99493,3417794
passed,pull,0669f6c10c996a266f5b0e50e2fb599f9390222d,3416998
passed,pull,cb754c3fa4cdd394a955e38da4f91ceeb2b97d6f,2836406
passed,pull,a1dcfe7c19c583d910667601f4f9c34d48522301,2836336
passed,push,395468e06b9174202987f7390d752f06294f8d37,2822961
passed,pull,34d8ecd29fd6e841bf63e21d25bd6eb76778f5d1,2822905
passed,pull,d20c600bae292a591eaa1e1f4c3db34914cfada0,2803314
failed,pull,f7bccd0ad611a9c1f52e46e5b7f3c48f44ae19fb,2712581
passed,push,2f276f155e5ac6b6957446a478164a17392f5e6e,2703968
passed,pull,b7f389d2ae101c1c412628c55e4bfd569af88b26,2700473
passed,push,7902a6f491af6f3c3ed6e6028a03637e001f88d6,2635708
passed,push,3fb0d8a0499a2d0814e324b79bbb2e64b4170eb2,2635343
passed,push,852b7ac947876ae28e65edc6dc9f4cdccd5125da,2635271
passed,push,160187f3dfc1508247ccf7b02f5e8e5d74a74e60,2583515
passed,pull,9ad0ac4adb5da7618d33cd425ca97ddf3c6eba2c,2582864
passed,push,39e124e56e18747088b31eb6444d8586f1ba79f9,2576625
passed,pull,ad50472e9877c94744490d752a7a9a293607e1e0,2572187
passed,pull,e96e9f62ab7a8f1c46fa6b06f4a4d50beb888f85,2420815
passed,pull,586a9bbc7deb4e4ff115ab55ebd16f8965f790fd,2420373
passed,pull,fb7474b1c6578fce56efd15e59d125608e32e452,2409416
failed,pull,c18e00b6b7e0b7f56355af1368ad4e77beba278e,2409260
passed,push,3c26811785a859296ba85f7843158fa4697d5c02,2007809
passed,push,7c0b9d8560aebef96a95ccf2b5ce447fede1af95,1886165
passed,push,652521861f1ad89d1d5d59d38c1a8484cbaef7b3,1878723
passed,push,26e8ad1195f4bdb0697369623741129bf83cbd26,1878030
passed,push,5344114ad39b5234e72a6111c07b7a0dacfffd00,1876195
passed,push,b6c8e8ef4e02c0879c92c8bcccb352eb8669209a,1875558
passed,push,0062f5a517bb1e3019dbd75704f413712baa1855,1870862
passed,push,467823c3491686f18ca20a585b8591898c70ad53,1870791
passed,push,e43d1aa42d45dbc9e3a54c59ac05ded43a9e8973,1863566
failed,push,dda562bc0f62cf5b53a376be9cf5f5cfd601a2e5,1863337
failed,push,e93a59a228452cf7747fd1aba013e3c7562ba3e2,1863006
