Status,Type,Commit,ID
passed,push,011bdf36e88cb09bc8f269a3cc3dbd4998f1a047,295831093
passed,push,011bdf36e88cb09bc8f269a3cc3dbd4998f1a047,295826168
passed,push,1fd47932bc545dbacca2b4e4732aa6bf4c474010,291855150
passed,push,1fd47932bc545dbacca2b4e4732aa6bf4c474010,291855117
passed,push,9dd65d3469356c6a6612af1ef40827c8274ed1d2,291850458
passed,push,9dd65d3469356c6a6612af1ef40827c8274ed1d2,291850397
passed,push,d3813f3c1979d2cb6f8bb9e4750fa517c973e172,290815018
passed,push,d3813f3c1979d2cb6f8bb9e4750fa517c973e172,290814979
passed,push,a38492363761d5eef6b5e40317862ddd1900031c,290812081
passed,push,a38492363761d5eef6b5e40317862ddd1900031c,290787553
errored,push,78cda51fc0d2772b7dbd7fdbdf3c16a8edffed36,290786929
errored,push,b64294373c273b60cfb2fb33760d76a02401e481,290785337
passed,push,98c46135e48676174c292606435b4daef28d0494,290782102
passed,push,65f5e1da0cba83deef1f93f319748a9e13835f36,290781598
passed,push,805130c35cabe69cca54b1db93aef3830af08465,290264922
passed,push,805130c35cabe69cca54b1db93aef3830af08465,290011946
passed,push,3873b8d2d24bb4b160f9e45a9d5b2ae5e4b52127,290006543
passed,push,dc7b459bcc6ac7bd8c69cd8c4a35f3f0a99fc4bb,289885001
passed,push,dc7b459bcc6ac7bd8c69cd8c4a35f3f0a99fc4bb,289884924
passed,push,c6a84a0003f075c052d49e2718b34f2d03a2c181,289410927
canceled,push,c6a84a0003f075c052d49e2718b34f2d03a2c181,289410696
passed,push,818214dac15139869d476249570f0fdc1dc1b742,286333377
passed,push,818214dac15139869d476249570f0fdc1dc1b742,286333322
passed,push,d056a1e0d8abcf527880f0c0208042eddd3ff6ec,286309857
passed,push,d056a1e0d8abcf527880f0c0208042eddd3ff6ec,286309838
passed,push,d1bfdc746abb8ddb75b1614e4cd90f95ae4f8524,285398038
passed,push,d1bfdc746abb8ddb75b1614e4cd90f95ae4f8524,285397912
passed,push,2868594d5b4f6c018df3a19d622826208970d7cc,284527130
passed,push,2868594d5b4f6c018df3a19d622826208970d7cc,284527089
passed,push,dda9214040201c0ed08045ee3c9093cc8fae40e8,282671343
passed,push,dda9214040201c0ed08045ee3c9093cc8fae40e8,282671138
passed,push,3aa8ef260c71c00db58f46c339d4d7b52465304a,282670381
passed,push,3aa8ef260c71c00db58f46c339d4d7b52465304a,282670095
passed,push,7e0b074a075d18dd40a44d97a84c6f9e8b81fb51,279816110
passed,push,7e0b074a075d18dd40a44d97a84c6f9e8b81fb51,279816050
passed,push,869a4500faaffe27d3b075d293d7246ef4f98740,278465692
passed,push,869a4500faaffe27d3b075d293d7246ef4f98740,278465568
passed,push,869a4500faaffe27d3b075d293d7246ef4f98740,278455532
errored,push,65b944059359699c4c8d91c254a080ba2bfac082,278453383
errored,push,4b99987e13e0a0ae8f6a7715120fa9029a02f6ef,278452902
errored,push,4b99987e13e0a0ae8f6a7715120fa9029a02f6ef,278452777
errored,push,ddeb32f145c42d85dd5eb1e0f4b9d2640d61f813,278452104
errored,push,8f81f962663bb6e6c5d899fd9fc9b248e5c01045,278450279
errored,push,45026d8954ce541df8359a8cf2ef38f9b60d7019,278198077
errored,push,896bce946b8cdadc1a2135b41e68056023dfb2e9,278178397
errored,push,4c06a5b08ede366f62e828934835a47bea3f6201,278074050
errored,push,b908ef999458c0d08685813da9b517165a74e656,278068887
errored,push,0d7794c6aca14028c81b878f84708f29d41a3927,278057290
passed,pull,fbb44651a1f20e85f6a117c9dbb92b24b6dabc6b,276402472
passed,push,a216a40f36fe16df87ce5ef9d124ae580e742b88,274983664
passed,push,1fa958ac3ec426d37bb0843a66292d0d6aca2dfd,274958593
passed,push,779ec7ae631445fa3ef4772c4f630cac843015aa,274661401
passed,push,00d0b2526f06d4cac24e3b70df27fb8c2b62a484,274660326
passed,push,364b3c31f55242b2b7cd97e3ad56d5d587d8c535,274658580
passed,push,0106172cf33f4fa9a10f093109e06baa2c383baf,274636242
passed,push,9c8549eb660fccec4f5a879df63e43a3ae22f619,274582949
passed,push,bc8eda528a154bc7fe101fb9f4782ab883aae85f,274580920
passed,push,1c3ec287147797bdf7fb6a3bffcadcfb2960e4a6,274579620
passed,push,f81ea108f87b37e2e5b6a553ee0d4b1394269613,274570663
passed,push,8d92c639465cbf0bf087fe0211e7265adbd4de72,274264207
passed,push,4752b4bf5da098de1d4a07e35275d0efb0cb325c,274212427
errored,push,2feec973861ae99580cd8f9fad988187ac3145bf,273228137
passed,push,11190e107af05f100fa6b2fffee4293fe569bea4,273162103
passed,push,a81f9459d94b7557116248d133497d671f052181,273157870
passed,push,3bf17173231809e748d0e1e1bbf31b1365ddf9b3,272867095
passed,push,fba736291bddfb81617fa5c675d3de2763e8b49c,272533833
passed,push,aeb3fcb98db2acb4f34ead1bc588505502cebc79,272518593
passed,push,e6b0a3033a204f88d9b8048bbacad76ac9a07810,272517740
passed,push,a0b6ac7364a5bf5477ad31575030b85a35da6fb5,272310877
passed,push,a0b6ac7364a5bf5477ad31575030b85a35da6fb5,272310860
passed,push,72ed73eec778f261c23f2e20211f545312770182,271919404
passed,push,72ed73eec778f261c23f2e20211f545312770182,271919391
passed,push,5fc1049145f3fa0c14d3d5c71059e11bb8d7e635,271589175
passed,push,5fc1049145f3fa0c14d3d5c71059e11bb8d7e635,271589110
passed,push,fc82e94a07b1545413d8518b9d42c2914cc24fb8,271317443
passed,push,fc82e94a07b1545413d8518b9d42c2914cc24fb8,271317372
passed,push,d8608b5ce71aaa44a3afd8d34d730dadc7dd63ce,270266209
passed,push,d8608b5ce71aaa44a3afd8d34d730dadc7dd63ce,270264337
passed,push,d8608b5ce71aaa44a3afd8d34d730dadc7dd63ce,270261486
passed,push,d8608b5ce71aaa44a3afd8d34d730dadc7dd63ce,270261412
passed,push,60c2350dd4ce7bee27c212729511d77ff353e19d,270253783
passed,push,60c2350dd4ce7bee27c212729511d77ff353e19d,270253688
passed,push,49ec9083e070ee7b827521a76ab3b940bcccc3f5,270250909
passed,push,d07b6711c27de6e38295b3b2622cfde889f7fa8c,270087178
passed,push,171b4fcbf39d490960662a395367a0adfd7c7bc0,270078533
passed,push,171b4fcbf39d490960662a395367a0adfd7c7bc0,270077605
passed,push,6353abbcef66e5bcb88c6f697f07bdcd7fe98d59,270060972
passed,push,6353abbcef66e5bcb88c6f697f07bdcd7fe98d59,270060321
passed,push,113952c533af8c1168d33d01346d2d19bc50dafe,270043340
passed,push,bcd2971f5cc26e3361a2e556e35718a7b869a99d,270042174
passed,push,94fc4279407530300b21be3d504aa6284774047e,269869296
passed,push,94fc4279407530300b21be3d504aa6284774047e,269868713
passed,push,007fe9fd0fe591aad7e4eeef08be2796841ad456,269830490
passed,push,007fe9fd0fe591aad7e4eeef08be2796841ad456,269830275
passed,push,cd2b17985d3361b8caba854db2c5d2debcb060d0,268812019
passed,push,cd2b17985d3361b8caba854db2c5d2debcb060d0,268811993
passed,push,69947b667f672c5b4b795614ee0a70d2256b28d9,267990853
passed,push,3e5686a14b1ee38cde06cdb9a1e2f2aeebdee43a,266816946
passed,push,3e5686a14b1ee38cde06cdb9a1e2f2aeebdee43a,266816806
passed,push,44acc473e8c0ddbdbfb11b37c9a55870f0dd92ea,265564859
passed,push,44acc473e8c0ddbdbfb11b37c9a55870f0dd92ea,265559123
passed,push,c12d9b8a3ea67a896e53c0f2c34675d570c7f334,264978526
passed,push,c12d9b8a3ea67a896e53c0f2c34675d570c7f334,264977617
passed,push,e54bd6fd8903bfc600c24c0920223a6bc8b032ca,264240369
passed,push,e54bd6fd8903bfc600c24c0920223a6bc8b032ca,264240006
passed,push,bbdded3a0ea7c818929c2b2d57d1dc5224961935,264239076
passed,pull,8864a4c1473013447abee403f5670eccce88b6fa,264234035
passed,push,e580ca33d11bf17e5a1c532acb04ee08f7938062,264217739
passed,push,e580ca33d11bf17e5a1c532acb04ee08f7938062,264217690
errored,pull,2665977f71853755c6573651a006ac020f96575d,264055444
passed,push,99e3108f1f12d610e2918812e9dd1fac3141223c,263981941
passed,push,99e3108f1f12d610e2918812e9dd1fac3141223c,263981851
passed,push,a0f4edb82bb64decce8f1292d1dd3141589a6ea8,263978707
passed,pull,0ff28ce3553949723a6ceb0ca7be2338bfb46695,263723117
passed,push,dbf70a366d690e342503178821f1627bd92dce13,263420102
passed,push,dbf70a366d690e342503178821f1627bd92dce13,263417034
errored,push,89e465d1c81da2963212aa65403e8a1082d82855,263415149
errored,push,89e465d1c81da2963212aa65403e8a1082d82855,263414817
errored,push,049d30751c33f2784e4d0c213240824bf237cffc,263411052
passed,push,d1481b565d253facf2ef537d7eadb739f06b0af4,262096953
passed,push,d1481b565d253facf2ef537d7eadb739f06b0af4,262096936
passed,push,c1b2e062f1f012ad4581333dbc5b48cc6a863e39,262095370
passed,pull,47cd9c9dd877820708f3102380c9da6eddc9713c,262082584
passed,push,9eaff2682a25aecdb72d12f4ae02db5b535cabcb,261674533
passed,push,9eaff2682a25aecdb72d12f4ae02db5b535cabcb,261674448
passed,push,8f5d9626e2fa9b318f5143ab2d3bee0022c4a4b9,260859503
passed,push,8f5d9626e2fa9b318f5143ab2d3bee0022c4a4b9,260859134
passed,push,ba6c96b62aae9cdce72f552c95a0704256843859,260441316
passed,push,ba6c96b62aae9cdce72f552c95a0704256843859,260440384
passed,push,1d34d0a966d72175569df27b0930db86a0524fc7,259217303
passed,push,1d34d0a966d72175569df27b0930db86a0524fc7,259216589
passed,push,3c70b40fa4fbcd0edc43a4f9b40786a8b5b498d3,259216351
passed,push,eeb0bc1cca14218b60c743ed658ce822922a416b,257716679
passed,push,eeb0bc1cca14218b60c743ed658ce822922a416b,257716326
passed,push,818bd5441f8ebc6f01f44817c52f1b8a1a0450ae,257181643
passed,push,4766dea8b9b10cdd3312e18bb6445ecd419694e6,257181434
passed,push,4766dea8b9b10cdd3312e18bb6445ecd419694e6,257181076
passed,push,a43e53d74e9e74a66236fb1c65971facfb89701a,256387101
passed,push,a43e53d74e9e74a66236fb1c65971facfb89701a,256386882
passed,push,b2edfa527f5387c6b8ae4b9989f55e3ed0a9e810,255544851
passed,push,b2edfa527f5387c6b8ae4b9989f55e3ed0a9e810,255544315
passed,push,176c50d310a05425599025545fce5c7d821cf452,255341115
passed,push,176c50d310a05425599025545fce5c7d821cf452,255340975
passed,push,630d7d92f286357ee1f40779e49041e294a464a7,255338824
passed,push,630d7d92f286357ee1f40779e49041e294a464a7,255338702
passed,push,33be7ccf9a87eb6655072d6e0976d8ac14743e60,254699267
passed,push,33be7ccf9a87eb6655072d6e0976d8ac14743e60,254699083
passed,push,4b7b00da9cd428f2e529489ecd409527c71686aa,254077215
passed,push,4b7b00da9cd428f2e529489ecd409527c71686aa,254077190
passed,pull,d259c1e54a7901daa70cbd2a182b6c54c5a30121,253833111
passed,push,bd1b5f2ce18b8e8e97dfdffa59fdfb7a33311e8e,252407570
passed,push,bd1b5f2ce18b8e8e97dfdffa59fdfb7a33311e8e,252407160
passed,push,c457ef0f91a880da238873790505e522d802484c,251994109
passed,push,c457ef0f91a880da238873790505e522d802484c,251993568
passed,push,c457ef0f91a880da238873790505e522d802484c,251988816
passed,push,c457ef0f91a880da238873790505e522d802484c,251981971
passed,push,3b9837b058e5076a9e545cc05521d3250b41598d,251625461
passed,push,3b9837b058e5076a9e545cc05521d3250b41598d,251625359
passed,push,06a6691da8fc155093b5f8f6e8a4dbb7d0206000,251625330
errored,push,ef7c7812bae50145c7fe20b4a67a11f2691e9085,251484085
errored,push,069d11a67b1d6945dfb9cd0343dd953554a21c0a,251483509
passed,push,180686b9ce30e51bd24e4655f03d9fe865688bb3,251447435
passed,push,7d44435d60975c461cf9a4a3d874c29d1a3bbc7c,250703258
passed,push,c92d116b6d6dc62833c9dcf452ff769b289b459c,249522914
errored,push,15618f0feae71fe2cb0537e5821a2d9901dee8c8,249516689
passed,push,ee5162757cd3b884c243009773a5e21bb1f803ca,249513563
passed,push,b71be4b8502a23863eb932657b29e67cbdbf12d6,247780866
passed,push,923b1f6b941c7d98409507fe418ed75a0ae20f6a,247780830
passed,push,3d8e50f3033403798c73d132c716c53aef13c0b0,247613024
passed,push,1ccf4e80da8d343efe9bf1c2d2b7cd03121fe1c9,247592101
passed,push,0b0e5bedb38bd08d6b841d79e254566fdf7776d2,247452760
passed,push,4d934eff8a90bd6c90d92141ca4720b985a0b70d,247449165
passed,push,44b139304a2ed25cb11591a8592e2c709690dd5f,247444302
passed,push,e5203ff0fc093300ec806efd7d74f337f1319a6c,247440684
passed,push,37671498893e07ceeba7e07a91c51469e42a6542,247168672
passed,push,b9d67ed85c97cfe8a9b3560bffed0cbbd850cf69,247167777
passed,push,134e04add59a6c4c289df76a41d954c65b66fd39,247160233
passed,push,040e0b7b1c576ac9ab34e6c29f458c19208172ad,247154923
passed,push,cab74df794b3ad29abfd64aa75c1e7f2f5320911,247154488
passed,push,19c28e1ab86762fa1983727871802f744c2049fd,247150633
passed,push,0a986ee7c47a601ce023bdd5e7dd4fb123c8c3bc,247150389
passed,push,e4f7ed647655b7a26c6436f3bd9f840d92f75dc5,247145801
passed,push,a210282823725ec4d41d3e4ec98603c05fd149fe,247138374
passed,push,b73917dcb63bf2d5f3d9eb06fbaa22b97b1ab72c,247137523
passed,push,5dae13ab336571b11804c8cf83a6254c7bc01371,247123146
passed,push,786c176be5987c0b7d27a1a524eb82a21d421111,247120975
passed,push,94eda9c8c99fe98634dcf23d5153a5c7162c7620,247100949
passed,push,2717bab70f5aaa9f3a03c764af58c98df86ab8e3,247100594
passed,push,3410783f0fdb94fb95e70c0319672928dfc144b0,246792142
passed,push,a5c7298c30579ed44dfb86a9411b50efee64c74a,246792033
passed,push,d6d32f31b54ca4e5898e565deb4eea86a451ad18,246791948
passed,push,19447667ea1dde44682836c05a174b3ffaf503bc,246749174
passed,push,46b0d838b0608ec2c66c856143388049ee1485bc,246203974
passed,push,95abca8418ad550278222bb8acd590117b1ae96e,246202977
passed,push,28f9b8a96cd28fdd8cd1e70cfba192ceaace5cfc,245664457
passed,push,7def5f7418766740b1e2c8adad26de55eab3fa57,245424950
passed,push,18eac579fc494940ef74afea3123dbd9f0fd0a44,245416841
passed,push,76f3472ea2c25a2278460a12c7e2f0e11aa0e49f,244929204
passed,push,886e334f8377329c7db61c3f936b148c9a652f38,244927540
passed,push,2862933b1bb791feb229a4510dc044594b157f54,244559155
passed,push,a469a6bd5c94298265c92b9e547ffbcc679e218b,244558555
passed,push,dbcac78055121f59f1f7e87afdf8c41a770b9b1c,244255000
passed,push,5a7e111dea81363bad9fb310e4d6a5752789ec54,244254873
passed,push,a2857022efea39262f12d812aae9eec5258e6f7c,244254375
passed,push,7e3fad2c28a2d6d2f4418ab15de33b359411bee5,243892557
passed,push,c615798cc4a6deea210b8784ab5ebbc0f325c2c9,243892470
passed,push,c99742db67a0b364913fc2a591c721442a919055,243507994
passed,push,2014b500875a50f42a9d58f23e0d4b65dc2f2e47,243507357
passed,push,15a4fa4782e4165ad5640c7315014da5525d21ca,243157847
passed,push,c75730fb467132e395e44eb8ee939fec4163bc6e,243157184
passed,push,b52e020bf3f4c64df4470254da8e58cd4c105cb2,243156592
errored,push,dc151e0cdd41628a434b31663351c5ec489ebc84,242893158
errored,push,a7d76399dd345ffc1bcebad6852e5afb6ccc33c9,242892563
passed,push,696d23fb46b3679d40304fd90dc78f2329777de4,242103495
passed,push,1473e58653127306ac01579b3eaec9cc6e277ec0,242102791
errored,push,bb579d466dd420dbb338ebbb76fde7ca058a11d6,242099656
errored,push,d1bd1eb242283488faf04a0ee4d36f862e3016b9,242098806
passed,push,65bf50d61b40411cb5e0b4ed29451ac438e68e3f,242041580
passed,push,66077aa1ae298b83b371003c6b99f7d671334b30,242039802
passed,push,12fb9e78258a83cfeb9e54d7d4342c516f709b23,240781294
passed,push,117b7f9a8fb9b54f0078c8fd7fe2fe7a0c9a98d1,240781138
passed,push,4426d5b11040c4693885270e3e8450b68e768006,240781050
passed,push,32e05d49feb915198c5208224d9b3469363b8e48,239651301
passed,push,c9a777314dcc68c6ffba3133ed20fcfc0df1e6ba,239648988
passed,push,1df9df32f35f52e0bfc17742d89a241dce3217f4,239641107
passed,push,2913b9efbf800b98beda7b0f65500821ce719396,239324081
passed,push,13d060f81a6cefec4e5c61c3443567c03c192640,239033009
passed,push,1b0947affef1562287cd73dbd7bf8d58322f580b,239032766
passed,push,9780757ca96453786c78c08ae5ea062f46aa433a,238998709
passed,push,923fe5291d8a937880001712e37da26149d6a076,238998650
passed,push,8a2e9be42542c255686fd9f85a8fa8194c46c8e1,238998410
passed,push,f6f6adf2cb3b6270caf7addac734cf148826f979,238294736
passed,push,899b185d58bc9d0abd302572ab7e0d401db49e78,238251529
passed,push,59eea47cee4b365a32693b61f5bf8fd505164ef1,238247817
passed,pull,301336e4de4c4427ec834358534309c10afc19ce,238246708
passed,push,68c95f1dc751202bab039e80cbbc47fdce5a64bd,237971504
passed,push,3b86d474b2eedb71d087c09294e3a1976f4d791a,237779735
passed,push,b88c8e797dbe007951396c2ae5b1e8bbb872a306,237770844
passed,push,d7a38706a7489edf997c9142ab2bf2e62ebc7ca8,236033837
passed,push,d7a38706a7489edf997c9142ab2bf2e62ebc7ca8,236033246
passed,push,d7a38706a7489edf997c9142ab2bf2e62ebc7ca8,236029641
passed,push,1c4e9acd4343f427713838a6000bacdefdc576bc,236028995
passed,push,974a83cb5f0417590094720388f78613c7da849f,236012771
errored,push,a5aedfa9f61509353cc3c988ac610f608333e733,236008620
errored,push,0c3f2b692016aefad2f6b2c0d9fdf9fef46fed9a,235976412
errored,push,e149ec241b2d4c202b29ac1d95b5a4d435ebb08d,235975924
passed,push,b7c19cf0256e03887190a5147769133dd2793d16,234891048
passed,push,7d042dba66cc5b810d1557ea00bb3e549bf017e7,234890941
passed,push,356ccf6f757ed86d0af340907920f17dadc8c1d8,234888793
passed,push,5cfc1d3adf9b04da8440ab2f3919f6021486f981,234882955
passed,push,69ba80561848d353eb8ad59ccc31dd7b56d915a5,234504505
passed,push,769ded6a5bc92051c1d09fb2f6127f8954ca8086,234504424
passed,push,f0f5702ed34c45f7f04447d418189bc93011b4a8,234502312
passed,push,501b0072a10b6a319de4e51d8fade6155e06a052,234487012
passed,push,e571e1601d27fedbc6aa1e6ae5844d9c59e016af,234485395
passed,push,b47d4e45c33b66a39d22d117cd69260c95c7ecfd,234485299
passed,push,201a5e5abcfc61dab2400fc5d2c5d133f87aa12a,234472990
passed,push,23bcc5ac494fe0d14b94d7fe68a3fa30fc4bd614,234472933
passed,push,79d1dd09617ec0c0adc44bd0e515ebf49d739dc7,234112040
passed,push,c331d3d16eed4c4cec4aad33560b9c860b186927,234111704
passed,push,765ea5be5c9ecf34d5440a40172cfe25e192d26f,231841895
passed,push,48c0047019a522c4c95834e55d1429b338c8f3f5,231841648
passed,push,ea3340aa08ef65803baa3603833ec86d179bdd4c,231841423
passed,push,28f533d97ccf184dd6ab9aee043aed2ef6db6154,231839536
passed,push,b3dfcb48bd05636e562758dce81d987aaf29128d,231839494
passed,push,95e7c08fbc7b1ebea7d866b7ce2e03b18b32b66f,231834155
passed,push,542950247e8cd46eadc616d49e6073e96e9b124d,231805871
passed,push,a1fb2fc19e2ef2943cc43aea304cff33422a7034,230006966
passed,push,43156e56d1edee08d378cdea301bf9c75f5124d6,230006619
passed,push,0a93151b485c640dc6a445d8a03b0a954e6991c0,229672586
passed,push,a6148a49886340b9463d8f24235510d79cbd4eed,229672508
errored,push,a9ab0970379f68503c7e6b43cfa62d09094eaf40,229650299
errored,push,7e66d344ba7e2658d66fa073c65c58f6d2ead62d,229650220
errored,push,da54d79863c1fab2318fd3316da91c6bd742d908,229494390
errored,push,56ef1ba3e6e9b399d055cee75ae938ae8e66aaba,229490392
errored,push,f71ba4652ba64806fe419f4212a0a53374196956,229463774
passed,pull,5a27f700652c16bdb8db11693da2bf171a151097,228650465
passed,pull,b43b8cbe16078aac9c0ecc1a811fecea6207b42b,228641937
passed,push,766ebac8877f807ceb14b3cdc592769beb51e93c,228410977
passed,push,a91bcdf526b1d74ae1e4838c42263a40f55bf441,228410709
passed,push,9fa11e3fb28e18629cc3c87496c3b7615d763bac,228410547
passed,push,96d6988a3143eeb61a6089b2155c9f47729d15a5,228408255
passed,push,8008644669eb9d5841643999245e079de417ead6,228377929
passed,push,9909b1c1909b8d6da302aa0e1b967b3675ec463e,227942804
passed,push,aeb7d1cf4ca753d173ecc7f5f68395841a818917,227942598
passed,push,533deb0c3b00c2e075bcea08969054d6ca3ad886,227941669
passed,push,8772454d47652bffde7aad8fa9ea18e093ec011f,226374052
passed,push,661b9e684cb61d43f67d984de48cb637200db91e,226363933
passed,push,9a4cf0e77a95b881bde2af510266e799608a2013,225646887
passed,push,a130d475d295817019b565b16ce3f44080150de8,225631270
passed,push,714f52ba30cd2d0a8abe9851f6b904aa63a56e56,225608998
passed,push,d7ca6c1cdc8ab88ead82426b21e06bea22f881cd,225571679
passed,push,67f29f9d4ede0ee4096b0c3fb0647cabd2070c62,225571182
passed,push,9ca53ca757129fa22d7a0a1a8bc1d9856c593db3,224723697
passed,push,79e205a2d85ad9bee195a69eea7b4772ea408933,224723625
passed,push,5a73ca0522aeecf72a4b04d175cd691a17aff1c8,224668514
passed,push,f602199d2c980a0fb27f70edb17459c592074880,224667415
errored,push,4381592ebd9522fbe766a422f24a76e36db31710,224661829
errored,push,8b4fdf07c438f78102566655d2ece2688ad417d4,224661739
passed,push,d8b0bb939ed933a9444b8afe3df7b3c74070af39,224661707
errored,push,6c8bc6c15f656619b283b72860d21ceec3407014,224656313
passed,push,90721a6f883fcb3a49ea2775c6f360c6f6b64d73,224656146
errored,push,5fe122f51758551208aead520d03aeb1db4d826f,224656103
errored,push,614d0a4ff96bcaa4e0e94df9bce738408d19b251,224646990
errored,push,97f86264c680f279e5fdd41631439a47cad53e07,223972442
errored,push,e27ae23c72d889ecc0baeb4980d4c4bfae971f2f,223961249
passed,push,1388efc6d24752dacbab81c798dd0e314caa4550,223960282
passed,push,c8422adf1fe6b90e52006d92cc57ab7d40b7a714,223959907
errored,push,a9f424909f7b52415535805e345dc791e1ec44e1,222785184
errored,push,a6356478a743cb681f70649d4791cc9586b5698e,221793652
passed,push,a6356478a743cb681f70649d4791cc9586b5698e,221792833
errored,push,a6356478a743cb681f70649d4791cc9586b5698e,221792563
errored,push,e19fb72f8a5ca7a1a6811ed87ea04f4f4374a99b,221782657
errored,push,2f7f4f0bfb214e76ef3d72f8b80e3b9b91c42678,221763541
passed,push,dd2866e5c94098847bd5f7f4c994f2be4a20960c,221762654
passed,push,6093d4be39475341097f63396ea2205a4cfdcf2d,221407214
passed,push,96808d9596a8723a9a6d6923c1c282ae92103446,221406295
passed,push,d86b66ef53da3b66b110022c848dca62ab96bd4a,221400812
passed,push,204f9cee9ea385595bb5d8bfbedd2069a13f5910,221400564
passed,push,ec8df866040a47301ad8cd316a380dca8527fb33,221395195
passed,push,df86ca205485932922337b7c22eb47fae9b4c73c,221391088
passed,push,2b84f8f122f4b2efca4bb79c1b6951527597026f,221379489
passed,push,6e34cc5fc391113d32c88a9212b5016294222101,220990478
passed,push,294ca86aebef51fb0a9d4476c0031d7a50fbabb1,220989152
passed,push,776894ffbf63369b13dbe91bce166bfbda714010,220965184
passed,push,38af581075cf97cf177be98b68809307c4431b84,220832393
passed,push,e3706a9ac4e0cc10cc4ca62203e121b79525ee34,220832132
passed,push,5c3e25780550bc70fb6e09a0b1cd4a01ffd4348a,220830845
errored,push,fe1fae2ff0479a8e12553d3287cb2985e6b09fdb,220811777
passed,push,ce93fbfa1dfccbfdeaa8ac841f8772e09ca1cf36,220595190
passed,push,522c87df161216249ee48b14058dad3ba2ce619d,220573338
passed,push,1326eddf83578d992a4f08e45a5ddf3c9dd82431,220557143
errored,push,839554124d1cb52b9eddd84a05873b2b6f1b5a8f,220112009
errored,push,3ed8dc48b8bc5028feae895d92871b5bd2f3ce7b,220110585
errored,push,09c501b161c99f764843083bc1f2f901e6285cda,220095555
errored,push,f9d6d18038c232edab6fb53e6ef91bc56bbebf83,220094801
errored,push,54e9df84442bd886d1d02021e838c946f0236f10,220090089
passed,push,cb7a6c38657a983d14565fc228c4d8ef0de0a7f5,220076404
passed,push,c0d13b258b157e85a6447513346191079eb42fa7,220060753
passed,push,32af1c06b781a718e418768efce4e6031815c10e,220052550
passed,push,e5ec26614ee973b076583a3686d3752e5eb69bad,220021535
passed,push,183ba17729ecde8f969fd97e0fe4e872cc1ef0f5,220018384
passed,push,367976813041f6bbb0c84268bc8cc320873984cc,220017280
passed,push,827852e15d138aa40de5f10cde0d7825790def8e,220012857
passed,push,a952681f589fa9db5a2b778faa19784649feae3d,219747597
passed,push,1f1710b203937bac9e75b2c308de318d612a8a4b,219742638
passed,push,4f442b862b33381dd8f38a0fd240c6a91f6edd8f,217531235
passed,push,19006ab3c1e4e34da65e8c0f52e48bf3e05195ae,217262643
passed,push,d51d6d2a45a3be45acabc644f50dc337063bfa65,217262050
passed,push,ab987f1ecc46b04f44898606303b897cf0abe8c5,217259381
passed,push,fa44bb8370ef69412a4507d428aab6d15bab2d4e,217257174
passed,push,6383d2bd9d0ece8ec6182166d6523e6767f691ba,217256987
passed,push,e9a261fbf3d9186fbd81ecfa6f904d13c1a41910,217256521
passed,push,a9d0d28632589a16ceeb62322ecca8852fd86f90,217254619
passed,push,a518eca791302ca112983a716f0715f54de51c1c,217253219
passed,push,844564ab716b94f45535abc0cfc97bd2378eaa9b,217251922
passed,push,a2d0317e0ca03df863c8c75bf50b4a36fd17ccbd,217251231
passed,push,4e881109d45753c5f02f8abb6af23370ace99363,217249432
passed,push,691142786293da72d0d568b4472478443c2966e1,217248302
passed,push,3960ad89e9e550916aaba398d696173b7453b647,217247740
passed,push,d80dfeaebc5d7babd49823c6baf9b375a753d707,217246455
passed,push,73e02902a0531fbb039e47ff9b017a2c87193d03,217245078
passed,push,cd9aad9235ab33e9ae517a0641f6db9b7f132cc2,217243760
passed,push,62d7a0c79dda909b4502cd92d70f8379642e962a,217240464
passed,push,e753f134442f117c5c695e71132c8ea6a821f1f8,217238482
passed,push,d56b7ad863b50ce73f29af9a3fa4cb29536afec0,217237746
passed,push,a1e6a9c1254d26004ae92a8ca0d4f1a85b6df525,217226398
passed,push,d77aa67bdedcf9f8a905c938439a009a61ff8f90,217213395
passed,push,de9f619eb7d0e563c82ee5a787ce936e358e0bf8,217205389
passed,push,c07d5ba54a7053103e58394fe5f4575d2883e445,217198530
passed,push,37ab6e20881edb60a066b504603199850588c09b,217186988
passed,push,a4bda489501e2019f20ea135d8abe6d88e1dfd68,216801020
passed,push,36a243564f4b37eb652c554c4d7550fec654ee76,216645556
passed,push,9dbb1d87ddee4ee9d09ad32adea2e2c0536a8ddb,216643996
passed,push,55b331be4bc78a382885a89018e7cd8e3fb36724,215974665
passed,push,1326eddf83578d992a4f08e45a5ddf3c9dd82431,212664925
passed,push,d57b0bdba077f64f4e5ae04c01589123085995eb,212664857
passed,push,cbe9f88c249f46e782c5d08757d1bdc626acd547,212664798
passed,push,d0b75da67a0bceb713027b139fc166309f00c3e4,212620872
passed,push,19c2fc6b388ee05eb07246cffd5d29f7e9c41e2e,212620806
passed,push,f7b4a0ec22770fe7782be7deb6e6d01cb8c7dde6,212620762
passed,push,f7b4a0ec22770fe7782be7deb6e6d01cb8c7dde6,212620741
passed,push,97c20e04410b40a34e8aa28d262aa8b1cb087bef,210961447
passed,push,5358248798d0d4e9962702eb9131ce0576004f81,208813848
passed,push,187e8f7ffd736d78f79c368756938acce2cc0bcd,208813489
passed,push,621dd54ed067d46a1e3f52a4ff6119fc9bd31a58,208813261
passed,push,c3e3d5e690700b9ba4a80594fa765920492358dc,208809229
passed,push,6fba1b59b693ad8d6f57b6539b154e28e0cfa981,208808941
passed,push,c2895754d588c5e3791e865239c7259e144f9c4b,208808872
passed,push,ea6fe2c45f66c02e31d3030b24ff39af0ca3ea59,206917413
passed,push,eb0383da76f83c06bf7a08919bdc5ae7c285b4e9,206917285
passed,push,06f68624e9d1fa318657880739e5b7e6c66c2a31,206914576
passed,push,afda6b2b9ada4e13e90deabde9578a89d6592b34,206166225
passed,push,d43edac97f2bbff291dcd33c38a5523199165ec2,206165308
passed,push,88cdd063440eb75a19537cce5ead8f99caa59bf5,203714261
passed,push,88cdd063440eb75a19537cce5ead8f99caa59bf5,203713980
passed,push,88cdd063440eb75a19537cce5ead8f99caa59bf5,203467482
passed,push,dfc70ab64928008e1d98c5575bc10fc2834ca9ef,203467225
passed,push,2760d8bf0c8cd8302d05962aa0242a86d6770c31,203467076
passed,push,0da390b4f02cab4294de8f45f26334a4e6d50083,202949189
passed,push,977968147e10f80a2901cdeeab05837af475b23e,202949098
passed,push,c38f65efdba0c1eda61d25abb420315c89e0700f,202949030
passed,push,b95c41ace904caaba989b6d9c64ec5f68563ed81,202945650
passed,push,84cfcc0f39719251cf4fb2bfd00f9fa0d00fac49,202945566
passed,push,f4ca3db6f454ced647245fb98514dd5b6c3eaec0,202945353
passed,push,b35caef227e52afe87fa5a26bedbbb5dd48bb0b6,202880462
passed,push,6e342d37140f3fbc4999223adef0e77e298ee809,202879364
passed,push,43bdc39e850246c74142d87aee2fdd1827784c71,202864958
errored,push,56efdf1c84ab04a657afa11ad5097439f325cd11,202864400
errored,push,53584159996a4772665e95bdc7299df828233b44,202721123
errored,push,9b2e4b94c0511c4a043d6adf6e70f70100923d34,202720534
errored,push,2e131795deb70e69bfeec5b11206be16ee77acb2,202710494
errored,push,8fae6ef1ed41397841143a20fae064660f608811,202700717
errored,push,8edac0612185c3f329fb5442ba783499c1fa8743,202688610
errored,push,9b458639409505baf0550d5e2ddf9ea72a52a89c,202662726
errored,push,2d54f89144da0c8b810dc1e694c2c2a7721cf79d,202661375
errored,push,09e78f8d28a4b63df67ea8ef7c91a37225092b86,202599178
errored,push,848a0417dc222f50ef970b10937680cdb4d09e62,202594241
errored,push,f4ffbde52bef52fb34451c33ea35924028243b8c,202588420
errored,push,2b9a3622c02e290ef02dde7655f9266f21f40829,202581718
errored,push,afbaff42f1378cf0cd5ba1b60e2c16c3ace69941,202579391
passed,push,5267606f72cb7352c7896a5e792b71034db7e982,202576318
passed,push,bee52d3000a1b77512dde0053b15116f57e24b94,202490014
passed,push,697c49f8d3042c70cc15072c19996e909212b1c3,202478280
passed,push,b2ea6ae6ea457d3ac26d1446b8fcef05c3d5cee2,202278511
passed,push,dde9afbdc166649b87aace06d7bd670d37f19b34,202271439
passed,push,cb7b2364988d8d01f79854a267609823515c6c43,201017402
passed,push,264836a1dd9508f308598accafc8f4f18218a949,201017134
passed,pull,157062fddaa765c16309a2aaa7de598cacff8d1b,200994627
passed,pull,686b287884923cdba814f0a9b8acf5deac98f24f,199904426
passed,push,ae4691e1267148bfe14281822e546c0cb5b2ce28,194681650
passed,push,ecca1051f414951eeae577ad99c65205076d6f1c,194675332
passed,push,93f81cd81508f2c8a8fb64b6e4286062c023885e,194358293
passed,push,93f81cd81508f2c8a8fb64b6e4286062c023885e,194358175
passed,push,93f81cd81508f2c8a8fb64b6e4286062c023885e,194356214
passed,push,fa708f7eccd650382700534a2c76c509d1ad25b3,194349632
passed,push,611861c648140214fc617790e0d3231876bf297b,194347026
passed,push,55eff47e71ad964bb30fbdc9cca42fb65cc305e2,194344745
passed,push,bc195c3a4d4e0ee14a782c41fc6609bd389574aa,194343807
passed,push,5f35ed83436361a617b5f7e807bd514bf1596ba6,193976266
passed,push,0aa90ab0afd1f63b59a4517f527fcd003cac447b,193974623
passed,push,1acd07d332e9ee2fe0abf064b15e5f399fcfc9e1,193971365
passed,pull,aa2f0f374416cde1d80c830c71a3dfcfa6df095c,192608581
passed,push,4df4d7e25168f952086fb5cd48b104645526a0b4,192041490
passed,push,833e48c8f2cb06dd608a6eac6d29bc7e06eab2e4,192041456
passed,push,f0e02a93867039f51917e7b328da149cd781d6fc,189427877
passed,push,46c6ecff337caac45886bbaf947e73227d738af8,187366949
errored,pull,5d2846cde1b0540ab121198c7c643dac6479f580,187366947
passed,push,ef837aa45e973c83ccf3af679bc5deb4e596505b,187366894
errored,pull,a32949fab3c5ee04f17f1ee5b3df967f9ed13ecf,187366882
passed,push,523b7a6238e207a59a8de9bf3d8609936f8f5492,184721967
passed,push,87e035663a193fbccaa7a09f9a4fbce10e23a720,184721859
passed,push,0372681bbe96aa7856f7835a89f01e64ff245543,183938371
errored,pull,c6ee2b23916998503f8bfe080be0737c534084b1,183938355
passed,push,0ee86c0ba4b74e76e81c888a324bab366420be73,183935629
passed,push,f5f183b8d1bcdecbdf390643987d3c68d4b780b8,182811267
passed,push,6275ab795a1553ba4b85be346aa09dbc578bee0d,182811241
passed,push,ac86399653ada014ff81522d22b846583c719647,182536211
passed,push,63e75321f7ea86dd442199daaeeb30c9cc007924,182536131
passed,push,d7d4e710ebc566426ed6d84ee0da14963a06aaad,179154562
passed,push,a45d534a439e12d50971774762ba6f15d2d34079,179152904
passed,push,bc4068513be41e6a2f20ce008d70f4d4c04f0d13,179152789
passed,pull,297771aa00970702912a31d9e9f4bd8198bc6945,179141245
passed,push,4524cf3c5f71b5d12efde3197d81342f868f8382,178032416
passed,push,fcad963f57391dac479db35cff8655478da939a8,178031983
passed,push,e537917cb9780bcd3c41b5a15b4b1096c92e9f2e,178027085
errored,pull,0c5e0dfeb202fcc7a5cba297273c40e3de691fd1,178027058
passed,push,6d5abec90b801ba668f29599b9ed158ce9d26e9b,178024340
passed,pull,b8b730462490b2668d2469606c459f5d92e88b1c,178018348
passed,push,02375a01f805bc4559f21d253f2fd768b4ef292e,176705724
errored,pull,8851256c271265a057153ad6b37c4393230a4c3c,176705663
passed,push,51568eec4858b2444904f79fa238799444e0388f,176705215
passed,push,d36467b679b8d7fde4d348e0ae0e07c391705e27,176697724
errored,pull,f4f08c4cca2586cdf295351644bfbffc4a419fa3,176697663
passed,push,c5ea8598bfcf0efc107fc1476832a9c1ccb195fe,176697537
passed,pull,2280061e1314a2ea1a3b155ed3222ca216015611,176645819
passed,push,ce912604470120f35039eb6d272029a9924ab55b,176256576
errored,pull,60d754b253188713d8ddd6dfac3a91ddd8722b4a,176256570
passed,push,de2835f2d97ff33ebbba51a6d4bf83b3806de7e0,176255196
passed,push,e9d685f5bbd7a976380935a901702ae303d0e69c,175978933
errored,pull,1785734099913d265ca1ea9d0b94b0a39caa9ebf,175978925
passed,push,3ae4bd213f165e287825f3bd7fd80c9cba66361a,175978881
passed,push,a8a46ff5dc017d0b02bd364f56d992dc30359574,174677641
passed,push,80b05fb7bd09f860a8e79ceee61cf787aa6682ca,174551231
passed,push,80b05fb7bd09f860a8e79ceee61cf787aa6682ca,174550332
passed,push,80b05fb7bd09f860a8e79ceee61cf787aa6682ca,174550003
errored,pull,d00b6a7c84ef733f7a0631d12dbea6e267b42ab6,174549912
passed,push,199b46c1dc1b4e3e12d5081b560c18057a88b52b,174532798
passed,push,cf5c134047f4f63958bb4020000357979577e00f,174531688
passed,push,6caf7604a5887eed5f99ae059e0057623e958f77,174531293
passed,push,44f1ff82b5c338adacd6a46f375f39564a1e0b0f,174530773
passed,push,405779273976cc537596fee50427d94a9de7a6ed,174529238
errored,pull,ca36e014af367229483e0d92413096e6f1b14d49,174529123
passed,push,8ae050ced0c5f4913df8c088788c201c29390432,174528930
errored,pull,a484bf897d56b2c2956a2355e25adb3d7a4f4c99,174528753
passed,push,c1209b5ee48cc0b936bb6b832c523b202aedf928,174528589
passed,push,cec66702b7a8809889f025b0d5ec32a8474df0d8,174517103
passed,push,dc1afca061a29f4ecbb55923c7c37d2a06375614,174514798
passed,push,9c38f4b94425464c7522dd84ad565b8cbdfddfd0,174508491
passed,push,64fcc24cf8e0fbd3662a0120c1d144744a278a2c,174508172
passed,push,ef57ded8d8983e32d3e03ff40710242ee3bfa3e8,174495122
passed,push,86c65610744ffaebddb532bec2d326a7e0137c73,174489377
passed,push,14369d64bd8acd3c292b61e88d6375c473cc40ea,174415897
errored,pull,521f58f0fc1701407b0bc6834b91478d03a56bc8,174415895
passed,push,8554bffef0099f68b5225986f7a7b0c2a6b2ef69,174414721
passed,push,9e6820c8f1e8e29105ce24849d0cf60ae281431f,174414512
passed,push,3ac62f18a9b38436a803b211889facda91c83add,174413969
passed,push,12c8bd452f9b90166d110771dafa6a04cb01d55b,174403649
errored,pull,8032bce19a1b705daef938500fc192b898da6847,174403629
passed,push,e136095dc953dd27fbfe4ca4d75c5454f257ead6,174401386
passed,push,0d285681aec3ba1007191b34b53651d3819d121f,174267661
errored,pull,ebce17f7a51194ee3d54e6ab0b9745e3411c4e74,174267633
passed,push,1ff7f625c44039015558268dee9bca769c3e5c85,174267217
passed,push,24ae8ed8769e2b155d588c7d821847adb8a49b2a,174260989
errored,pull,d2cb4e47cb946bee5d3f828535a3b638ff666ee4,174260694
passed,push,12f1479d99db032e5faceb3368881d4902140d5f,174260238
errored,push,f9cd3d583990c1e82bab9bf3dc08b3427e174ccc,174254624
errored,pull,262130d0d88b77456fdfe533fcae1eadcec4dd27,174254510
errored,push,ee7ac72fd49b34d9852ae089792a33d918a5aa62,174254277
errored,push,e8c8238f044d79771dc029bf4a73b3622166299b,174248138
errored,push,91df83ae97a636ba5ba89a9c4bc3f71db25dee81,174247741
errored,push,e74d600ae932d98964e16fafb6f5d1eed5265df1,174246479
passed,push,3a6563cc470ab0aa5473170c74b1770402ecf7d9,174243546
passed,push,1311918b7e595e697ed28e62938a60c9efad32ed,174239059
passed,push,85939e79271d19fa11c04c60950c178639696829,174237506
passed,push,7cdeb56897108d17a35873fb1bf9edd7fec5eecc,174236420
passed,push,8cc8dd46aa82ce951f67a10ac2a6311999bbc979,174233979
passed,push,ae94d6795653f4ad507ffffa827e4624319cb4fb,174185512
passed,push,73aafa07d5aae2c729335482fd0e0bb1cd44f1a2,174183113
passed,push,72dd4348e4a2d5cd666ea92efa8cd48f0c371fa1,173617702
errored,pull,c94e26e6a4cf29ce2851d03de457318983bc52cb,173617688
passed,push,d16374d6262951b40f73046fe9e27dcec743b169,173506900
passed,push,d6adfb06c1481528ab86084bd743e87eeddcd5f4,173282703
errored,pull,4f7a0b0b15cce02bc4afe1bdc26be6b9717ab89b,173282634
passed,push,f35be702eb96b9eb6c7393efb749c2a5d256a546,173282521
passed,push,03464d16c501c3feab4144ceadc7a4b3626a760f,172844956
passed,push,ad474732e1008d39833a05b45cf7f6ae5ee83e39,172649730
passed,pull,5100bcb0b45e085b8324940d83940941d8145d00,172647280
passed,push,209a8b2264bdc71e08f326639044770c0f12face,172647023
errored,pull,3224e741f0b76ed4a4adb59bb2e96d1bd0a1a1f8,172603148
passed,push,b66e7bd4257fcfccd3bbd2e274fa333b4757b506,172603135
passed,push,82f39a0382921054cad41f0a8920fc7ef0cca6cd,172602798
passed,push,f1f1cd7e3fe145e38150d513ef099b030650813f,172583696
passed,pull,d4567cab6603251f40f3275604ea7f563826c311,172582212
passed,push,6c68c8bf109497cc36a99eaebc4d7097921b1e30,172490363
passed,push,4f5caca8e3518fb5e1c85aa12ab656c6fedf132b,172490203
errored,pull,7f3d0791fc0815b471d75cf3e436449403114626,172490110
errored,pull,2c5677e5f2cf89f411c69625e48feb66d5ea15e3,172488522
errored,pull,9765cfe892babb31cbfa2e256b42d9254a94d863,172484913
errored,push,39ebfc7e54a8e5cc6af1d8b31e103b858ae5de14,172472838
errored,push,9db11b54f76af6d9c6846f40670a7b9de1ace34d,172471916
passed,push,d089739365d817beddce74b9ee4f58b3701bb368,172242818
passed,pull,0de87ea4f3665b0f735255c2f28914d0ce6228b7,172241643
passed,push,bead500c3be83b852afac04368811c525b41e73f,172240609
passed,push,84322753ea6e6217fbf58a6ff1bf4e9118d389bc,170477877
passed,push,4fe8cff6781d46918b357563b9d551edc205b0d0,170477205
passed,push,41c3a37b46d8d7b9a78a77edcd2dcba2e2b64b48,168806287
errored,pull,57153da2fcacd68464080a0303679dcf4a17919c,168806281
passed,push,44bf8e27b4c11b986ed116d855239374ec4f6629,168806212
passed,push,1013743a64f1b4b75c45acd7b08d32c81ff786bb,166728139
passed,push,4ec19ed8e377dd9d873025bd7c5a3fe18ce74162,166208986
errored,pull,e5df367b7b4b7fed90baceacbf3457a87c28399e,166208969
passed,push,6b276b87c705876c334e9edf620fc857df5deef5,166208762
passed,pull,a9a29a6637d96e38de3ebcaac6410e3a3a9f0b1d,166015309
passed,push,80a8e419e66517b28964e00c13f9ba2e6ea0f42b,163286527
errored,pull,eee356c789fd3c545235b84139e59af64ca9fefc,163286501
passed,push,bdad2c23bc63958ad8a708ea996713ea2e415676,163286237
passed,push,3e154f8def6699faf8dfc2c4989822201ee16154,163282493
errored,pull,4df328a0b64679c627f6619b7f001ab7d5ee1733,163282472
passed,push,2c45639a2091256154e7effb2c9bb74d4a2f7a2d,163282308
passed,pull,c55079cd8fb8c05e97a6e06770acf4e90ff92381,163136475
passed,push,4860c78c039d51ac609a7601400062fc6ca6674a,162384615
errored,pull,cc8fb49dc3cec9819da43f1bf87376856d4d7129,162384602
passed,push,bcbb4083232ffcfa4d2340d9eec7ee85688c8dbf,162383350
errored,push,d171393af253652a353a92a37f726fb562af9e35,162380285
errored,pull,2a189214ec685051359d7dc0f67c7f05a8177630,162380281
errored,push,402b41184185ac383cf7dc40746cb41b95adac05,162379357
passed,push,bc479dd4a8d762e218cdef95dbe3c2060be18dd6,160842861
errored,pull,5635a406a5664e5570e3d50ec2577989276e2397,160842859
passed,push,a83477ba83b1fde9ec17b3009bced16b49e8c925,160842715
passed,push,502c7d4aa55062288ae96eba6320dca158a95638,160617696
errored,pull,6a7bf11271bdc13d6e8dd47e933de27693cd6320,160617692
passed,push,be77d797e9ffeb5c8cc834707fe6cf13e5509869,160617362
passed,push,b168e075c15943d1ee9038361e853900ed4e3a57,159591015
passed,push,5c3452a05a118050f709eaec94a6879e41c63378,159559449
errored,pull,a7d2c79228ebb7a9e9d0445a68893692c8f8b755,159559432
passed,push,7e7c91823e11134dc5b601e6c4792389f553f46a,159559373
passed,push,055e67745f8677f6bb6cfd615c2465613e709afa,159495998
passed,pull,2c863622c5344e7f9afa70ef536847adedfb9f2a,159493911
passed,push,27435040ee0df6216c422700dc413dd7712f52fa,158637848
passed,push,e50a7750513e8ff4c841ed1d12be618322dc74b9,158633328
passed,push,33ba70af684dbe33de9f12f5ef200ef0c495ca0d,158632698
passed,push,9a3b2d4da487534354751832c84d62acca034380,158529618
passed,push,0d38073e61ec1a89881eb7e4cd3d3e6a05ad653e,158528825
errored,pull,946920b24c18646b299ece8092d4d63d45d24c66,158528773
passed,push,e02b016013be5f2d6f7f8c3aa632e3f25bb978a1,158528739
passed,push,f4a490e71e53178036ece297e913a344fb93a71c,158527745
passed,push,668fa58e9a8d84ee947b50107350e83a60ec489c,158525755
passed,push,39ae0bec8f8800a124c22df47f6cc73b483df389,158523960
passed,push,6977ae83817e8b7c9916f5fbf8934f011e9745a9,158522176
errored,pull,68350359c54fb955db522a96e3aedde1f31e2f96,158522164
passed,push,353ac0f7ad9fcb614d8f65eb88f9520f79373e79,158519010
passed,push,c31e9ad18a1bffab2cf3af16d63f7de346b8e531,158507373
passed,push,123f3f9325da9c5e21e6f64d2615755ea49e0b40,158500881
passed,push,d65c3cbc6e88858a34e44d260b4d89dfcb6dce0c,158492094
passed,push,da81c9358c2cf5f706ed2867936ad812bc652f46,158459527
passed,push,2f1ae52309aa787ac9f040740fa182237a3e5a2a,158458670
passed,push,e1493498d6d40a14a61d6dde29b317a48809456a,158454674
passed,push,4c2b4ab84d356435cb18aaf56f4a671a21909bdc,158453303
passed,push,3733aca32a4d28d3ef22e33390c84ce1164f25ac,158452295
passed,push,0e09fb09963865f78321d85e8eaf6404def93aad,158450402
passed,push,6e9d553efc5e63b7345b864a24d834f2a824451d,158374665
passed,push,d78c8dc9e1e9f8bdfa047f2e4435daaf941c0d5a,158372958
passed,push,d78c8dc9e1e9f8bdfa047f2e4435daaf941c0d5a,158372891
errored,pull,43be9c5bb756f9924b1c2b27191c0441faecadee,158372879
passed,push,d3fd452a1685287b1cab824cc0189f67397402b0,158372770
passed,push,584eaba66aa0036998e16856fcc9498885b8c1ac,158372276
errored,pull,bbbd99e20ba3e3895ba821a48b5a1c9e0bc4a8bd,158372274
passed,push,67e4df3aaf70043d18b5043dc36805217e186413,158369383
passed,push,36b42c900f89815e5d4bcba75dccbb5c6a41c769,158350367
errored,push,36b42c900f89815e5d4bcba75dccbb5c6a41c769,158350246
passed,push,36b42c900f89815e5d4bcba75dccbb5c6a41c769,158349894
passed,push,36b42c900f89815e5d4bcba75dccbb5c6a41c769,158346595
errored,push,a00b71ba555d683c4dd0c0e761c0fe21e2996b48,158346568
errored,pull,0455d61fc418fbaa37ea7e35d6175a8761db3a30,158346566
passed,push,79beb40509f8817ee6211a65898ae4c80ad2f5f4,158344987
passed,push,5701b53ddaae5ff36fb7c5fafe35b51477156802,158344277
passed,push,6c287f0438985eaa5df94320e2c586d6659ca842,158340832
passed,push,70d9b17c4ecf3525bec4a2ba9ea1c6da8cd41dc6,158239965
passed,push,70d9b17c4ecf3525bec4a2ba9ea1c6da8cd41dc6,158236069
errored,pull,6d23bb8aee4f9963ea130fb6d563f0aefdc66e4e,158235965
passed,push,f935a8fbf2b69056f3411d01d9b1f14bbb593b68,158235257
passed,push,962ffb740c36df309930e27986a4394469c2c4a7,157915121
passed,push,f88cbe31cd7f7d06b2950b00a04b38842f21fcb7,157797879
passed,push,d5ce7caf7f15fa88368a153beaf867d6ac0b0d6d,157783409
passed,push,9326c7ed86b5b1e10f05fab5eab6834ce51c277e,157595015
passed,push,f62cfe679b277f402e2d80f7940584314888e680,157545118
errored,pull,505bb957acb802667164b1eaa72985717bbfd323,157545106
passed,push,fbb281ff814536c6d93889e0b0479dca37cd9adb,157544437
passed,push,ebd894f6ba6205c12a3e214185b2cb4397223729,157462196
errored,pull,c592ec9ca683d9e0ceb999e1445ae9813b91afe5,157462192
passed,push,749e012e0aa0037f02dbf69a429a6e03fb01ed25,157462167
passed,push,ed575e553c2c25ca0003936633d40b41d97e259a,157398972
errored,pull,90b761dd40eea22d7b548b83bdc3a89c9f1ccce3,157398958
passed,push,a102b644f7919e046c5daa94d715128b6a4acd75,157398884
passed,pull,612fc951d0c43ee1c84e939e712a730ac842b0d9,155680971
passed,push,841872a011620bad182352de069a0ca81650a58f,155274223
passed,push,b7876d2dd382ad03a4bdcb59a5805479422354c1,155254651
passed,push,52d94a8f109d08d767377eff791e46237d5aa4b0,154669212
passed,push,fc8074402b3d4b62c3388b71a17774481b99db3e,154406939
errored,pull,38496cc25bc9b1014aac503fd83497ba9dd43b2c,154406920
passed,push,22347e080204e38c4f216d544afb4b8237bbbf94,154404933
passed,push,7b33643b08fcc0ca07acdceca9e9d79d96c1391c,154400177
passed,push,c1bb12e0a0bb079fdebafc0602df4f2ed5cc7861,154346930
passed,push,03a5559f4abfc71692979feab883bcdf9d6e3e3e,154156175
passed,push,43bf84f008d10219274c6d8d33686f4c07229e8e,154148006
passed,push,b43be3101c03d81f4b2c4e7158d92489f40826bf,154103457
passed,push,075f572380b9597cc232f37169bbaa7c3a5c160a,153949888
passed,push,093fe38bbb86eea7e6f7b5df72cfcd0747699a17,153942365
passed,push,28f56c2c98ff352428556b9b3d2c3e2d1e1d1405,153510675
passed,push,e040e82d13fe81538e73365e4a5a89c55b9119b9,153488138
passed,pull,80b7e53268ebdc43ff0817e447e6296c990c6dcf,152201939
passed,push,494f86e80481ec6b37ed4b01a02ea2233a3dd892,152019083
passed,push,39beb5ba30feee58df3129cb1a40110e71d909de,151135682
errored,pull,396d23205a0477dccfa39c0756bc5710d8c901fa,151135632
passed,push,13c3fcf1cfa2a083426019ffb89979d7c268c96c,151135474
passed,push,e667f7c7b1ba987c06eef7e1c4a60816e2acd467,151111239
errored,pull,045d9c46d4f1e8726aa790a1b522c08aebb351a2,151111235
passed,push,f302f95132b561b2d906b47c64cb5a2c8f6775f9,151111208
passed,push,f302f95132b561b2d906b47c64cb5a2c8f6775f9,151110975
passed,push,b54b09c72c2775d1fb2177f765e4d7f182746529,151109360
passed,push,b54b09c72c2775d1fb2177f765e4d7f182746529,151108913
passed,push,b54b09c72c2775d1fb2177f765e4d7f182746529,150976640
errored,pull,170b31a059791567731f00caad3d957f6b97d210,150976628
passed,push,494f86e80481ec6b37ed4b01a02ea2233a3dd892,150976564
passed,push,b3926e13fbe739d33dd3ede7d74c80515bcc0f8a,150973998
passed,push,c604946623357addbd20b40ba1f0f2804120d410,150868065
passed,push,5f6ecbff1036fc073bbbfe9540d3ec6949a35dcf,150812986
errored,pull,97e938802fe4d773d71c51d0eecdb4e3f9c7b8e4,150812976
passed,push,3bcdb8d21360e74c93f24cbc71184bec7bfd0cba,150812877
passed,push,093fe38bbb86eea7e6f7b5df72cfcd0747699a17,148685082
passed,push,058626ae387a363097653fbda2f06bc99b4d5494,148678960
passed,push,7dbcaab160c5f7bd93634e3f44db2bf1fa9b35e2,148512332
passed,push,9756a90ae17135fd2f9ce0b2e31f3f3a5c79fb90,148035248
passed,push,9068879a11294d8a2f4aa9093d695da1e031277f,148003937
passed,push,140328783d64551066d3684f688f08a63ecdb27d,143840660
passed,push,f61bd1d3fdea46447f28d690135db7f7f92f5890,143719907
errored,pull,e45377641ce1683c129339f0e7c521030470e95c,143719844
passed,push,ee5f2d0d4c238dedd62dde8eee10a3bda9de5175,143719507
passed,push,2ec246a27a44bec80f7f71e39dd45fbb6eb1cce3,143714262
passed,push,4b8dceddf8ba7bd0030183bc8dc7156bab79b4e1,143389058
passed,push,459016156558e67cef723659728243ef517c5684,143110205
passed,push,456c8fc6503ed915ad5eff33d96227490c63c1cc,143093175
passed,push,bad06dfe904557e9bd7c4de903d4fb9da9fcbc15,142953406
passed,push,e758a9b0f380aa6cfa9fc28dc16e10bb43479c09,142796643
passed,push,bd65e364eec0abad3308d27acc5b1f5b3a1ebdc9,142252284
passed,push,907c9a70d6cd6734b27378b98c9bd0b98a6e7936,142241114
passed,push,85a476cb98eb28ce5a606612beee0d29e7ec4e91,142023824
passed,push,7640df1bd381cfff6f123668eafa73be897a158c,141385385
passed,push,e9262b51ee3e009a6899ca2c1db2c47c9d4ab41a,141131245
passed,push,0473873adfc4820e1371f112325b8d733aec11f8,140824243
passed,push,0473873adfc4820e1371f112325b8d733aec11f8,140790208
errored,push,0473873adfc4820e1371f112325b8d733aec11f8,140790152
passed,push,0473873adfc4820e1371f112325b8d733aec11f8,140788874
errored,pull,e2c46ade8482051ff6fc0cc9bfbf153753c3bd96,140788804
passed,push,f0d2553169919a86ebe546482d3f4723002b5b6e,140788270
passed,push,64a0d7ed158695161ebd137941799119f13c52d0,140785292
passed,push,af2a5828ce5cb5b92a3ff99a22c77cf033a6b72b,140751679
passed,push,ec511c6f58df26c779d684350193aadc1f930a56,140749838
passed,push,3a6df63cc6159671e862e913308e0c1a0218f933,140238715
errored,pull,4ea3c6458461b2028514475eba1498f143ddb866,140238704
passed,push,43c018088b2186da5dcb0c0181ce09dc7895f80a,140238597
passed,push,c5e6cd70cf50dffd9e9a33c9847d897eb3637624,140238162
passed,push,7d39ab1804e1a814fbd5297083a571a625932901,137494476
passed,push,c1e791f93446f362248516cf53e0e091f1a7064f,137060618
passed,push,2106199613c9e9973f71b9afebea749d7a6adfa0,134652682
errored,pull,57771f158d5694a27bced541e47076451637c7bb,134652673
passed,push,a7cf8ccf443f0bd932df594337d9b79c7d398fc6,134652416
passed,push,4563decc7c3a462cab0fa3fb439a7eb862d25818,131042881
passed,pull,68e4dcbf0d4e3f987ac2d2b1c0cacd3ff8def66f,131042552
passed,push,d83799e1c2fbfe41563627d8859c25ea22ccfcbb,131042445
errored,pull,ff776c1ac9e70c624056061a0910971a14256f51,131042439
passed,push,11cf2230153876ac89ef075f6ebae1e0e8a93777,131042410
errored,push,154231365ae762604c2d11c9701d782ddcb0442d,131041946
errored,pull,d5d05d283de31a7cabfd90e6775bd7509d11b1bd,131040841
errored,push,b096747416de572f8ad4ff5a4779975347d7655a,130572488
errored,pull,ad52de17293231e1f86b7046b3b8cbbe849d6fbe,130572472
errored,push,8bd3cb9717902f37c0eb7fd4caca823db2b3f8a9,130572273
passed,push,67820b3dbdf62ad7852aa0d1c6cf50046f34575b,130221886
errored,pull,55b243611cb089b04c52fb782496eacac84e17c3,130221793
passed,push,f27ac24ad843c88b72d7ed6d21b1dd5cbfd6f441,130221711
passed,push,c330ad4609175811545cb62eaafd0862e866c719,129084179
errored,pull,f72adea6e13ce39b1fc24b0ef87453590dea1a9f,129084138
passed,push,9fbe8d07e3c63fb18636fda8ccb32410109c91ec,129083830
passed,push,841988db9e59d919a8be7f0fc8ca14c2375279eb,129081131
errored,pull,b8a7ed2294c513a18bd270896550f0dcef733e94,129081113
passed,push,e7eebfbb00649360f33c732b42103d21365a9000,129074662
passed,push,6261899de42b7210a61063fa22770f0809e8b892,129029712
errored,pull,25baad7c085abb0729c834134238de830946c11b,129029677
passed,push,5a665574a85fe8bdfb64555e921988ceebae13d3,129029529
passed,push,409c5ad5b951f49022f4e597105395b9eec14b8b,128452378
passed,push,9ee08f0b98be12d4bbc2c627a8464929311f852e,128452250
passed,push,f9ec34047142452cc4aeb5f5c97fa9e869fb7d19,128452183
passed,push,58e507b23d4fc22a10b9014ab80b3c5cd20a40cf,128199841
errored,pull,1106f610161dcba6524a785dc300974b6723ad35,128199817
passed,push,52c033dbbbbc65f30fcd23b2db731ec6d1530b9c,128199788
passed,push,992738118c8b0c89662651c5733dbddbe1b1e8a8,128197564
errored,pull,050e5795a8555e8d292602200543274755e0cc0f,128197561
passed,push,680fd6376d37a2c3f83304e229480a23bbaea78a,128197104
passed,pull,12de7301584da4798f470b77a6c9194ed688c4ec,128020152
passed,push,faa796a8752552bf5b14953d8fd8cf983516ad2d,127723325
errored,pull,893bc793b4b08f19bb645d0a0ade63875779ef82,127723293
passed,push,ed37e6a117384d8466edaba77858a265c13c658e,127723214
passed,pull,d29f96b181530b55840c4970f85d6efa8def5c0d,127718836
passed,push,53660bd8ae39a3051c47623802c00cf8a5f3c044,127407746
errored,pull,7007d012b03c3c8add7b0d76a4c9a529bce209cc,127407736
passed,push,16ea8a88112a8be1ff87ed64792d48d835000dee,127407659
passed,push,4f244aba32afcbed3c33f8880f7c94c7d0c28cad,127407404
errored,pull,a670fe5efe8a1f3e77cc9832a99b7ad924a2b5cd,127407380
passed,push,bb39eef2edb98f9fd9d7f116eefeaea54b7656df,127407022
passed,pull,5640319bc4d72a32336218f83470785b390fcfc7,127401916
passed,push,e532ba1b5d75f729e41b7b8b9cb612c8409a2736,123247908
errored,pull,85158973ddaabf2e65c7350897154b342bf42326,123247900
passed,push,ba1be129fdeccc46d036157558701c1e3709ce52,123247797
passed,push,17a48559e9563dc31c2a8a38f829af9173b7ffee,120542689
errored,pull,5977752a1ae90d369a9ad0862a738d70453ecf3d,120542672
passed,push,3ec2148cefadb210ca8a882ed84252be6209b1fc,120542633
passed,push,6ccd962de5f95ba2c12e0537917ca3e6e699471c,115768108
errored,pull,2e9a697f62e2cfd2978adc97edf03ffdde339a68,115768082
passed,push,2f01aad47066f44a4efb3c0bfd6e9e21d7f87b96,115768058
errored,pull,00f406cf01bc9dcb1f97a4a5391d9d05a54ddccd,114449256
passed,push,7565980703520126738e737ea0e285b181bb228f,111396488
errored,pull,8e8bf63dd0c4b93e3fb0efbba14b0a55d4689ae2,111396486
passed,push,044e27c0dcce625dad00311487e9e26f16083049,111396386
passed,push,52d53d50f98762c226276677761ee2efe7cdac78,110557793
errored,pull,16973489d46f16f76f183ffbed42b71b83f87038,110557786
passed,push,7b4422a6d9a38ae6a74cff8a5df969384dec07e1,110555934
passed,push,7523394c35764771f0533c557b0d95134583b95e,109824703
passed,push,90daf3c35b837b999191bcd07b48230d07f3c009,105114734
errored,pull,1a05e1e3f03921fc741de6d86ba6b6e71ea4c66b,105114683
passed,push,ebc5d441112b016406b0c6b8998693a646d4b6b6,105105834
passed,push,79816d1adf73c475744d4c7539ecf8427cfe93af,105077002
errored,pull,77446db801a338ccc36def4246c0c2a2445ed25b,105076862
passed,push,92643a83d0144835cde5d9418d0e38e2c541a952,105076821
passed,push,6041e43529979f4dd9dc3fdc4dd574e529c272ed,103588079
passed,push,7ee16d00ca4db3fbbd625c032257133a376cdb8b,103584066
passed,push,6bd1519d2ac4307d5ec87cb8d59bd0a1bb0e1dab,102545241
errored,pull,6036b48ccb98daab050e415be205b3220522da40,102545231
passed,push,36a8a51ba3a77a774a81f521fe6041a5adb59b2c,102545179
errored,pull,00aeab198dda2be343d6f4d850f1678984190893,102545155
passed,push,60f4169aa95bbf79f247091f0bfc16415a3c422f,102544733
passed,push,7bbf973b22e8be33d980efc81373eb10a6f94145,101510541
errored,pull,8560d65b514cd40d5740b332286d772b53928f8b,101510536
passed,push,e46d8c80a1b5dc21525037c940a28d1047a9ec5e,101505242
passed,push,1016ad17686d16250af684e029730a934edbaf4d,101493526
errored,pull,3d0ae2d164690651f904ee4a8551e42740baa3a4,101493516
passed,push,01fc3ee044fdd74310013ca940630c7ed73adf47,101493468
passed,push,b295af80e242eeebe63444a6eac9a7b0ac5e1291,100990953
errored,pull,429a1a0849591d765ca33b6f2ea2939353d37d7f,100990934
passed,push,eb568c307bb85755a347b6a5a67496d4b0becf33,100985043
errored,push,a27b80d8a89dee11e1bad6cdfb9c285f7f8ab7b9,100981917
passed,push,04bb7815156726458ae21324af02419b2d7fffa3,100980202
passed,push,2a81867f17de52f9639625ca3e1e645e9725be60,100968639
passed,push,bb2d6d7446cc3b74df89e36af2495f28be921c95,100820019
errored,pull,23118192440420d04be0e60808c10b63fdb098ed,100820009
passed,push,edacee73bab432ef88bdbd7ffae1b124348238f4,100819811
passed,push,e606151ac9aa3669a17a02d2f878e002eef9ab1b,100756342
errored,pull,8a380a4ee40ea66652c81e38ddfff38043b5ec65,100756340
passed,push,703d2634e1fcad2c6920184f5775148bad23540b,100756318
passed,push,144b8ba3819aa2a8ea532f0826f483f7504d13ea,100755325
errored,pull,e5d5589f016f9c4502b35cad78b82c5d1a37d432,100755323
passed,push,46431836349c416d8a29ba4c002eebb57c85a780,100755285
passed,push,149c1505e983827bb3a4698153105e84d3e296ea,100754640
errored,pull,b6e2a24c1dfc926e7f498f7c79ec8ec32ee23c5c,100754638
passed,push,f49227e93a0e00aec4b1152689194d9a98a1ef58,100754422
passed,push,89d014d9636f02d2804fd7e0bbe52975584f2ed1,100739586
errored,pull,cc2213c25412ca57d9ab78a864a675e427304da1,100739578
passed,push,54b8664eae0f2d616679e1aee7ed61b1adbc78b1,100739570
passed,push,eec224f1d9e3fb588ddb5bd720b496cf22c1efda,100338748
errored,pull,b41676c5f0980d5508e7afffde24ea857bcb0dff,100338736
passed,push,4176280276d24117286812d7151d4fbbf51b409a,100338630
passed,push,b71e77de546c6836a463612231088711e69e0c61,100035122
errored,pull,98ea8c2ce38c973b26f39894396a5ad8ab3d8eaf,100035120
passed,push,1a194d2da283017313513b294d1e5424275082f4,100034923
passed,push,0b3f6c60180099847b3da5d82473ac14ac6fb1af,99558979
errored,pull,e67f7b829582064b2c7cbe7f164f2faadd5ccc64,99558975
passed,push,a8a55dae72d158c91d8d4389b6e82e3f6a0e2b31,99558931
passed,push,891b628409a22b5a261118b01950ef65b5fb1ecf,99404854
errored,pull,d8b0cc53d18ab56e861b1b6fd6ae4a0cbb7baea4,99404832
passed,push,e7db0b76a186ce8a5f5c43e9d552633748789df2,99404799
passed,push,fe350f65f1ce9e6f51ab750c220783d0891fc5a9,99398667
errored,pull,39bb036d1eabae5de75224ddc31a9ea3e979008f,99398641
passed,push,5bcd9d60d435b394f22dbaffdc98f86cde351e02,99398511
passed,push,7c2b8d8c0086fb03af596db63218b7f237bf64e8,98964899
errored,pull,a3fb8ac0c9b7a2517377b3411e76708f4dd6f4d7,98964823
passed,push,227b28b5edcec198cf24ccf1a9d4b41cf03399bd,98951202
passed,push,5e0a9b69d61e0a149f16ba2c662372aa012317fd,98642795
passed,push,88547b93c6579535024190f284432045512a4cba,98638084
passed,push,445a989fe563aadec10e350b460ede66b4d54cdf,98618532
errored,push,a1bf17982670009550aee5f422788d06e3b5c8cc,98521919
errored,push,f69b8a50eae2587dcd2f86a6569fc33710db0d94,98488519
passed,push,de418e07efd626208712bbb0c667b2325011f0f3,98472157
passed,push,3580b4353004c88c8b8e6283aea1889be149074a,98459945
passed,push,bc2bf15fb3bf6b5d471094823f0858a489b54ea2,98457482
passed,pull,d89b6c020c41be50728ddf0b401ace09b8a410bb,98454313
passed,push,3580b4353004c88c8b8e6283aea1889be149074a,97814907
passed,push,3580b4353004c88c8b8e6283aea1889be149074a,97811005
passed,push,3580b4353004c88c8b8e6283aea1889be149074a,97810155
passed,push,733b55ab655b3b16e5bab67b4f59da3d1174725b,97803153
passed,push,5dd39fe7acb72c3266c17f6d1876a0c84260b0c0,97803000
passed,push,80764d2b79b5970e61bdf858237e8f8bd432b44a,97800734
passed,push,536c663f557061862492aa7d02fd6f17d12a52f3,97603003
passed,push,a963e712dd17ebb1bddbc944f2b4d563c383d790,97597144
passed,push,3f03ac52e9fbcc8104225cfab69442c84ed5c30b,97412055
passed,push,5bcb95bdd154f385241beab580eb9628fd250cef,96881479
passed,push,c1a11d0f9a3a38879bc288ba2415ff71e7ec864a,96530364
passed,push,1c5da75199a7b52792dab40c0d211995275039c5,96527662
passed,push,5de330998d7d62d3330dfa8071da3558188739e8,95024375
errored,push,27ef1482ec39e207cefb17b91468e133d4801f43,95019203
errored,push,2119ca85995a4581bf089893674c180be68c6cbf,94839564
passed,push,7f87cd010fbe9445dec556bc4eb3469b5db69a5e,94822650
passed,push,55652867732645a99d7c7a1f43f75b28143fca9a,94809812
passed,push,1405d36b8e69c27d36844c4d99ebb8e8c7731330,94808335
passed,push,bb84ed1be55d13f6b168ff39a3685c3d7f693f02,94543926
passed,push,cf9748b26ab2bd01a07870014107c819eca9ec6c,94365128
passed,push,b96d07dce26bfaf341e2009601552a019eadf89b,94321023
passed,push,b96d07dce26bfaf341e2009601552a019eadf89b,94310794
passed,push,525d84d9b39d1d2e93633610bd4c986824264821,94125845
passed,push,6f98a4e50669efe61ce856a25d1f1a09b560d9c8,93892344
passed,push,dfe8402ecd2be80d938e852c16392322fd32994b,93751492
passed,push,68d1c534a065aebd2868f89117500848fa5c6203,93750748
errored,push,9a3431e68923e5dda42a2d6330c9881a4044081b,93750571
errored,pull,fcc31dab4ac29da58468f266693694ed4093cb18,93750105
errored,push,6c340a4420a3798a161cf145fb5ce0d270de4eb5,93748167
passed,push,728d4f68a17445f33a64b234df9bfcdbd33135ce,93735812
passed,push,4eb8f2420883de7538b8f6d2ff5c93bfb483a1f4,92663187
passed,push,2915ec7fc3eee02529f0ae732fd5fc7728dbe878,92662984
passed,push,645b162f2cfc79c29d288210845b79333b164ab2,92662459
passed,push,902727ae8a85837f73ba7eef2e1c2118eb82eb1d,92661777
passed,push,c9e1e51e28b22677bd47a52dfcc10fc7debe9c4a,92254878
passed,push,7c1b49c22c38c3a0a8a649858aa081ca9e72ab6f,92250271
passed,push,c6ed7f5324e3ed3e80eab60b5b53658209d33403,91803365
passed,push,39c02314df56de2dba86fbf5a022f91e9e4c0815,89922417
passed,push,8e2cb95e63aa9810f5a35e54f2d07af9fedb1e96,89918166
errored,push,39e29749e9f3bc654bc521288487049891bf7316,89917312
errored,push,1631b21fc072d2befbe4fbeac259ff3c54970f37,89916928
passed,push,0997df1da3b8850d2329cda16a90d6d57b543cff,89916724
passed,push,6bdfa92239ff8205db96ee58c1a4a81ec65a944c,89912913
passed,push,017f9fda3bfe81b176bc682ad3a19927d2cbc5ca,89823504
passed,push,1bf30dcf87f8ee49207741db184ab8d28afc2e3b,89821823
passed,push,b1e3b345bb6798ebae8d9bd9e29cc94cde9b8473,89816121
passed,push,630316b974aa3788f82c1113a697c08047366a14,89815350
passed,push,b0d566075046dbc8d7bbbe7716dc5ca6992240e4,89814044
passed,push,37bee37fee24dde7fac35ba54ccc476ba100522e,89813761
passed,push,b19538d67a7d9191e2166efde542e04bfe645434,89378490
passed,push,c72aac5098357024281814bf80c23527febdc546,89377439
passed,push,a37c07630087ab95418e7b42146d2cf2c97f7f10,88953620
passed,push,72886b229a23ee18bf02ac4a51128e782ea58b0a,88940916
passed,push,cce84b6fb22fb485d7840b815964cec6899a9ea4,88918388
passed,push,b151299160d23740daf1a89e2967e24846045347,88625275
passed,push,e442a4412b8c79edd543b50bb61bba0719984cac,88623226
passed,push,447927ab08ef0184b40cbd21c191d001e2663fc3,88622434
passed,push,b7c3cf6d9f3e46f3f783f72fd369df1865256d2f,88609932
passed,push,30d15c0796a41f2a3d91d216c11e498f98b45476,88607240
passed,push,e120dc6daa6cf5c58bb2cbd07484b04e25ec62df,88601389
passed,push,01dbc2f73875dabe33fb521f3860902a7385631d,88600026
passed,push,40bd50b639ef0287b0f41236c4a576f8a5c906ae,88599102
passed,push,c3c468ae8a6eb7656d44bb6ae18e3529c3e15320,88478415
passed,push,469846ddb17beab58dbb7370741fc8c30398e48a,88475247
passed,push,349e562784d4d8d401a01dfdefb038cc4367a386,87319506
passed,push,253036348600d4475a277462e31fe99af3915732,85884059
passed,push,09e115275442f772217bbd8b7b70c59cc607a048,85883301
passed,push,c24a0b8e86f6c697c9dba7ab1f859b7f1644ba29,85257766
passed,push,c24a0b8e86f6c697c9dba7ab1f859b7f1644ba29,84427103
passed,push,151c517867f1ea58c25888c95d5e7e93d68b0e68,83136568
passed,push,fff689ea79de6461d41f2592a5cb8eef2a95e396,83110359
passed,push,fff689ea79de6461d41f2592a5cb8eef2a95e396,83104848
errored,push,c60993e02e2ea4b60d3f174685892b5e75a63e65,83068135
errored,push,c60993e02e2ea4b60d3f174685892b5e75a63e65,83064470
errored,push,3fdf7c0f0abc058f918c4cb91c860e54a4e6c84b,83064092
errored,push,877108a3d034c7434f26c338f2d6599305d4a6da,83055300
passed,push,5971c7e962732670b746ced93ceae35347854236,83055159
passed,push,712607a5fa07a5cef532a130455cedfeeed7167a,83054023
passed,push,9cb52c281c800a9237217a2db80bd05b1741e58b,83049021
passed,push,a6929dad9d99d9ace177a444e57666bc0bf6c80b,83046221
passed,push,0875bc87dce7002a3409616d5f25c49229cf30a1,83043845
passed,push,d455de37e74b01c59ea38eedac55905207a0b9f3,83043564
passed,push,14097480674d1e8f8633b5ceb73e5cdc2ca0b757,82952490
passed,push,84ff0dec817d6b59e61d142e45beb078fdc5e37b,82950952
passed,push,14ee547f64775c2609d670f4ac19cca195a14b5c,82733987
passed,push,a9e34dc5dd4cc58597fe02558b9dde682f40e9ec,82733651
passed,push,7f6070eae7497a063f4f2df1f1738335162e9c36,82563760
passed,push,2f991c963cd46bb6d74f3ca0bd38a9ea28bd395e,82557873
passed,push,ea57d7fb8894e45586d683585080676d68790054,82506085
passed,push,39a19c3948f38863d2a203daa03be39a7135a25b,81152616
passed,push,6be92197ff1430631294993213c31d725653e813,81144888
passed,push,a157d4cd75aaef150d0cee59f2578b423ddef345,81135138
passed,push,f971a0bcc62740c6b4eb140c9917086837e63f37,80946422
passed,push,ca08e629c4e68c7ac5af27bab7fdba96a4302b24,80764400
passed,push,ca08e629c4e68c7ac5af27bab7fdba96a4302b24,80670141
passed,push,1a141619473388d584b265254366483f57992516,80592506
passed,push,91964d29ba9be0329a2db97f9820a58bb929c5a1,80588140
passed,push,6b396628c503b120519581271c333e917aa54341,80582481
passed,push,d556be44a5b08735a76e9972bd29a8368b85563c,80579348
passed,push,b3314020b93a13031bbd4a1b8e37cba0fd6cd65b,80006869
passed,push,525e83807f6b3a39dc944c63f80bffa20f9b15db,80006797
passed,push,67da0283f58d0b5d2ff1c1f9b8b605d907500107,79999422
passed,push,bbcde74c381b9d0b64d99102a57e5f47bd69ed8c,79999266
passed,push,357589add599de7ed453a490571e68945742a58f,79998262
passed,push,7ba3baf6c560e895e7eec19e6e5e97370b1b6b0b,79998036
passed,push,48b581ebe474e281f43ed2a4a9986ab1c23581c9,79997724
passed,push,f5eb32da29f5367ab69a146b861e60a7093dde30,79992539
passed,push,5bce628f37c2f3f16aabc34156d2af9c4701ed24,77359276
passed,push,20933a5963b4dfd19d5b494e7a2406853ef1f7f7,77278195
passed,push,74f8fd9c659af7e8619731251095f1c551a5e742,76582913
passed,push,92bf8bcfa148b2904914915729b1e5e90b903ed8,75458863
passed,push,b712c15ef263455eb2b4a36226292e89df817051,74664780
passed,push,a0fca86efe909c709c255d2ab952a84998cd1469,73857932
passed,push,95fa0cfbb2460e7548647b6df165456e5bc7ac57,73833457
errored,push,58fa56fb3ea4e4419e8dd8081096f0a0b6875cc5,73832242
errored,push,5dcf074a5b386b320fdd2ef1f0c51bce3800397a,73744885
errored,push,fcf99b39a8892fe2ed0f01ae12c8c494271b159e,73660041
errored,push,5792b9c6c7a772517c4a13ccbf90934cae01f563,73493756
errored,push,1e3cdb27aa551ab9b3979643a306e73b199e6ffc,70856377
passed,push,644bf006802e5c2b688357c1175138fd612574b5,70000410
passed,push,db7ff30433c48323256056f6d74eebda02aa1c2d,69515606
passed,push,6face59bf9839335cc077afcfb201068fd1be341,69227347
passed,push,f6499f37f0091d4464ccd3ebddfc1ba5a7bb7f73,68762871
passed,push,61cf5f1b6d04f259710145ddd23f6326bc057947,68746447
passed,push,a257c3b670a78a60c1e365839fc399925989562f,68671142
passed,push,a257c3b670a78a60c1e365839fc399925989562f,68671058
passed,push,f0681b526d03433229971c0c75593fa240ba03a6,68656104
passed,push,f0681b526d03433229971c0c75593fa240ba03a6,68655054
passed,push,5ac528b3891e8aaab38499b066834eb5d5787242,67622332
passed,push,0a4dcd311a810af4a7b855231d1a8203ab46eec2,67622073
passed,push,1d856158f980a94d72726fdc6f3758720ecf787e,67496859
passed,push,a774f1c095a0ed405db65fa16486c0fa4df5525a,67493579
passed,push,54f1fc49dc4f1bfa83f1abc79a09adb37f6d5b75,67486637
passed,push,6514f67058d169dc7cae9591f7763f7e54c17614,67468757
passed,push,6e09fb96b813c3ac413babd9907e9dfcb7485807,67317732
passed,push,89017454c3be86fdb61e6ab053981a2bfc2b3b19,67314878
passed,push,d2ff1393e96e64082bd35009481f2276af0d6c12,66979193
passed,push,ec9e7ba194e709f06f66f9844a20189a7c6636a9,66971784
passed,push,7495720529fb87fa2c59041563f7896ce9504969,66971050
passed,push,8ea17ede3f07d2fef328a63dfee053fb4f750ad0,66968450
passed,push,230ed3d48b8715c90f7e47f32b7724a2080515f3,66865824
passed,push,a9d4105aecd8c0baabcaf1bd8ae16518c91086d4,66836400
passed,push,402cecda820834bbf7c7cb8bcb1e28e2e1c6a919,66832516
passed,push,dcaddf4fa6ef68d5a7707e312105c67ffd48a819,66821049
passed,push,3a7613a4e56464a2a0b4c643b990f48c3c6cd0c7,66820015
passed,push,a07ce5f111dcf60609352b72b149bc4b9e56e4a6,66810553
passed,push,6f76df805eaba47edfdadcc98383068d9569a53a,66756610
passed,push,ecc0ce23216549cbd7bd201037eb9f2327720939,66755580
passed,pull,996d2aba9d343db7f535ba2783a3328fa4ba2463,66753151
passed,push,29b3df830a2399facbf04a7a97f47aa5e700cf75,66725460
passed,push,2bd85b1f7fb76cb803d6f6ae99683ff451d99002,66664730
passed,push,c17c12371d30ea3f42362c313654345fadac573a,66661817
passed,push,5e0e3a96419c1927779429ddb5f8fb77c7e0d3be,66633228
passed,push,f92e746d663155add72bf84f69bfee4726d9b331,66153491
passed,push,eccd9d81c5c808a60a4039a9e0b5338722f4e66d,65863426
passed,push,5e94e978df6fa6fe4cfe4cd78edec1ea604cd82f,65833963
passed,push,cdef8cff6da1adc1a2f9e094d302535e1fb800c7,65544272
passed,push,7cfa5a5ea41feddd9d83d76c32ed5d0b68ee8e08,65526142
passed,push,d2a4384e6bc287ddcd586c0fb64e185c4ca3b06f,65507589
passed,push,bb61f0d22bc1b340b82f45268ca67047dea033f7,64787990
passed,push,d459cfa2de8294c19023191cc7f15c5ebfed0b3f,64787434
failed,push,83afe2058f0a1d03bd582aa746d7ab0bb5549f64,64773064
passed,push,886481c7a9a0be4da20a689ba1bd3de58cdf6e0b,64753421
errored,pull,9a2566da531281a49d66777f73c6b4622a3679d1,64753415
passed,push,e744ed9c2143a70f8f5522e7673dde85a892172a,64669194
passed,push,5a1a766bbf0f78fd5969070de30085e7f3d9447b,64669143
passed,push,e56699bcb503485b64d819a03f79aa0dac959cd7,64666440
passed,push,13779e8c0ca6882c4d6b620b12391c93e58e9996,64664827
passed,push,2f7962fcf48a5cdc358fedf9c3903f5630019afd,63933411
errored,push,ee3a7ae80aa4773bf6a603e9b897c6f537e9c0ef,63932964
errored,pull,ea8ab402deecba223c2e86baab62dbcfda30dc14,63932959
errored,push,5cceff9d4d6ec3aa79d4ffe890b6d1707bab9635,63931492
errored,push,8c004cac29fc8216115d95623253e00d0e61dc16,63857702
errored,push,60b54961d5ac1299fa9425c2990eadfbbf1fc2b1,63189098
errored,pull,65ffee1533c604f88a6fa82f15a99e34f907cbaf,63188532
errored,push,d822857657c922aef49899996bc48128df58c812,63188320
passed,push,6438442051425368b2d933f3981acdcda14f2fe6,63171992
passed,push,6911aa24d6ff720f3c372d65c86e7671c9344c0c,63146968
passed,push,70a5997ff83cb78a45a0c72ec3ac53c9ff444593,60635658
passed,push,6d2a2aece67ae6e762dabb255f248c808aea09f6,58713504
errored,pull,b5ab3f879cf79b6a400c64a20fb0af71ede73cdd,58713489
passed,push,40ed0a42458167213c265d994abe090e1f1c16ad,58713345
passed,push,6acc006d8e268ee6c14b71895a6f48dea7771a32,57778078
passed,push,830679dd74f4212c49847d52f42ee3dd1c8bd75e,56692925
passed,pull,047aeae66340c6904e6e370d1ad33fdb48737772,56691899
passed,push,d2f77237a1fda0d649800081b5f62e779596f0e1,56691694
passed,push,7b531dc4e79c0ff0ed9096ea1f1a16f07f7c69f7,56431537
passed,push,0bb225bdd4d74300cece0ce8f8a2923039b3735b,56209585
passed,push,6b61c3cc3238d2963f6641f3e62780112231aff9,55899145
errored,pull,657eb92f622a0dab29dcfc4a46191500307ebc18,55899100
passed,push,889315abe4649131a44119f30fea504008cc9672,55899020
passed,push,6942dcc6c9567eca1af79d9548d7d2ac1427f587,55748580
passed,push,394e68a492d14845f26a08c99dc420ea880f69fc,55748169
passed,push,aeef736ea4097e657cbe1c6c73b4e512102b54c3,55655349
passed,push,713f7516ad40d049ca5ccb8fc19c5a09b3ce8a45,55639836
passed,push,5c0c77238f530446ba1efdfb6c9fff7df653211e,55637325
passed,push,85892e8ffcf3adc7406a3483d39c60cec35e83f6,55596184
passed,push,85892e8ffcf3adc7406a3483d39c60cec35e83f6,55595596
errored,pull,f567d7d04303af245a792b1f2058be9b5ce38395,55595594
passed,push,705870b749df97354ea26a525a7e01fd18234100,55595558
passed,push,705870b749df97354ea26a525a7e01fd18234100,55594624
passed,push,010f57cdc432f1998afb23f8594212261d16daeb,55593026
passed,push,084a44752822cdb8bdb94882dae582fc6407b68b,55444136
passed,push,a116d88a1dd4180d3345d8eca19de2bffc191088,54669923
errored,pull,87027d7157446817388834dfcf2168b3e7452d15,54669907
passed,push,311eff9b6284006a28d6fd492964628e3f40e3f2,54669884
passed,push,08e27497282877a771f308fff5ec86547b464e53,54177850
errored,pull,654a2d0715f7c990035566f4eaca9fe9d4091d41,54177839
passed,push,b12a1d9f05f351fe07b05dfbc3ba5e6638bb7ade,54177724
passed,push,8c8cf7774f17cab67692e6cf5413e98906fc3cc1,54176844
passed,push,20b6fb80242dbc681d1b35a477f1962f7b891c25,54176750
passed,push,ee3c3f0fa4840ff923297f4b5016a46cc6ace135,54067143
passed,pull,912e7b76581fc684f6477ce3b14551e43dba496b,54066795
passed,push,fc9e9aedd0b0d41b89f8c69af521538f1a25bbe5,54066670
passed,push,b1fb191b5d539878a7ae34281e38f5b424e4b09b,52080486
errored,pull,47524618392fa01d9f8daffd49d053c2e49b1787,52080482
passed,push,8f85d6244a6712e2482d2068f2098cd6d94adab6,50607449
passed,push,b6f4f6984a685377931204252f7b6364213fcc92,50324942
passed,push,89aa7942c3ebb0ce714f3004d9d7f3888c85b718,48603849
errored,pull,d1563a51c1b7a5fc632fe0684d31e91091f0a97a,48603792
passed,push,9bb9fcbf0ebe78a1c72ffe2cf0d5805871d78db7,48603723
errored,pull,fe6fbd646c01a3096972960d8fdd14ac2042c01f,48603719
passed,push,9feceda17b07dd631bebe16044a6fc3f153989c5,48602716
passed,push,53561dce969d63e229bc2962ed49f3af632afe74,48602469
passed,push,c42d124d1a31fe0c7b9f52e609f3676b14aec4ea,48586465
passed,push,af57e99736d11449d55ec727fea65f0c8a33a3d0,48578279
errored,pull,a231141e32ecc0b2bd3918484c25cc6be8b91e91,48578271
passed,push,6c8898ec0564fc7c43d9221f910e0334c7e0ab97,48578223
errored,pull,0c6d1f4a0a27c80511de3122ad130d47303f15e3,48578218
passed,push,83618f05d641177e5d4a638b50695b1c077997a1,48578200
passed,push,35f5ba1710319124ac68e5f24ab94cdec1adeab5,48578079
passed,push,72d78356bf406c6e3f3192c44f32d9693c613b33,48576887
passed,push,bb451f40ec8ab9bfc55fc0f43b67ebce82b4c4a4,48458567
errored,pull,06d3462ec19584613d5f9778a1d277db739199b3,48458492
passed,push,223e72c9a1dbeff000ff55e711e1366dfb688642,48458421
passed,push,4325abbb83c4e42c6836daeea4ab5fff2bfd06d7,48435716
passed,push,5116fcb8c738b015d5728f9bc753a925b101e50a,47407239
passed,push,5778c498be2d245b74156b4558d46e2fefa0b7fc,47402963
passed,push,13e4e3adf9a32fdec624cc100e83b20b97483e5a,47398989
passed,push,3f835379fa617b46ffcbb32fbd36e9cd775350b7,46808217
errored,push,3c599b8a533d44a89565fd1ac134c6c32d704b98,46704485
errored,push,75fb70bd587129dbce01a0c87c38992534337734,46701828
errored,push,86a4b1054e83d492b20a65d61a4a784a8acb39a6,46701276
passed,push,86d48e902fc8142d83a11def95f0a4e391ee80be,45522115
passed,pull,ba773ef47f8a807b1fa03035fba9606b29961ddb,45521612
passed,push,658f514f81b813f2c79c4ff2b5c6aa9a8d66121d,45521440
passed,push,f6ec7e1ae1447e671f310492db3be43845b21b26,45521413
passed,push,3851565d173c081c1b6c6f6524070c8f2ebcd4c8,45521383
passed,push,dd0bf14eabc63e4cf9c78082ca2ae1502156f0ea,45521158
errored,pull,4e02617bdbc62838929f6b60c8aafd9b8e1898ab,45521153
passed,push,23f2c251fbd8042f23cb1710d9288d7be3453449,45520947
passed,push,8e64c1a5a296c81b94e7aa0ecbaade3d05f964d3,45520756
passed,push,d95f4e1c6e3072619330438d163fb5f691d9692e,45515484
passed,push,e6ae0ba636ffc73935c43479e31a9268e65bf764,45514704
passed,push,15531fa5d47153b1f950186e946d7a94c0f85bae,45514104
passed,push,4c01cbfb7bf7d08b57e44929b1014d9e609d56a0,45513781
passed,pull,3885f638b00f78786912c45fea1e17c497571908,45513741
passed,push,cc99dc19e49cc0052d9b4675c83c2a383bc9eaa6,45513689
passed,push,5f4883873b37fd847d197c8e1cac0b0c99441d3f,45512873
passed,push,7b2245cce82bb085018eab2d3c9c042aff950a42,45512714
passed,push,9942e8eec52a5a566f331870e41fe82b92065917,45512585
passed,push,024923303d01adb1fb6cdd985f9127b3a66f2095,45512538
passed,push,f3b0c1be98728863fd18cf532253ebbc7a87eb8d,45512379
passed,push,2d95b04fa30b12560da4bbaa2276b3a58c0a700b,45512155
passed,push,ad95e2f00773957173d95f6a3030adfa2e73012e,45512028
passed,push,bb95eed5c0081420a0e618d858ff23d3feaf84cd,45511953
passed,push,057eeaa8167db8741b451c2d0f22c99051254fcd,45511493
passed,push,11996ca8a1d003c7373c67269b0aff8222bf68d5,45511151
passed,push,fa59f788f03d4814ae853523421b60907c358eff,45510753
passed,push,ab1f33837fbdbc2f6a5971e49beb804bf1438854,45510471
passed,push,614dcda0b7e52e16758be64af75f1740db7b678e,45436622
passed,push,5ef0b25c9d520b3826624532ec7aca346ab1c269,45436553
passed,push,02a4a8610ee654b98966385001515bfb7681dc38,45436489
passed,push,58d6d523b842889d467a8595f4a16ac1667070fa,45436204
passed,push,6d9986ba6cdd664fdcdcdd710a83d979486cae65,45436111
passed,push,572ab38b63a9ac223af143190db6e09edb5d08dd,45430616
passed,push,72aef7f9b34cc8eba50973361b5f0526a4316796,45430598
passed,push,6a1739608d7083e41b7ec98c76f969f52d14d2ed,44641771
passed,push,59af4245c26e4395c20fc8d7f0ef980ae1e5d4da,43171693
passed,push,5cfa9d566a8f6e8783ce6ad62dd8fc6b68fd3abc,38160298
passed,push,5cfa9d566a8f6e8783ce6ad62dd8fc6b68fd3abc,38155242
passed,push,5cfa9d566a8f6e8783ce6ad62dd8fc6b68fd3abc,38155061
passed,push,dadee72e07767a4504b3fddb46acc55cac9c7e3f,38153807
passed,push,dadee72e07767a4504b3fddb46acc55cac9c7e3f,38153499
passed,push,3f6e8eadd69d5991022cf1166aaab3516cf29da0,38151836
passed,push,3f6e8eadd69d5991022cf1166aaab3516cf29da0,38142275
errored,pull,0cb0bd34f6edd9301b6c74616e1449a06506313d,38142221
passed,push,c3adcd3086f451e6097c76cce225079302fbc553,38140616
passed,push,5dc8e50b5c12f93f5588cc2bd196496b3c7cb787,30808890
passed,push,150b503eb970535cfa9ddb9979f83088d898a55d,30651582
passed,push,5e874143f62ebd6b14176d33abb29fae06542645,30612087
errored,push,3a3b812afc98ee4b9c84d2f3a624c0509acc8e1a,30235908
passed,push,b656bcfee74797631202e742b405d1c58e5507a5,29862363
passed,push,73839b93751c4fcfea64a7ed27d7dc1c50645134,29859993
passed,push,a563bcf5efa1480d3e580bf31a044c3106e4afd9,29578088
passed,push,465611fa529319df032a0d3e78a95f6f7266ede6,29490745
passed,push,4214e6a1c381f232e4139897b17039031fce2e13,29386088
passed,push,7dffe89de23ab086e953ecc9d496af1191b1d8cc,29030862
passed,push,7673d7216a2e0e1eef2715f994d713ea3959e618,28838897
passed,push,bf40cd2881b7d80f6369d56f06ff5ee0a9733be3,27737993
passed,push,3bb3732a698e255edb0fa6044de4d2fe45a7fed5,27736465
passed,push,6a6f1e3ac63a455ad8a3ff61b43af01e6090e6ae,27665505
passed,push,fedc9ac7e732e95f15b3757b25adf876d259b6ee,27665409
passed,push,3550a7ba6dd93f66b2baee6c33f6e4d083805eb9,27294824
passed,push,d25cc9b03341d1fe6d1a396c0f686a19303f6ca4,26632014
passed,push,df9618e8c4f10c69da2eb8b1c49f48cddfb3f3a6,26439929
passed,push,442c7ac04b9e946e3338fc57acef6785e545e3ac,26436214
passed,push,09b0aeeb9975d35f99f3930654bd29599b6a5b5c,26435362
passed,push,1b1767ca65917e9611828caf1491a00ac288daf2,26435102
passed,push,e729c4d8f67d782aac21f341cce27ea709a8eacf,25680450
passed,push,389a41943c4994681801d58a80e40921c255f257,24429025
passed,push,6ea11e0bd8c610066da747eca31c913b3c1b5254,23904015
passed,push,b97615ed2fea1cd5291f942cb2bf26692a4282ae,23744488
errored,pull,34090dcf96e684ae22bf81dba7e1af0b7604e517,23744466
passed,push,8170e3776c32ec793d287d17c95cfccf61a780e9,23744328
passed,push,8170e3776c32ec793d287d17c95cfccf61a780e9,23744262
errored,pull,58f3d4be18af243ac3247ba53d2e3581f7796e71,23744260
passed,push,4699cb84edd9a3d658e8078720e0000cd6df58e2,23744184
passed,push,46f73a6975d72015d4de0b4e44dcc0bb2aa57b11,23727934
failed,push,50a5336fdc79575481768470caf49a06c783fa54,23727635
passed,push,46f73a6975d72015d4de0b4e44dcc0bb2aa57b11,23727633
passed,push,46f73a6975d72015d4de0b4e44dcc0bb2aa57b11,23727504
passed,push,5b33a685a2815fe3f1aaf46de99334680acfa085,23725368
passed,push,5b33a685a2815fe3f1aaf46de99334680acfa085,23662683
passed,push,ed0d82d1985bdd1e2b489e9e8f7a2121f4ccf254,23187196
errored,push,f498788dfcb69a0b5c4c787609fc1392f55d24f5,23091181
passed,push,1caf8219d5cb8b644e93b12fb5c9f65b6bcf6183,22667719
passed,push,49e05437e7ca76a26152a5638af84fae7e94cd3d,22506850
passed,push,52799d77adcf4dcb67eba178df4c402c4b3359d7,21159899
passed,push,e2d13e4344328c9bd67b0884bb34844d73146319,21005833
passed,push,294e83addd8ad7a7f728ecbd7cd9437e91660d85,21005317
passed,push,a813d055d137e8900527c432098858026cd5f0ae,20035190
passed,push,4a28d673572cb8f9bfc298a3574a750400cb0363,19790207
passed,push,329ff577d924174855afa938728b4535d28fa524,19781666
passed,push,f633c553e8da7f526824ea0f31f0d76ca1f108d4,19010266
passed,push,91d0c593ad8c83474bc0a502ef5ff3718ab70aa7,19010012
passed,push,d9a49349f4eb6bbf4eae6dbd44870239a605a436,18780380
passed,push,6fd339522201d7e000032aa7afbbc9f3dddd29b8,18715356
passed,push,cba060a797dac46fb01ca121afe827d5f80bb229,18715017
passed,push,b39e93dff736ac8c8369d5d1b83fba7207111f94,18653522
passed,push,c0e469742d97caab96e94bdb068c79a49c061b92,18650914
passed,push,cbee7328822f51ad83302e491c2adbf93ddbb527,18633763
passed,push,fe191e815edc38ebdfd6fb76862f7a201ec84e71,18626225
passed,push,6dd068ee3746c90247b481eef87a8f92c7cc9536,18564868
passed,push,55e85b08b6718c2deb5d2a720652b96441aeebc4,18463221
passed,push,bbfe07ad74be366adc0e266fc943655b6434e47e,17598287
passed,push,60269ea47cac0ff8cea065a6aad5fd8bf809e50d,17456017
passed,push,797aae50b3a5c2ec277b7b6c9f1dbb9c49d7e99f,17450942
passed,push,b2a3e6edd3b5af96e202e11f9d43d6b48a95b372,17332777
passed,push,e30a4ba60795c1231b36c9abe55defe8585b5413,17332765
passed,push,9523757cab25a723fccab27faaf41d019ccc284c,17332716
passed,push,e8036cc36dc5a4a203ec7b4c44753d1c5be75af7,17332706
passed,push,c09b02fbb7f0fe620572563d40c5bd18140ca166,17332699
passed,push,cc617cca5f83c9ea15891f64f9d10beba06530e3,17332677
passed,push,f1c2aaf8894943f65802cdf0034a8efb179857a0,17332612
passed,push,57bcb665245f869b69c42c9a4ce158c030fbe45e,17332521
passed,push,4d3e9ebf5890550f9a769c30b90b3388071fd71d,17332456
passed,push,35bef0d33ac02f5f63f238db5e87993a1327c550,17332408
passed,push,22fc33665a3da8a1595d8404091117599ff1caed,17329372
passed,push,8a5ff18a5d99f89839fef71b4d21ab19961fe307,262698409
passed,push,e2d50babc7f4ab640b8dadcdf482b150529b6b4c,260319245
passed,push,2106199613c9e9973f71b9afebea749d7a6adfa0,260317206
passed,push,c55d2083a7c07b2f8ccd84153280dbe7347b7d6c,260315206
errored,push,bc6fa3b408f52c44dd706b8dbcda407d724ea67b,260314193
passed,push,e0230df65bf78b1346b21277c52dc722993110e2,260312587
passed,push,dbe3cc1ab100e30c64020a3767c24b0c445f3bbc,260311169
passed,push,fdee4f2f115b6abec569815a3a6bcf07c24fb4dc,260309561
passed,push,753c3879cf1b2156bc0963a467057b207fc3a8bb,260307922
passed,push,29860eba22b692dac35fe8aa5cd14ccc495aa74b,260306005
passed,push,5eb82728d071a57702a4267ed5ddb8b355a4fa93,260304219
passed,push,6938a1bb7663b16898bc1024254760213ee94c67,260300804
passed,push,7a919fba6bec49f8b6be4b1db24eb0a517ef7c43,260298801
errored,push,c92fdf6beea071518006b59e8839454029176c4c,238211606
