Status,Type,Commit,ID
failed,push,5edced9849b23e05e9642c180238ada3fdd7f8f8,99363056
passed,push,6cdde54bb210420cea67ccabd08f6e9ee60b11f5,99362436
failed,push,1675cb4f9be9486d99f77cae0eb3372d516804f0,99362432
passed,push,36d14d719037f2523b5075d73f66b165109f1b94,99361875
passed,pull,d2277086e367be8f09ca81f5017e5e582634d45d,99313788
failed,pull,2b3a111efc6a1cf591b9f65aea296ce8f439178f,99253906
passed,push,76d048882bf772a3245dec96222fa7812d4af4a9,99238544
errored,pull,16bf91c7dd71e7487d0da7059be3bd7c1564cd62,99237907
passed,pull,9323475b313fee223de88145d5fdfb11c553f822,99236761
passed,pull,36300166b6ccc1c7b89a04c2931e49fb0d6ece8c,99235551
passed,pull,c593aa6db5f58f96115a508d43267bafafd06719,99226247
failed,push,d2ab49ad09e9f42e874872dfe1884e4ddc06ec14,98779474
errored,pull,9ed6711f49a2331dbf6c6d8eafb72dd2c2b18821,98779472
passed,push,2815a83f0790276e66392942286f6eab735b208a,98777257
failed,pull,fddba7937effa4f09f1b79abc65e349c17493a09,98774389
passed,push,103365643844a44b9c6bf36ed4fd21336f9804c3,98757984
passed,pull,5468f1db27c25b224f598263b602209079cc7c1f,98757507
failed,pull,ca1be9cf64f1dadc35a24eff4b5abeb94b103fb6,98756725
failed,pull,430524068cb6deb5eb3569b8f041bf7f615541cc,98754135
passed,push,63180c1bd5c287b93a27ff90d18bcc0216a0b9c4,98701481
errored,pull,ff5c1468dd6f6ebbbc2583e9f22cb1cffa0b4f4e,98701477
passed,push,577ba051140b0272833fefbef199533b8dd58024,98701267
failed,push,913ddbf541fc9098057e7e20c4a0fd635f3f3131,98578286
failed,push,fc31a870686e308b9ba99c97b2b8cab075fdf9f7,98577456
failed,push,a74fe44b3b9b6a9e804f3161708fe733cbf0d001,98577448
passed,push,526539796dcd4d93c362ffc1ad986da6b8fd6ddf,98576516
failed,push,6df52dd06dab9bbc3be1714ba3605ae0f460627e,98474260
passed,pull,95bd3ddd5a43c10b96551b9843f2d4ec2f7c0b48,98471642
failed,push,03f22478ed04e822eb0e1d2ae858e533cf46bbe5,98420437
failed,push,10cf0f7743077bfed46f3779be92f6e5f5875e1c,98350865
failed,pull,6baee28d212933e4632c693f840593f26aca23bf,98337086
passed,pull,e50b5124c1a5644b72f241da91b5768115cc059e,98286000
passed,push,f72027cd8a5574a5ae1d709fbcffc73608708305,97665808
passed,pull,8a9e7699c37e966183f91b9a8d61250d3f96e70a,97488291
passed,push,9fde598095f3f45910d6811e22cf613c3d7c96e8,97483754
passed,push,8e1bf0458d67112cb981f9ad36a4bbec902ee515,97479006
failed,push,9a7777ba1f69953627cf3a951130d2a060c71f38,97468899
failed,push,34ecf635bd87586af82ad4d4c97a290bb9972688,97467549
failed,pull,e91115e53d430471430ed40c6579e65e1aa47f08,97466589
failed,push,178be3613dbea97978519cc202344f2aee29d10c,97448787
passed,push,211f17d809f65c7ec919a68a5b8368b2c2406657,94442679
passed,pull,301d71345fb714ba7b7fb6a47bd5ccb1d454fdbc,94439472
passed,push,9617439bd7a8e6a6151902dbb198df2ee481f1d1,94437569
passed,pull,e2743e539230c96cdaecf5f141009b58ecdffe7f,94434498
failed,push,0c00e7b4de385599cffcba2fd0b3e3a4d1f5afc2,93502151
failed,push,1115558ffca97f910fc147f195cacd640307581a,93250075
failed,push,cabb6fd8acba783c3e373dd21428f07485e215fb,93248944
passed,push,7cfad4e5fb72b46984c336ecd69eb2bd5364d1fd,93248919
passed,push,062c8e46b765c7c9a1a86af55d198585894b5f46,93247540
failed,push,16ecfe3179c47f4e4d93b2f4953dfea8c749aeea,92989567
passed,push,4df0c515a1b108f81822f89278682444f874af67,92988223
passed,push,28f26b75187ec1320952586bc5f2dbd5163efe50,92988214
passed,push,7693a87f8f443cef675b35ad32698fef4816f1c1,92986698
passed,push,b24ae7ae7c11b89dcfee58ae9488e879cd83f9d9,92583037
failed,push,00a7022c7fc803237b3b851ab95c132c7b28c11d,92581766
passed,push,7603405499549cfb815ed3a55c4482fb400f516a,92581754
failed,push,a30f73a3ce559efff3a2030b445b9532314d5bdd,92580897
failed,push,d73ad3074e8e51bcf17d19916014ec8b763252d6,92572127
failed,push,003791e1a88141e52f30b262ac6b633d8cc0d2b5,92570101
failed,push,5e986c1312a7d4a80b8bad9b280d8fcca56db9b5,92560182
passed,push,5ad9f55f89262a4c6b36ad023d7773a50a8690a3,91417723
errored,pull,38e6cbc7e6339afa834650ad7030456c61d8de9c,91417224
passed,push,5618ebb17f4972239c01318b00d5fe9fdb5b41fe,91340583
passed,push,cf33168e7a6283e08d6b30d8523357870b3f6935,90951765
passed,pull,2a83eb428796846a81b2ec6b6804cc5d6482c2c7,90947540
passed,pull,a20627d3698428a2f1d4aaffc0158e7832bd9c2b,90947005
passed,push,04c60474581fbd052430d483813f934104d08ced,90922691
passed,pull,1949a97eb984043db8eb581b4d886a1d32802f49,90915071
passed,pull,a48e93f4373ee990c73adb126d94692e5ac3d34b,90728560
passed,pull,c25115da660e7816dfc37788dc5967a0ddbfeade,90727142
passed,pull,3d3729736af58032148f8d2e5c728d0b198954b0,90725541
passed,pull,410941ede136d7f9f2f2e16df282a264da59baef,90327724
passed,pull,615cfb032dd3ad5632dd8ede36176583200164a0,89172248
passed,pull,6a40f7caf007641d834a05f5d924f4e7cc59f5f3,89042298
passed,pull,d50c50a5d61d0d7cd2a890391c68840672f68265,89013521
passed,pull,0fb613d0bd8d54b803702e84066d61701304e0c3,88983734
passed,pull,d639e0503207ed09c6d71a41783c1047bcc18ee1,88980961
passed,pull,1f4d499ef1c43333bbd2ca93aeaba45d2ae5ea92,88979234
passed,pull,ef9936098a2bdd19f042228b600957af241093d4,88822666
passed,pull,34d92fec9e1d6c6a3d0ea35d4a3d8f6d04970983,88822507
passed,pull,817ecf3ee751ae65ed7a138a0fcebe37d7b0c2dd,88817190
passed,pull,82e22c73c5b09aeb34a251752bc2bc15ab2bb58d,88815822
failed,push,5e26619d6f2572f22a4a85fc344d3e48048d8649,87876506
failed,pull,f9c62129a2649d7f812ce63875b5d98ddb098e2a,87842911
passed,push,0af56b51441027a30fd26a50fdfc2510207708c1,87664860
passed,push,f04cd5991901009852b8d9408ce2b205d05fb50c,87651779
passed,push,d7b78298c7b9b4cb677c354b21279b7d396864bb,87411634
passed,pull,6f9ca426464a29cad0324e1fdd059bed84ab4b23,87411609
passed,pull,db2782652517ee5bb214743f6ed2751c7e6983eb,87283410
failed,push,7c1e57be305eb37751f1695bc6b525123e16c007,87184723
passed,push,1f869c251488f1030091ba0580c5e4b86de95c81,87184331
passed,push,d58b088daf2566a53a5c5e961f7fde6d0ca0bc3c,87184329
passed,push,d18894a6a134a54f463bfb2d06f6996d661c917b,87183425
passed,push,cc61572d25e44ef354a89f7ed6cfac9dca026347,87182622
passed,push,a597a7146b21b4e6eaef800f96cd212db585de04,87045608
passed,pull,173d22d4eb4562e55f5ae0ce3255c68d61c5c022,87040105
passed,push,5a27c85da755027f6545c69dd2d9197b4b27eaea,87035870
failed,pull,84e5a27bbe6ca416992f1ccfa85774c49e51dfbc,87035639
passed,push,eb683d0b33644db7032c4dd91f7741076f0a083c,87001263
passed,push,ac127e769380419da2a503a187c17134f12ecca8,86982708
passed,push,7d23cb1e2b9622e839b5c60f89b7fddf6fb9616c,86979025
passed,push,1060b41500ac617b41cf839c6d663837ca5190ee,86823320
passed,push,73228618749955e3c54045c3040caa0fe2ee07c0,86820424
passed,pull,39d4f326de6acae60dd21ca116d6b59be073842c,86819983
passed,pull,a5cd74b6b0eda1812e56d4a4d6d380bbb6adeba1,86795317
passed,push,0b278b84c8e451bb427efb819cd163a04b8b7da4,86769885
passed,push,c6de5105f403590074a71203ae77d72e5d2b935a,86615765
passed,push,9101b1b01a1113bba1c2896750bff8c88629b88d,86579294
passed,push,eb82a48b28941b5c2c46012f86bf025d17230038,86579214
passed,pull,0c48c6f0ddb3e24c865bdade2e6fe1425dfdfd1a,86579082
failed,pull,7915c7e70c661d52cdbf5ba8a3fc991b3f19732d,86565854
passed,push,30d0572a60d48eb47e600b3e3282f773b8b0e434,86392576
passed,push,6cac8af91c7ed1b64c21960a759920165c7813a8,86355714
passed,pull,3a98aee03e18f216b91faecb22c916501756de0e,86350943
passed,push,a49d0229f4e212787f2a60cae9ab3cdee0f71a83,86211841
passed,push,93301dd94c7325f1315e274523bc921fc7b44db8,86165131
passed,pull,0ac1a1cfdc9b56bae39a95ec727d82cb78c2ca1b,86153234
failed,pull,f69b51f4d80fe884a7621890606057d0c7094f49,86151691
failed,pull,f69b51f4d80fe884a7621890606057d0c7094f49,86150417
passed,push,19caf847a9e4466edcc8963271a316c673720d24,86150213
failed,pull,07204c167534707e04d76cdada771ac7c90e511e,86150131
passed,push,245775cd7d7d511f57362179701d3367cbb1f6db,86146964
failed,pull,39235462e65c2fbfcf031dac20860cacccff03c2,86143933
failed,pull,69e4f0002bcfbbc1a11bb5da863d2fc49712c6e2,86142961
failed,pull,038c5516c7d4533cabac759d4755cb4a0cb082ff,86138649
failed,pull,2e0f4f1ddef4aa8d0f80ba106d23c971836844d3,86138558
failed,pull,3a4484cd58a3daa813a7c8d2121b076694b74f70,86136826
failed,pull,3a4484cd58a3daa813a7c8d2121b076694b74f70,86135645
failed,pull,f996cc72c3c32a0c9b9b65a13b442501c174129e,86134001
failed,pull,93e5efbf7233719e44df0891000e22c48993d673,86133145
failed,pull,a6140fa9bf86b6cc502373a2e9a99e5bce6b080b,86047938
passed,push,1686bcbd3858c98c53e8b63cbfb6aceb3641f4cf,85895783
failed,pull,867ea948b31a9374df95effd6e84a2fc1a69300e,85894925
passed,push,a83711780d3128e02d2b4a74576311232b6ff0f6,85776072
passed,pull,5926eae31300d4eae94ac75c5823ef86a492b6f4,85775915
passed,push,9b7eab354b3bdd3f0c20b1903daf5792a888cb92,85769404
passed,pull,56912be811725dacac085cd02c6dd35fed82260e,85765980
failed,pull,b048ec1e3acdc137d5c829b5cd63abc96a985637,85755261
failed,pull,b5737b0d1c473bfeb22395cded7f2778938b93c1,85516837
passed,push,47d7b4639169d594584cc5fc16cc2b037e770586,85516349
failed,pull,6db94853af2bfd6c9396dc69277d32db4bbb7e6f,85498871
passed,pull,deb6ed298fb9db790e747033d22a14e6a8d2cdee,85363152
passed,pull,d238e407f6c484386e9403964bf3a2d09514357c,85361745
failed,pull,dff1359bb75c86577311f247642781c6196ca6dc,85360875
failed,pull,fcc8d2e0287d0ee1d601bea156be84b540f249eb,85351675
passed,push,c0490db4473ad90f2a1858905745e0e15c3b3d3f,85114058
passed,pull,af6a9677b237cbeb9c70f5aa296fa5c7e0a82564,85113858
passed,pull,a3fbb2e666a68346ff44821b627b237396da651b,84921485
passed,pull,aea0f02c6ef6e2ecf711d755ee2ad701a13c9094,84912150
passed,pull,656ad88bd9d7ade64d3b4d0f50643f3e029e6989,84868164
failed,pull,80ad22b77ef40611622596f416a95e55dff4137f,84665235
failed,pull,b04fc9873c7c62a19c62382ac5c42a22b7f1413c,84663838
passed,pull,9d925f2ae1e67042dcab387766ef99ba81a25a8e,84511509
failed,push,3464966bbfd622709f77a2ab8f269ec6828e9783,84357198
passed,push,6f41044584ef957c86bb0de36971227000206e7f,84355966
passed,push,47a3d25906249540a2b71e60aaefb4998ebc8062,84355942
passed,push,fa258bad7b86fd2318c00507e2769dc8bbe8435d,84354863
passed,push,9f48f2b15169b81aa7b5968341cae7ef5bfed82d,84122799
passed,pull,41174891334b79da5016025a7bc078e5815ba4fc,84122092
passed,push,0923ba66f42143d09801f0198ab499de3c39da01,84105017
passed,pull,72f5cd10ff3dc04f8698daee1b9cd3a92628a979,84096156
passed,pull,826631bc8c6bb57c5d220613d7cfe51f48e61642,84085743
failed,pull,1a4d7abbb3b390f4f72c18f55499618427a99541,84084702
passed,push,443b6b05965f130fb968d8dabf3bd14f1cc70fe5,84080514
errored,pull,7ae334e2251a1464c537ecb7ed7469e3e97a8222,84080355
failed,pull,7e9a81b9fc693455d34f8d2d6e5f3ddd9224bd5e,84061058
failed,pull,703f112638b1a2b6ce49485b4c0f976aa179e4ba,83727669
failed,pull,b7223abb2716e05903cc46c13f3d684627f64398,83727151
failed,pull,74d3bb06e11557e4eeff0a9e0bc777bc9daecd9d,83725323
passed,push,6d56ca3873395c2bf0aab0489e78f5777a98efe1,83325697
passed,pull,18cdcc4fb78881d83f70cf1802cfd0e82182af25,83322702
passed,push,c0118a7b6e09cb4f9a6b4dc6effd5f8c5c60b07d,83101528
passed,pull,af73e5f048c44e1ae6c751d02c3d38554914a041,82935654
passed,push,3ec1677e21c7b17d366aae84d4e12bad747c4082,82880387
passed,pull,4e42b164c809dcfef829e5b9c654b04cac938e01,82879458
failed,pull,eed51e21c62705c07709c82199e711811c31c0d5,82508480
passed,push,6b1051be130f62e93f3eadabca878962d28571c3,82331166
passed,push,bbe5099cc1ee62eec8356cdd869caccc02b2fb0c,82331092
passed,push,6a1439a581848e4ae6461151cad9633c78639243,82088749
failed,pull,ba1a9c593558b9decafd3dd166669326a37fee7e,81991031
failed,pull,b40ed2e521395e23061738d7cc0367db8f6e0f46,81791562
passed,push,24c0cb99ff798adef94ab476f0c0bf255b042ef3,81444278
passed,pull,0067284aa1e503f80ec5c65042ef4676cff8b97b,81444147
passed,push,36be0135fbde65883839876442b89564a871988c,81442496
passed,pull,b39a8997b761d1c5e39759ad7b5dadb8d6850941,81395945
failed,push,3bbc1e6b3b882ada6b55a16b2fc13743b0167b8f,81179928
passed,push,e5130818d8643d2b9d1d9d35c50c397b53905d76,81064506
passed,push,54073f8c69c1f846bf623866f1b818d0d57c84dc,81063824
passed,push,a0ab6c6289314918f1fcdabd88d816f820b8d1f5,81063822
passed,push,84bcf93958e7fbc23cb0736ba8b4fa4e17c6ebdc,81062877
passed,push,52be214d9f5dae89e3d5588ff885742601c781fb,81038189
failed,push,37a08065cc4554c227cc341809c45de3b9deccb8,80878968
passed,push,52fcd6902d5a33e164fac5615cc945bdaff0af92,80878153
passed,push,ea82b055199fe6a3c20f4c90bd8510e2ed07c689,80878144
passed,push,0a81c1950efd3f785698ac33225c378bcd0842ae,80877159
failed,push,96d50d3c20a068a20ddbec36a273511f2e7c2717,80697917
passed,push,825bbb614f1b22650884318b9c425d375168b091,80696722
passed,push,a24ed20645174515bbed7e9c7fee0a1b172ac502,80696697
passed,push,d9e74b23fce6016feddbb48c2f28e7ee3896877e,80695357
passed,push,aeb6cfe45c21fdbf0d0f89fe1d5a0527d007012c,80388853
passed,push,64dd71e1aa05a925b4ffdb568eb70edd3d295004,80261365
passed,push,854bd3a8b26c4e9961a9df75402093a3f586c6ac,80261243
passed,pull,7e5da455966ae33199f2610bee49140277f81802,80255671
passed,pull,7c038ff4ad71acd9ca9d1de1ac11b448dd78f9d0,80255660
passed,push,354a2f415449848b4b438ef6791eac0fc180c399,80254154
passed,push,c96fcb05798c9a914cf619a8a1e4164a81484abe,80198991
passed,pull,1c465840c90bc35a486b6485d297ed4fed5282c5,80197451
passed,push,0dae76e8b6d249a1e37adbc647d6bdcef57992bf,79997592
passed,push,fd90d8f27f52a3d5fa254f3a4b346e207b7bce8e,79986481
passed,push,a3175fb34eba610313b609ebfd5386ece2e4c9b3,79880643
passed,pull,399989bddbe422bbd4a80d957d095e018c5c0cc1,79877537
passed,pull,fb64b1b5f1b74655d2f8dd6ac054c328f12a0a13,79803678
passed,push,67edf382854ed6852d1bd4b2c5ecc615121b537c,79651480
passed,pull,3a7caa5731d093ce6ab01870246f0dd3c38cbee7,79651288
passed,push,8fe742a6228da0147fe395d684488e2705a329c3,79651228
passed,push,386741489749d2f4012b89c67d45be2f9016d4ee,79645053
passed,push,56b17797cd7bb1f40690f9a3423f9c50a6d3cf5b,78927215
passed,push,65e1b210e462f2c9190b2e7ed93b8d94bd7cffe3,78815670
passed,pull,5850ff673e29271ebb216621d9f0596e9cf832cf,78768296
passed,pull,6e4d8525c737cbcd4c600546c5d6af02eeb10940,78758343
failed,push,66ad2cea7ed16ed26adc43201b0d03e88459afce,78465818
passed,push,7c2eb6fd0534ead6cd0162e21f978494a1b78077,78464912
passed,push,b456a765ff8669f3df4e058997c2a107a87b8d98,78464880
passed,push,7cfa77ad6f87cdca1902517ff8d735f418f03df1,78463961
passed,push,d2c3c286fb4a9028542220973c7fe96f72dc598d,78036697
passed,push,58f9b980ab841318d6b5343a827073547edc5fb1,78013475
passed,pull,63b50975e45c9915268cdfbf51f517070b418f2d,78012239
passed,push,8c5074fb634b165ab2aeae703f0e2b1109a4ba12,78004093
passed,pull,97db04d63a8b519bc1b3522eb4f402673ce935ba,77708568
passed,push,c2f2abf52a89560ea8d5f7685ddd7abdce392382,77699432
passed,push,7ba114760b0b068316e56d8042c3aff98ec2d534,77695567
passed,pull,389f92be0aa38221debc16e48846a8101572ec8c,77687710
passed,push,b41467d38204918db95c75823bca1ba9de473e86,77678050
passed,push,a7911e67ef9abdeda351e6eb6c2951e16b0c8414,77672554
passed,pull,90ab2dfced807d799c6ddecc4aafb6be61ed4679,77672310
passed,push,1729c25b3ed1d94c3ab6295fdb50ab232acf1236,77658801
passed,pull,b137fb384e388b6817bf56bd071713a328161bc9,77658220
failed,push,5501b9087a50be1133bd64067457a3eec4e59857,77651574
failed,push,751cd0a2676c497ffabe425853aa2cb91bee31f3,77580267
passed,push,9bbf751eec941beaccb3d5d8afb92076adeb9622,77579374
passed,push,40f579dab4220e04d6f12a9c6354df71b3c7afd9,77579364
passed,push,f869cdf3b36e714dd7b2debc1ac4270d951bc23c,77578659
passed,pull,8d0a49158744bc11f80725e652544b6df16a0e43,77515082
passed,pull,bfab1882afb12c5a353b3e6c8b9b2b2ac7b8f3f4,77506530
passed,push,c2a2fc81a6249130cda8f065b2f74df7acfff8b2,77383704
passed,push,9f748c06076308a8f8ce12597ff3312a92977fd5,77370193
passed,pull,2f75ce0f85018afefeb43b01091541a4fb067c42,77363168
passed,push,bc1b6edb83460fd0f498037aa094664b1600ead9,77355016
passed,push,ce7090db50bf366e8d39b51e27955695326288db,77340355
passed,push,e4e6cac3229f5f75ddac144efd4e8c9a08d7778b,77339399
passed,pull,096e23656c150e2615b0c8c893432da7ca16e6c6,77335474
passed,pull,7696e78dddcbd7b67a2201ed662e11ff1f534607,77295437
passed,push,209ef2da86e9855126b0f485adab6960693da31f,77292944
passed,pull,31a3ca82e7cb189db44ca9973e9009a02f13486c,77292860
passed,push,2def2a5331880d39bfd9ea2008afa45b55fb2911,77285076
passed,pull,e7ff45b56245e43f97896af394321e622786b6cc,77282938
passed,push,b1cfc5fe9b28eafc1155b220cba56c89d7ffc7b9,77169107
passed,push,9031fe4efc9c8b50d01c6b49fec399f17bf21beb,77166464
passed,push,4c0fd1cb197c60b4f4a66fe1028a55ee4ef7c41c,77130455
passed,push,fa9ca7523144334fe6c7ac87bb71561f873424c9,77130170
passed,push,99bb2dfa8a3bb35cf2e074158b43037d505a7429,77123257
passed,push,13620e49dc7e396de01af08caa1d0d0b0c32fdd7,77123122
passed,push,191186fec5fcb133308d6d760a4b6c5eb12ce1fa,77120520
passed,push,d7ea5d7e4705634cb6e816b6d07a8c928d3d7f89,77120360
passed,push,caad9b2ce8d2f15399ce5550a6fe9da1cc40a8fe,77114045
passed,pull,ddd014d2709bf28d8952a5b29dc2bacf8da2c16d,77111859
passed,push,68122ed8f115f82d69b69c3d7bc4ce3eeb916abf,77012723
passed,push,c48d14de842f9fde4d39c6659452e7ff7dfd4980,77000784
passed,push,2d59d5bd0a769280937c9a64ab3d839b1a721111,76992549
passed,push,8f878b08bc14c62b513229618ab9b60062e49006,76981863
passed,push,c8ea727f2a8776980714507e168f612480d5f85c,76981234
passed,push,b6a0dfd2c25c379b31c8b78952d40a0c2af75c21,76980834
passed,push,30df2b4305febf141ff8fd5a3bfe72bc93bfa029,76980743
passed,push,bd640869a8263906600f9371bb2e266974e66e6f,76952392
passed,push,a220c9ff960eedd5454db92c7b8a3807e4b89455,76952160
passed,push,e9420173717f1648226c631c30ec7393d036315c,76952034
passed,push,c96d4d1314ece05a69874b12ab43ff602c5b2145,76867597
passed,push,7d12805027e2b16bd7fc89a3ad2fc9d52f699070,76867438
passed,push,09f0b25f91c231ea0c5d81c71af642b03a91f4ed,76865027
passed,push,db441328db7303226188e61443d9a8e6e071c1a6,76457519
errored,pull,69401b369d35d7da9f9657ef1890b6982b19efe5,76457485
passed,push,bf8112530e129eda35449d35c684021b4f1d24f9,76283393
errored,pull,371f4e8c2ce0e9e8cda214e2892fb1134205bb8f,76283274
passed,push,410aacb22962891312b7b546d1b4127aa2422b92,76282031
errored,pull,524d6bc294e0ec0797431585bca515fd89d2a2e5,76281965
passed,push,e09785f5b450a3772dfbc341328a77bb8ab7482d,76270732
passed,pull,6cc484845441ae38435cf4913537a63f3233bc40,76246366
passed,pull,59af1d33135ac0981e880f25baabdb95d98db80c,76096993
passed,push,6ecd61b0ac243e57438f7c770d0fb1cbf7d97419,76029022
passed,push,473a9980bee8e963c09b23ac5eea9bc1ddd0f61b,76028719
failed,push,26c7b7864ec605326d83fb5a82e0b8d843b24b71,76001168
passed,push,e198266641e693de0198424fbf5734a803d58674,76000438
passed,push,7f9c13daf9c251648e3a79b6443ce3b6ca83db2c,76000435
passed,push,8790b914806454b82baa82934bd44dd6f533419b,75999718
passed,pull,057dc29567adf216eddb28efcd604fba18771a42,75942873
passed,push,d36e1e035f67d5a1f487dcfb63f0b1127e3db60f,75583810
passed,pull,1469a6c7f5494d6a20c1bc342e2f8ba47e7c361a,75581166
passed,push,640f3bb991d9750d83974d6f6ebf31a34b764bab,75442927
passed,push,e48c685d2e9b548349bad2ada416cc9fe4e2d0dd,75420949
passed,pull,ca07529fd97629593a512ee80d22b21d50cd8dfb,75406594
passed,pull,37e21ad00345553eab264d1f96b70d5d4472eb88,75400719
passed,push,06c581ec79829928d38d9656e58a2b7ff8053986,75261015
passed,push,ed9b477f87c80ed5ea2cfee9acf513fb8a908796,74918007
failed,push,21365fd2ee2734f4a2ac778504cd6c254b99674f,74909909
failed,push,31565beb769f505285966f2a4cb89a39955651e0,74608341
passed,push,c9de999ef8468e694bf1973c68a104b7c4e7213e,74607659
passed,push,7142f9c78bdce3dabd09e8a24057f7b7075f248c,74607657
passed,push,7cc66831d976d952d7ba6ef0ef6e3a758beb1057,74606935
failed,push,08cd2dd81653b50bafd6175d85be0f25d6f9083b,74444277
passed,push,bca2aef9f53f929422a487a7994775e86f6a7176,74443493
passed,push,6ee70a858f8d36e8f1bbf0790c5163c40892f2bc,74443476
passed,push,6cde4249cf3afcb610b06cea7a5fed095482e476,74442766
errored,push,f0ffd33ccd5c7b5b04ece744b5ea916cb3ce2ce1,74119180
passed,push,5d2b46c9c14d67cbe86b666bb40b812bac53efa6,74118449
passed,push,de91468052d4f22fe45de7729c39a0d140e29888,74118445
passed,push,ed0882858bf0deef3f2664718dd70e7d1f07e9a2,74117675
failed,pull,94efb2eeb8fb526e472137502f0f61da4fd6d11e,73576495
failed,push,709b668d42b5cbdff42d88b72e65e8264db4a2d7,73424687
passed,push,8d90750455771afc040758bd8334b42f6fa92d81,73423932
passed,push,25eff35fbf46cc6d650055df9df0e207e65f171c,73423924
passed,push,aff5d5bbeb4a80da4b06ec18990197ddf18826d5,73423017
failed,pull,03809494a38f718cbc128b32f7103dbb131ca8f0,72906399
failed,push,dde95f170d12f4bb115d160b9bcc0d2940ef371f,72893048
passed,push,57babdaae08fe615f380d419cefc79037f6f3b70,72892129
passed,push,0761258bb181b43ef509c327c1d1df2c32940f44,72892127
passed,push,b746820c467d31da3fa55d716fd103b4e5f9fb49,72891263
passed,push,e8516b36a90cb19fdd7e6e089c823e4f7c008e6e,72830993
passed,pull,72d995eab7933df0a02cded436dd5f9c53a6fd5d,72789747
passed,pull,34fd2abf424a941b09ab6fe8e06c45a2d3fe88c0,72595320
passed,push,a42dbfb1b05969d23f04defc115ebd0bfbfe505b,72457305
passed,pull,4be11f3db11a651eec8ab02978e3ca5daa6e5f04,72454367
failed,push,511bbd4db3b95a5cda843619fea71f29ca8a6f12,72438402
passed,push,b25314992ba35e468e904b44effe9524e0ff99f4,72423051
passed,push,3918d3db928cc4e878384113e13bcba25e219f50,72089541
failed,push,fbe447d719445a27c4ac38b1ce0d452f62d2da18,71989772
passed,push,8dcbf7fcee18a291a7205d9421123c3eea2066a7,71989182
passed,push,eb6bfcee8eb43bcb14e8ef705f3a2352d381fa75,71989167
passed,push,ad596c14843bf5e357ac90a0074f3b6ff558aa1e,71988429
passed,push,5ba466f76208ca637ddf69eda474f5dfaac0ff7f,71891291
passed,push,d1477918b559c7016b7fc6929cb351aea79470f4,71788377
passed,pull,48d8c89f79093b86d865293e118cdf3ab2c8b7ab,71766019
failed,push,916db7afaacecebc9664fc9976e54ba5e09197e0,71132631
passed,push,95bdc485ce9d7ef4a05631b8d9eb93786a1c3031,71131895
passed,push,bfea4266d20a6d69b389bff288aa5720adab294c,71131890
passed,push,a983866ec4825abd0218d0c8c1b040f21182110b,71131067
failed,push,7a3dc0dc2ad3d57fd58a4ac996b0867344504275,70968697
passed,push,12fd45a23449788b9c67cd7a8193ed900076a772,70967606
passed,push,d70f81fe313215f60060cafa05e06f849eda8200,70967599
passed,push,5b93cdc066ff004454886905170a0e57b0edff25,70966737
passed,push,490c740c4f7ddc31421d527ee553b7dbe4a6471a,70738667
failed,push,3fd5cf3e4fcb985a3e662ad4792e5a5c1c1aad97,70275359
passed,push,dac82ea4a51f8c72aaa495afab52b6e6a486a9d5,70274746
passed,push,adfcb85c7aaed6ecf5e0e9950c070499f6bad606,70274728
passed,push,15c7e889e89f665b067969932697543473bcf0b2,70274201
failed,push,292c2c7496c412ece2b9e86ac8f4c25b7e1e33b0,70231674
failed,push,ded5d748d6441f1ed15a2b5866f45ae26f8c19d5,70196970
failed,push,01bf05143ec2b09c8bb7fc288e26bd3823fcd969,70194135
passed,push,fad9ca10483c34d817a96386af326687ee51e79d,70185351
failed,push,e65c4a3bfe9992c11ba3bd8c31c26d0a33bc461e,70077388
failed,pull,bf29b5cb812389a673e9e76c69061baed59ede6a,70072743
failed,push,8125745d771b91252c3394619914ff9bd6d4340e,70060145
failed,pull,3f8ca1cd3542d4dd7c5deaefe163d1606e8f3bc8,70059777
failed,push,078b6351007cc980ce310233768408cd2a6ca304,70033068
passed,push,cccdd46eed69652930cfc15e4fb5bf39ef230b5a,70032359
passed,push,b7457f416b6f6c0d957e617ffd04fd765cab5719,70032348
passed,push,89e42ff8ea20ce2cef718271008d0b0beb4de4c4,70031833
passed,push,cd247f3c82596ba03a6ecbfe9dca8ce234b73230,70031360
passed,push,416428e8496ec1d1102c587a410f235085fe5fcb,70031191
passed,push,bc78b6d48aa220af259e616b5fd8c524bb81c734,70030112
passed,push,5a5c7737d96f18cdca2d9c667a0ec4bc83003300,69913359
passed,push,c1559bca5b3f7952c2d90265657c34cc58dbfc5f,69906147
passed,push,380edbc2bbe9476e4402857a84c05841f45cbddc,69904587
passed,pull,528d99b1d689fe141ebae197db804ec51a7f50d5,69606032
passed,push,dba30c23205dc38e1e17ea84b93a07a87d0715df,69453648
failed,push,97520b63248dfa533c8a5b20a817b004fd7b0a1e,69301003
failed,push,2c18ed4a8babaf3a287ddc3215798254e4ab03b6,69198984
passed,push,e988324d73dce66616cc469d4a77e7e904e5275e,69198211
passed,push,e13eac24caf6cc84686332e2f4686757a108f670,69198209
passed,push,edb03a3101e6f3269eb62bad491ecf699280d8ce,69197567
failed,push,c0ced9138dc7091ec5e966376ddc5cf8aa872723,69179809
failed,push,62f26fd58d773d9e7c6ce8e694117bb90c8ba196,69018231
passed,push,c7b59cb3e9f3682da3fa4c29d6248fa0b05b2d58,69017534
passed,push,170d665012fcf2c0eb8205adef5d423f2b30df06,69017528
passed,push,7b87ef1e10ed33e7a563d38239592862f1fecee3,69016683
passed,push,6ee4c72827348dad8ac3c45ff0d8ff13c2f79174,68436235
passed,pull,3bd87f238443c39b5a44f64547bc9fc2de44abbc,68435473
passed,push,4edf06268bef88da35859a6f5830eb990df8fa0b,68388200
passed,push,0f4003ef9cb9cfe50adb1f194f85991cc5fed597,66174199
failed,push,fbf834865e6e1969ea476affbb2b20922f5d9a14,66019674
failed,pull,3e6fde26146426d67a47df4401ef232a908668f6,66013925
failed,push,fffb3821f34ca274aa2ee17f68eff10b5900cff3,65387757
passed,push,d725a970811fd3170b1c2216f07d643e198b8545,65064981
passed,pull,d8d52a135f35bc19e5e5f53c2d304386626ab7c6,65038490
passed,push,d4f912484b2d5739bcb570bef26a9115a29c5aeb,64228522
failed,pull,96d24f959e84797ab494896eecfe31c670551a2c,64165336
passed,push,8b7e21efded37ce48bf1264bb3626800c81c428e,63506858
passed,push,2fca6a1a6666a7676831ade681ff84b37c2da212,63375305
passed,push,a649a25ad8a2357e49d06485e28143e834e5f395,63374891
failed,push,030615c81fa556c10915fde9c1b5f86788e05095,63223591
passed,push,77d6b866e10bd3510c962385a900050243f02377,63215359
passed,push,d675bf0b37da1bd6bbd7e845d93757449fad54ec,63215354
passed,push,152f060580d0d60b108a60263ddc56a5a478a66c,63214832
passed,push,df6cd1f96af12825bf5e60718ae07ee8c670d0d4,63135210
failed,push,ed25e1164785e4db7c712ae03664d9d50e9808c4,62200847
passed,push,d1e559858f132fbbd12bb9c3727d802f94573e27,62044659
errored,push,88eac32580a4c49cdd8c1c59bfc292b7ab3e549f,62014225
errored,push,ed53cfe8fdc1d23a8b22668a3cd9a4ef82077d11,62013946
failed,pull,2f743a7f89758c140a5e2ef85daae913fb8a46a3,61497982
failed,push,18fc134c59fc514e547338accad3bd7729097a96,61266895
failed,pull,c51359e57371368ae98d0442ae5d55b0c8693e59,60996093
errored,push,3d377abd30058345822c4076d5aafa9d5e1112df,60378891
failed,push,0026efbe12f3135cc5e85691a25b29096551ae04,60378837
failed,pull,9f4bbd8f82e65f89afbac07e169064017d76ba6a,60332808
failed,push,92de9dbcf7e757e85f68f466f96ab73a27484442,60223900
failed,push,3ee56aa2d467618a055fa8b1a8f3a0846ea61d8b,59972165
failed,push,7899c39d66bbcd6171e1c258cd3199f515af4026,59962132
failed,push,2e5a91adf4b12974ceb55b1926b84200db5d5369,59962120
failed,push,73cdfe8c8b0bfe39e4254e29019e618ede5ca6bd,59961655
failed,push,aabeef7de90abf92853c9368890695cfc83f7182,59950572
failed,push,c4c30c76e682e6da374fff3a2e0d46b58d97f03c,59942308
failed,pull,4b55897726b988dd7469aba48f1b981b7327296a,59509114
failed,push,fcaf14c5caa7f04ebd4ab28a3282f5e500f9df83,59427687
failed,push,b2559175c4f358003185d745a22d85c24df35edc,59416939
failed,push,367dcbc50e285f8b5df18d4cccc4be78bbf0087f,59343901
failed,push,03b15b3f414eb67afff6657be5f54996e99a96dc,59328814
failed,pull,690c33bfd739d2df5a39c5ccb315870cdb78813d,59304143
failed,push,6ae0558026fa9b90e726ae18aec4695629ecdd2d,59265090
failed,push,77fc82457440e83db225f6236abc8b7239d5be69,58958012
failed,push,35522573d3620243cfc3b62f323e119f081af2aa,58720847
errored,push,b7bc273b7a9e464e77ed4c11ed3c0545f4f23fe5,58716495
errored,pull,075a81ffe0996e9a5ea6f2b58e1f4773e91aba3d,58715978
failed,push,c06c80ebc5137a2290a541b4c8d7b3d215ff268e,57801432
failed,push,6d4106a1ca0cd9b91c7d3a24c7d1d39c6fab9b95,57765805
failed,push,9b3cb678ccc24e4aef9909b2fbf28a2dc9c71141,57631135
failed,push,8bfa04721b58b0be102900fb5d9e4378d9bd4c25,57614682
failed,push,8bfa04721b58b0be102900fb5d9e4378d9bd4c25,57610376
failed,push,ab36b4fe6719c2aa7f89b58249cda336b21ca00a,57604004
failed,push,07a28d8ba44c53fdd01a2f401915af163aecd5bd,57603959
failed,push,15a7e53d0c333675572b25525145fa5789f58082,57599888
failed,push,0e36019422d4ce69484855826ce63e8700b30e64,57588853
failed,push,1257be518caeea01187cb8e3b9667544a0b94249,57454992
failed,push,1544f05cfba3289ad7888b8aacda0450ec833922,57454448
failed,push,bdf1832b1c2b267422a698566df053d109676cad,57353711
failed,push,5ceffb1f15d8b3e9f204007ec5e1a009cca034d0,57344625
failed,push,10e91f0ef67555e67ab18edf8f095c3276cecf40,57329350
failed,push,d27bac1080f513aee467314b0b645625094aae71,57308419
failed,push,3bd6e2b3b926ce70c71aae9b1c8ffe405265a0a6,57268746
failed,push,45d8a2a763986cd34626985af9c0ebaa06a8d478,57267055
failed,push,a113dae51328539c37fb5a1efa26e197b485cd58,57266727
errored,push,ca8c044cf9dbe93dd8a1fec31e0fe171ecb62948,57265068
passed,push,31334350b3b41c07cd916b60234eca12c71ee0ec,57264655
errored,push,63989001d8e64724a84bb007ecb706a9d93bf91f,57263258
errored,push,793b4dae04f006730efca237bf69171ce1341fb9,57262303
errored,push,cd49997fea51a684751f5993ad72de7019125fef,57247941
errored,push,51d6e3bae8b792b3d47f01cc30cbcb78bfd6f4d1,57247830
errored,push,6ecc32786c79d68cec1c153624b5c593af7456a6,57245385
errored,push,18f60604acd73dbcf83924757d5a01d672032a9d,57245140
errored,push,1cfdd2deec9185eadbc9833c24b1bc4c63deeb02,57242417
failed,push,fa376f5bda59f0bd7582e3e56f23aed0559974db,259642074
failed,push,4944c3562dbf0032d92a00ae29babfd57ea09f20,259641754
failed,push,7981be04559db66363d6500cf0e816cc058ddb99,259641555
failed,push,2fd2670a51ca02b2667f5856fa93be2ffd4dbc94,259641336
failed,push,d96943cfd18af3bfd4c48c582587a447f7b26051,259641140
failed,push,5008ed25d0a55aedd3abd63865d590dfed2d2882,259640948
failed,push,ba4cc74129289cd2fc4ae517de312f6fb4ec686c,259640736
failed,push,0b272001e611b0a1a4093da25efac5f6eb7e9cb7,259640574
failed,push,2aef0184dd1c1c0124b7b34d10aa81cb78cc7b34,259640325
failed,push,1dbc50cb2b06099cba7588563e5a9cf54b8c744d,259640117
failed,push,bf805fd3294b457369e2c33fcf7210c5f6fea50c,259639933
failed,push,e92b01f9509929091ffab0e6e3972443adc3386f,259639805
failed,push,67306d27a63b224d0593e5d9c8b8b2430110f439,259639698
failed,push,1b6149a3b49c83e93a8bf4a68804416e9af6a877,259639511
failed,push,1c86fa2233a6319668b07eb6b6a71945a7c471f5,259639162
failed,push,1eef0e0b8a028c9787fb416b99b988bfb8cc688f,259639035
failed,push,44ff2235b1717be4c35279f220ac249c9e37abe1,259638868
failed,push,882247c98eeec7b99ae4239467d7fe64b15f31a9,259638692
failed,push,b618d6994b9cf61e7ebc6635a62e7bd15325f896,259638551
failed,push,881ebcfe4d71803b4c0181feb5aa6eab0d47bae9,259638403
failed,push,66816b69962521f61ad703a9e5c1cc527df3d441,259638132
failed,push,1bdb04dcffa40c75ce321cc39b559cf2f6aaab26,259637891
failed,push,b83115cf80bb53565a74f0d32f6dd1561bace5de,259637684
failed,push,594c75ab53a6a3903988ea3724bc60555b6d9244,259637483
failed,push,bd14f35c9574570c6eb7bbecfa6d9d126badd6cd,259637234
failed,push,3c77da06d96cc2727c77d251ef29910723f9ad3e,259637000
failed,push,517415352ae85214b62432b9cbbcdd967701d07d,259636891
failed,push,9dd4ea3739cb38fe35063b4e4f3f7118f8fa4642,259636655
failed,push,aeb186bcaf57bf5e94d1b57211272de11d0934d0,259636509
failed,push,46b0f3726be55336c08da704e9d7c496777fddcd,259636388
failed,push,d8408bba013eafdb105c5505aa52836997ca1e22,259636235
failed,push,7d921d0832e14decf943d72dd9bb1fe1a1c3897e,259636039
failed,push,84e3855ce6509e4f20cd9b05deea6b4edccc0f88,259635873
failed,push,82c8a4c831e3ff266388d76716ad7e1428fc788b,259635690
failed,push,7b3737f7eda7160f6bbdeb265776d050d974c434,259635537
failed,push,0276a4e562b1d86c1a5abce7d8779e1cace9a901,259635344
failed,push,2b4612e798c49973d6560e1710dc4eb5f0816221,259635120
failed,push,7e6aaab21314d3b565c3616eda9241af843cca0e,259634969
failed,push,c3d6d3fb9f175929e9c0297e61ed5f570475753d,259634748
failed,push,6f7e0b69f6e465fe342b9a65a39ed8940768060c,259634536
failed,push,e8bb94afd4bc27e200e575d9c58283197859ce65,259634402
failed,push,aa105b921271d66cfcf46531448ac813eaec6321,259634226
failed,push,948fa90f6c510e8b93e0b5ffdb792a7b30de3d55,259634101
failed,push,89b5280ad93e2d5685de1bdf031517f53e39f441,259633955
failed,push,e31f0b342509a2882df8f0b9a0f9d5db3c1292d1,259633756
failed,push,e3407ae74674c5f84af89341826ec5e98106f90e,259633604
failed,push,340fcac171bf787de4044fa70f0f81b646eb25c9,259633441
failed,push,8f099b5ef1224b5c2c4c8ca023a9d00ca5eb9615,259633343
failed,push,2d8b0ec866c44de8f88c33284d8689c9b4aa757a,259633180
failed,push,b463291a83938a484c242ecf4a8a9b67d5c21a8d,259633037
failed,push,21c84468a1055652b2ae8bd93e518d1542fa734b,259632913
failed,push,4a0d7b9c341b12f409e4c7518032f0f2bcbeae32,259632804
failed,push,e80f3616873e741d2fd4c4b51e0632d8f8522c22,259632606
failed,push,a8dfb6bf541940c636590119ef2fb45c1fa659c9,259632439
failed,push,5f768bfa368a1261899c83b11c71c5a03e86e029,259632305
failed,push,3af60fc2a09757360831249c4e8929ceaf4fac8e,259632162
failed,push,2f78af5b9ddc472bd5310cb0df6a532d0e7b7c10,259632073
failed,push,a2f7aa4605bbddf6aa59db489c22eecbe0b905be,259631966
failed,push,3af60fc2a09757360831249c4e8929ceaf4fac8e,259631829
failed,push,680ab3d35638077bf2bd679bb4502f4d65e1740b,259631675
failed,push,8e7db1e84353f5a2096b1a6d210e925ee989091f,259631511
failed,push,ec83464e136c7bc4bb0712e1f4003316b5926d3f,259631304
failed,push,990b36af5b0ca48490bfaa43eb0e7922d6035720,259631142
failed,push,08cb7b86ce6e3378f0210a18ab8f26638402ec96,259630975
failed,push,7564bd7331b44b1f8cf39d2522e20b530b468e2d,259630743
failed,push,43a0d113a11a77b9e8fff88e58ed88ccfecc8964,259630640
failed,push,32c6a1e7356530fa65eb1f8c6c58e1e673819093,259630553
failed,push,555124de01179c08bb87305a17e2806d79694a8d,259630453
failed,push,9a1c7f7ce91d1ef06be2522cf19f2e46cd75063b,259630239
failed,push,a790fd4c3501e1ab8cbe04dcda7353201068389b,259630093
failed,push,9b0de38ba6d6dbbc35909b249eb58aeb9ece49fe,259629912
failed,push,a9d68c5f128e04f50a1851ca1ba7fc7c774aae92,259629751
failed,push,d8fe03b6f50edbc5895bed013d7cf6da99dcdf33,259629561
failed,push,6bd5e47e85aceb8ef732b90675f57c987ef83833,259629373
failed,push,a0b3c18bb37fd69985b8613cbac668979a805c07,259629043
failed,push,02c683055a456041e19dc7f13fbda511a5ff345f,259628569
failed,push,c05aec832c1d686da9e2d727ed3d81861f403205,259628452
failed,push,749be716ccfa9214bc77f420e79db33ced6b9951,259628261
failed,push,ccf6b6cd0c2b1f573aaffcc0cb59adf09fa6d9f0,259628112
failed,push,4c5e3e655b75f96997c97c1fe7d7d3b24b448c6b,259627904
failed,push,6ac67e60cacd143cbdba7ce83e420f4069a65922,259627775
failed,push,abbc42c2a553006fb529a7eaabbccddb33497ea7,259627461
failed,push,64b4b717ecdba52e56df436a438997f014dd8eab,259627313
failed,push,9c74fae87c5646847622c898d659cd3574f5e7f4,259627169
failed,push,d0bc3e26734e8dbf9007e830e7071ab804805a44,259626977
failed,push,e18268f08504b2fa06c1b8b03bf878c68296fb27,259626803
failed,push,837c3cd46e3f936fa390a4220c7cbe1b03628217,259626617
failed,push,0275f917e31b34224129ba32a1f4817c2d26ba28,259626450
failed,push,19033e95da84f9253af333118863595522f7337a,259626274
failed,push,85b69e0ebfe5b5bb30f66eba12eb5b0c96796930,259626112
failed,push,a21f016af1ad323cf4b9d8bf78e2a58ff362f746,259625970
failed,push,d266a29bb32780fbaaa61831169ecd4e295a6d13,259625835
failed,push,da661ed29171a906e829b2dc143b80c731549e95,259625607
failed,push,4f2bf527834135a294fd178a68026c5078877c72,259625449
failed,push,5f0cbe71da9661203ff9e102abc5341b03457fdd,259625237
failed,push,f949cb840633ea2a24db5b6e73176ac997001f6c,259625077
failed,push,86b81181c6cb8888cf5722db555ad2b71a0eb983,259624834
failed,push,e1571d14080e2b5dec8a682b1e0c423c4681cebf,259624640
failed,push,87d0df1c0a5a9db9e0c5be277159b3dc87c08d51,259624384
failed,push,8641ad7bb7872142e7818df4bc32d7c556e8eb84,259624150
failed,push,131034ce04563196c4123676eb113814bfcd70c9,259624017
failed,push,9d2bdfff9e686f681ce5ab324ac3fb080cb47c61,259623906
failed,push,98fef8d23219aabc5d877ea0377bad1b835399a4,259623792
failed,push,7a5c3ebb07aa0727e19532ce047a304362f8a552,259623678
failed,push,46cc2b4bff4c21134cfcaac59dff50936c8d27b4,259623547
failed,push,03a0e091624266bc7acd91b654e9e3ae11a444cb,259623338
failed,push,b08ffd0e897ae4aa6b3319622fe5cc79db21a58f,259623085
failed,push,9e4e3c4833cfe2926ae6b564cc862db2d060011c,259622965
failed,push,1a4961a30246af503a7d43ca460357f57effef03,259622856
failed,push,015d656e33b4b16489e7334fbf138f769fd2c40d,259622754
failed,push,41a27037ca61a685cbe904a11235b09d71472580,259622569
failed,push,d1a0f9d3942c8b2758188373e0698933cbc1998b,259622461
failed,push,90d61a5ded7ab7856605a3096831d90b3afe3902,259622284
failed,push,bc3eedae9fa8effbc6facf5bb4671523654ed68b,259622129
failed,push,17d73345d40be99a1866f87d4d3a198c279d0fbb,259621954
failed,push,816d87f4ace36372f9f1409997bf7dd37cf42608,259621767
failed,push,49215fe1af4a9f7b34764295d599e78a2453f46e,259621567
failed,push,5cba6d2dc0a1ae14aedf9db8a360a63d7c43092d,259621482
failed,push,e01811ba492a5e015964b3c3d7fc33e42881bac1,259621256
failed,push,719317b4bf8a739dbedbfe522a39736cc7c8bfb4,259620969
failed,push,04c1f88f35107eff40f710088d9f73aa1c82ee16,259620685
failed,push,0f2934c73914ac4db7061482ac3516b886102078,259620365
failed,push,fb1dba0f0d661a8663edaeb873c08eefe549e0d4,259620095
failed,push,95f924ba9c49c4859ca045276de4e5b0bfffbdad,259619912
failed,push,cac8c1d601c2764960f6a3cc8c80682814c703bd,259619682
failed,push,2e41eddf33a35eeccf1abda7123c0f1721ea5c95,259619483
failed,push,8929284ac27d7f5895863325c3cc5e14b6f7988a,259619271
failed,push,1bf7bcf35c4141407e6ef3a178d25e8bf19e19b3,259618999
failed,push,6b032a58ab78091b096c59ff8ecf54e6bad9e88c,259618636
failed,push,dcf4cf70e93d78cb27dc21324d55067be29ca328,259618452
failed,push,8744c5e921a993447be97be352ceb972663f31cf,259618240
failed,push,092edc7c7d4dc904bbc4af416d16b584f8e919e7,259618005
failed,push,1bb4896c47b13dd3112958b1c357301a28bbd2cf,259617866
failed,push,66173e07f13bf8dd1facf02c9156e4e5d233fee1,259617601
failed,push,6bd16a22333e4fe3cfa803761de9e31ea1c7eb3f,259617393
failed,push,f80db1f7e79697ef970dd33f47cddbeb1794404f,259617178
failed,push,722fd424363576ffd561a55ddfa41916b63a8309,259616901
failed,push,dd59a14b3e53b2202faf698e622c328ee95fbb41,259616679
failed,push,37f3b79a6b1cf7a24dd8a428362337f0b7358654,259616475
failed,push,91a47fa17cd9d59c161318e7c92050b0042b09ab,259616207
failed,push,b63c969da5a890ff63d820e3b8d0c53896b19d30,259616064
failed,push,9c2460f18399887a028a484b51e886209b3b2b73,259615847
failed,push,7ce77e824edeeb1abca1338ed6c99b309770221b,259615543
failed,push,56cf1c3523d39ad0186611d8ae5f391f95964931,259615305
failed,push,f3ffa6e7272ae9c68ac73e008817fef11838338c,259615042
failed,push,23f5c3ca6d2c804118e18a222f2dc34f44c733ac,259614784
failed,push,93a59293647f024cb554fb5b91a261aa8f8b085e,259614559
failed,push,4e555a6c06c24913152e6efd34bdf3346756adde,259614400
failed,push,d2f688318edf3da39196da838aa4d4cd6cb73787,259614229
failed,push,ac01f2b7cb9940a922076afb9f961cee8d50f5cd,259614026
failed,push,990bf0039c4481ee1ce8aaca1bdbce802046397a,259613662
failed,push,2a32037920d407a5e2ea1474ef917eda243586db,259613487
failed,push,ff62ffd398522011b74f2d4f2cfb33a8a9a47fc2,259613227
failed,push,79f6243c624000b8034bc2f3fb2a21198e1dd421,259612964
failed,push,f5c5ed64c6d9e020a4907c9667fcbd03715b7ba0,259612783
failed,push,c0b52d477f3c00aeeae399afb371d59d578a9fab,259612390
failed,push,ea6af309d67fa96d61d6ef84f86476078ebca824,259612162
failed,push,44fd6f949cb8d38695d6e6f0c484d2b5dffeabc6,259611906
failed,push,52b8f1a02b12ce06550ae337ca52cae52e3786d1,259611339
failed,push,e37d48d5556503b3c29349a2b09cc7ea8db71f3b,259611111
failed,push,d958276736b37013a83f27900a2d5a9cd4310051,259610865
failed,push,fea6aff8b4b3f3481b336e7e8c39b12806589d04,259610756
failed,push,862e7cff19a69fd05538e97938465c370946945e,259610412
failed,push,e94589e754e1549495930de4af67d26ab894db85,259610234
failed,push,58cc34204ab81f1eff49fd195a6998481207cb60,259609908
failed,push,b3c1bcdffb47960fd8988cc1916c2997f590e343,259609641
failed,push,5fdd42398007669fbbef78ece15e03a4817088a4,259609206
failed,push,65c699ddbd9ecea2c4f6dc2819972f471190c794,259608949
failed,push,1c644ae117e307e8c69df75706337fb5bd5387b8,259608565
failed,push,bb02aabd21c102c4e3f7da13d4cc0f807022c9b0,259608335
failed,push,439bdff274b2896edf9f307f2d47083871b16fba,259608105
failed,push,9ec0e29c194e63d6dbfa02bb62592770ea81e383,259607758
failed,push,bc7578010f76b3afad1a3da8786e7d2fcc60c418,259607557
failed,push,41725c50eb032f1b4d9b1f3ae6062d6e4a3794f7,259607266
failed,push,f7b0deeab4e50aaf6f41aff0f3f687c044502934,259607041
failed,push,21fd410b23d54b0652d2a277d16760d71e546ea2,259606706
failed,push,9a36823044545b303c5c47f5864683638dfafd72,259606495
failed,push,da55f46bb8f1edbbb257fe845a5c70cc14bd6378,259606106
failed,push,59abdeba2e263f2a97e22d954d1e51030b19227a,259605706
failed,push,e33035bf4a0df538a2765395f18fe22c5a454ff7,259605364
failed,push,1c04e5f7d615778ed7540e93c3d0e19414010282,259605126
failed,push,a76aba767a14ad7f5d61ab3421113f742661bffe,259604748
failed,push,dcd85bf5d48afb0530e7c19a52d6ac1046894749,259604592
failed,push,4fb9ead39c86e124d7f3245ffa73ba8556ea3006,259604357
failed,push,c8c754e8f606441c0b8e756dee3d8233894873e7,259603940
failed,push,b935eab11fe3cb16ed4099065e18608bc837280e,259603663
failed,push,198f7fa3d84c3e376a860eedcfcc2c443b08ff5e,259603341
failed,push,be00784b56e6e080894a0d0604e1bcb52e10bd2c,259603013
failed,push,964ee21d2808d4829239056beaf75ab1ccb3406a,259602695
failed,push,4a929666ed32b3d0381c0ca2391f5aaa0306cb39,259602506
failed,push,17a5b557bd4e72b671d8ece504fb1b69ddb6f3bd,259602345
failed,push,8fc806c25acceb4e2639a05fa30f235d5ba6c211,259602256
failed,push,93c1ecda2fc148c3c38c5669ef43adf01e273b35,259601663
failed,push,f0943f4b752a5f43a4e078cb2af77b133afbf990,259601440
failed,push,4853b56fe10fe1374f15993d351b809af8f3981f,259601192
failed,push,c8baa34e26d84ba3521fdab247cb97f880b785c8,259600870
failed,push,27d2a2d1abe4c63a5844ad4bb5d57da058b8f5d7,259600669
failed,push,ab12246f2bf662e65b9fe6f113cd8999c62de5ba,259600423
failed,push,f9664dd9fa3cde405322212ab667342be35a8a5f,259600080
failed,push,81a9d5f549548203e376c5d2a0a016b61bb47792,259599663
failed,push,070f6db05f0cf360fd845d59db027779202c580d,259599437
failed,push,5a1c41cd5a8983d6e3ba6b3dd4cbf018d88b52c5,259599212
failed,push,1999f3b0f7b4c74b10fee09e79d0108b47c76920,259598858
failed,push,0780b1f84e675d3c755b04ab885fa44d266adf81,259598711
failed,push,34b9a995a3a287675834c4aea7a6f2ffb8a238c1,259598430
failed,push,a8ac2f4938773442bc79fb596018cbc70b9733ec,259598184
failed,push,7b277961a69be0e0ea0c6c5ad54a9337da7bd3d5,259597956
failed,push,9e787572a084b225fd9b4192f98140f75d14e068,259597772
failed,push,1dbb9d7c3ee96fc04cdfe04a33f2ea850d3038e3,259597030
failed,push,93a648fad3e8b0cbd00e2699e3902a5c09263854,259596776
failed,push,109bc4b57d5ce791474e2fcbaa3c1b77ba08eb16,259596492
failed,push,855230b3b40decefecacd8c1be82f6a04e2a9dce,259596186
failed,push,34844be5ef0e0bc7387661b6c7457ee52bc58db5,259595846
failed,push,e304a6b54e05b1480716733f1a80026817ab8e24,259595575
failed,push,b0151e99f43a91a09bc63b1c04a8020ba319b26e,259595419
failed,push,460659cfedfb8c51a4477a5d4fe387ab56f87047,259595205
failed,push,3aaf8b7fc3b0631508358be11f341df20e14221d,259595002
failed,push,b17b7ef1bff93840df35b2f649c980c994a1bb81,259594691
failed,push,a2016835785d8c3eedfa6247bf3a7042dd007500,259594388
failed,push,fcbf25fd74dcdb633a24523cd54d28e8a8ca63bf,259594139
failed,push,e602c526f7b50fc92ace8bf668125fec3c449eef,259593845
failed,push,7015c85a5485fef204d248319806aec34aa3aed3,259593465
failed,push,6373e37cb878a48a336a09f3a76418e0ff4dc12c,259593219
failed,push,4bb0fb854f9178f95f6e5226cfba7d02296118fb,259592762
failed,push,fbd4b7e179e0cf895e94806d39a2bf6118e84f77,259592449
failed,push,ac3c8b90b2f042446e3ece3acbefcfe879806f53,259592317
failed,push,6a0a5752aa1fefd049f2da5a2fe24da0568d88da,259591987
failed,push,fccc0f01aa485d728fbc220f30956a4b6917de83,259591679
failed,push,f3b3adc7e4b35b66dfb1e8370880cab2afbf4701,259591403
failed,push,c919507bfadddf96f7bcf67a8d1e79aaa05b019b,259591173
failed,push,b5d21229d28b0116359084a9340aa03acba0a00a,259590914
failed,push,bf9b99d225a469422c6112b49d21bb61a616ae80,259590649
failed,push,4eb576e49545e33c02a3826e678d053c57174105,259590305
failed,push,79099f04f9d85360fcb86c149389dd9a4dcbb3db,259590121
failed,push,932532c5e2844eec0e407e381973844b082b40a3,259589892
failed,push,4bd95c86673f1f654951a267299bee262053e977,259589573
failed,push,2e5c0fefba8ec6c825334fd224e1149a49f4b2b5,259589258
failed,push,90f3deee4a473e2416b24d077c73c822e1000357,259589001
failed,push,f4571efd0ccb38775489c3ac61f9bc2b45f94d41,259588697
failed,push,8fbc4f16571a33e963383eafae5c929fba56118e,259588493
failed,push,0013889501f85814f50c74bf4155e6755864029a,259588066
failed,push,1b5eef7e35cc81393483b6c53cab32568e09f5a5,259587666
failed,push,c93bf4d0c2bda003ba6efd92f3fc3d9f9d492cf1,259587115
failed,push,e7699d3775e68223f5acc7b3afc6b199c279f747,259586650
failed,push,20ff7ab1e18fe96cdbb6434a1e48d9c432c0f01f,259586352
failed,push,a35d47f2bac5bd96cb8e675e74bc732ebc518226,259585890
failed,push,d8ca6b93af363b8bee003e2996bd8aae18ffdf68,259585609
failed,push,702c142f976357c348e88499b8a805ce4ec18ede,259585162
failed,push,e514a216894e46419a7558ec158f976ae4a239c9,259584886
failed,push,05636cc3b180d22cc4bed1e16357f07fe19f4bc2,259584519
failed,push,4e040c26eeebbfb02036fb73450dd4b3abea00e6,259584202
failed,push,9d8f3b83154513905c4eb902df7e6ea21c8aa91f,259584002
failed,push,76ec686c74105b22a96f6f36c3bc2046660aee0e,259583700
failed,push,00b26db59fa98127ac51960f465b143ad2bb7a42,259583391
failed,push,af99ecc8e74d6d1ae8cba355fb67eccc0a9dc9b9,259583093
failed,push,694a2976479b6fc5e605a6929a2847b4eda3d9ba,259582741
failed,push,263beb3d023afd68d8e0552d382a63e13e4fd84c,259582129
failed,push,ef664d8131e9fb4593ae5ccc1549a5d78d80d6e7,259581579
failed,push,2cf507d1cd76d6dac6bef75cdd01316e10dbbf20,259581262
failed,push,3bbdf852a5702c762f7b27086150868507a2bb5b,259581030
failed,push,866a8dbfad310ddb54c11a2ccdd8274797dbba23,259580714
failed,push,2cf507d1cd76d6dac6bef75cdd01316e10dbbf20,259580478
failed,push,cfd5c22d858f34509646eeaa50226f7d0ea8e3d5,259580259
failed,push,425c54ce99cf35ac683b56d05069103af97e1712,259580010
failed,push,7a1dcefd30e4232f0e376ffad1083b6eceb90bef,259579667
failed,push,7b49878144a5ade311f599af4ec8d01b3be6ac4f,259579535
failed,push,58f2119410a7223a8ed90e69132a1cc8a60de8bb,259579245
failed,push,866a8dbfad310ddb54c11a2ccdd8274797dbba23,259578941
failed,push,be3c8c797061806f293102dd937803955b394b2f,259578485
failed,push,58f2119410a7223a8ed90e69132a1cc8a60de8bb,259578233
failed,push,c90da39304892d7b2ada9e30db03181121f2a590,259577955
failed,push,c2db3b30c9a5f3531ee3048bf2512d85356de00c,259577696
failed,push,bbfb8449535d1497c591bcdf13cf672d66468c4c,259577278
failed,push,ffcdaf9d7c0c184114a2480158d381381c3e3e44,259576944
failed,push,851cb859959be8de2005a12b5c068cd5c253562e,259576550
failed,push,1dd4303bea5966c298b27249aff10c34db428758,259576207
failed,push,90f0e8cc0f03a0f6a68293240fde557efae7d111,259575882
failed,push,26983aa648ad3ac1f832a5d88f28d1056d33ef01,259575597
failed,push,8cd2aa322ac7ab54ed7279a81e25269a1522b0ad,259575277
failed,push,5aac669b5fb3284cba5a201a990d299a0c28460e,259575014
failed,push,19e95d1653b69f929537f79a2568b3f6310e4c78,259574674
failed,push,4e8736f863c0d77105412813609f536d7eb2d10c,259574394
failed,push,98471cac929b92fba851a9fd767b4faab0330ae3,259574049
failed,push,fcae0f3ddd5fea09a2f2c17cdb32fe49cabce7f0,259573588
failed,push,8770011f9fa21831b06a2c357aafcc4d96308d95,259573243
failed,push,e54d137aa07746acd2897ee349bd9196d08fceae,259573080
failed,push,53a667e4d55181f1c4361cfa0c3a0e75cc8a66e9,259572745
failed,push,944aaf165c458441153a0f3726e2734617bcdec2,259572442
failed,push,561e3de6ec7754966bd38c5a1d0d18a53d2efe31,259572050
failed,push,1c78e92e1641beb995797163223a881b0d03d007,259571660
failed,push,f26713f068a5cc86292dc43497029c49e8f42d1e,259571241
failed,push,34c0b765eec459a09815a76e332cbdd7fe508b0f,259570898
failed,push,33c46d4ad639ff8b14f30bcba6edd47f6789e0ae,259570603
failed,push,3152a6c7a056b116b40bd21e39e6261a586e9b8a,259570070
failed,push,e2892b3a0a19fcb81d09bbed17187196bee0f87f,259569696
failed,push,19bbda52104ab725f5045e0420bda353828a7d37,259569213
failed,push,002046336d2f69541f0bde3a87795b1fc3c7a318,259568861
failed,push,e212d4e18ee58b01ae5cdecdb99f8c530f07dafc,259568343
failed,push,ad5d3d9d7f084c8fa6441a279c42bc82d4dc4cb1,259568053
failed,push,2f87f4b036c54ca33d8fb9d401364ba15ab804ed,259567733
failed,push,75a1c43c27f25f82cbf1800ce7e6ec4bcfe35e36,259567288
failed,push,f08b1781ae91980115f3ea678d2505aa67f7fa08,259566898
failed,push,510470aa2389a875935311df104e13ca840a9c8f,259566387
failed,push,e25743a8e90bd9ae10caadcdd428b2c2c2cd7edc,259565924
failed,push,2fa671684833c2f9938eb90bf5ca0f572a19b76c,259565634
failed,push,9f401acbe796fa23ebae98bf114f58225355731a,259565212
failed,push,12cc40163b0ab4aafc6e71a82d093843e52cf62d,259564980
failed,push,0033930c56f8fff8d2f860f3d003837d75cb8535,259564680
failed,push,94012499a5b28e80286f6e8f430d3e44e0420e15,259564221
failed,push,8a246909c9de8773dc6fa7f087326077f7411cc3,259563645
failed,push,2705f7742641aac0515b7b518a55acf839cb0cff,259563229
failed,push,e594593c5e645bedd3cced43bf996d5faa7b9307,259562901
failed,push,b0c8dddfa50cf76549ac2d2d4a728401495166c7,259562433
failed,push,a63a856970d48ffeb4d6a10f17cf12a044eba2f8,259561994
failed,push,e32db9f60f4ca728816ebdf1475f6b04d93d6891,259561785
failed,push,54db11a4712bcdf101cc1703fed3176a267d6ce1,259561409
failed,push,a38525f11846aabc864be6dbf0951786a542fd44,259560804
failed,push,69eef13d84da4a30b1842fb352031dbceb315387,259560589
failed,push,554182f122d033536028446eea4ec18ad0d5eb86,259560235
failed,push,27401165f3416169aa5ab1202016714a8b35b6fb,259559799
failed,push,8ff07099a878f736c7184bbe06c782710f256481,259559545
failed,push,c618895fe223aebfb063b79d8933cf6e23ffa3e3,259559166
failed,push,f868a1fa4cfd623887612474ddab180ed99609de,259558658
failed,push,a079f6bc502ac081f77a282c6225f821f93cec91,259558054
failed,push,794877a8b17b958e6cac9f982e9a1c254991283e,259557709
failed,push,055e996e6a8b87049bb6fdc894a83e2d82dc0453,259557330
failed,push,88eb928857903a145de5b0c090982222af5a3885,259556998
failed,push,232bc03b390a1deacc87875a21c7b162033eb571,259556539
failed,push,1c9df5457832e32782b991d91c68606d9934e81f,259556215
failed,push,cd418b35c66f7863c63defcd758d59fe837b028f,259555702
failed,push,5e8d7d42d87de4eebf4e4104dd76e6922d751627,259555250
failed,push,7b6e84f84b7adb5c270b446307e3a674498bf216,259554983
failed,push,a8c8bb916ac1bed883cfa55f44870234d6cb2b50,259554533
failed,push,171e00a7e0f9ce2c40aabe9b3c7c8b212b6153ee,259554121
failed,push,c41ee17fe3e1c669d95122d4f82296c5091ee770,259553801
failed,push,62644306d5527bbbbe95b9c637095d4d5023747f,259553226
failed,push,b1cc0552361f9879321218767c53d8e963e593ab,259552904
failed,push,91c42bad09bd17c6b010dae7935366be687f2906,259552354
failed,push,063dd63550598ee2e40c8f5711f78f266d103350,259551825
failed,push,1ae0920eebf617a392c7942f51baa1221f3be55b,259551198
failed,push,8e0eb4033f6059cff83ca87485c8c6a59da67d65,259550836
failed,push,ed31c538ad15fcf5edda99f7c49b43e1273d623a,259550359
failed,push,492f213b0d49412766fe8d5b670d8e523dc585b7,259549840
failed,push,ca91fd4e1b5d4c46d0a3501cabf3ae247696d090,259549502
failed,push,30a9da72203a1af7dde803ea12519a6a1c413d87,259548797
failed,push,e900dab32219c1c9d1d48e69bbecc67977fa8bc5,259548413
failed,push,c1717ec01bc559a92d72abe0f25dc3790ea4187a,259547970
failed,push,436345a534c24d136e6ae3a23397dfa50cc603e8,259547321
failed,push,c35e6c925724602e93a7c5b53ba52cc66d4084a1,259546870
failed,push,b64e22d189248fd15f5e866c0511b3b048002b64,259546203
failed,push,2984925f47f11414ca45a6e11cd1b553faa7c2e3,259545714
failed,push,0adad4a033b7c862991a8b084da1d3cd623b9c4f,259545388
failed,push,57345e898eeed6d88a7c0f5b0fd88bb324503332,259545069
failed,push,96cc71775a4555f1da527bd582e0a9beeb6d9f8f,259544691
failed,push,1d272ee468c9db204321ee5c822e25bcf345e585,259543955
failed,push,0230d4e50c360574046c741216cb84d769cd1d7f,259543695
failed,push,317efff85d49464c59c72986f6a7df7942338779,259542851
failed,push,46f1f721d86d7caf9956fbc9e349b32061847d44,259542318
failed,push,7bce94eab6ec79b7055261087e7b74d9e4e831f6,259541785
failed,push,45251ee275ae3390b45c1afd650b5e5d339a4a00,259541214
failed,push,9846404992301b1848637ddae86f11df4cb8dfb9,259540794
failed,push,df409bdf078ed44a74a4f8917f250213532f9213,259540143
failed,push,50d0c831891bd95d659f4201968afd401cebfdf4,259539652
failed,push,1b9fb049fb4e04015450f662a56e2008a7a68edd,259538908
failed,push,a6852110631442bdf02b8c2a3139413823754f78,259538394
failed,push,742c790a5b7be85b627c861ed4f9bfe5e89ef75c,259537990
failed,push,989cda8e1c910bb2833512d297d6ee1df5124cbd,259537570
failed,push,9727335d6faeb752dc6b64ae6866d8ced3f0a079,259537034
failed,push,d4cbdfea2a1cd5fc185be914189d9299dc2b35de,259536421
failed,push,f92801adddb37e2e94c739f5db06bc310ec2fb71,259535586
failed,push,ae4c5521bf2202740fc211ee3d2e94881e414d59,259534974
failed,push,3c460ea68966129df95cbc80edc2d6241a5701eb,259534556
failed,push,555a8e56d775bdae09cd3615ed2dffd6ce2b2944,259534031
failed,push,b4ea261515e7f63f076ad01cc53a3d35765cb7e3,259533542
failed,push,68bbf75b8f62d46bbe62f61fedf08ba1bdd35886,259532889
failed,push,30d23f17fafe85eb7d76d7d0fd6e57a6747b37d8,259532234
failed,push,820637e1e1150d604578a4b85057b27e621d9ae0,259531475
failed,push,122437dcd222b239f70330667d8467fbb7013779,259530804
failed,push,c4407b9be09fed4a58b4e989e5060adab23a4326,259530170
failed,push,08f81e532f5ae66a1c1290b42b9feadcadc2a914,259529433
failed,push,7dd08e571e2bdf586d9ae0c6736dc1330817b740,259528611
failed,push,d6a79e7400317b30e637845430095ee45906e260,259527951
failed,push,ccb66af0c05c9fae4ae12ea5db66da27edd66a1b,259527159
failed,push,52e851181a7f1c95a8fc3207300aa695f153cd51,259526759
failed,push,1d9478c480c70a8442567596021f4ca3e26bcff4,259526168
failed,push,21c878962cc4af91999ff7320fa60f5b1bcf1692,259525713
failed,push,b7a9484c81141a637b44d539bab183631b2f402a,259524824
failed,push,6e436db36852ac9e845fc78c306dd90ac2d9b8fd,259524431
failed,push,919edb3912e35f432d1d76d2971beb0f32bbe20a,259524086
failed,push,cb488b95942bb0922ddef959b47dc8083debcf4e,259523451
failed,push,3aa5ae04bae0ba46aebddffe55f3cf40eed72812,259522778
failed,push,0c37bc37d30854eeead538ca359677afaccc5c7d,259522060
failed,push,f6e84086fd2fdd3d9de439d54ba5befef14b4dd0,259521600
failed,push,47043cf12ec70ad1994eaa8b099cdfb906ea44e1,259521159
failed,push,c238fc87c1c02d65666cf5111f585bba1328052e,259520836
failed,push,3e550039661ad9a2b90a70230013697b144271cc,259520542
failed,push,0d607d638735b41a195fb046484b5dc0783a9402,259520000
failed,push,d37d129ff179a822cee81e6e5e407e30c30930b6,259519350
failed,push,2577af7466d672988cd3290a88d5ac6b49070416,259518935
failed,push,bb538dc803bc2cc450381d15cc6b81ad33bc3e27,243821110
failed,push,bda0e554856d3f37e2e7c7ba6ad2a60e21e789ae,237953049
failed,push,312707e8091ab73f9743ce9e23e84b858c6833f0,237799056
failed,push,7925b6fdb41f2b7e4de8546db2249c203271befa,237798801
failed,push,a6db27ee6e9ef09b9ec41b40135ca90af2d22b98,237798692
failed,push,570f51453a994e99fd969e8484252af94be3a661,237798553
failed,push,2f5ee437370c5194bf593090203c40a302527e82,237798323
failed,push,4048fd10496811b366b4a4d3b8432f0bb370bc26,237798126
failed,push,8fc3d553ee61fa7d6f2ddbc3ba5b4d5bb5c8c47d,237797913
failed,push,e8f95aa29bf5be0522fbf7de1038ca046b709b20,237797584
failed,push,564e5de5cf43faea42220e44268ab06d17d7555e,237797404
failed,push,90874c1f3591bcadf21d05f9e2eb5eb6b7bbc4d2,237797262
failed,push,77b686a9d18869a6b044f077f1d2b466604a4805,237797143
failed,push,2010284998452ea7e20daf0f9a33ddeafb7c62a2,237796918
failed,push,47193dc85bcfd00f2dc03dc7f86c22f4cf6dd4e4,237796686
failed,push,3117247be2a9cdab8a83a1cfe198510f7a43a58b,237796583
failed,push,cf0818db6b63d2d22ce2cd26d0a1fab4d759c5f5,237796439
failed,push,204cfeab243e2b2e267674c881cbcd7ecfe5c88e,237796254
failed,push,9c8f85fb88f24d00dcc0be59c60641ae374fde47,237796065
failed,push,c6f0f36198263947ecb3bbd3bf0b13f9fdc92b10,237795949
failed,push,d2cd58e8fa939fe9f4066c5297ac4761b3da05c6,237795786
failed,push,dfce2e0f4cd4a8a4d847e96c78aebace5ebe01ab,237795549
failed,push,a9bdb7adc88248584203b5c92cc107a28fe1238c,237795346
failed,push,ec358ab4897e5f16352efa07ffe9997d49e260c5,237795203
failed,push,94d12dea7bcede8f70e02bc78bb865912478b9c3,237795036
failed,push,5923b7b1cc1ed021591e3492ba34c63854c639fd,237794848
failed,push,bc087c25d9f65e972c5841fb904ad80f5ad86878,237794630
failed,push,68e422bdf568eb00099f2b498334aa14bc6fdca6,237794422
failed,push,77b6adfbac26534becc4e2cb2989c839438c8781,237794213
failed,push,e8840780afc9ba8ebeaa4af9730f5e749cda4ebc,237794048
failed,push,e3670d50e448aa4b54566516e6d8cdcbdce6e529,237793905
failed,push,3a43fad5ce515021ee844b6fdec011a518f1d487,237793697
failed,push,10bae415603ce27b91e022c77791fc4c4e8af016,237793529
failed,push,e6c73ba4d9f59dd3a78cc6f87098676feb45d400,237793402
failed,push,1552d6ac4f5d0518bf44bf014d867cb06229f65e,237793144
failed,push,ee0096702955825bdad3c0fe1f889804dbabf787,237792852
failed,push,1422b79c4d323e3ed8cd25c0bdf64183476b426b,237792584
failed,push,d60407f65becfc936f4f6e5141151dee2f203cf9,237792425
failed,push,6f953a3f283b7890603979cab028c5a21e1cac41,237792219
failed,push,096516f629abed540b35c90d3cc8bad193f129ac,237792046
failed,push,9fa67a6f779b205b7975bb77c6be20df03b921b1,237791863
failed,push,a194acec6650225e34620c40353f39229eb67deb,237791593
failed,push,bf1fbf2433cfe65f0c41d4419ccbcea118308f53,237791372
failed,push,8e3c8546f3c3645458c7bcea869da8298998f2d3,237791254
failed,push,a22822ed96da14d05f04b8f1a02ebcb396138582,237791087
failed,push,a3be15d21420bd6daad04e14eb850843cbcf95f5,237790894
failed,push,ec9141be01f118a86f760d09b7eca2c81916150e,237790660
failed,push,93985fffe17566722589483a0bc39b0a4ba154df,237790365
failed,push,86414d2bdf5f9742a694f0ed0dc4e5342d2c3865,237790139
failed,push,83cd14e8f5c5685de390c72749aa553a91068267,237789920
failed,push,7345fceffca00205c2365b2a7a82d33b0b29e9b0,237789727
failed,push,ede11a0268721d163594021e0c877d551990743d,237789515
failed,push,669d9f9b43cb2536ff69fac39a036370f1cff574,237789267
failed,push,a2479279e1616a06fc91eb4d98b3bee68a302af0,237789122
failed,push,535dcec1396eb0583ea2a3d2358832f590b81700,237788869
failed,push,349be482886ece9c6d4d042fc40836938102a9e3,237788563
failed,push,dc1c1c630f4597f0e02c2124e9c5c832221cf3d7,237788461
failed,push,f5c275958e43175767e94b23408c01acd928feb9,237788198
failed,push,c59a4e579ad144b875f559d07240eb711b065bc6,237788006
failed,push,8e5967613daddac84d9e3ea0ef47d53d08dbd11e,237787791
failed,push,0cc2137ade50d0787aca61226113288acae2633b,237787624
failed,push,33a4d073fbad8cdd9424b2c59574600bb3e48bd8,237787485
failed,push,f460e79354c616cfb70a8205973afc8293c22236,237787299
failed,push,1f0af8076ddc74b54b4a25e0f8edda8cbc6ddd47,237787110
failed,push,bc571b6e6d62b08ad43c80dc0efaad1fb05223f3,237786818
failed,push,6ad6ea492fb5f8093425390cb98a4326f6cb8173,237786218
failed,push,a3acaf6188a589db0a8a7e6116d5a068dd82f2c3,237785728
failed,push,50cd7e136642023576ca5ccfbd44ad7da7ec3c39,237784818
failed,push,8f0bb63ec836677b70aef409f3bcef51331bd5fb,237784331
failed,push,b1d62820d1e66bbb18283201e3cbd0d935590e49,237783925
failed,push,a02765bf3d946f8314d32b7b7e76e85c6e910f67,237783734
failed,push,87b09c077fcb68699a3bece5e97c31a3c998d04f,237783570
failed,push,491e84c4f4afc43df409da05809bde88677059f1,237783431
failed,push,b22969411ab63c8d852d33e1137f67459f2cae06,237783305
failed,push,ad969117ddac0b3f65a77daf6d602318d7b170e8,237783151
failed,push,b446f1ad74a33e8c108b54c68f2654a8e27ab968,237782929
failed,push,794848806e1afb391a5417245213ab285f8ede2d,237782691
failed,push,d07af6c49d0889ed4842f19c395718556bd637e6,237782556
failed,push,0d84dfb91895ace9e46b3e18816674aa10c4c4cf,237782434
failed,push,212262ffa24a88029bef5410aceddb02c95a407b,237782262
failed,push,8aa17028931ff5af1453ba60fc9c9946052fa92a,237782152
failed,push,7df328bfd3b276d1d40d758a67cade7ad8ca16cd,237781969
failed,push,3ab447241f111139c143f8286478c4ed5bad59d5,237781823
failed,push,2a9c528010239af4bc9173be80119d0ef7ca5b97,237781671
failed,push,bda0e554856d3f37e2e7c7ba6ad2a60e21e789ae,237781530
failed,push,c44ee125c26257cf94e1fdefed58c07682f85704,230232057
failed,push,7d17a4c8bfdc1dfe48fada749acaf49321c358fe,230231924
failed,push,80ae9417866fa61bb6be59b07d0ea77d5167f90d,230231658
failed,push,e678e85ac17cc98d034bed5c7e5a7c5c7f222d70,230231511
failed,push,ce222120e0248ec725a2b708ee099b862812d935,230231302
failed,push,80138d5b2dcccf8153fe313e45073ef94700edb9,230231169
failed,push,e5b81f03f24242b10022b8850d03ac4283eec1a7,230230993
failed,push,db4cbdcf61a0d96a963dd7706f750dafbc21c7c1,230230826
failed,push,f754801b260d79252a767c1798f1fa2d0334564d,230230668
failed,push,fe54d9dd840aee8cdee8c98149fdc86faa386c9b,230230487
failed,push,e85a28a5f9a19f3f388cbfd7b14cf50dd7ec6cca,230230275
failed,push,99932eb26645690ab2a11dd2a47b2fec3d151ccc,230230051
failed,push,6661aa183f4dcb2c7778dc3a299f472045efedad,230229890
failed,push,9824ebd0d9a6c3db462f7a15a188aba9397c2e24,230229719
failed,push,54c0a0a3dc80826133ca7e62f2199119cf0384d1,230229579
failed,push,a8ec58136a8ac878399f9d8ebd7647052963e766,230229368
failed,push,e09290315d980717d8327a6faa6861f9857c8601,230229142
failed,push,1ea6b89f64624df0f2600f964b7b45b2a5f20f57,230228961
failed,push,c03407ec4b88c57989b0468350b9d84d45a0345d,230228777
failed,push,115c089f04fc2ec00d4b96b518bbfefbca94040f,230228660
failed,push,6e7d1753d822fe803c94669619e16a563c10aa16,230228464
failed,push,58c29bcfc32d03edacf9852fcaf926aced2f6d06,230228245
failed,push,bbc7faeda7337ec168e3aa04cbef7dd1bd2707f2,230228101
failed,push,1939d082a75aeb836557f6edbcc31711c2c02f04,230227971
failed,push,d2cb0b8e65fad3d96d168833de0c1f714b921747,230227809
failed,push,cf1a4f006cb1f2f1cb03092b3c31ac368017355d,230227653
failed,push,81aec1003ae17472dbfd844c8dfb3cdd39c0ab1c,230227332
failed,push,52448781e75a37ceb5b3e9d2d83d18042e736fd4,230227056
failed,push,3221939c47682bb85dc69f644c3f753755667321,230226714
failed,push,9ddfd0063d23036107b92b35f91721e05d5ecc34,230226277
failed,push,cb3be2e3baf16f3fc4614fbcd4b0590fd9769aad,230226083
failed,push,b1e645bc6a3b2a41ced89d806b1270fe6ab3faab,230225865
failed,push,d6dc603eb60ea8710d624e6d4ac0d8c6c233103f,230225594
failed,push,62b7bc4b7a8923d3df150caf26248f6879bfb2ff,230225343
failed,push,6279b386913183d184c6560fe11a6b833e2e3497,230225166
failed,push,d4823d129b934b86befc83354378fe924d682c6f,230225063
failed,push,122fb763889c78779ea90d3f33fdd78a559e3ff7,230224896
failed,push,9a9dea047032da05bca759d99b70b62585a4ec67,230224756
failed,push,db49b31fd5d39c6de7d19eb5672e009107a02a86,230224582
failed,push,e16330642d0397ca6c704399142e36bdebf83dd3,230224429
failed,push,2c89c2249d1b1a9a1b31b1a086963ee8e930926d,230224139
failed,push,fdf27ad7a149407a92546b7a03aa95598cf23236,230223839
failed,push,16f27da45edc33a1e80a9b128a57f9e308f07ed0,230223510
failed,push,d0b7e636ff5581b6875b3f531d661623c40ae984,230223392
failed,push,e9e87a84942cd89794120c805e5a7d7f44f1992b,230223265
failed,push,fcd8ae30255c18d8e93b2168f1b9729bf761851a,230223145
failed,push,0eb87b8fabaf9c8235ff18bfa81177e4d517b0e6,230223007
failed,push,2ca0ac92d9c7124bc49e85bd2de412f97711d6f7,230222890
failed,push,0a32ae6204a63ee84815028a5d9e52cf4596bc93,230222594
failed,push,ba2b8fa3d5a09b14c59d17e40f1ad2bba473b2db,230222441
failed,push,51e0d4e5a71456bc63f506ae100f1e0cff54f2fb,230222334
failed,push,0def5a2ca1466a04095b91587c786a3be0bd77fd,230222120
failed,push,c82dc968083297c68e33c206a5010d01c09f812b,230221982
failed,push,484f41867f297e0ec5a1d8736020dcfbde27541f,230221843
failed,push,b9b2d3a4fd16efeb78c3ebd05707194a037e0524,230221719
failed,push,8a2ee262ab74535ae6faf57f8b332e78601f503f,230221471
failed,push,6145de7546bfa7a252dab82749e947066ba4f117,230221282
failed,push,f366c5b81d130f76009b9c5a640a483f8072c8c9,230221162
failed,push,58654dfcb12ef86470505bd7ac26180581833b17,230220992
failed,push,308054477874b8af5f6133e559091dd41e419476,230220845
failed,push,d0e5579b4875eb83fc65385dc66ba5478e7f5c1d,230220614
failed,push,30152bc1b30992662604fc9b1221fd3a607ae734,230220453
failed,push,5652391d108b706672370be70f004e07f11a2dff,230220272
failed,push,e5b19d0c0ec6d7034827fe88f5a03c9ee452a4f2,230220075
failed,push,a248ff3c93dca0810a585a26523b43e4778b4b1d,230219810
failed,push,38c3ca05357f60b9d35d3c65ab38fcc4574785a2,230219693
failed,push,3d89ae76ba23f3f3e4c160a7696932320995ccbc,230219456
failed,push,c67808c9a35659cd13c959c383feb79d1e2e7253,230219370
failed,push,dfebc202778dac04c97be68666e58178fc99aea5,230219238
failed,push,9628ef8d957fc975615b9e2e0193bef6e595fb43,230218929
failed,push,9e771b18772371b1b2d81c8e67188b2f09a2e7a5,230218775
failed,push,6143fb75cfc0cc4e6b341756188f8284329c5a0a,230218614
failed,push,e8759326ae7a4e34bb1c79ff034347b1294e6937,230218228
failed,push,12140b431e78fb581f79810a7b713ba94822d39f,230218032
failed,push,158ce13943dc992227c3e8ba2783ff16fdd24fe4,230217842
failed,push,8ca9820c516d0184b2ab288d84836cc69e844c75,230217684
failed,push,d0277066acd85e86ec863448dcf1871b0d91921e,230217471
failed,push,a221b001c8dca67bf753052becebe88b5ee4655e,230217358
failed,push,ec85bf6a51611db520119b15e4fd24d704e36fa7,230217149
failed,push,5e0aa31691b4cc3a80894fd7d45bc88a5f32e21d,230217006
failed,push,8550a30b36d2e431c37f0e522037193957fdb3f3,230216815
failed,push,2929688fc86f5fc925da4a38fa80bfc984100007,230216569
failed,push,a5fb59ad399b2b9572ddbbd8df814a49e3dfd4d6,230216325
failed,push,c9b3efd3fd84fadf735256733a63b88a24f9abdf,230216183
failed,push,188c99a58dc3d940cd2028b2f577b750c9e75b6c,230216076
failed,push,63a16cf6adaccf1b97aa10622ed5c5508a3ad462,230215827
failed,push,be7ef7c5de4d143eb431d13f901730b6499293f1,230215720
failed,push,3f9bab4b3990329c4e6629b9f7f8e49a591aff12,230215587
failed,push,1bd35a3f5d4eef3bbfb410534050cec1fe0d1f2b,230215314
failed,push,ba3ec39943fe0a93a5d15c0a312d19e6182cd812,230215065
failed,push,ab1b912163025eff6152ba4d30e76355560e3bd7,230214923
failed,push,96574fe5cc1bd8b8c5064d50e38fbe1d6a6ff4ea,230214780
failed,push,a61619d40276bfb480318f3eb8d16a920047575e,230214665
failed,push,3379aa7f6fe6b61a53b2e3a2f5a6454d306ee0de,230214462
failed,push,4fb92a081679d10dac5a0fc3db216ef1ce21ffa4,230214352
failed,push,4661f1e58d4f833b6e2f6e2a95ed25b7882e0a7c,230214237
failed,push,8383f2ca0e981e4f11775576b525ceced158ef2d,230213947
failed,push,cf3322db94fac26e9adb1c5a826992a181feb461,230213819
failed,push,f091fbc7bb88dd589390a57be1e1b562e28998dc,230213469
failed,push,95ada863534ea55bbe4e92ada8773eb42a638ab2,230213305
failed,push,075bb8dd187ff0f14ff987e0727085da68bba2f4,230213202
failed,push,ea7bbdc70c56450ee90010ef8a8d4f3126481e5b,230212881
failed,push,3c1d9899d136122c00b0389617eab3338cb15a70,230212801
failed,push,3375dc4ffa376fbd8b1c6c97012fd9065bc9e86b,230212687
failed,push,a0d5727ebc64ac0f20b4fbacc40842df7bbb9a66,230212379
failed,push,52420760084c1eb24cbcd2ab94b38bf7c6a306f5,230212228
failed,push,5022f2cd5a92f12e91266a9e87c083def03ecb48,230212089
failed,push,d0b0aca4018d39c96075b9a3d83a2bd6b34a29c0,230211953
failed,push,830dd90abb6b12fbd6db5416d30bac261a4323d8,230211820
failed,push,7af41c8221b8e828a6a5a6aadc51c3d4eb7c651e,230211681
failed,push,9242f14687676059ae9364d62bfbf78d4f8a0b2e,230211544
failed,push,db8f88c4927cbeb65648714d31cd881791d253f7,230211364
failed,push,0aa6761ea1586193a336061afa0e861123004296,230211240
failed,push,e99a7244413fa99a2f019672187897a0b4fc81f3,230211113
failed,push,cf5b047ebe6e66884e86fc8b551bff0301b299c4,230210992
failed,push,af795dec4b0541530590cf1874d51fa3c8c304dc,230210852
failed,push,8b2cd2e5dfd6e54338a8540129bc9471a0492626,230210598
failed,push,ecf76be690a31514fc29855f02f85d470ee1ee87,230210364
failed,push,0b21177a170abe043d64e3ffe10bcccfd469c461,230210205
failed,push,6452fe38f0bcea264e36095c99015a75dc3f848e,230210051
failed,push,79fc36fa3538c081a2eb5b8f21dc0ff82f1c6c07,230209946
failed,push,eff6679356edd0001825debbb1a67b18088b829f,230209744
failed,push,f246d649578ea08a4ba2f3655148bfaf45eaf672,230209539
failed,push,e9f5080d02109ba0072b740b6592366013f74e41,230209372
failed,push,c45d3a9f2eda9ddd0e5e61622cd7eb345b2e9229,230208636
failed,push,e8ff05f89f9751aef1ce0a39d90bfc2e51caae3e,230208476
failed,push,82bf213a3949ee5e0a638141325da3cf8dbc61b3,230208296
failed,push,f4446d8a9d55f1e386e77cfcbda5b5919abbc4e3,230208162
failed,push,e4a8fe216710ac7f9517640b78747e988c3691eb,230207994
failed,push,1530d621eace3df4e27b42f28a0126bd66893c23,230207824
failed,push,a414f21b3f26092a989d6d05b49749cff167a3ef,230207706
failed,push,98e2ce93d8904511d4a5892fa3c2a4e5998056d7,230207547
failed,push,26c210b32e2cef434ea6b0d9553c8e3d3f3979da,230207097
failed,push,114214dc3b049de0ec8597a10f9ea720960397bb,230206522
failed,push,60842c218ef0f0bec3fb73de60a5a4889f8a60b6,230206274
failed,push,55e841ebfd95394e6d77e87ab587b47771a4291b,230206136
failed,push,ff31a1ee090fd901e78242cf09464b5587dae104,230206002
failed,push,b297ffeee53943d8f4d0ce16aa4aa90cad0e442b,230205868
failed,push,921f62a4b92a7d23dcbffe473942a4554816a8f7,230205650
failed,push,f5ff8294e1deffa83b50a411faff678f544356cc,230205424
failed,push,498d17fc570b65dc3d2d92633aaab06aa655b1a4,230205273
failed,push,66cfa3894d1bb5c8d42b7187f62f72ba805a4853,230205170
failed,push,7fc7a43b9f3977d431214156d92c873465741b38,230205016
failed,push,f0209eb226d10557d62dc7b1f7f1391d40ec8ef5,230204792
failed,push,a1bfd1994ebc9d9bffd249ef4a8b5e3093d05b9c,230204682
failed,push,ea73032da48ee15fcb19aec8e629fdbce143a55e,230204450
failed,push,fefb543987af36df13f6f301967aa6fecb0a62bd,230204308
failed,push,fec4cb75c01d7368a6e15e4ab23ae2c9b4c5221c,230204175
failed,push,d4ed90735e0f665bdb628507278af3ddf297e878,230204029
failed,push,16de7a01c44301c55d4a2d0792df20bde702b13d,230203884
failed,push,3022234acef58faa61f014462c31cd08f27595ec,230203670
failed,push,2e4bb858fa7d34d8fa37161edd5ec4f71e5942ac,230203431
failed,push,b7e1d9d557c2c7eddabf7efb0949f11f8c34d6ab,230203317
failed,push,ed92e49a646bb74fc960d4926ae1433e1099de26,230203098
failed,push,5cef44da71b221b55394bdfe8effd45a50723c4d,230202956
failed,push,0cd6cb6da8311820e74ac42ecd35cba0c5e35a91,230202821
failed,push,173ad2e3b049f374f210e52314ab190379da2400,230202687
failed,push,6c9d38513ac9dce0675b7766381a225c01b2136f,230202494
failed,push,36080754d674bec9cadb459ec1e718db028a48c9,230202358
failed,push,2079ccc75fca29357244918c9c7511456a3be501,230202176
failed,push,9b8cb9ca260d7cb547c22654ac947ba618d7d1e2,230201991
failed,push,2cf4c69dd8b4c2634244c8b156a02c0e70bf2d33,230201801
failed,push,2ac5a1a85ae4aff01cc3abdc7b4c2c0ebe633bc1,230201664
failed,push,56dadd89eebb67be1d4b222392a411c4e1b37f41,230201496
failed,push,117fa3008a1ccab3cbfd8c1b83fecb33e91fdca4,230201350
failed,push,5a3edde6160bd3cf98363298385bdd7590311137,230201185
failed,push,ad62c13a1436879c63eb64ed7f2f7c3880781161,230201057
failed,push,acb34123ba1ef8233b397657aa2881af1d732c14,230200841
failed,push,f2ef69d4cee3100f4af00ff501b1d2b4995d98f0,230200708
failed,push,08344fe62ebedfaa199e3258279b29acec7c88f8,230200463
failed,push,6926b3a8f75f19702b40d389e4416e17c7233aa9,230200282
failed,push,4087e1aec70d5121fa33c7acbe45187998af8d3a,230200191
failed,push,f4ca4f9ddfa9dc60ad8b6e1dcaa1d472b03939e6,230200077
failed,push,86fa506eb51aad0892dae78e12384d63821e24f4,230199865
failed,push,2373c5875b469d5a1b27404b01d9c5ad23f4ec3a,230199637
failed,push,87b642fcac8281dfaae055ba1ecf303d4421ed64,230199380
failed,push,333df790d4255d3b8a9aecaefefbbd80f91eac6c,230199178
failed,push,1b97171bda094efe6c12972cd11e2e489b0ecf30,230199005
failed,push,b44037f3d8d61ba94bb42d6a07913af55d76d49b,230198866
failed,push,18d970089599815c3d6426fa221dcf151ca9f1e1,230198684
failed,push,bb146d165b6a526a8f75d007421353b216bffbf9,230198599
failed,push,bf92340ac7f6719a70df69e830c4e55f4c3b6763,230198424
failed,push,33b3c912aa48c1e85d98a49e865d5e763cb5f342,230198279
failed,push,dc85d5d1e0f14cb9e87d7078baf8f19096943bab,230198097
failed,push,d69e1d202d08ac2155b7773f0391d8ba6426b314,230197955
failed,push,d8b1f9557e0a93798a3ce94b3c2c62fca3081758,230197816
failed,push,0bc1db8212aed4948f0b0a2b1043d0c671018519,230197712
failed,push,e37d465f452ed44e705173d76928033b4e16af96,230197542
failed,push,680ed02f6a8bcb9b0e24ce70e3d277cb7521137f,230197382
failed,push,66683b57f8fa9a7b6f59d4f205bd1c48169be3c9,230197260
failed,push,31e66922c44d00f1f496de07612c41c897d8acb6,230197080
failed,push,8df33ae82a19bc2bf16f12b12fabd59e602de0d4,230196963
failed,push,808e91998afc8298b9098516eebdd23d6f371486,230196833
failed,push,29c413314d9f1592749740c0fa94775146ee56c8,230196469
failed,push,36415fc389b253f4d224683f70d0ac18ab2b64b8,230196339
failed,push,2f29a6b74b33141b86a9d6b88e78b062d77f160c,230196183
failed,push,c2fd0e5a6426d4d29c10f8cddf1077701eb5cd5f,230195956
failed,push,d25cb870839aab1609990753fd7dceedaa4b6250,230195836
failed,push,d18f51cb7910a996408bbd98c477ef64b008c23b,230195747
failed,push,15408b700ea11adcfc29bd17b3c2515af87f3c02,230195599
failed,push,f6172aeecce94bd470d92da044dceeb4729c401c,230195434
failed,push,918ea65d03d527fb3340e2bad54d6bbdffd2b191,230195303
failed,push,a2eeb38003d92b418e77ef31030da7efe4306c9c,230195170
failed,push,d4de1d99f2e86e017db0a61022cf725959df9631,230195076
failed,push,fa6f772dc668cf33fed38032d03bbe58e27ac81a,230194983
failed,push,045481f1b59bac7a0a7dad08210c554c84d2007f,230194773
failed,push,40868a6395a0d98967986f5d77dfca43e5c1206f,230194659
failed,push,627f1ef1bf908b47f48e5f0ad2d7857906c344b3,230194478
failed,push,fdf85c27d89a34d52b5725c8e2d11b6478321809,230194368
failed,push,e69540d8fcb4ba284a5fac98ca92a1dee4e564e0,230194216
failed,push,84a7af7f54823a95bc890f8a769393a2f4e6914e,230194100
failed,push,d67e0040e8ea608c2fab4be7c5e52d59b1f56be4,230193863
failed,push,e4ce629e7cce2f4b2ed551643506c24eff2deaa7,230193660
failed,push,2ba4a18536789676ab939dde286724140c59856e,230193469
failed,push,3fa4246981719452c7581eb4dd7acc3bff9b2636,230193300
failed,push,c64592af9b9d16e07c8d5c2e7b73a7f9ff7e3145,230193058
failed,push,0c758979cba11a90e14e6bf638f8ce88ac04893e,230192757
failed,push,f303bb43d657cd01e9d6ec7df81c0f58017fe7df,230192550
failed,push,06ee352002ffb59c90ecdbbf71882db2d124bc00,230192418
failed,push,27dd4852ae07e1bf87d21a6938c55f121324f0fe,230192336
failed,push,506697d01051b73bb983931108ecbe5614ccf26f,230192164
failed,push,1ecc000aead84458ef8b74fa1adee28a3444a31f,230192007
failed,push,a22f40d1c18c2c0541d6918be8066d35bdc7eb96,230191872
failed,push,4f9e1dea289101739abc451bf26912522987148d,230191713
failed,push,729ca8a062c42e29e6d2352a671c0cfaab871ce8,230191588
failed,push,94fcdbf8237dd500ab03e54cf58758377f75e930,230191454
failed,push,e3bbe91081cc60896246ee788082088fc0c575b5,230191249
failed,push,e1906c8fcaa7219a5e39674d4a4c4daf4830b68e,230190901
failed,push,dda5acf61ebe9e89a9dda6b6afe738b6fd09bfa6,230190774
failed,push,996581b4319ec28dd9c5849b32119cc5c17678e2,230190518
failed,push,b322ab5b2cbeeecd6a6e472d8b23661b5333ddfa,230190271
failed,push,d546578366fc06ae7bfd41347d16f260c6e8147f,230190097
failed,push,43e0dbbf11df94457cfb46cdcc349e0004706eef,230189977
failed,push,f03fbbccce0b6a642a602328bd78bb33862a8705,230189609
failed,push,4d971368fd3e846889e36a9aeaaa1ccb51878db1,230189458
failed,push,2b008238bf5e64e355ec3cdd16c06a04b2fcd84c,230189237
failed,push,16c15332ffbeeea97c8d2246782d18c17c184f80,230189133
failed,push,ae93df65128809a36756f2c9b16e74ce89a7e00b,230188948
failed,push,c05a96101206a9fb5efe6dc56f7d90dd3aff60a9,230188695
failed,push,33554f7a301ba2ee4bce35c437515aad2c586e67,230188404
failed,push,e96d45b2b5a8a98bfa68aeaab8fd7f6e8419e0f2,230188197
failed,push,78aa23c7547216cee2a54d70b7243b62fbe39492,230187859
failed,push,e66f3f73c2bd067d3b47d2cc5641ed09abdd795d,230187590
failed,push,978a568364b5a488a803a3fea280f6210d92ecb3,230187271
failed,push,312707e8091ab73f9743ce9e23e84b858c6833f0,230187091
failed,push,7925b6fdb41f2b7e4de8546db2249c203271befa,230186962
failed,push,a6db27ee6e9ef09b9ec41b40135ca90af2d22b98,230186712
failed,push,570f51453a994e99fd969e8484252af94be3a661,230186542
failed,push,2f5ee437370c5194bf593090203c40a302527e82,230186225
failed,push,4048fd10496811b366b4a4d3b8432f0bb370bc26,230186061
failed,push,8fc3d553ee61fa7d6f2ddbc3ba5b4d5bb5c8c47d,230185827
failed,push,e8f95aa29bf5be0522fbf7de1038ca046b709b20,230185632
failed,push,564e5de5cf43faea42220e44268ab06d17d7555e,230185357
failed,push,90874c1f3591bcadf21d05f9e2eb5eb6b7bbc4d2,230185141
failed,push,77b686a9d18869a6b044f077f1d2b466604a4805,230184954
failed,push,2010284998452ea7e20daf0f9a33ddeafb7c62a2,230184821
failed,push,47193dc85bcfd00f2dc03dc7f86c22f4cf6dd4e4,230184682
failed,push,3117247be2a9cdab8a83a1cfe198510f7a43a58b,230184442
failed,push,cf0818db6b63d2d22ce2cd26d0a1fab4d759c5f5,230184336
failed,push,204cfeab243e2b2e267674c881cbcd7ecfe5c88e,230184162
failed,push,9c8f85fb88f24d00dcc0be59c60641ae374fde47,230183980
failed,push,c6f0f36198263947ecb3bbd3bf0b13f9fdc92b10,230183803
failed,push,d2cd58e8fa939fe9f4066c5297ac4761b3da05c6,230183585
failed,push,dfce2e0f4cd4a8a4d847e96c78aebace5ebe01ab,230183099
failed,push,a9bdb7adc88248584203b5c92cc107a28fe1238c,230182965
failed,push,ec358ab4897e5f16352efa07ffe9997d49e260c5,230182839
failed,push,94d12dea7bcede8f70e02bc78bb865912478b9c3,230182682
failed,push,5923b7b1cc1ed021591e3492ba34c63854c639fd,230182507
failed,push,bc087c25d9f65e972c5841fb904ad80f5ad86878,230182326
failed,push,68e422bdf568eb00099f2b498334aa14bc6fdca6,230182167
failed,push,77b6adfbac26534becc4e2cb2989c839438c8781,230182023
failed,push,e8840780afc9ba8ebeaa4af9730f5e749cda4ebc,230181847
failed,push,e3670d50e448aa4b54566516e6d8cdcbdce6e529,230181567
failed,push,3a43fad5ce515021ee844b6fdec011a518f1d487,230181398
failed,push,10bae415603ce27b91e022c77791fc4c4e8af016,230181173
failed,push,e6c73ba4d9f59dd3a78cc6f87098676feb45d400,230180939
failed,push,1552d6ac4f5d0518bf44bf014d867cb06229f65e,230180838
failed,push,ee0096702955825bdad3c0fe1f889804dbabf787,230180693
failed,push,1422b79c4d323e3ed8cd25c0bdf64183476b426b,230180576
failed,push,d60407f65becfc936f4f6e5141151dee2f203cf9,230180408
failed,push,6f953a3f283b7890603979cab028c5a21e1cac41,230180191
failed,push,096516f629abed540b35c90d3cc8bad193f129ac,230180018
failed,push,9fa67a6f779b205b7975bb77c6be20df03b921b1,230179820
failed,push,a194acec6650225e34620c40353f39229eb67deb,230179644
failed,push,bf1fbf2433cfe65f0c41d4419ccbcea118308f53,230179389
failed,push,8e3c8546f3c3645458c7bcea869da8298998f2d3,230179231
failed,push,a22822ed96da14d05f04b8f1a02ebcb396138582,230179094
failed,push,a3be15d21420bd6daad04e14eb850843cbcf95f5,230178693
failed,push,ec9141be01f118a86f760d09b7eca2c81916150e,230178537
failed,push,93985fffe17566722589483a0bc39b0a4ba154df,230178189
failed,push,86414d2bdf5f9742a694f0ed0dc4e5342d2c3865,230177850
failed,push,83cd14e8f5c5685de390c72749aa553a91068267,230177532
failed,push,7345fceffca00205c2365b2a7a82d33b0b29e9b0,230177383
failed,push,ede11a0268721d163594021e0c877d551990743d,230176960
failed,push,669d9f9b43cb2536ff69fac39a036370f1cff574,230176751
failed,push,a2479279e1616a06fc91eb4d98b3bee68a302af0,230176632
failed,push,535dcec1396eb0583ea2a3d2358832f590b81700,230176458
failed,push,349be482886ece9c6d4d042fc40836938102a9e3,230176214
failed,push,dc1c1c630f4597f0e02c2124e9c5c832221cf3d7,230176068
failed,push,f5c275958e43175767e94b23408c01acd928feb9,230175870
failed,push,c59a4e579ad144b875f559d07240eb711b065bc6,230175677
failed,push,8e5967613daddac84d9e3ea0ef47d53d08dbd11e,230175584
failed,push,0cc2137ade50d0787aca61226113288acae2633b,230175431
failed,push,33a4d073fbad8cdd9424b2c59574600bb3e48bd8,230175312
failed,push,f460e79354c616cfb70a8205973afc8293c22236,230175139
failed,push,1f0af8076ddc74b54b4a25e0f8edda8cbc6ddd47,230175019
failed,push,bc571b6e6d62b08ad43c80dc0efaad1fb05223f3,230174851
failed,push,6ad6ea492fb5f8093425390cb98a4326f6cb8173,230174674
failed,push,a3acaf6188a589db0a8a7e6116d5a068dd82f2c3,230174531
failed,push,50cd7e136642023576ca5ccfbd44ad7da7ec3c39,230174412
failed,push,8f0bb63ec836677b70aef409f3bcef51331bd5fb,230173767
failed,push,b1d62820d1e66bbb18283201e3cbd0d935590e49,230173562
failed,push,a02765bf3d946f8314d32b7b7e76e85c6e910f67,230173449
failed,push,87b09c077fcb68699a3bece5e97c31a3c998d04f,230173277
failed,push,491e84c4f4afc43df409da05809bde88677059f1,230173092
failed,push,b22969411ab63c8d852d33e1137f67459f2cae06,230173000
failed,push,ad969117ddac0b3f65a77daf6d602318d7b170e8,230172871
failed,push,b446f1ad74a33e8c108b54c68f2654a8e27ab968,230172725
failed,push,794848806e1afb391a5417245213ab285f8ede2d,230172593
failed,push,d07af6c49d0889ed4842f19c395718556bd637e6,230172409
failed,push,0d84dfb91895ace9e46b3e18816674aa10c4c4cf,230172257
failed,push,212262ffa24a88029bef5410aceddb02c95a407b,230172131
failed,push,8aa17028931ff5af1453ba60fc9c9946052fa92a,230171959
failed,push,7df328bfd3b276d1d40d758a67cade7ad8ca16cd,230171809
failed,push,3ab447241f111139c143f8286478c4ed5bad59d5,230171652
failed,push,2a9c528010239af4bc9173be80119d0ef7ca5b97,230171468
