Status,Type,Commit,ID
failed,push,8716e66fb7e046b2758961ab4c179bc977ca821a,297095589
failed,push,d3d6424983dee335df440a3b1bea4011c8b4c7fb,296624662
canceled,push,40aaaaf3c6b3b8c145ac9cf10d21581a21f14197,296616382
canceled,push,45db5cbea454dbcebf9bf9cf7e90f2579606a972,296614958
failed,push,3904aa002b8d4616af70b36a12289c334a39e93a,296275728
failed,push,0f0c6da39d2a83ae60c177fe64585c904a35c6f0,296128693
failed,pull,a58a97e09a9f8ace72f48c0268f870acf796a730,295813645
failed,push,e8d985ad0529d0223b143737c631fc43d8e61352,295660857
canceled,push,b2216ac4437903bcf730913637df2dbaef5a30e6,295660271
failed,push,f3e0e9b10517c6c479e25a9ce21b6b7a00f5949a,295659393
failed,push,30f0f728040098bef5ab5fdbc46819a67f1599b5,295265843
errored,push,1e640ea04eee0a45244d5006246d32162b51ec6f,295265604
started,push,1e640ea04eee0a45244d5006246d32162b51ec6f,295265382
failed,push,d228d4740499106ac92d9aff31e089495e8867dd,295262099
failed,push,cbf441b24a4ed646a586f2972bb717c4488c131d,295261892
canceled,push,cbf441b24a4ed646a586f2972bb717c4488c131d,295261688
canceled,push,178c32c99b1cddc85668669ee9640de1a4085447,295257776
failed,push,afa5f04fb6b343bfb4abf3f0889d62a7fc393c29,295257195
failed,push,d66e1bdf45bf4393aa47b589e2cfb41d21e13f1b,294741997
failed,push,2899d15ece36cc57474ceb3fdb5dbbedfb378424,293772278
failed,push,08d72ea8566881327f01161a34a1b62ef6dac6ed,293702442
canceled,push,2b3b4ccac6c0e58367118452c672bb10c439593d,293697797
failed,push,aef7c49482287b86d9504e34e96b0798eb2f4c88,293692620
canceled,push,146d87c7e527e79383f69a434bf2498fa4207d82,293674648
canceled,push,89eff3861e14abc022852e444850f3eeb5ed13f8,293670593
failed,push,1a11c3047ef1d3a3d82f267dfe2307b944727677,293655336
canceled,push,e21b5a14443f3d5ca21baf2e9969fffa23479769,293652044
canceled,push,9b300825586e79b874d1dcba4d930885af7561ac,293610847
failed,push,3c63f97f2ad17699c0fcb03dbff3f289e9a45cb3,293595628
failed,push,cce0cf380903e53f5501b0ee10d26bf2df311161,293525746
failed,push,901b4911069f3f6d4eb785eccf5e7833746a1321,293525446
failed,push,ea933127c5c6a10176e9329d12a2780e3fec1b49,292601162
canceled,push,20e6e3157bfaf0aea787756bd513e4c37b70406d,292077574
canceled,push,006e1e79348c260f64691e256ec16aa156a6c382,290556375
canceled,pull,25527472b4c60cde633da1e32485458ca92bb486,290505391
canceled,pull,4f4267b5f43496520c4192b7cf994d8ce6542a33,290504416
canceled,pull,4f4267b5f43496520c4192b7cf994d8ce6542a33,290504026
canceled,pull,ccb2ce553a17adb66c87498ab3e82c5e913f3247,290502145
failed,push,48ea96f2fefb1338510659fc83ef43a2e13c618e,290496081
canceled,push,b3c3fa3884646fb56b6c51f5486c27ec6e23d42e,290473071
failed,push,bcc7fb4eba22dc35de7a6ee7e70c807d5d13d1b4,290467517
failed,push,280b87abc46716e199aac05a4b415302da819ff5,290464845
failed,pull,b5e18566b569ed4f908379a77e7cc201817d6666,289652129
failed,push,de9af8fb240dd37659b295344b4ca5171deae0ff,288146442
failed,push,f070392afabcf591579616535a0a719aa9f06248,286962644
canceled,push,bd3fb00324cb6257f589c432e1000e975848c68c,286944443
canceled,push,b93c6c0aa8f70886a45b5b1bbcd8e240996fc461,286941647
canceled,push,eb9e52241dd0350729e65f0fd22555d53bc40998,286939224
failed,push,48351f88235440ddfc426e582712f56e0673fc2f,286916899
failed,push,e79b22c6fe60865d834c097b0f494bb54f46f8da,286916600
failed,push,8105c192fa8cd786fc3266521879072d4b586faf,285515251
failed,push,903215d6d1072c88f7c870d57975ba4a6ad79b33,285495408
failed,push,8f1c3202e3d47ce9c64d34099d9917ce3a7664f1,285463818
failed,push,a22deac08b92f84594aafec66ebc46c4986d153a,285433608
canceled,push,6d0f1a9f129c3fb8192ed0cc24186a9b6cec74be,285430406
canceled,push,3fba59e6c4e9439b8ea3c7d3a75acd7f7a974326,284642038
canceled,push,8cc44fbcb82294cc2fbbabe02fbf34a019afc015,284639829
canceled,push,219c35016be79507708544ca5eea19959c3eb282,284636304
failed,push,11ccec323e205b9e130e4851cd8752d8cf740316,284235895
failed,push,aafae001c67b4758094bf0ec927ba549b834b28d,284220831
errored,push,2a24ad85b9b37eca7302deca5f21159861d9f2a0,284206535
failed,push,3e72d1fe7156125d7343c1b28304ebb09e440c7e,284197558
failed,push,a6d9a65549e03a2c7e91da9b7ecac56a38f9da4d,283739835
canceled,push,79bcea3ba79f6b8bc2187d46c5bd7d0915425ee3,283710376
canceled,push,9581ec611b137bd5d6d2e254624d167f047734cf,283705260
failed,push,1cc59c6337ad368b6045a72f7d45f4ce7c7d94d6,283701188
failed,pull,ae5ac331b2c791084d17711519f88e1b1f3abe64,283202776
canceled,pull,cae9f713bcaa8f932f8bd3fa540ce9df1d9ee99f,282811532
canceled,pull,022b3d8b5a4e10c9c526b5ca54dafd98312ca1ec,282809843
failed,push,063dcabc8c4487018d56dba57640408cd89e49ec,282328718
failed,push,0be813da07dd5cf3cf158097175d33f1fa0391a0,282280453
failed,push,37d4303e1f134727cd5c9b91e26241a07482be44,280970273
canceled,push,895735346f7672d1a4a857b0f265b0fd26864fb7,280968174
canceled,push,3dc902fce5bd745c43a84704ce9de77478da7dec,280967433
canceled,push,91a7ff104c2c8b9d92c2786ddef845abae6f3867,280964569
failed,push,e622e8dbf7f015e85c81b2c36bf5c883f721b81b,280913286
failed,push,99827db2f0ec5597efff73283b46b81f0f761ada,280912666
canceled,push,99827db2f0ec5597efff73283b46b81f0f761ada,280912378
canceled,push,dd0f45f81ac084aa1cdc605eed506fad8d7a6af7,280909254
canceled,push,c45fbdebe8070845ed35b87711da4e6a9ccaa1b9,280904258
failed,push,f0abd5bf12593a13e66f528b8a8794a2a4abc370,280903892
canceled,push,f0abd5bf12593a13e66f528b8a8794a2a4abc370,280903666
canceled,push,871a7b188e5c54f5eed21a471f15e9e276cf6d2c,280902470
canceled,push,65247d52b51490f385372a5a715da4017962036e,280902081
canceled,push,5c381654a2f2b257a11d8fe9e2a18d44b2c6c908,280878319
canceled,push,f784778c97672fdc12684395db9958ff77263d4c,280872601
canceled,pull,3c85a1b0a1222949796b0eb5120677942a694f37,280781496
canceled,push,df7de8b4320684cad65aa4fea8920434148b5027,279977753
canceled,push,e42c9c1c2647b1ae498a479f21ca3770ad598ee7,279972341
canceled,push,5519fdec48a609da77eae07671a7972910708e5e,279538046
canceled,pull,ea9f1e5f2b61ae227621cc5022ff10fd62ca8749,279147174
canceled,pull,60758c55061293764d9214697afedfe9e9d46940,279116747
canceled,push,ad2b0105748562cf030a784513322f885c8f4bf5,278651611
canceled,push,1664bbe777296ecc0d2cdb7c128faf25a0f10a46,277851663
errored,pull,54c046f6ff13ce010b0e9adba65c99b4aaf1925d,277850769
canceled,push,d9fb14051b72c21e473d4e971dc5a0bbc4c60576,277850199
canceled,push,7d6fd352df088b1f07b79bcd1e573bad4dcb0a18,277805277
canceled,push,7d965d2f3110fe13ad596aec0651945447827699,277649034
canceled,push,f7d96690ebaa42f680de42726283ea3aa3e1e756,277648686
canceled,push,221bca75936cec6eb84f4c7ecb4f958986bc3a5e,277328430
canceled,push,515931532a5258e118504cddcdb23c25296ecfe1,277221927
canceled,push,64c887fa17185bc23baa8934830b4612f2beebed,276899643
canceled,push,d368c94262191c28d4e15d78497f83cef3f8690b,276895800
canceled,push,c387f8ecc98c8ad74b52bba0227f5705959be644,276881449
canceled,push,a209dcb1ab10610387848d455601ec60b26f4769,276311832
canceled,pull,63d750d6a2654b5981d34aa63a80563821751b25,276042360
errored,pull,a50271c94885e84f778be28a7403290391e5a2fc,276041217
canceled,push,0bb9115df2a0aa3e5c8d2d85c3af41f32ed4f989,275920000
canceled,push,86229ed1ccefb1e133a75e5976c80b3ea3b87ce1,275845493
failed,push,cdb13cf502712d7b6c93a365dd0bc39ebcd0d196,275843730
failed,push,0c4883c4d496a6b639685ae33aeac88798a68a66,275339936
errored,pull,36233dc5a5c38e08442b910f918fdea3259e56fb,275263802
canceled,push,3241e3bbffcdfb6b680808888f2f628c09bba7e0,275083995
canceled,push,c7f327d95d1ba62012679d3bc1b26eb5f3808e73,274993503
canceled,push,be1ac4b30433617d98101e750f96b8c4882661d8,274991777
canceled,push,8d65ddecd13d4905486eda73a4523f5c83b0d9c6,274990778
canceled,push,672795b57737dff1cffba0e32a13dc50f3f81ca7,274932744
canceled,push,97a4934b8a417bd178ca4ca16976744cb0051d46,274932377
canceled,push,a992925c8d590eb10b6b84b691c2ce431cbf7bbb,274931806
canceled,push,8ae18f3544b3c12cdecd0713aabe2224040fb48f,274927554
canceled,push,7f60643fc18f179ce26e91d9db24650efd26f9c5,274927111
canceled,push,8ae18f3544b3c12cdecd0713aabe2224040fb48f,274926797
canceled,push,827ac452b1f9ac98563d940746fe939dcb85fea8,274923635
canceled,push,b9106619bb1903826a8f3ed73d17f9bdb97fbbb0,274923428
canceled,push,827ac452b1f9ac98563d940746fe939dcb85fea8,274923218
canceled,push,98e88db97cd47e92931ee90bc46d03fc91514e05,274920799
canceled,push,0339bf00e3e91977cf1147186bbe226db011db7b,274664765
canceled,push,27b852e92239ee672cabb86eeb9fde756edadc48,274662877
canceled,push,f5d169b2a08509c72dbdc60789f895b127266e3b,274661918
canceled,push,02adb6ec5aea6499487379c01879f1dce9a63f7f,274597584
canceled,push,17d75c5dadaea4435d26ba26f93ad1cc476e79fa,274597271
canceled,push,02adb6ec5aea6499487379c01879f1dce9a63f7f,274596993
failed,push,45236c4b4d477336f5aef021b2eba57f96d0a12e,274587693
failed,push,e244b8a6c382f750bde3c5408ce07ac410e47f72,274587474
canceled,push,e244b8a6c382f750bde3c5408ce07ac410e47f72,274587175
canceled,push,8beb6fd9916c6217d2d67cfd275f0e94614baa45,274570757
errored,push,3c4a832c39ac0d989b03f21c757b901b4d73e6a0,274570291
errored,push,90e397d44c7752c0c4aec1205346cd448214668e,274568980
errored,push,db8e340d86a4d17b52895ed1f7082a31aaab1434,274568587
errored,pull,b03051f79a89d78cc26d11c7d0cabbc3e9680817,274568137
errored,push,bad837f664b805a19cfe9c0e17c5801a3210399c,274525029
errored,push,cf1a1905948bc9d42ddb882b2ea924708311c359,274522640
errored,pull,3424c19cefce1c7ea41881484d88c08a14f29aff,274518267
errored,pull,f2e251ed9f0e65f4a8eea2d3ba6daeb63bf0269e,274517908
canceled,push,097eb32cd6dffdce4af99c60e9f276df23c828b1,274500015
errored,pull,d1ed1c00dd1378297d4981f7741017505b0044e1,274341375
errored,pull,f2d3b901b412d3430a68e6c6550a3adcdcc23474,274316444
errored,pull,f2d3b901b412d3430a68e6c6550a3adcdcc23474,274316114
errored,pull,20875b00110287e0d9a612864f9f7cf1052e3a6f,274305563
errored,push,1ab3cb30522c04dbd4ff44cddd98d2849dae2cd4,274205035
errored,push,8021dc923f2fa84d4423fb3c77f2750fc0d33ba7,274177791
errored,push,2b3ed7094901dd2998fd979a14b6daf0aada3ad1,272497282
errored,pull,23cd4c0499fbbfdfbcfd50d36bcecf9ed909975a,272486443
canceled,push,1f4e4db9b36f51f354246ba7e8d4392ea368eda5,272457627
errored,push,6043b1f7c1663f59234c070f5e7c5456efa21c78,272457084
errored,pull,cc864e382d68f3b4aaef60cf159214bf5cb920a8,272456454
errored,pull,32eda78fafcd97c5da4b3639ada4fbbc07d7ca58,272453533
errored,push,39c4b295651f93e06259045a706663b56d5e28ab,272432484
errored,push,3d91c7b4ad0e5b8d01e68cfbc66e60d6e149db82,272431706
errored,push,f6facf08a868739db2291cc4b31c0f36262a05df,272430543
errored,push,e606419633c66063b67c3459d68e8b69dbeff3d7,271957566
errored,pull,697d66795d133964174ad8e83c8d251badd01686,271772569
errored,pull,db6fdf4e81cf9dbdec37b1d680bf6b344ccb5a75,271763838
errored,push,aa2314f8f2401abdfae400cbb79edb1937a45e2a,271760580
errored,pull,239d24144c86f19065eccb06e49e589089f0df39,271754600
errored,push,dfe7a9fbb52c10b039990c21d624c6690ba7b4a7,271747018
errored,pull,973d756b5e03d1f44cf0a024cd7b972bf04b8771,271746749
errored,push,58fa5a0d2d040056831ff1e584aa0323dcdc660c,271724870
errored,pull,710bcfc7bfa7dd98eb7f565c89f55e54bffbcda6,271724572
errored,push,215a2353575e2e4b71ab9b694bd7e1948b03a91b,271724278
errored,push,a38bbe7eb53ef8b3bfaf691dad92676ea80a40f8,271723766
errored,push,3d40e2bc0c35c561acb0a4362b15dddf8a93caae,271722199
errored,push,717ec51edeefdd5a1177696113366dfb7d1c44ee,271702157
errored,push,93473bbefe8898c2b838a5372e1a01f95214bb11,271697314
errored,pull,200bbf9811c0d3654a7175cc7e23bfbd6e81318f,271676459
errored,pull,3872a1fd32433e5ec74d1bd1fdacf827988ba527,271671400
errored,push,41840e6619abac54b2ed082909b7b091fd957595,271659722
errored,push,ecbc0b751dd4b62ce87024459cf2eff1092c6db4,271659166
canceled,push,7fb7462df7e548b91c584bc72e48d29986143ea6,271637044
failed,push,4867eff2a4ceb81e1c9653a599db0dd5eac450bc,271111275
failed,push,75f8dea252acfa9eb49a5407521c8199611810d1,270731723
failed,push,e354c4a135db2530115a6cffa13f80885e731480,270724962
failed,push,418f32f6ad9ccbe2d90d70c882684dc9446004ac,270724203
errored,push,75eea5f8bd380b4e11e30d03030044645ce6d401,270355775
canceled,push,e61f19ccc18ccae015417a96cd9bfd2c029197aa,270288659
errored,push,4364ae522d42cdf93e738ec5577ad9fefe5b58d9,269714141
canceled,push,805e0eacb4fc8715018f6fd59fc7692681814519,269712289
errored,push,b891619bcdae2863cef64ebdb653682c310358e9,269711869
errored,push,b263e245c7d859fcea735703e8ae448c0a5ca8d9,269711252
errored,push,415b1559db0bd42af757ab592921b6cf8ab3c579,269708040
errored,pull,5a8a54a0ce478675fb1f3848a7f14de043be1ac7,269563252
canceled,pull,8055caad8484d2659f904319b8ad8fe1cb8f1c3c,269554328
errored,push,9bf7f70779b391f3687166294b0893ab76160fbc,269527060
errored,push,5e62b955ab29d1144179fffff0424f4231615328,269526611
errored,push,5e62b955ab29d1144179fffff0424f4231615328,269526367
canceled,push,3b000b15ce2e36b572684ca3a458ee447a4b03bd,269523665
errored,push,7158820fe77dee021cad5f98c4979f00b4e929a9,269522222
errored,push,61947eb8cdc8062d1952035c0a7e6cf66dbb56ab,269521914
errored,push,61947eb8cdc8062d1952035c0a7e6cf66dbb56ab,269521500
errored,push,e97ebdeb35f1a6ec4dea7e28d08f4cf5fe8679a1,269146474
errored,push,8b0aea85c047430331be0e2542f1dbee1597f6fa,269146185
errored,push,d67b0a0a9f864cb067e529b277cc92acd221c898,269145922
errored,push,a02d509573b53ad661fe574daa349fa45308babf,269143700
errored,push,5152c66e290ab1de09f00b8b53e5e8f467f8f567,269129239
errored,push,0a01d5f864513b51a8d4d5e3b8918db3b2747fdd,268397011
errored,push,f24955846b6dfef25e835d57a81468749ccc2abc,268395759
errored,push,f1e4cadebc425071da858a006da6d5033d2dbcf4,265468228
canceled,push,7eead2b06f3532d8de0daf430b7b6aaef7c96dfd,264364080
errored,push,2082f6203670c8f317f79cf7ac97ece6a39b42a3,264363629
errored,push,1852c1c993e9d9a5d16190f0b10114c2cfb71039,263547108
errored,push,b573eadd80fa8969b56fa9400e1458af6dbacc10,263399683
failed,push,b93cba087b80fea1c164a91e36ec6858d4234384,261775237
errored,push,2bdccfccf155765334fe9df68f427e551c11ded0,259275861
errored,push,907f180ac35d50ffb90a7eed23e9014c373db453,258550017
errored,push,0ddae94bb7ea65b8a09d4640a9c563bceac3bcb3,258535647
errored,push,e37d7107b7806db27e1aa3cdbfcda2cc33d8e077,258535069
errored,push,aa1e74ad6aa7ae2f88d2ad6e79c7e910c276e64b,258534021
errored,push,16c3258086cf2c00a7e6b69c46c4445b1e0012e4,258531652
errored,push,26892dc003b88a624c50eda317742cbc0863cf19,258465506
errored,push,d56111cd32208ca4ad3a835ae70c9b18ef26d957,258465299
errored,push,d56111cd32208ca4ad3a835ae70c9b18ef26d957,258465084
errored,push,25468044a6dfc93c5399cd8a705919cdc33fdaff,258459766
canceled,push,138c14fa5c939b5f1ce868285b98467e5b40dc6d,258459555
errored,push,138c14fa5c939b5f1ce868285b98467e5b40dc6d,258459296
errored,push,e426a11e4bfd0b29b952c4401e2e7551465affda,258119052
errored,push,3ab061094c57e4986b273c68e5da727b63396d0b,258117643
errored,push,0c968223b9922cd5f1594ee76d54b4059a2ea34d,258110317
errored,push,365601871ebf50b3ad1d16cfa6f72cf50fcf5c14,257737220
canceled,push,90f1d528ca907f91b21bb1f3d595666151ce3987,257226930
errored,pull,be7a33f57a83d0415cba8df16cc55b20ff760a3e,256823264
errored,push,8eda8c052d84379d211b935cf55e2df86152156c,255980454
errored,pull,cbe471533e92edc66b921160b038c80156d40793,255899210
errored,pull,4c2e5183ac2e52d8caf7380c37b3d1e9d8d8dcff,255714370
errored,pull,a749ebf75bcc5ddcd625a6878f97ec9cebb488f7,255709864
errored,pull,e719401d53eba0f87891fcaef26bb1716dd25d40,255708207
errored,pull,e719401d53eba0f87891fcaef26bb1716dd25d40,255701939
errored,push,69d7aff15ef89668952539bc107b2f13fa8590ce,255559680
errored,push,70e019a5cd557d45467cce81ec6f2937660d6b8a,255213299
errored,push,3c0449eda7d426a879a10f6121d3c214525c54aa,255189541
failed,push,cd4a848a42dc78f51d4e57427f27e2e280e073bc,255167865
errored,push,0994aee746a2397f97a262cd6ff7cf2e6223254e,255160264
canceled,pull,2c3a6ab294a841fc5743e42f84b2ebfe22f535ed,255101868
failed,pull,c604f13ecd3158139bbcc52596a3a6f33ab1fb9a,255097076
errored,pull,ef4bc3f94cec3e57bd5e8582bac42e642dc41b50,255096347
canceled,push,79f69ff28a48ddea55a8f3f554eb59160cc825ae,254845979
failed,push,571300b247bd3fbaef4d79484e30d181d06bd2d3,254750892
failed,push,7c53e7bd64f49f1ed00c6756282a7e2cd36529bb,254747177
failed,push,38c145c099a24a54ae03999f76bb478eb185ca3e,254722050
errored,pull,4847c6342d45ad8e6e18dbaa1a519734f3cd9ea1,254689362
failed,push,0a94261db936dffe629e65e8f7656c156bf2a388,254450807
errored,push,b27acc8e3d7c0ce721de548ecfd7c4827c98a148,253206354
failed,push,690962a9544b805a92f42e32e3a1c95d5fbde975,253195235
failed,push,5ac1e6746b3fead395aa779bede078fb8fa8f9eb,253135412
failed,push,60b20876c04f98dc47c191f36cb25aca4a2c5552,252769957
canceled,push,1bfe16e10618d5ba811b03ef3f55e2e5e49b71ad,252769586
failed,push,b2b55a467a6c47e4266bc18897062d90d28b2601,252769191
errored,push,c13b1b808d1c7a1c2f68db2a0b4d1e24fa1f4fe8,252757811
errored,push,87c6acf88b46d00bce92864fce916cc325cfe3f3,252757607
errored,push,87c6acf88b46d00bce92864fce916cc325cfe3f3,252757411
errored,push,bbddcaa3c65a1dd93e73db0ca3b86d103d0faa9e,252755292
errored,push,1550bc47855f6ede971c3d3fc477893174ab3321,252708753
failed,push,894389be2eba4b578de570de21f736aa716dc10d,252708523
canceled,push,894389be2eba4b578de570de21f736aa716dc10d,252708313
failed,push,2e2c552d049283e220cda3b152c98a22d7ab015b,252698305
failed,push,06c11a25926f3a87ea449d30e71312beb33bff1a,252698039
errored,push,47f8f9a4834791aa87b6f6a971520a8e7c15f289,252380313
errored,push,b2b723d6f5ceecc49b47f5fe9e62554b3c8d329c,252372227
failed,push,d444adab9aaf40a466e1cbc063a409c0dd7c95ab,252056735
errored,push,49c20fdf5c081b7367cc9c4cc8a88ab52693ad52,250707866
errored,push,5586c33214bfddb5fbae6e7580fcf3e882ad64bc,250705072
failed,push,7c7c047319521f07e7b1c66ccf01d60d3f2ac37d,250701341
canceled,push,c2237c5fdd9575bc3176ef5ee4755c094bc2e844,250381171
errored,push,75ff1500d8962c4e84bc6f6844f503c075f5e009,249705431
errored,push,8a7f5574f5541e322bedd769da5ed698022fa0db,248825773
errored,push,ff0b607305fbb2fe6710d87656081d4f08e67ad4,248816526
failed,push,18d71a0e2f36a87c94b881698dbaaf8a5d819c83,248724296
canceled,push,a165ec635473484d7905fc064a2b0ff1deb7d7a7,248722884
errored,push,ca89959aa6be7f7b24dc8c2b61662008fb6cda88,247227375
errored,push,6bbdffcefe06828440260cf6d6e166b8520d12d7,247227052
errored,push,dde5ac16ba69fcf87a9901b077cfce808353d445,247062903
errored,push,9f34258cfc120673860b6bfd3cf67ad0222b98f8,247047637
errored,push,02c92355f073435f8f014ca168c2ab0fa1cfe7f0,247047252
errored,push,515304ba12c5e0b5b1f4716b2b0b8576d2df0f8b,247043788
errored,push,d8340169b4559bd3bb32b26763b479056a040a1d,247034189
errored,push,96a62e62ff82b11b491790420695080a8e54614a,247032490
errored,push,631f455e6b65040cedb9a99875098d14021a3f75,247032030
errored,push,90ff9d8343ea0f51d4a22b35d227b76e0948a9c5,246495502
errored,push,659fb9155c291de8b6e391a5616b90a02dfb7836,246494126
errored,push,ecd9248f45396cc95d434c0b2d7348756ff677d1,246476581
errored,push,681d5a8fcc9122b67497d2f1e7664a396bb8214d,246475608
canceled,push,7ea9130f422820e38cd8515e70057d364e6e4025,246197582
failed,push,01cefc564199008b00df24c45602ae44bfae09a1,245813026
failed,push,5348829c9628f40208a54ccde927bf12b99f2903,245803163
errored,push,0bff2fb2958a9b95a4bff2c840d4997f0a7ae552,245740211
errored,push,826b7686a1f1f32637d523a8b33889518c539f9f,245464298
errored,push,eae170f3a72fedb4ef162d384a8a27efc4c9a2f9,245461931
errored,pull,936d42176bcc96e7c1dd61663a9b6e49ff2493b2,240438652
errored,pull,726ce06b524198e0d7d1b03849942f0f6fa7f854,240152913
errored,pull,edc27d53273e0283d6c643c099d018f0ba7065f3,236565500
errored,pull,98df032f580b873c8a8b8ca313bf62b0d98b52df,235724747
errored,pull,98df032f580b873c8a8b8ca313bf62b0d98b52df,235724365
canceled,pull,39b17aa1cfa1cc838b661385828f6963b281a56b,235714379
errored,pull,0e6b32378b0894d907750b97cdff2e102047e729,234580099
errored,pull,37add634ccae8df0fb38bf4b390a8d28b260b573,226906264
errored,pull,ad0e261b3b5a051cf0ef88b806a5d3c6d28420f0,226900759
errored,pull,cea5dda1fa4ddf183e69548197132fdbcd4f873f,226879756
failed,pull,7db2e2c6958ea2c725a66c1198c0dcef06652249,226532775
errored,pull,6da6ba70488e943200ccdcf10f6a61870dbc56ba,226406788
failed,pull,77ac73de2de71cc28e040c4421df393743f6d01e,225801227
errored,pull,affc3688b2c43f74f38e3f43067d81e38dcf1de9,224348683
errored,pull,763d8987f9e104db098a202302aa311cc83a880d,224268984
errored,pull,a5ddc950e082d317daaa118c8866e634c8f0f19d,224179877
errored,pull,84a275f6325f88d363628b06c77ceee7ec2e2857,224142161
errored,pull,bd35f7dc2b8a8ed57bac79ebf4873cf5550cecb9,223923101
errored,pull,feb3abd75e9d4a0c6ad804465c3af02f3359a2f3,222036995
errored,pull,d3ab4399d30f70103b12b0f4ea8b4bd86ca1341f,221998076
errored,pull,ddf302aa950cf3c2f3b9dcf3e0149b3c2abb9946,221941678
canceled,pull,0a6a1a93ba8ebf2f1bc80ccc9a9931ce1611a7b7,221651661
canceled,push,1c9eba2c50e71fbe45b7d591c9d55e5a2a9236e6,220588281
canceled,push,36f875d01a2c203619e8b0a6e86ede6e08215f6e,220587960
canceled,pull,6ae4d02448b82fd29a89d9ea63989bc223ed1136,219734772
canceled,pull,32d8bc123bea53559d0dcad5132d2a88ae8dc7f1,219730090
canceled,push,242c73897fef9f1d57982ce5ae14b317e71f0bb5,219590755
canceled,push,5d4d66c83e838af387cc963d285e9961e607d49d,218803355
canceled,pull,7524bf84a8c56732e289ea392b2bbd333f9aaf46,218799978
canceled,push,b89ad00ff15ed6398290a79ec0d19977467baa2f,218798678
canceled,push,71a19f792c0572c3e1a830a0f4c7e288bcf88cdc,218791085
canceled,pull,0c1b8f98f3c93773d2bc6bcd1c6d39b42e50e337,218668747
canceled,pull,60765fde1fb9891f7ff7a15f707fc7ffcac7e5a2,218659723
canceled,pull,1f54f365d92a81ba40c9d71825345c676a0c9162,218517942
canceled,push,bdf473a8b8be4cebb85e3b3542a3ec02027630d7,218462871
canceled,push,4254e485feceb684fc8eaf408f792672ee5ff709,218105167
canceled,push,5a42e05dfb250376629ddf334fa7f9693120d0fa,218034268
canceled,push,d681bd5822a0d7be3d066b4972fe5a9b2d232e3d,217459048
canceled,pull,c920d21276e7b79a7112fa080f521830702ce6e4,217296792
canceled,push,e1b54f0787cb17094a7c13398119ee245c4df356,217268600
canceled,push,09314b5e7dfd82dda219dc31a60af32301379eba,217265050
canceled,push,42e531711d2a747ef36fad11b357332b380b7acc,217264699
canceled,pull,b0ba2b0819978ace4dbb7a01427930fe7d295dbc,217242171
canceled,pull,ad8be0cfb5514fb57b8daf60b22dd479b1accb60,217199700
canceled,push,94fcfd5eae74528ae0fa2e4641173a971188ae97,217115645
canceled,push,5d83a86d33237e6c385b9705367dd7ea1d7f879e,216729431
canceled,push,933bf1525a068c5a829e70bf52ca65138304fdeb,215901513
canceled,push,4071413b42843d45dfd24a93368f120c3208bb89,215460429
canceled,push,4b029448f814b602224a729874157236e6d2d7d0,215459927
canceled,pull,46afcca76e3482f558e9ca71a0453cbb458b67ae,214418528
canceled,push,ef4fac9d42fb4c08d7b8c2dce1d44c2e9a73495b,213858822
canceled,push,9b5f3a59f0777cabeb5e8651bf88804d0db7e123,213858183
canceled,push,adcfd6237054c0f80fd63c1264431d4f74e5acec,213857230
canceled,push,3a5e81925c60c31a89de40104e827ca9eaded315,213439008
canceled,push,3a5e81925c60c31a89de40104e827ca9eaded315,213438737
canceled,push,657d7486d5e3f613d86d2314bd7b4111474e60f2,213438515
canceled,push,5de2f7be0a9ed5666f6c64bb4aba99ee070624c2,213437438
canceled,push,512f1e6f69cd4f83ba255e39170fa4815359b2dd,213436194
canceled,push,e0629821f1cf089596dc40cb6e58055f0ad8c866,213424294
canceled,push,19ad43b81233aa2b5b95aeff1faf496e95a510e8,213420780
errored,push,d765445ff32ccb7ad914f1b6c86c5432494b9569,213420506
errored,push,d765445ff32ccb7ad914f1b6c86c5432494b9569,213420298
errored,push,a90720129ade6e41db11bd426259dc447b60daaf,213417849
errored,push,188ce3740eb47e0f92db7e102723c448984b4d99,213081867
errored,pull,38305d807e2aa5ad0325f77c438c60c739846890,213047966
errored,push,df6c693b1a00d3184728720b3fe39308be94f987,213033030
errored,push,169a86c9017b542b171eafd929d2be38931a8505,212990583
errored,push,9680476345068d6b04135f62949ea94c18ea14cf,212987761
errored,push,21f0255ddf3143da4810275a5736ea0b0b1b82f5,212987137
errored,push,6af05f4c57e7dabfc809e528748ff47c61d1c55e,212903815
errored,push,5b3e4653ecc63e22d6728f65aa2bef00cbaffa12,212903330
errored,push,191363200f7396c834d56d930ea2d145ed54c51b,212019118
errored,pull,0fe5e4607319108184d67da79e47fc150781dff1,211938254
errored,push,3f31cd4641a70b77926241f1b1de233a634032d0,211931857
errored,push,ba6108c3c5e4b208e509520a35d271b6b41aef64,211857955
errored,pull,aa2771c26c034060b3328157a4af72af59cb2878,211842024
errored,push,fafd66fd0e9a936bfb0a6543c4d8c2ed9ea858c5,211831304
errored,push,286b087a6e70edd71ed45245bccc5774f3be8795,211830072
canceled,pull,06c809d563da48f5182a9ffa3a341eb8297b9622,211698041
errored,pull,3decb19ea1f13f46f2f992e6a6e38af1aba40b5d,211693469
errored,push,7b4b29525d2ba126c4a9830cc52c3ee45549ed2c,211354332
errored,push,91291b7d8bbb5fc5ea5258b1b3501f5feb8e0d8f,211296925
errored,push,93b7a60ee9c7de2cdc164b6fe0bcfbbf2c8ab080,211278701
errored,push,2906d574f52aee800e72318400cd2faf30bb5fdf,211273301
errored,push,98e83507079292624133c7d8fd89a4e03bf0bf1f,211262251
errored,push,0129403c6bbcb345be76a6f9b231499c402d7998,211261722
errored,push,900115984b5823d9c692d99da66c4c5715a883ea,211261073
errored,push,8b49d5bec4c152e6748f17b853f77c3a3fa0319d,211260574
canceled,push,83e7ef26db0baef2f0404b00518dd433e4507138,210859708
errored,push,1caaee7ddd2d5cb32c05fe503cee86a350f09e88,210586410
errored,pull,ba05b1238be11c30b10695032d9da387a8e820e9,210573825
errored,pull,cda8c042ff47fb1b96bdc55a26cdfd4adb5a6dd0,210537056
errored,push,1537bba3cb3deed35b55365b2a721a7bb2734297,210007596
errored,pull,ccb3c94c65fd66b16822b5bed24a11756feb20b8,209954226
errored,push,6012d32a5891e31198098e35e3eb32040723f9b5,209687666
errored,pull,1261aa86fd05719c11581cfec28e2e753a852692,209554683
errored,pull,5317fdef248abe2b03ffdd645fe1087571a10bc2,209439552
errored,pull,894123438e590c214ddba5c59012d7f41aa337fe,209376455
errored,pull,bbb570222c6683866e5bb2ea91080f23491a5107,209366418
errored,pull,547aafba9917f184022614ec23d88961dee21db2,209337789
errored,push,d8a0b07e4b73daea9ecb3454cb49f684e78d3a74,209318472
canceled,push,43ba75d3ebc7170ca9fc43d1f26599b54b3d5b61,209318106
errored,pull,527fc1d3088bae687a7479c705d1df56e5d5e867,208988384
errored,pull,5b18c00f30f52c638f31240a78c029294a3d8a5f,208976223
errored,pull,f1d293db5ed790cdcb16bf87cbbcc92215397d84,208971672
errored,pull,31facc80edff639bb4f38a8c9c716d1a6c055fc6,208965784
errored,pull,f16d5581394733e891dab2a284023c995fcf4d4c,208788271
errored,pull,56c40f3345ad8081648814dc3a9fd9e9dc09ab06,208766638
failed,push,7d2232e4dd68e6419af23aeb8ec5c26790561af0,208571094
errored,push,61363b7806db65e92bb2a31bbf33033f09f17f1a,207916392
errored,push,7242ce6a2b7c46044275e3c5ada58f35144ca73e,207916092
errored,push,36061df800c14e3b4f425fe3bb83cdbff5291bcf,207724319
errored,push,ce00b544d79ca0d25d16fccf876538a145c423c7,207723820
errored,push,ac89ade75c73bdd50ffbf979996c348ee49e741d,207642785
errored,push,420b76fa1c0f6d5381f45582066ea7e37333326e,207642588
errored,push,420b76fa1c0f6d5381f45582066ea7e37333326e,207642381
errored,push,d182cd7421d67942fc86415f9bbb81c8a674bdc8,207640861
errored,push,e9e9e2e3edb326b8acf3d9c92bf18231c45625b8,207640675
errored,push,e9e9e2e3edb326b8acf3d9c92bf18231c45625b8,207640489
errored,push,38b5f8ac76b1b078d17dd8013f4a1025e5f2633d,207635240
errored,push,62c4c7fa151d9ec4973c1df4c5ddeaaff4c0b92c,207635018
errored,push,124c7dd480df61d87799aae480f28d8c4ae6694d,207630424
errored,push,ed9ba25ab6653fef4de33be2295a1c167a7546c0,207437833
errored,push,06cf98016f65ccb286eefb2c94d0a4a166f59fb9,207427676
errored,pull,edadd36375fce26471d72669deb49d296a0e7c76,207424308
errored,push,243616471bc279fb1f0a8efe7a169ec2de0950e5,207380181
errored,push,108ded3221688bd70af2f04899ad2dae9305cb1e,206204031
errored,push,af2cd70923c3939e1db1b7731535e1e061573a49,206203379
errored,push,204a59472552b5327bfeddb45152391527c3eff4,206136983
errored,push,da960060b02dfd39d175452b2c80a8dc403f4e7a,205773639
errored,push,94a4dc91832f7cd4de64e3f2a32959e2ce082f1d,205009499
failed,push,57aea881c52468e95258279afaec7a1c39656107,204599885
errored,push,07ae51add516aed88d193a8c986e17f0531fc82b,204290851
errored,push,49a558b4b5c470018af0426612e006b4cc925fee,204287156
failed,push,64ac9e6a0632a85aa96864a81cf38952c722a8a3,204216456
failed,push,3fe75681f246baa04ea943137c395f5d84f8e6c2,204008985
failed,push,dc47753551c5aa0962f5084c498bdcfd5c13ccfb,203713758
errored,pull,301b838f49bf57d1d0c4186e3613460b40d79443,203657821
errored,push,7421ff96b8ed371ba8ebf8ff54b393a3898b1eb4,203346418
errored,push,520a218c490685eb8b9bcb9b2942690275e79d25,203145191
errored,push,d9543f29cf4729c457c9b85a5a325bd19da13166,203144519
errored,push,1d9c17146fe0c70502cb491c1e5b09ba431b768d,203144116
errored,push,52d88deadd33ee4b1ca9e01e4a381748fa953c5b,203118022
errored,push,7d549979e6f49da5938e6e2ccfbeb132c25ff819,203117796
errored,push,7d549979e6f49da5938e6e2ccfbeb132c25ff819,203117593
errored,push,85bf6b81f0615ef01229ba4443a990fc68ed2bdc,203117081
errored,push,07a89fbf73dc1b010e04a3cc08a4b87f4784852a,203113496
errored,push,9445b03931acc79ea48e17ca63d6d3e0d803ab40,203113308
errored,push,9445b03931acc79ea48e17ca63d6d3e0d803ab40,203113084
errored,push,c0ddae3d786782952f1c3e6e13d87a3e99d29de4,203112079
errored,push,90aaaac47341f6bad9cc4e7eaa6c191c79581710,203111473
errored,push,cd32eec908ac6f131d58a4486be286f6918fec38,202286536
errored,push,631369a3fbb2627a0e26795fee04eb7b104619d9,202207449
errored,push,74d0bfeb194bebef2e453394b3a47b8d17f64959,201794019
errored,push,0f4d3fe04d461c6f557447d84e6801b0361d5af2,201792155
errored,push,db7460abedc9bb05379e1bd11ddc55c67b1c5118,201524431
failed,push,7a4da39835a5e4957e1929e957970aa22390b6a4,145081653
failed,push,dad6f61005c39e424a1561892f720e4fefd38aca,145081124
failed,push,f165f98c3ba2ffc3f8581f780af59ed87ae6dac6,145076481
errored,push,6a68886941be6a1df64f56c1b55ad04171c3f4d9,145075848
errored,push,6a68886941be6a1df64f56c1b55ad04171c3f4d9,145075381
errored,push,cd9e3b25a386bd8786be5e81c68f2eb4f422ac0e,145074777
errored,push,3904e59216c31fb6b6c824c135f2715345171a0a,145062909
errored,push,0777e04ced4a2e442d0dca534ee75e170f7ffce1,144974835
failed,push,afcf25793bff20231a0e83fab5df7f7d5a1cb07f,144819155
failed,push,62399eeeaf3b3996af79c064985bd4cebe6cd784,144818668
failed,push,6efc8084a74880c7445f531c76e052763e353e0f,144817611
failed,push,1aaa941271aaeecb602a104f85582fd6a564940f,144817147
failed,push,6efc8084a74880c7445f531c76e052763e353e0f,144816546
failed,push,9f426dda5478d0a4ced2c0a17a833ab877193739,144812083
failed,push,da21348ff2d7769ca8404533f66b55860fb9f9c8,144801014
failed,push,b3fed96b253d42f0fe735900622fda173831cf76,144767354
failed,push,122ac10db33bc218679f9604d11c884833deba77,144763666
failed,push,1744eb0c43aff85ecf6db0cf65b415bd0c881900,144755580
failed,push,5ee8f779eed0bd9b1227662c2a8cedc63b5a966e,144721981
failed,push,5577a2c6b72b30d091f633ceb0acfcd6d8c7a111,144716417
failed,push,8cb409ffccaa9125d078d698cde7886c227477f1,144703830
failed,push,a190a47003ed1d9f57cc23b4124e199d44b3057d,144698463
errored,push,5006ab717c31875470c021c5d216eba24ffacd60,144547073
failed,push,8ef78f5815e017536c324e411eb3b7ed05159f1c,144544756
failed,push,83021b25e1035aa4721e526f1217d1bdba113156,144543390
failed,push,3c3f199dffc253200764a7455d5af5a9fad75471,144542213
failed,push,6c006c893ec1484556ca33cca2796ddf9734306c,144541483
failed,push,3c3f199dffc253200764a7455d5af5a9fad75471,144540597
failed,push,b7254265ccba4f6b34f19b54f72744176e038d0b,144515587
failed,push,f70816254a535c3c425f2a248910bfdbaa3c19dc,144433883
failed,push,d6c7ec08f4c2edc5b20bf4698f58fb768fae58a7,144420118
failed,push,073065f14d6d147382295d9815517db0a5355bb5,144418443
failed,push,776b0a1770bb7dc07ff6223518930da9c225ae51,144417991
failed,push,6187079d45f0913a19a0ba75889672e4969127dd,144417467
failed,push,776b0a1770bb7dc07ff6223518930da9c225ae51,144417084
failed,push,506edeb0f846e21efce77adac1007a7c3c0b1655,144416574
failed,push,00d92ff74cafbb9301df9531af2e3f074e741a16,144415170
failed,push,adf8a9f7a9b790f5d961423ddd6e3b3ef8a5a02f,144414697
failed,push,9df878be830ddb8f52332053f97933b49bbec0dd,144414065
failed,push,fae7f5b8ed6ec6bbe6843707a6b7b561ad09a320,144410227
failed,push,d5b27a0248d413f83780ec34e97406ab89f3f908,144182047
failed,push,44cdadbe4ef9abbde205bbf8900c0379cdebb80e,144175806
failed,push,44cdadbe4ef9abbde205bbf8900c0379cdebb80e,144175135
failed,push,19a247cef7b60c46ea8639478dac1481b85d072b,144173398
failed,push,4a519b71b57165a01a7552c74b106990cf7c622b,144146202
failed,push,b1c519c07a8f2824d3c800f83a3d5ad22a1cdf6f,144117971
errored,push,f87d02f9af6a38e6ea99f31e35252e0f858204ac,144117366
failed,push,c5c2e3accb0613870b39c7c110920929dd2f0d3a,144116805
errored,pull,e6211c5a983b0119f0d0bf9da857568f3820fc57,143199775
errored,push,8eae5b483060239362ecd6e4d45d1cd45958b6cd,143009379
failed,push,9009b1af0994a3134d7fc3fcf299fc8847bbf753,143008316
failed,push,4e24df8ecb031466329901feacf7245e45f84e4d,143007584
failed,push,99b5c9346eaa8c1d52d51148908a0bb1e67ea496,143007136
failed,push,0b5a890ed3def2f6d0a41a6f5b0ac86520d963dd,143006641
errored,pull,96cfe26c72c5648e34bd3569c1f77579c89e195f,142554061
failed,pull,ebd7d3584e0e7e36eaf29e9b7b5dd9f46f35f076,142553296
errored,pull,b20b5a3e0c0cf4eff129aac6b4073b8909758d5b,142551788
errored,push,277da7268f8236b06746dd6481b719b3095d46c6,142549251
errored,pull,829c4ee140d944ac9517e87afc6089d96c37b4ac,142547097
failed,push,2b0b722dbf99f8888ba6dbf4bfe1512758671fac,142398630
errored,push,b71e3dde0583702fdb97d2628630839c6d0e509b,142398186
failed,push,5f1631810d6e071e5698daa3c88dd472da66172a,142396840
failed,push,f02663bf135f989ca6d59addc5cd3f05064cdbc5,142396019
failed,push,8fd41252b9f2bdfd47d49a65fc278706c4c2b9ad,142187328
failed,push,7f0cc3efa0a5e4fda8559ead89b1ba0e5b081d47,142186104
errored,pull,967bf2e70f4efaadc0e199a25bf82e18dad09cb7,142089092
failed,pull,332cb674717d1715bc50e8a95161ba22ed342d71,141906696
failed,push,7f0cc3efa0a5e4fda8559ead89b1ba0e5b081d47,141614024
failed,push,a0b652ccb63fd824ec282e959d6fbeb0eaae3e02,141582965
failed,push,7ea51d62f396ba1a729cdd0a1de0e7dbb511f3dd,141577690
failed,push,fb5c652574943764ea58d68af0aeb7f05696d588,141535806
failed,push,47f9b9e24a7109830070ede392516599e022800f,141405501
errored,push,3e3b12aef94960ca54cb05f740852ec781497316,141403474
failed,push,3e3b12aef94960ca54cb05f740852ec781497316,141402902
failed,push,fc473144f952729396263e3e7a26329bbbc70252,141402383
failed,push,0dc67a49c46e378684a53b07f24a5d25404989fc,141401902
errored,push,9468fb0dc0de6d9eefe39e903478542ffc183cb7,141047096
failed,push,e5ad28a7e06e98c3ef307c2998381a058be0b148,141036293
failed,push,222563b376e252fc2036cb717b251be802fa401f,141006964
failed,push,c7d2afbaf42c423457349a23e5e8dcd3ba760fdb,140840026
failed,push,db4fba6533eb4dc6f7bba6572e5675f3bf959501,140517191
failed,push,9a1dd862eeac780afda204a8858708c701a52fbb,140042138
failed,push,dc99ed2465f053b2bea4d398531849650071aaff,140041563
errored,push,3ab32a2dc5910ba3de96fe4d8a4f366675be658c,140040202
failed,push,b00e5e3f639935a386aa5517091077db45ee3eb0,139975034
errored,pull,3a2e8b69cfbe809f392f1aefd93c64135c528c7a,139899313
failed,pull,2c4c8af901a6768a9c45fd4d9eebab589d62bd1b,139894596
failed,pull,b049531c8c30dc9d2ff9045b1cc002f1c51e1c07,139867933
failed,pull,f56d218889ea595b06ee69040ab92f3a75da64ab,139851433
errored,pull,9fbb6b60dc73502b05c955bc59e4fb83468e5b45,139726708
failed,push,bf18cddf5a3303b21faf6790fae1cba9f6fabb45,139716731
errored,pull,670401e44e697ce347413205b385236ca3298c32,139623064
failed,push,63f0ae708b8ec8debb787ddb7cd9c5d5a5bcb0b7,139438604
errored,pull,f6fdfdf523f4e462570b907dcc92e7badc4ecde6,139404629
failed,push,a821f0e2d39c623fd7cc6d2a091b031860736736,139140817
errored,pull,814dff6d9b570d65ef095f6209b28a126c5e3a0b,139055752
errored,pull,f9d694524e73a7553ebe7f84a9e12b572e8266b9,139034462
errored,pull,ce991ad274e36c07faa8bf5087d766ceed249597,139032183
errored,pull,4b67323496722dd6954ffbad016434fddd0671ce,138768646
failed,push,bb9a016d5b161da8caab9c7be14b30024ff60eaf,138701863
failed,push,efa762d26bbcd09e2cc59baabfce9c4c2dd8468d,138572055
errored,pull,f254216952abda5d622b6d610c543ad2ad426a37,138238377
failed,push,69ac43ca0ef6a0645d9128d2171b496288d28538,138044490
failed,push,6d524b08549cd09ac38b24980015f37788859c3c,138012582
errored,push,7ea33941b239ea17e9815567a2874452e3a92ca4,137748683
errored,pull,e8638cb396b2f2f2c419cbf6d8ff4b9f6f92df07,137672245
failed,pull,430702f22728e5eef529d06d6d705c419a96ca9b,137628975
errored,pull,f3a301116f72c8ec8b80baf3dcf6943eedf1360c,137507419
errored,pull,056b3b4a78fa6894492992ca1db74c5e82a3fb87,137385542
errored,pull,8621fdf9296e9d6738c0fb23b76a9928dbe650ee,137356583
errored,pull,9fc7f4b11e4815a2ec27f0a74316efdaba405c37,137114125
failed,push,be15d2f50483834d2d9e0632329f62eb76614a94,137050405
failed,push,8c785905249b7d6c670605700c05b64e35179ad1,137049953
failed,push,c8e9c07b75d54fe6de21fe6b75a2be524bb6b8d6,137049627
failed,push,e2d2b47452f677ba896a5b79d46ee678b22be7e6,137043268
failed,push,d7d16ea081b33928abf0ca05dad577b7f1377352,137042926
failed,push,e2d2b47452f677ba896a5b79d46ee678b22be7e6,137042581
failed,push,7ce3bbce7b546100ba438cf37e9f38b40c4cb386,137041605
failed,push,037f6caf847bbc62fe2cd0298ce09c189a21b85e,137041300
failed,push,037f6caf847bbc62fe2cd0298ce09c189a21b85e,137041042
failed,push,9347b0a816f7a3aa4899848c0f63e993ad1a560e,137040668
errored,pull,9872c0d7729644d359483f7a83aa29fee7a5c51f,136818827
failed,push,08105c03820ff6aa1a64bc41a29093b57a4cfb64,136734686
failed,push,18642f9c5c29b6d9ba8223cd84166cbae6c44dba,136732318
failed,push,c507014c262fc12157e43bc5c00d7fb522b660ad,136727682
failed,push,e6ccd7f3ebb884798e6a4e04647482ef27625457,136685999
failed,push,69f90ff8f3a5af0252898a8436c9602d59a5b961,136685477
failed,push,cb368ac3fb77ae7ff2e3dd6e510fecb00ea37c05,136676763
failed,push,3d88888f8dfc690933eac08726ba41f8a938a816,136653929
failed,push,9bff7b1cd6205b181565cc706f6b42971b7992aa,136650179
failed,push,e87af97f77900a23831069635f3961648bf62d52,136516707
errored,push,4fcd54ec8cc7457434d0eb50de52274658625f3c,136430524
failed,push,f5542bd6b9f8a892a989d3bd58e9eb47feb61d6e,136422549
failed,push,773fd06ebe664d29577b27ea9bf384a115c0725d,136403643
failed,push,42b3c1eaaf9d733690cbd2bb2d122eeaad2b300e,136397527
failed,push,d4d954effb818546ee3a7f88ca927b2819da1012,136395027
failed,push,f9c1dda0e1d660023c6ed73b3a0606fa85d461f3,136394127
failed,push,0227a0695d0c7ad75831e36f3c3beeeeb627cf6f,136387900
failed,push,93574d4f6b883ca24a2cb5b4c4a79ef08611f789,136167004
failed,push,5ecea4d719eb80d9cf9b3d205f9c73ba739452fd,136166462
errored,push,b8db80bc601b5546ce802d618672c48fe3337c2c,136119810
failed,push,90df856b22c34e9d43fa6bdcea044168d2523fbc,136119314
failed,push,dd30c661373f2d19b4e1f5cc8dc27e63b09c4929,136118867
failed,push,ad0fc6c4af03931a5b662386aa71ecfae4f85b54,136117107
failed,push,31bc0135f1059d383ee9a774db20d1a9688658eb,136116708
failed,push,31bc0135f1059d383ee9a774db20d1a9688658eb,136116207
failed,push,a4f0473514c654a597017cd4c10aec07c4f467ca,136112208
failed,push,eeba238f42ed707979afe85b095d9c4e3cd0531a,136110031
failed,push,cc9f8b387ac15e1d2399c07b2d64d099ff0d85cb,134995866
failed,push,c2967cb5f3e9170b3a4aaab403c9da450ce41f13,134992936
failed,push,6a263fc41ff1810691c02b77a5e2743f8f5b8886,134989042
failed,pull,d98d20e635a44186ce1f85e0827c2a20474f5468,134950219
failed,push,3817ba56cf25fb35acae9f2de90a92215f1c76a2,134764559
failed,push,645b1240dce40e4757eb20a85b2da165dd710fda,134425687
failed,push,645b1240dce40e4757eb20a85b2da165dd710fda,134421476
failed,push,f8dfdb715490e3b8a3bc44a412e8df95538cc041,133922367
failed,push,a1b6811b734338366073982fce8077d13695941c,133898103
failed,push,601befa6acb5caa39e004ee7a8245c27d1532664,133896860
failed,push,1f8a2e09c3b5c2ce6b5f6b5557e1492115cf8e90,133895680
failed,push,ba987a6c59eda754c3c711b009453f754b5c13fb,133887662
failed,push,52db786aab085f6ba38eacd46c6278790c51e28f,133776447
failed,push,3fd8e05c08015e02b9bf0d4854b2c1730d14d47d,133567604
failed,push,4b293fe4f082ce2656119b5dda0255a8bca5c5c0,133567304
failed,push,80a0fbac27b8f7fc1d71add9630c47482178bb13,133451202
failed,push,9211d8f66ca97aeee093f50c6df72fd3e24ed13e,133450684
failed,push,9211d8f66ca97aeee093f50c6df72fd3e24ed13e,133450198
failed,push,dc76ee372ed45f13e1660df56e47337fad692177,133408430
failed,push,dd00876037f60992da810964a7ceb99f0011e5c7,133342262
failed,pull,93c9726914807e7a3fda5e2405bb8b5983374882,133249869
passed,push,a4e138a8e706c378cb159988ba94d539d2bae9f2,133178225
passed,push,dfbc26b2d3c1465560151ffd0c156e9c3b610678,133129683
passed,push,e381d0f1169fe1e3f56f6abe3963c9c663f3fadb,132925335
errored,push,7bdeededfef680a5eea73bbbd4bb857e5c17a1c1,132837649
passed,push,2c6d8686488bd392e3466ad8838d88b1df5f6082,132582810
passed,push,148d692c6980557e688e770de9230f6be9aba082,132567733
passed,push,b8250567133a77d3420c93818fc8560302157689,132518100
passed,push,f6ddfb65ebc17afafe88a8355bc35182516c2e20,132516443
errored,pull,911a7421c9b6627957d0778ce76e7beca20d7c62,132515692
failed,push,8fbeca9d5f02ba566014779af06ae8634806d31c,132506992
failed,push,8740992f74fce20e3a8641df88487fe0ba4a9f6c,132506828
passed,pull,611368e22230c03573810f92ef54613e60f1b75c,132419854
failed,pull,83c3eefadbd024ecf8e862d75faa0a42d0925180,132408348
failed,pull,83c3eefadbd024ecf8e862d75faa0a42d0925180,132385595
failed,push,8d8aed3bf0bee3c71bd7786642311ea8a3202864,132340543
failed,push,fb350c346d4d95e11a682dafbbfe56b71083866a,132311444
errored,push,6efc8469684fc071f6ef6929f0e1ebe793683a15,132302026
failed,push,056c3a8afa01ff42fe1ccfd5e83139468b17e5b4,132299235
failed,push,dc457631281cf09bc2a9474269de23e8637b828d,132244806
failed,pull,0459bf315c7b81958122ca1023f2fbcdb55b08f6,132098275
failed,push,7b85da1f21c18868fa796cc5b30ab4618056dc18,132075874
failed,push,f02a306d32632809915bbc5efac71d52789aa3c4,132073891
failed,pull,e728570733ebb659c53f3de2e39275335a9c4d7e,132073505
failed,push,944d4f32f0535998f109994e595183eb606792b4,132041093
failed,pull,fcceba98d4ff1a34ba9e9250156a021167cfe7ba,132002845
failed,pull,0d731e9694d4acc8eb704d5e004483ee8f6cf22d,131996382
failed,pull,e5a5db39a6163e6cbdbc347021639880a0d7a005,131931312
failed,push,7ba4ae74e24173a7855564f73eb10b5b150f3827,131896537
failed,push,9f015ef0248fe9118a4a4b95f57fb0dd1165a40a,131896481
failed,pull,5e0c5310df95069673c71b85adaa52c12d061fcc,131858941
failed,push,679b702cb43265ade57ffe46d26cb6ddb4fe62b1,131695375
failed,pull,8d9fab5ac43f020e3f8fd0a342c2b13d939c908e,131691189
errored,push,52c223fdeab27b10bfc88c1c3f5df874508b2bc0,131672348
errored,push,215cd320904f5c8cb259885109e7d0cafb2d0125,131632400
errored,pull,ac7a744c4f4cc46699e3f016cbb781cc6590b1e4,131598927
errored,pull,5d8b23f902a3d4de66ef97980ad1405d8e8a1915,131591289
errored,pull,4ff9735ad6fc68687609c47238c6277fb34f556e,131512910
errored,push,443030e7a49b8116b74131771e34598fdf8ad91e,131512755
errored,pull,b31d06f43f575759c1bc9146882407f5ecbac55d,131508674
errored,pull,b252d9615a4d2201fa2784a5e033d5a2ef83bef3,131480623
errored,push,61d3293cb3f2ff65b19092cc35a1e3a2203dea12,131447722
errored,push,541b3e1eafe91a55c8ff8aec9490cdb5bbd8d708,131404275
failed,push,382236cd17d1bd0918c4af5225548cec8b16c0c7,131399778
failed,push,7167b1d056a5aef42a1ae92edb762c948ef124de,130616768
failed,push,62712c656db01809e32a567020a31fdb7ddb12dc,130194625
failed,push,6dc2f148434363a983914f430584f7acd6c3e2f0,129881458
errored,pull,228fdfbaba21e57edc465f5449e425b4f1b2b1d8,129881433
failed,push,91e44ddf9b59e77ae8979622db095967701b751b,129881194
failed,pull,cb18fc469483052099a4c2bb0bbfc6e02617cae1,129872313
failed,pull,d0a30e8af971cc0a6c6488aefa70b2e6e3144205,129870315
failed,push,3e95416f341cd3ddff9fe604c20dee382ab2ee43,127852122
failed,push,9b8d21ee47e98d8df9f61030bf7a9527189432b7,127851752
failed,push,5f80bd3ac6418232bd48e65bb657ec52a665b5eb,127056713
failed,pull,e6bd6033c315da3937142bad06ea14e6efd15d2a,127016682
failed,push,1d123af02b6f99d5ebd56ecd07d4b7180b38c44f,127006802
failed,push,62d4e85d2a1997007d5dc638a11f199618911dd0,127006159
failed,push,5173d2d0e5f0355cd04e39260366659611b69ebd,127003386
failed,pull,23de47eb1f3795768aa36f852520209a03e3c23d,127000550
failed,push,e2fda29b828f9206637b90a2513a27c4b4a80243,126863848
failed,push,701d4cee7b3662acdacf769e4c7caee9a7b53010,126862628
failed,push,e6ce9776ebbb26580fb93f3c6f17373bfe50e15d,126862622
failed,push,e6ce9776ebbb26580fb93f3c6f17373bfe50e15d,126862612
failed,push,0453ede0dac3aae1b45c66c13cf05f3a0069dfe7,126862129
failed,push,a249586ef85eed5f6cdb0399acdb980b05044787,126859872
failed,push,3302870c571d6564164b0965c2f7491e582db819,126306619
failed,push,222f45bd19275a769f11d8fa55a59e3db08e5b20,126305912
failed,push,863454b0c7dc8ac3a3f472359e0ce97d943ea1ad,126305676
failed,pull,49e8e5e53fb0c36e31c3899ca93dab85f6913c7b,126239833
errored,pull,1f293a51f480a4f14ca83aa4182fde3391610594,126232110
failed,push,7ddbc8cd033a10dc5e41ff228a8950ab1079a9fb,126060910
errored,push,f8318a205f9f47c535c1df2f4bc27321af9753e3,126060492
failed,push,747647b5540aee20e795dfe422a967ce32fdcfbd,126051750
failed,push,3aaf6b5fa07964c92a657660486a6d269fd3dbe1,125901340
failed,push,d82678b10336873c668d9022d8f15fd837544a57,125898217
failed,push,5675806bfbf2443c7dca2eaf16725a2330fad588,125896178
failed,push,c9ac67ea7ecebc69128196ca746cd42d5f98a9b2,125574759
failed,push,d9f2efba59da3d41469a744b10bdbdc97751a07c,125507881
failed,push,52815e077bc69e02f55f2e3d106644cf2d5aed5f,125181929
failed,push,5dd49addc889eed55d89ce0b64221ea38a8fa051,124940443
failed,push,bca8ae5c76104f29c8db29641412d0db72af0773,124940435
failed,push,bca8ae5c76104f29c8db29641412d0db72af0773,124940431
failed,push,59b9f89f37d305234a9e21ea4e5294194dbe4a92,124940171
failed,push,a0016771c02de065dd6c9d470a01861629991607,124940058
errored,push,b0ddb04d8e3caa2236e78414bcf17f188160d326,124939873
failed,push,4c23d3236a6affe7a42d3781144ada6c608a6971,124784890
failed,push,f14b794391dd7d14de09945e9a458580a3c96bd5,124783132
failed,push,bafeb5ab11a7b54b0670df2896bff8e6f158248e,124779002
failed,push,16937e37f65b788e7937a2cc3478ab7a7a803b89,124764839
failed,push,0e393855e24e68ce40edb82bac4e9c61522c1443,124764721
failed,push,a123525d7fb2275484149b6c772094f1d31f874a,124764338
failed,push,b870b9cc086cfdbfc02fedde71a7dd66cf30c030,124715993
failed,push,16c5df230f79a4f018d060933d0630a04698f601,124714784
failed,push,13664c3153300054855a52d80b8899f3c3745b79,124409286
failed,push,fca186befb1946beae3d9a2d326863453b2ab91c,124190068
failed,push,b4bf2c66b29ebdd7263c1a8a7b68cf59fbda442f,124135705
failed,push,904d58d8e94814c5271ef74dac9e7a1bc925557a,124131822
failed,push,3a848c0c1d28df9d6c112a9348201b70cfc34cd5,123865783
failed,push,0d59eaea3c15d1ecdf1f23ea8a75f4d755c300b6,123407393
failed,push,cb2a6e9736deadbba084310d0f68ded87fc2036d,123347571
failed,pull,f8e704119b9618097e1a4f8f823a86cb67d82acb,123345556
failed,push,4f8663f21ac0a3c2fa87280bdc5c914f6c6ee3f9,123343404
failed,push,abca09e5b7a5f71cb0618deb9fe3598bee870699,123340373
failed,push,26f2d0a4b97b01a22a049c00645b20d16eab5e6f,122993377
failed,pull,60e5d38ed623a21abf5b9ed1761de90631dae92f,122894805
failed,push,1fc619fdfd81f3345bbd1705f47c896f7221fb5b,122761614
failed,push,6a1cc63b0b232a804e8e2617c5cc3bcb5cce81c9,122761319
failed,push,43abd5c0e749ff5a09e9ffc84c2bbba3c21fcb62,122739818
failed,pull,d0049cabddeb1a0cb6871b01b0fc1bf292c62a9e,122622105
failed,push,11eaf5d62e7996de8a26d1326c2fbb166d75c19f,122486415
failed,push,e45d370404cbd000e932f26c701bae40c963eabf,122485403
failed,push,89312c230f2e10b4236b55143dbb17862ddbc4d9,122449542
failed,push,9bd6a0387bf633b3cc25ceac4f5a8a48e6f96bc2,122221475
failed,push,d03e0de847f0d5cac23cf3b916164cf74d77b51c,121647400
failed,push,33748b86509ff627be18ef0b62123190cdd202b4,120876144
failed,push,b38927da6f6a12d3b46660714032b6d5cf6ebd2d,120861195
failed,push,51f4c88a26f65a4d1bb663962e5435eb0432f99a,120857476
failed,push,e065c8c9c1383db07da49a51486b5fc77aed05c8,120615567
failed,push,ed9dcfa0ac10ec3d6ac3d7a8208967bd50319e26,120611961
failed,push,641a7224125159cb7606196907b4a094c7602d60,120611949
failed,push,641a7224125159cb7606196907b4a094c7602d60,120611940
failed,push,5170ba8cc766b5822b22e28b4c10ce0cd84e1cb8,120602568
failed,push,1b225d68fd439100b9b39365fe08b8aed823dd07,120568681
failed,push,07cdfb052bdfe0dd65064fb876d80d7ee4ca0736,120061770
failed,pull,7e610a8a80a0f3745a6073e036e03ebd85ec4c6a,120061068
failed,push,22a3dd2a09c731f54484ad47da2292aa3cc4d6d3,120041298
failed,push,a95a08330a3f7a91785114a5079d2f7fdaf52504,120030064
failed,push,818a3055674655083b3d965eecf1fba7cc7efcd5,120028392
failed,push,d854ce0f3a0d13e16e84a6cdc0d3c0215b40c251,119869672
failed,push,49f10ee0273e1a3abf8b146b1e81f620e9e17878,119549344
failed,push,382f50eb983ea8b8b147f2affdf70e2868aa8f91,119461339
canceled,push,6fa1768d6bcfd1841f4037e5a3108aba5b1b8fe7,289430313
failed,push,a4c9b412df0a9147b6f215e2e1bc2247ac573bf6,289429530
canceled,push,22cd446d85c0bfb8cfab92a69cb7c9b2da79e274,285336020
canceled,push,8d582a3e9699a230820eaaedf3419d227d150b58,285314596
canceled,push,15ed7c8a87888de59aa4a6703fa9bda939c4fa8f,285256417
canceled,push,b9c12bb413ae449fcae300d5763ae6c31c562d3b,285076519
canceled,push,f48c730fb1040fe786e2be6b3cf678f1b7efdeb2,284935135
canceled,push,349f8bb4bc47d80731cefb3513982fb8cf888eeb,284786489
canceled,push,25e4c01ec35a269b82590470e1149b34411d380b,284619512
failed,push,d1c90f1ee214a14f7f380a3e1b0b61184161f0c8,284617657
failed,push,06361b775db8f42cfc128d8ec5cf2d7d3e84fae4,284617091
failed,push,0f19122ef8967561ea12377c6fc94523157840c4,284582208
failed,push,2e45721fa269b39b25ab0c9e2773c9448c61547a,284581554
failed,push,b1a1869551f14c3fdbb7e38d02485fbf5b9337ec,284581126
failed,push,79cac80c8d370335a457a68520dab00961cf7e49,284550037
failed,push,4cadbd6f2b13ff0f9e7e38588137d10309b6400b,284520830
canceled,push,835dfeaa8188521d76ecbd107c6875098a7d92fb,278065293
canceled,push,4183fa5e6690cec7f6cbef9dfcbd8f1b8dd5e163,277939181
canceled,push,efbdcbc4d414cbc42efd090f5a8932b73c95a28b,277890315
canceled,push,a780aee5ab562b47060a877b4fd38961aed2049e,277753756
canceled,push,f960cb5280cfefbea4fbd7d531a06568401b9215,277600851
canceled,push,412b3d17d75cd5afd79165f38218f785ce908dc4,277400271
canceled,push,6780a744a4038373235831f52a8a47905ac6842e,277269284
canceled,push,07cefa476df6b035038de950f05cb73866d7df30,277125203
canceled,push,c042ed00b961902e113d2a9b4922d7fd9545cb48,276961512
canceled,push,0b9c238187380e9cda1318298e42ca28455248e2,276739469
canceled,push,85ef557125e9c0e18d12899700ab6824f1f2f535,276620670
errored,push,dccc9dc153f33500c9fee56254904f10e8cf95b2,276479929
canceled,push,df052bbb4a0cf876a444eefb7a113d0dbe5a1c7b,276477915
canceled,push,5f628d19225f1faed1f6ca6e973b62586442f9d1,276477209
errored,push,b45343b0d751103a646bb27d0c00662172ed59b3,276476525
errored,push,7a82f0210e74fd6139abf65c45b0ea6487498746,276476086
errored,push,d871612e82d98b67949e9d62a344ebb99d09f07f,276475100
canceled,push,0f2a3c6ffc1b1143a4d6a5fc40e31ef13087d4e1,276474287
canceled,push,b66be8983a5328e30d5d9202b5c19c7bf0366446,276460899
canceled,push,349f8bb4bc47d80731cefb3513982fb8cf888eeb,276380576
canceled,push,6cb624f0ea905bfd0b7cca9ee14caa4a1425be12,276269282
failed,push,cc9498994f304bc06b7d537554bbafbcdb592d5b,276268066
failed,push,4380ead23df20f8d82ad1829185d101f6f71ddc3,276240717
canceled,push,e3debdb1585bd0838155340b20dd712da9d9628a,276177643
failed,push,2be8abd73c0bb4e3d87b607a0da1262756211b03,276158493
failed,push,4a2e7af460fd7d28d4e917b15966843847a77cc5,276135030
failed,push,855a39f2635d0e6292fec80211302f5db53a3d88,276134522
failed,push,f5ff53f03617d8f8d1ed6643dc85fba1a19509a3,276106122
canceled,push,28bb3314f48d828b3bc565378c26cbd0640b844f,275971291
canceled,push,422883faefbb6e0d7e2962ce081bcbf963628dff,275791607
failed,push,e544b8ae3052d4f3e67cc657c1326b481588cdc4,230399857
