Status,Type,Commit,ID
passed,push,68919e6331490da8a2fc6be1485d4c53ff4db894,296870256
passed,push,82f38333b9fd53291f32f29638ee473c578f9900,296863156
passed,push,a1368bbfc154eb32352367d4cdc155f10e6a6f77,296796207
passed,pull,f48866199187eef5d41f9365bb13156fb82fc07f,281847832
passed,pull,c0941cf95dd6d1759d62a35b78c57ed6f42eff9b,281845595
errored,pull,22e1ce3e23123bb1eaca94410c3269824da1c307,281845223
passed,pull,95c46b6f7ef94985b325a1c8eee0a90155f9f346,281560849
passed,pull,eaa5ace4bd5e447fd0db195baac9b970a2390985,270618068
passed,push,9ae56fd62d3230ea26d62615eb8bc85b6f498523,269128433
errored,pull,e6aaf06430c15685cb3a36fc535301d7629099b7,268637152
passed,push,52d4dc06a57a28ceb7accd7ab50bfadb1be8fc41,257787553
passed,push,b2cdee90e327992654bab56ce609aba4b60af427,257293768
passed,push,73c8b425dd52d22f61d28ea80a6ced675f074df5,257293743
passed,push,73c8b425dd52d22f61d28ea80a6ced675f074df5,257293730
passed,push,3dd5ef1236d4db7f38c0003208f1c335cc80b52f,257292073
passed,pull,2c3f1181665c725572cc21b89c7ff6820b0bb260,257227998
passed,pull,5dcef7cccfcf9087106c01a8fd02f43cd089a352,257227235
passed,pull,5dcef7cccfcf9087106c01a8fd02f43cd089a352,257222799
errored,pull,64b60e4df2b5d3e8a9001b2ed200dd76f5852e17,253161240
passed,push,48d17c2f986af2e611c467d2f996c5d543fba859,253160683
passed,pull,5ad3203b2567afcd17aebf21a2e75d968ab3008f,252787088
errored,pull,ab6284efe541631f019affb5dac038fc630bd56d,252783076
passed,push,8203bcb982bb4c4ff0d45973060959475c63c59c,252738336
passed,push,412c5caf9701def8b2b3a60fd073b7588f2ee3c1,252732950
passed,push,98ec232371e521af119ed4d5489594163adbe3e3,252730999
passed,pull,afb757ec40349ff8cca33d03187bd512574e7add,252478260
errored,pull,aa7aed6557df0c32ffb4f312a99fd8fa718aab83,252476054
errored,pull,aa7aed6557df0c32ffb4f312a99fd8fa718aab83,252470667
errored,pull,5c5c96d349dbba8126b675bdc4fca474bc447702,252465727
errored,pull,5c5c96d349dbba8126b675bdc4fca474bc447702,252465723
errored,pull,bb8c0ebc5757b6b56e50be948d714d47c56721ff,252459004
passed,push,c9eb4ab4a2e18e919584c5ccfb664f3d525fc6d3,250714339
passed,push,0b545d685ac4e2a7b9992f8147c52e57c279edeb,250714331
passed,push,0b545d685ac4e2a7b9992f8147c52e57c279edeb,250714324
passed,push,7817f679b8075f4ccee2da768811db734ea5bd70,250699888
passed,push,3b3cbcc8090df83f02252ad816363a050700381b,250309525
passed,pull,39089393eeef8c13e6fdb26224872ade9d821f06,248742705
errored,pull,2ea5517704e32cf2690df90c7c016a1b7b3eef4e,248741950
errored,pull,01e60152f3829378c05cc237f2982cebbd8938a1,248728993
passed,push,988cc9a600aa78810905aae0ef39b67f6ae9a1da,248711493
passed,pull,20a1930f72266156f15e916ce851bf3976dc3a0d,243075619
passed,push,d242f45cb1f1a90d0cbb7ee78a0379aecc014ed2,238740227
passed,push,30824b340cc68c6b5670450e3c295a3a108a76ee,237189722
passed,push,f889a1d741000bc6072ea34aa143de9fc703540c,232745302
errored,push,9640a74c12e300400ba1bf6e48e0d477b0a727c8,232743800
passed,push,6c5b9b33e1ae25495ebf334d91e9ff1e46d330eb,232735146
passed,push,2bbc8b065770461bd7aeae186ec93099bf0d4344,232735139
passed,push,2bbc8b065770461bd7aeae186ec93099bf0d4344,232735119
passed,push,9b0883436014a35d387b39989ec714f936c0f671,232475782
passed,push,51725d32fc110f348bcd856469c13a5fa930a5d7,232462894
passed,push,17e9220b72965a67726011e0f7255d9e2cb6cf4d,232454149
passed,push,6e3d2a2f00dcb46043c5b496ba02d4083384dbea,232404666
passed,push,04f69677cd00c1106ce63f52bcaeaf642a4ffc37,232402033
passed,push,00b9d73052e538caaec40751ad9f8ffd5a34c623,232400374
passed,push,c1d9a5464177ea7955cfc26529cfb49eb409504f,232394405
passed,pull,e5383e41cca66788c27676fa6935f536a794f65b,231451105
passed,pull,18c10bb65e76cf13c75f785c308a0362ab43a116,231280103
errored,pull,83d35cc2e2d483d7a92f445684048114f69cfb67,231277734
errored,pull,8e773f75aa32b345925462035fe22a1755d7ee5f,229309475
errored,pull,8e773f75aa32b345925462035fe22a1755d7ee5f,229296378
errored,push,318ce48a4fa927d62352242815a3f33c448a662d,228636284
errored,pull,9952acdbb6156a15f69d7e4cec3aa39a0d4743c9,228035324
errored,pull,de34eef7be692250df9e9cb02a2233a67575f215,225529751
errored,pull,a96f82ae0deaf1326a9cc3e79d3635844a34f008,225528926
errored,pull,b5a5c48cdbd5734a5898ebe26b088ec3b6921ccd,225522588
errored,pull,afd04e725bc24ee96e61a82ca5df77faa115d6c1,225302561
errored,pull,595f09ff2c16e7936caa46006161f749efd683dd,225112860
passed,push,99359dfbbf06f6dd6dc66992f3d095ccdc7ce8d1,225093884
errored,push,4fcfe672ea3c5f1abc2fcf46b6c9ec6b5c63669e,225093042
passed,pull,1628fe9837242d9f5ead215758ba7bc096a775fa,224926066
errored,push,2b0dce249d35ef35d2f9a84172aa609f39844690,223480945
errored,push,c09046936a6518a53612b6ca66d8ae1fcc1a72c2,223072081
errored,push,08afa0d96e7da433035eeab273cee095da297fb4,223072060
errored,push,08afa0d96e7da433035eeab273cee095da297fb4,223072042
errored,push,32be73a4fb7479fcaf200eedbc83318133467882,223071820
errored,push,6548aaba76571278dcc1e7168d5bf28c80a3e16d,223064414
errored,pull,907950f9eb9d572554141017e16e53296438a3ce,221259070
errored,pull,91bf6bb423b3fd2d9e0e72149cf7e1ea513b387a,220807743
errored,push,04f42bbb97019171a8c4ce6f297680b7063dde7f,220506374
passed,push,cad7e9a4ddc68e840e49721bbf1206e29c721c4d,220493285
passed,pull,8c87147f8f549af17481f7fa8f953f822bba6f3e,219127276
passed,push,ac8ff60ed008e43202d826d7ba7f21a881825e44,218485073
passed,push,4cd58302f9e252e0a3c355b1f842a527e9b6af3d,218464839
passed,pull,0fdd75f12c511f0e7ce6de0311716af0b2199543,216453959
passed,pull,e8f24345655f761e294c957115fe5cf1126d6514,212948706
passed,pull,8909b392811cb9bd4ae4dd2eb549d26b83fad6e0,212088870
passed,pull,e2088d47c331c43ebd760793231bfe384d6cd90b,202179944
passed,pull,d5ac963e0dd0f1ec697abdfca9a82680a8503e0c,200386495
passed,pull,5135f9c8cf6b048ceef273e06d3070afdfec6d34,200252569
errored,pull,8f64b60fa23a3abcc5f48497438466c810cba2d5,200250917
passed,push,bd9a43018147cd72e5d2d04ad76752c3b4065ae4,197248914
passed,push,ad795568a083bc6cfe15ef8e531335159c1bcec8,191634736
passed,push,9ee53d21b13a077856088079cb0b2e516ab5e579,191624681
passed,push,1c9d5e3fe538a6aaa499212904ecae3ac4f2f045,191621769
passed,push,c362f0c31bfb305bacb04564ea2d69bc152e0986,191621751
passed,push,c362f0c31bfb305bacb04564ea2d69bc152e0986,191621731
passed,push,b6cb1dcb24abda20da59bb40d21cd92f0d9c905b,191619645
passed,push,bdb25f30d708250fce50264d5782e5a4df5a407b,191314027
passed,push,a8f1e32851dd14e8f587b3c65fc3dc9207c90182,191310300
passed,push,78cb95ccb6c92499265298bf8d9cb6079ae36775,190974181
passed,push,a013e330b6c672aa45e33c88c0a7eefb746a3e16,190958671
passed,push,bfa0109cb9f11ec5f80276906f215847e6cc87e1,190957274
passed,push,3c724082167ba8d334b5a5d7f5ccbe87d591cb32,190930607
passed,push,a69f9def256f09cf9758ef9773c28e3091af3567,190918598
passed,push,a75a695ff7c81e21c04c4e3a2e190d1e4b66b425,190543381
passed,push,8dc788310ac737584e20fc003e5bf68ddbe7523d,190305432
passed,push,dae4fe61713eb75f21332c087a36de56d9727cab,190291778
passed,pull,71fdd6ecc3a1133badae53c103e78834a748cb9d,187385588
passed,push,c09bfced136222cd04ef618fbec2d7819ae509bc,186801696
passed,push,548da8fb7fa61094f312be3e1e38e07df23cde28,183946018
passed,push,731f72217b4cde9a6f01805596f095ecadebb6a9,183945964
passed,push,731f72217b4cde9a6f01805596f095ecadebb6a9,183945930
passed,push,5f960068c681db9ff8302dbf80e0bb002f88518f,183945735
passed,push,4722632641132eff869f33d285b20cb5c61f5c8e,183939704
passed,push,1f9087c700df1a53f9e4367f2b28ce1ccb6a011f,183938976
passed,pull,dd2090991df65c3d59025816210374a32e17168c,183938298
passed,push,83930b3e245d1d4d4e79729bc6d6b50f35433329,183530670
passed,push,13d67a7fd0c48b6fd64eb3047b5530f8f7d411e9,182324943
passed,push,c47e787ddab4c2fb88ab2bb6028b02a5d79148fc,182324931
passed,push,c47e787ddab4c2fb88ab2bb6028b02a5d79148fc,182324890
passed,push,18aa97b5ed6b21794748585424908c178594c7b6,182309965
passed,push,cab69546950fdfd48ff41bd33722214a7fd09849,182303191
passed,push,d59818211179ba4b04fa129ae13f5e47d87ce8bf,182302876
passed,push,65761bb1bcefd1299f47c8572501ced3cb3e2c02,182301722
passed,push,5e560cc50fecc907ed1af729656a531b7fd0e149,182278380
errored,pull,974ba8fbf4d408ef22bf3808daff98a1b807ea5a,182226516
passed,push,43ea452609f7fa857e61c5f35f955faff6efe760,181964599
passed,push,b7d0c6dd510c23457fa8ad9da46a6748749aa032,181960276
passed,push,36c33b6001fd34a0fedc3e4df901e352aa780949,181951876
passed,pull,89d6cbc4b13b076ea7214edcf7d865573a9e3c93,181660517
passed,pull,5108e238f67897d853db3037486f8672c58908e3,179730552
errored,pull,92961b8419214097cb73964212f4b12071b535b0,179728761
passed,pull,045e0c8c7b4c42b00b679d7484de9038c4c43c2a,179700479
passed,pull,f3d7d1b0a435d016d47e1e00930d4b066a7dae56,179613796
passed,pull,de3a95082740e4edda07a0b67d8d00e4ee666b37,179203966
passed,push,ab828cf5b9590685226a373c4aff397aadf8437d,177050899
passed,push,0e85a499c0fe5b4de3f0f0057ac765b0431d8fdd,177050874
passed,push,0e85a499c0fe5b4de3f0f0057ac765b0431d8fdd,177050859
passed,push,195e1eb1e2b38d933d8367a458a9473836f95093,177050712
passed,push,d3042262335297b7af37f32ecebd7c4ad7649518,177048335
passed,push,f62ca3d64a98ff2f18d34ee789d1a2266e83f995,177048319
passed,push,f62ca3d64a98ff2f18d34ee789d1a2266e83f995,177048307
passed,push,7ae74c391020e34b7b62ec763fd84dc49fc4f516,177028316
passed,pull,8ef963e50c8a902d289011a7a6db57e69096164c,176717686
passed,push,2ec0701e6fff84c8ea9f0438aca956df12e2945d,176632206
passed,push,e9ec58f96917a7d742893f6e0fb07922ef2921b8,176631463
passed,pull,dd7071ecddd62699448e17cac5d5ba88dd91ab41,176542820
passed,pull,cd7b8fb3ad62f26f606df66ed5a11297b55d311e,176232855
passed,push,6d4bf7d998513a9440ff2c5df508dfc0745c257a,174241975
passed,push,1e7db4ff82c87b87afb5b0bc0c3082ef75716bce,174232513
passed,pull,284f17c3085357ffd9b7b78c49b5293a692acdf7,172831963
errored,pull,3a827bbee5922084776389cb7c421eee1d21a6b8,172829876
passed,pull,0cd30b0de76ec0d3472e05e9f10bf5ab5a9f0600,172823907
errored,pull,8f5c7c1c186ed59503b1b21d00b61dcc75918699,172823335
errored,pull,f1ced4b79f0c3c5b894b4e2d1bad65cc2a0fb37b,172822589
errored,pull,f1ced4b79f0c3c5b894b4e2d1bad65cc2a0fb37b,172822583
errored,pull,09a1643cb725fbbe32da1fbd080455f695404f8d,172770846
passed,pull,0f567b359fa7ac142a14d3597b48360a80ddb1c9,172615581
errored,pull,cd1f7f2584af360f31de53e52e48267402cb35cc,172613378
errored,pull,fec68cdf21a47c1199805e2db546b3c0ffc5a751,172603685
passed,pull,517938ffbbcd3ec20f8edfa34dabb4f7ae219fd6,172313340
passed,pull,6e3341da61441cb07b7d9a2af7d3f5a4e514b8ae,168972407
passed,push,d9c8a0f356494cf1b38c4f8fec27414379f1d8ef,167009399
passed,push,d5ce425921f2866e0b08ec23a4d9b146da639aae,165528200
passed,push,aef1632ddf93479fb719f1ef0a4c3bbc7d642a5c,165514317
passed,pull,d49e550928bdd04e62ebb95e1bf9a3a5c2bcbd1e,164349511
errored,pull,48d25b8cb2d4620d2166ac7b44f07d13f6090584,163022043
passed,pull,a9aac198ff4fee8f6af4875453ca4079ba047c66,162716743
errored,pull,ea94e3495a420f6ecd1a86beed166d0a611c22b7,159339876
passed,push,c9ac8639566a67502fcfca52f3b6aac3d1df96f7,158481151
passed,push,4cd60c183162cc7f96ffa12aaac0755469c21f62,158481140
passed,push,4cd60c183162cc7f96ffa12aaac0755469c21f62,158481132
passed,push,018398ae5b08c03a12f2e40319fbc9445da8cfca,158480450
passed,push,aa4e6188b07a814b006a03ab3cdc0cdddfb061aa,158476746
passed,push,e01064d909e962d6d80905d077258c6e9ed9da70,158467044
passed,push,9fd62eaaaf9c2f5d382e27bf59a399c6d96c675e,158446981
passed,push,1fcff0e41ed25cd6de431e4723a318542ec3ad63,158446212
passed,pull,3e47f25c753c53778e9ccfa608af24dcbddf2c70,158352219
errored,pull,8b6c9b94beaf8a3c4071bf811782a36752174065,158349201
passed,push,96c1ea78ebbb334ce838729880f2a4b7f47f47a1,155402747
passed,push,efca28b5c4f623e32d35257461fc6f8ce8a24101,155402725
passed,push,efca28b5c4f623e32d35257461fc6f8ce8a24101,155402712
passed,push,33cf3f5f15215429883bdcac596f9f47e2091c8d,155402239
passed,pull,10cb0dd912c8333cd51edb4d4ee38ea8ee97131d,154466731
passed,pull,92426b2973cb5eb3ab701b212beff4a1e332bc37,154463243
passed,pull,2188b5b4ec9822404c12894ae9613a5487f4cb28,154436845
errored,pull,31c0af1ccb100fdd41118812c9bafb17a166f998,154404922
errored,pull,31c08ff9e444ba72c5e61443ba11e9874cb175fd,154397674
passed,pull,f0dcc13d2a31ff0acb6307185e38c118a74cf80e,154161147
passed,push,5175a4164a6e40ceba726eb58d02e911247784e3,151832538
passed,pull,fbe95f8734d8a2d254c46f84d437d73482788523,151830556
passed,push,7a24f820bae63e2baadebc26723fa69133c2bba1,151829789
errored,push,e03b236cf2cb628e8c99850e2e51f87e36d09d42,151818127
errored,push,f8b6a0127fbb96f06d1ab87753fc2f47e209ef3c,151813866
failed,push,74ce58569678927dded44f772449207a5364c890,151813588
errored,push,1ffa5b9ab2286dadd752e6785fc744f9eef9fe0b,151800356
passed,pull,2a138fc989db08e9398b1e95afc7c0b1a8a6780e,83720756
errored,pull,c6408bc89be4f843eda91339861c9aa34d00b871,83719511
passed,pull,ac3ecc9394a5d00042ba21f6e6ff0a153053f538,81831930
canceled,push,0311a435fa492cbaa87f4e1c63395f33770d7d38,76780585
passed,pull,4290b40ff94835297ae74568b9c13134aacece24,76780212
passed,push,b36b161d3680c04ac560e05973c97ebb6ce55e09,74490143
passed,push,36c5d828dfde9e7c34808cb8c71e3e5199535985,73390750
passed,pull,e1914fa3101dad1640f92975377ef92d3266279d,73353350
passed,push,b88b9ddf805954be6abf3b0e4c0641a9f6edd803,70755219
passed,pull,3c4d715c809b6c666e7e3f70020fca3846e07d39,70074445
passed,push,02dfe8563f94181271cce94c22c3adaeda23b1ff,67032362
passed,pull,e8008822670f45cb875d3fa07dc57576b363c5a3,65101836
passed,pull,e484c06a7b3acedf2bb32b0ae5994dab2b4e9033,65098182
passed,pull,fa50a2ff8a38b31c47382942c3fbd39bb29b169b,64996583
passed,pull,887e4e0823710f5d758f2c971c08c9967b8bbff5,64996384
passed,pull,da0390216d40e964ffec0fb6f8e3376308f34257,59916980
errored,pull,8b4570b2cbd40abca2b642fc757cc1b80bf9c26d,56448939
passed,push,a041f626bf959da1da0d5a95eeba37da12c92487,56411531
passed,pull,2e44fddd991839f6dc4f82901164936e5fd1ea54,55129040
passed,pull,740c199ca94d84d304c32698c06ab9b85374f1a3,53784928
passed,pull,b29e0a0560c5cbe8156e3678e2c64db933b645c3,50603742
passed,pull,dde975ff037ff911ce79ed69c6bbc4f1600886dc,50377028
passed,pull,120a222d97aeaabddfdbd0257eeab7371441d34a,50368833
passed,pull,120a222d97aeaabddfdbd0257eeab7371441d34a,50368831
passed,push,a7235c84f4c09a5952aa382944897533b20f3ce6,50366263
passed,pull,584f1aa27e15604ecb33ebdad7695b28ae623012,48511951
errored,pull,702380d8b57db577840559b2af019949493278fc,48496483
passed,push,d610b291aa69502f2241371bce76a0bc08b23722,47048148
passed,pull,109be338e793205e21117280a7e5d5490fa978fc,46856732
passed,pull,9f850f3c1f04b89ced47ef1f503aa80e1498751d,46055374
passed,pull,d69e3c395d6908bad81524336cb530899a4e4436,45459193
passed,pull,1eeff6371c5fb62fa5019a71053ba25c6e6ee026,45226484
errored,pull,1a6a9cf1052e6212efb88064870ab197513e5bd4,45206416
passed,pull,b1cd113315fd1a035a39966a8e9e6d16ac9842c1,44922125
passed,pull,0a272447eb8d735c9002d33d462501f65302ea81,44069502
errored,pull,c90e2ee6d5fed1ab3161ec718cf1fb482aa8db95,42983836
passed,pull,d3e7e982b6e373f090e11f63fe89935ad9658438,41692416
passed,pull,783e1ebe9b3e1c67981220c85a227cb05a460122,41501607
passed,pull,3749b893816a524418d1b700c1b9f2b7fa914783,41487221
passed,pull,11ded2b59e2fdfe704fefa620b6fb58ad1098a2c,38800221
passed,pull,92d9f1881f5ee3f62643267de1036dcf77bce083,38798689
passed,pull,7f7e0a8a2d968fa7adfb96e2cd17e02c7b47ddf0,38695062
passed,push,e47e494ce39f9b180352fc9b5fd73c8b3ccce7f8,37011070
passed,pull,58ffe89a3917f4f84b54c853a3555d3798f44d65,37009899
passed,pull,e240a25503c686fea3ce9a01e21b00caadf77840,36184494
passed,pull,e6eb98d0b873593ec5fd7f753d055c33f15e3bb5,36096948
passed,pull,ae35cb6259f7e2d5e404141e8fdb6a4fb89103a9,36095310
passed,push,648f8e359a20c6538c71c8b4925c324aadf44fcd,35988581
passed,pull,fc7245014973e123cd124ea6bb0fb83527268512,35981369
passed,pull,980df6781148393dbafa3044cf2be9258a5a392b,35981169
passed,pull,3728d278212e6652cc949b5d5c913799c58d95df,35976161
passed,pull,a4448e02d83ae4f344858ca65235763c4ff3ebed,35972034
passed,push,3fb9fa83ccdee8f1d67332fed6d0bd79b4f827a2,34148637
passed,pull,de66fff4c8c092db9a84af9184e8709f83f1d395,33756566
passed,pull,db7987c528eb637e51086aa9cd07b5776bdd6f21,33656492
passed,pull,f561dbf676f39530ba5266a30ddb47900c7fccc7,32938455
errored,pull,05d70bd963778cb06658c2a7e47afe48718c23d4,32742397
passed,pull,9b0fe9dbccc414695523ca0a7cf62ab83863be1b,32517128
passed,pull,225f25bfe9969a763fbf097846962fee57f6711e,32469841
passed,pull,06f281033cc47949fa000e9b58a3eb57201231a8,32377941
passed,pull,bed8f3aa78703f25420e06a38c5c7d45d8f17e87,32203029
passed,push,60aa4bb714a291a4694fc27085017ed83b00bbc3,31953950
errored,pull,af6f67e91ee8b8a2c1dda7a890338ff4fde61c00,31606545
passed,pull,d09b9dd3108d81af02be6043846cac274a47e653,30284447
passed,pull,db276aebb8f1265434ad801cc13f978e2d3d482a,30252428
passed,push,e83fa1c3da06ca85468b69a7d7d13b0077f8079f,29651054
passed,pull,09d13224537cf71e1bccf7de930b58d532174308,29182555
errored,pull,c9017bf58b44ebeb31beb48ba929a93302c21154,28459646
passed,pull,63f1d37be252412bebdf8892f1274d39e5a94e28,26897205
passed,push,c4dbbcf98992d4f83f51e06ed2b71dc6f7eacb6a,26005556
passed,push,f5edc0718da0abb83b26c8cf6797090e64fc8114,25955345
passed,push,76d6810e85fd62f8561c1b95c85edfad2c241afe,25955183
failed,push,682de184b5c190c6ccae9a7b1619182f990ea39c,25955141
passed,pull,02950c8be1e796d18c5d34c07df17f75e1ea60ae,25927220
failed,push,fbb1f3b1a80bfe9512b2565da2e38429edaa344c,25616343
passed,push,ed359d36f2d49c412c929ce1fbca824f26c07b34,25614674
passed,push,ed359d36f2d49c412c929ce1fbca824f26c07b34,25614676
passed,pull,034f8e7c758417b39825e7dc02036bed7da901fd,24506939
passed,pull,324c81f83b8b4f3ffd6c877d40f2bac8bd145639,24221616
failed,pull,33506db69dc7edc59d6f53cc98415819e1fdb9cf,23770376
passed,pull,41cbc9c959f4b8413ba8fd6a2411fa98dcf8cd87,23763222
passed,pull,907445db48b2569916199bc19b47075b4c5121d1,23762980
errored,pull,157ee75195f96664d163d476454ac2446cb46e31,23315908
passed,pull,4e7212d894c4474f965b4fea93fe0008ae9e2a0c,23184020
passed,push,135ad50a4e4e27e97f09e42ae50d6011c7af7a4b,22861096
errored,pull,45ff6ac3d83bcb7ed502af416a2aa7fce756a765,22861085
passed,push,304cb6a0c16b4c24e422b0bba2a053af60d9dadc,22274104
passed,push,5b7f44e772fc77d1e1d22cdd79c2f366e9cfb1bf,22274058
passed,pull,8a43ccb43400ca5dbaf5c96fcf73c6e348e5fddd,22251591
passed,pull,394816411ed9328bafd2e7691d35258657303292,22250297
passed,pull,760397b7d7ac9a1eb1f854e73f80871230ee334d,22248392
passed,push,271b1d66c1ee21695968cbed90be200135def808,21139300
passed,push,76d6810e85fd62f8561c1b95c85edfad2c241afe,21020752
failed,push,c28ae26de0d590f63250ba0ce560e6c9d9ce18cd,21020719
failed,push,81999ac2850ef602d29b12a3900d05770e07c838,20961648
passed,pull,2168457578e719bc83740535c7426a0dd8f3fe4f,20893620
passed,pull,80ce4fd5d02ce5df1ed39c6fe8d295816269ede7,20730643
passed,pull,6eb0832cd9c9cfede0f7b8c9f160e0941fe1bac8,20729883
passed,pull,bdbd1737515de957a0e88e9c5ea6c066e766de9a,20729096
passed,pull,a5a97578ae4feef07f798c16b7c2127f423c3998,20725393
passed,pull,5b40701c6e67b6fa929c91c4ad5b3e487c3b566d,20724736
passed,pull,0718dbd53232e94de18fee70d48fa593a6ea9dc9,20702230
passed,pull,0aa87cc12ecacdd7f0503d451d5c68f2c184f1b3,20517633
passed,pull,42979ae5275c0e360003746f7941382829f364de,20118348
passed,pull,f5dcc398099028d9d83d9ee16d9650fb9946970b,19962337
passed,pull,bcea8b7cb62d044f2d306574b93302126e1e93a1,19481840
passed,pull,fa90962e813a4113535b3d3ae992741ea286613d,19219795
errored,pull,9ad278b27f51f07ec85f50df735df286a226e7a1,18347988
passed,push,26792c063045e9557e79c9e84c3709f5ada22395,17776314
errored,pull,980388058c9566d47e6169adb68e7630d3ca3f91,17776302
passed,pull,980388058c9566d47e6169adb68e7630d3ca3f91,17775127
passed,push,f70c628ac840245b97ebeae1280560b4f14b0d51,17729686
passed,push,3ac699766a19ebc17d08990a46d7833af407f678,17729650
passed,pull,b1130c7c0c64f719ee7a38589e501d8ede970576,17727295
passed,pull,d2e98df76292860d1e40068f9caa4dd08a56231d,17709332
errored,pull,abb40ed47acc63c694ab7aa77e6082b6f95ca691,17707286
passed,pull,52370e585801a3bfa6d8a82dc5f729cc93a1714f,17692584
errored,pull,8b0e083b35044baa5c1dcb3a792404c7d8456aae,17476834
errored,pull,a1da0a1a4424a6524a6b8c9bd4e35a8c1313d0d1,17476030
errored,pull,9026f630693d61e850cee81518c7aaf5ddb3bc9e,17475084
passed,pull,d96a9557fc8c188e24394de7775403024c66eb9a,17415419
errored,push,243f473007dc85bc5c26d60dc559ac050a790a14,17376814
errored,push,454c6064f9fa604d64c4f8267de0e7fbfb6906da,17376626
passed,push,d37d9bea91e622c8ccd38ffccbc3c3c7b0fb708f,17300610
passed,push,929d36f136f758bf7f016572881169510683bad3,17241608
passed,push,e675441b943731a60ce4c0f2da2251631ff25f3c,17236211
passed,push,f46114f0fc0e1d1aa137f62b8493ed68afb56383,17235493
failed,push,8c583f87276cc5609ffb31fa15fabc35f4f3340c,17235400
passed,push,77add59a4a661fa8e9c787c07b4e1ed76b6b3270,17235204
passed,push,371136152befbbd1904b6310644a9f6150f8bffc,17061358
errored,pull,33fb464adb57de65c369a0791f90d13ee2d92667,17061354
passed,pull,c0648f04f79e7f5e61229708100980fbb06e159c,16983604
passed,push,65ae79d2702ccb192161db8fc6d1edaa5df07be8,16965987
passed,push,c775d45608da117c5bd3732cb331fc38fccf484f,16692477
passed,pull,a3cb9d929577d8639f20dd60a37d6ab7d6d2fea3,16675696
passed,push,77add59a4a661fa8e9c787c07b4e1ed76b6b3270,16555700
passed,pull,1bf694190e431ab71691e67b030a70a2bde37d95,16554024
passed,pull,794bb9a6660eebdc146bb4f09b9b787e8c72f2c6,16447458
passed,push,f8021ebc222288b4c23c09569c37910f7f9aa611,15989036
passed,pull,94b261564e22d10167fc7de84a27fa475a7bbf2c,15967246
passed,pull,bc8e34d49c8098ea9cb2589488191b752c2fad10,15511863
passed,pull,fbb1454976f93b6b7f6324b8ab143a269b57efea,15256783
passed,pull,99b9c9e459bf9ed32150f0d88643b987bdbc155d,15227533
passed,push,94add5a8dc5e14e06f3f10108a3e33f7825d56e6,15022239
passed,push,b06efa5058fef019b493e8125dd015fe2e1e6ec5,14554658
passed,pull,762635aa8d7fd2f689a0301f29cf035997e63f7a,14524062
passed,pull,70965800d9b058a164c7ce30b3ac1e545e4b9c13,14426813
passed,push,11dc6b1f541633a6432a41d258357f7fa483778c,14370353
passed,pull,e3479cd6a61a77ec61a2d4919558df704fbafc24,14362669
passed,pull,1bb613b8c542545b70bd53e7fb3638d2f88225cb,14306094
errored,pull,ec9c9857c3dda7a63a13b53d7ebd6f7497de2c07,14304436
errored,pull,f9993b2b56b921d1fe8bba0b15dbc45a1d8c3447,10935718
passed,pull,1b2f874204793194bd76aa0b30aa9edd6b26e9c5,10783524
passed,push,7fca6d5c188e2a5102da4a162167697f241ab2c0,10543705
passed,pull,4fe4c68f20ce9fd6de389bd7a784f5686d38d69b,10540914
passed,pull,471c1f938e8a5d42574d9099b51224212f370a3b,10087312
passed,pull,0845f8c5219e44be811669db04e65a7ba66c63db,10062742
errored,pull,e70b2517387558851694144dd935a2c47fed7edf,10045649
errored,pull,0d18808be59254dc28129c6bb0c6b35d846234d8,9311708
passed,pull,38819edf0066c719d58dc92aed05bd29106142d0,8551426
passed,push,cafa2fd69f70bfbf81324c83528b196ca7c14998,8347534
passed,pull,f9ccb53002821f7240634bd3d8f105019fa6311b,8297191
passed,push,53fd69aa9e855de9f7061fbfdb039268632051e7,8289850
passed,pull,d95560c6f7be3d86d7d90630b9f367ada1346501,8282039
errored,pull,9099d6697eb784182698ec801b4fd76e44cfa049,8275677
passed,pull,898bc4ec817e3a2e87f9cca7c49b10bd9a9f8282,8275589
passed,pull,1a675a3336c98238eb5fd49e6fd1b4410218b2a5,8274466
passed,pull,8faf289ddaf80405ffa9997774d9ee9ab6d350b4,7965171
passed,pull,3a821ff19afaa9293e98d0d918ae179731b39021,7907393
passed,pull,e772ac8705cf48e31a405bf416b777c1e334d6f2,7866953
passed,push,cf6f10e3dfa9a7aedd82c5d8bb1862f498dc9717,7806217
passed,pull,0b856b5b4ff1d61f622fb4c90e9652c37e3430e8,7804319
errored,pull,50fc8cadbde9ba17c118b37bb785de3a9a5b7042,7765805
passed,pull,1757a468d894c27c4c48010bbe52318d0e4a9702,7658698
passed,pull,50eec671f3f04b3ff3f3c540190d47b49a89343a,7575095
passed,pull,d588175cb95305798f027dd4b6d2cf4ab29ad1fb,7303150
passed,pull,89312c647f72c17ef2f852094ab78d3a5294209d,7262622
errored,pull,7ab3bff9946abeb8197c54309e7791d0f57c7e99,7262365
passed,pull,d13b599636b35303d974ee0c84faed3cb748d0cd,6750975
passed,pull,6250b110e13abc52472d423a95fe9d910052a05c,6590204
passed,pull,d49c0978bd59f809dc8f17b12531deff6ab641d0,6316239
passed,pull,466de3bd81fdd8f89b187306ceab36bbaa634da6,6314845
errored,pull,757b819529fe860c30428a4ff47ff12ed023064b,5856213
errored,pull,ee9206be6ac6fd039ee9376d3c57441c2959342d,5814951
passed,pull,df6e2f090f78105178d282aa3d9a518c1891c1e1,5686792
passed,push,ad55e225a668facb367956b47d7230fd4d253413,5320018
failed,pull,dc37b7aedcfd4c366a92fef12f07514234cbf8a2,5302625
passed,pull,12cd78e5d90793264152989cc130cc7e162d6b59,5159142
passed,pull,ff265d5b0d742c8cde7a1a6c18ff6db51d6899e4,5150746
passed,push,86f12eb5bcc1059833c0b8b19d5eb0c2a1726eaa,5146793
errored,pull,4acf551d9e549a5849759ec2e920d07ad321debf,5140956
errored,pull,bf6fb363059a75775eb4dde8ccd780b8531a2628,5125934
passed,pull,4877c75d8379b4b7584e654cd069a6754ef8fbad,5122704
passed,pull,74ea04982abf012d29159af83eccc2ce5c737ff9,5074555
errored,pull,eda0917edc32703c44fecef01a141012bca4bf32,5031574
passed,push,c9401eb62df5d98e7c0aef04719bed98cc18cf00,4990177
passed,pull,fd0fbf4be215e1828002d1a1e429c2edddf377cd,4973258
passed,push,e7f578deafc49cfef39cc7df365291ce7517c76c,4933110
passed,push,b3d83739980aa214bd93ed6c1a6a7ce4a4ce4077,4932696
passed,push,045914d2c0b1a049509fd9ddcdc77efff075985a,4792993
passed,push,e0a13c80504cf052260b4ac6f64f9fbe53846edf,4774003
passed,push,69eee25cacb270abe78ce1771694df5a68538c78,4767824
passed,push,0cb3301b8e07a54c7ff8bdd99961de421e6a49f2,4755569
passed,pull,48d1ba1265aba8b96e3562bf06f4d03f660f26c6,4742792
passed,push,1453dfb94c1641a22f6665d516c7c1c7af4bbe75,4653097
passed,pull,a662dea3a89bc2390860c194b2cf26626906ed9e,4642652
passed,pull,f47c0e6f4961f4b288c141cfa7016052c3cb0a3c,4470727
passed,pull,7b6b2d2f0a89271061f6d02614f34eeed4092429,4388914
passed,pull,a233f170d90667dcde53dcd3a235f6a5bee3de67,4344295
passed,pull,fe7d89ae01fd3b40f68c27663538b3bf427fde78,4197096
passed,push,479bfe6a425bd4b66f018417c247d52cc91216b8,3818229
passed,pull,52726fee96323f7d23104287028c9f01f3c0fe5a,3761276
passed,pull,884c1f7c16ee058c6b542a263692ca787d84cfbe,3760690
passed,pull,09719ea0c6b72aef57c4f6697360386c6c2277d1,3760405
passed,push,877bcb7fa23edf30b755b2ce43821fb1c047ce5a,3684842
passed,push,45cc91b50f3f13a50a15f69a261a6dfed4136f25,3684770
passed,pull,824804831ef69c0c0358cc634787fda38b7a8e95,3644088
passed,pull,aae700f19ed8ca25b75edf0a584202197d5e85ac,3635199
passed,pull,0f1040db42c5fe12ef2f6cc4c33ed6b0a9909a48,3513227
passed,pull,ff727eff61ebca8f57dd366624557db2f253e744,3453844
passed,push,78f57fb2203b9547034cde6f7d0bd5bd67a19d5c,3373007
passed,push,0ed1989b73dd0996e5644b89a1856608991b9134,3335777
passed,pull,e15f10e4b04b3c53295e3d1689a30e6272fec06a,3329660
passed,pull,e0c9a74d64495d71550ec11c8d47d2faa59db8c7,3290943
passed,pull,e834ff589d9acb72953f2469d6c4590bad1408a1,3206002
passed,pull,c5a736988909002185486896f1d430113f6e8f4d,3174999
passed,pull,5fa46d4017140d8c869938984ed282e0b2334537,3174979
passed,pull,c85060db3e2fd5409b25869b8ee133d290ff5067,3173637
passed,push,c1b3561c5d4421ff7dfc2a9df2bfb15262b66369,3136796
passed,pull,26b7a1f924247d91f51ca9b8551563251e36eaa7,3134537
passed,pull,8556c19e8ae64679dcd9332db1d2abba5f56e58e,3106735
passed,push,9a99a44c5f5a7e557f0a4bfa5d64a2587947b590,2902597
passed,pull,5b945bcec45382162395636b8d533354628a8e19,2900245
passed,pull,d2ce29f0b20655d1990b7dadc229ba35175c7688,2900243
passed,pull,2989fbb4055da9feeab6594a84485a781c746783,2858356
passed,push,eebc00f7e21ba190fa9c6f064f6d351b8b4a9cc5,2733448
passed,push,09d85d6713af6c97ae7d4450f88ceac20c60e2fd,2733420
passed,pull,6f420e072ffd6f79125442b4820df3642ca96f03,2631311
passed,pull,d4e871aae0850e889a3639a4054917197fe83241,2577628
passed,pull,504d6bc544daa8324e9465f2a4e3d922fd957f5f,2556032
failed,pull,dce2a6831ac91566b6939f3f8e8065c7d11f168b,2466160
passed,pull,418b265666bd1797b23f750ebabcb72cf3db8628,2447606
passed,push,7b4fe73ba2b958627d838704ee6a706abd266301,2441305
passed,pull,28d3cc8828bb39b6c2bfa963c2beeb29c9ea12a1,2439342
passed,pull,18f020f3ff90b3731ef5955b90ef232e3cfe99a2,2439294
passed,push,422fb2b299f28ac32de66f3cf129f6fce79578c8,2434530
passed,push,517d3f6b21093d74eb5273488673efeacd5b6b69,2434504
passed,pull,5c0a060679aa6c34778659d8899f01bb4817ee81,2429094
passed,pull,c3c33eb0f78fcc8f7cf5bfa09da1ea8bf25c93e4,2391538
passed,push,bf4f0db34ab5524c53abb5708ef0c0fa8520ceb3,2369283
passed,pull,77814ba59ab5342750a2c7da369baabc6d1f4d25,2356906
passed,pull,27d9b5c912d567b6850336d53665f197662b0f31,2353668
passed,pull,c8e17736be1469ce6b60a451424e1a16d2e03dff,2353578
passed,pull,8ee7af74faa39af3b63811f52f2a2974ae68b1a7,2353382
passed,pull,59138378fd3a98585f8cf1b771dfc17ba6367fa6,2353347
passed,pull,270c1e67171245092ab589cf68a99e05e2018c46,2353319
passed,pull,95f898bdca01230317278ce84b8dcf14f3280a3f,2347962
passed,push,a736912614301b595f9f1b88fde5880176a4d7ba,2345300
passed,push,f8448ee6f085ef5bc1bf7b3f84de122a91852ba9,2325648
passed,pull,cc92604088c4cd73f4aa4dbb999004f75e7ad8a5,2325580
passed,pull,6d7cb7112502f9b6c676bccac8c99dd817cd9678,2324156
passed,pull,a3b0514c2a43abce37e48d663e33a3805a5b531f,2323260
passed,pull,bf7bbe31f839d9422d85109ce170738e2a3db4e7,2311769
passed,pull,8cad378261b92cac6ba73ab12b47466514ae33bb,2311751
passed,pull,90d4cd38d11afe10879b6269c016c146e813a46c,2310479
passed,pull,d83193431a2f96f0a145a3e7b23c9262c6a57698,2244572
passed,push,57409b50ac3cdd6a0f71421d4d29fd4a78ec3031,2191562
passed,pull,b3778d977555d44226d80fa36eb843fe0e4011a2,2187646
passed,pull,9988cbdc0011d1ff6c8796c45411171368de38b1,2181965
passed,push,979c6579ab662a9a88a0906a701e783e62251914,2148341
passed,pull,1635f36b6a1b16e1b978339c2633f334fad82663,2148276
passed,pull,9def38395feea804e34800ead0e4d054aa4ac7f5,2148243
passed,push,19b6f183dc54e1b07364a69397bcd9bace7b6f38,1979078
passed,push,d9624eceef546a292aec7aade24f7dfb2b9486c8,1906022
passed,push,bf13f57c6d2a551cc5164d9a2d5aa8379e07397c,1904939
passed,push,97fa26fce79f98d467edc1997b1a49df162bdb19,1683303
passed,push,2f553869950bad9d9a79ad4d8103ca6cea5d5210,1558169
passed,push,cf9c4be00c2142fbfed6735d7d109bb2e90e4af6,1282642
passed,push,b35ea8d8ed814515da95115ae211bc92ce818ea2,1222727
passed,push,294c3115d5bb31f610f90127c50c9becb852bc73,1212438
passed,push,965a1ecd3fb3c6175cce61dcb3a708481b710a21,1204872
passed,push,ebe4b0e7db3c74761b558ca283a1e4ec6f70b436,1204869
passed,push,8ceebf2deddde5122ab8d4c7d95ced294b34c16c,1201099
passed,push,3f4189607c46a03b95ac2fe055d5605b0015b73d,1193180
passed,push,89ddd131e42ee0bdd7a414439f6887aa213427ec,1174124
passed,push,1208fd815ac023f5acf2de491badbe8b68f98c40,1071910
failed,push,ed65d25697360f7cf038d1d1704bdd5c4f1fab7a,1071853
passed,push,675216792546e7a636ee6186be82fbccab474873,985750
passed,push,b83113a0256d0eaf0341f0534a77ccfb17ea6ebc,985721
failed,push,9fbc9b2d723884af6ab71646853b107c3d3ca7e3,985618
failed,push,f4c36ab27abe3dde4649bfd935aab04b25078d9b,915522
failed,push,60872fe55f6f2a5fc26f19133fd82907794bbfbe,860563
failed,push,312579950b88f8c1f9f1af74e54810952915ca87,259647260
failed,push,e221da707308ffa17fc51bc5533b5a865c3a7432,259647016
failed,push,23166418bc6b760c59b173856dc5259aacb9f114,259646857
failed,push,cbc9923c9dd15c32e16272d62aefddbf97720c7c,259646581
failed,push,8865ea15c1edf9e5a9fa196e3e54c5ac01543b8e,259646468
failed,push,efd4153f6df463b332d2339aeb97c0d7181673e3,259646336
failed,push,aa35829ca47ee5572270e8b3ebd7a536294e0c43,259646145
failed,push,03be7c61ca70d6cd77a9f06c71dbed7aef6bc04c,259645943
failed,push,85e9a9eedf840166ea3698d1fa7fcf767b053136,259645514
failed,push,58ff30359e0ae51a61255c632469fb9dbce6dc88,259645132
passed,push,94ff0d7b65990830557a7cd4d37b8162fd802749,259644795
passed,push,1e8af79fe03b2ccb49b492c5972e862f34ab22ca,259644423
passed,push,878f29cc92b362bbcc39195a328d6f245fcbcc84,259643700
passed,push,33d45e17979d66d26661848228260afb642903e8,237950899
passed,push,6ae769e35e8319747a702a4962df31650303a98e,230260991
passed,push,b8ca4910f883dbc2759ba9ef494c591eb65e2521,230260650
passed,push,99ae2c34b822db588e19810a22da2ce74e3144b0,230260198
failed,push,28aa47c84687378297e049c4982ae7ff13f5a892,230259821
failed,push,d4314ad231e931a400a953c57d90d8b4184e4d96,230259523
failed,push,4d927ea3354bee8592e1dad9d9e8d6b6c64eadb8,230259306
failed,push,47bcf7bb4ff3495a033b64e1db18764b60c1bc0c,230259012
failed,push,d84a75236ad3ef6064a2768448496ddf62b954bf,230258770
failed,push,a02f02fa9bc129abfbabe3e25d47b5792f35d78c,230258345
failed,push,7f29ed8e276ad6198865ccb0df41d2cfb1506fae,230257990
failed,push,6ac997fff81cad727d84b0416dfd73cf61a50d0d,230257641
failed,push,a9fe13606f1fdc9b0290e259d35e8e2c624d46bb,230257445
failed,push,f9aa6a8ac9e87d02cc2c927cf44864e897319e75,230257145
failed,push,f39968e1c84a636ccb067eb11560d3bebcdbe8f3,230256834
failed,push,4b84994c399aa39ac90565bad6ef263b3afc1471,230256684
failed,push,3e17034786e56472561757f0f79236513d7f142d,230256408
failed,push,bc3402841bccf4b507b89b143644c6767c2dcd5f,230256150
failed,push,7464388403f284e48f3530486d60e23180d4c6ef,230255737
failed,push,7046d6286c7b44f84f8254a20a52cb3afea759ed,230255567
failed,push,64dcd3fbf51e69c4621e4cc35062ae11cf15c755,230255248
failed,push,a662a0d473d7b77dbf8f7988e226301d756359eb,230255013
failed,push,0007d57d867307039d8a1e91120e85f6f4c20d83,230254727
failed,push,705ccb32117146bf7be9871bc3ecacb6d9f2f459,230254464
failed,push,9a12c760880935fe08dd231d46d543955d5e50b4,230254239
failed,push,a2691d13cce9b4aac43ec40c1613571dacc65277,230254002
passed,push,fa96ffb331ec258df4d839a0ae3367b39956590b,230253435
passed,push,43ea452609f7fa857e61c5f35f955faff6efe760,230252863
errored,push,d4e97330d953c3291dcb84d47887e3087c41f650,230252127
passed,push,33d45e17979d66d26661848228260afb642903e8,230251053
