Status,Type,Commit,ID
passed,push,082c56c15c6ece15002631ff6f89206a00d8915c,175188228
passed,pull,1fd4f91dc85cec1c74d3f1d8a637fd9efb9248e1,175179377
passed,push,cbe611476506ed139e02aa392b503b42a3d5faf6,175179148
passed,push,8528f21de84c9fb5f68b5ad6dfdd7a423995f244,175177562
passed,push,2ce742ae7c0ebd5a7162bf55a556c9bb2df33a24,175172735
passed,push,e31abc33efd2671c3f54691f21a1b0987bf5484c,175170573
passed,push,9512dc8365bdf4681fdb56ebeb35d2561167e85a,175169310
passed,push,9512dc8365bdf4681fdb56ebeb35d2561167e85a,139349218
passed,push,58ebb9d3a88c082278b7e98e13fff266be88d799,129003097
passed,push,8a51224be3ad7907bb9f6f7b06aebd5b44989268,125727391
passed,push,8a51224be3ad7907bb9f6f7b06aebd5b44989268,125645318
passed,push,d15f16bb704f68d553dc76bb5cabfcb911d3981e,125645283
passed,push,b9927becdd852d71e6b2c350fdd0d6de26c69f07,123123754
passed,pull,c4fc5eb5a84d6d662ceb975ad066264141dc682b,122939038
passed,pull,519d94bee6baa661adb19b75878545c0d99c426c,122562130
failed,pull,9fcbb23ac27c2217fb445ab8929b5d5d15322ab3,122560854
passed,pull,50b6a86e186a1cbf5f026e1985d236edacf72626,122347143
passed,push,1ce88441ef201ae114dd65438ad614bb259289cf,110481951
passed,push,1ce88441ef201ae114dd65438ad614bb259289cf,110461859
passed,push,97e42dc12163b02e406f9914b108d531448ac60f,110461847
failed,pull,05314f42e4b5df070f4ca7cc5ef5c0a61d86fc0d,110257660
passed,pull,80aff4a4094a5fbb5add7125934d60cc42b29419,110248586
passed,push,c20ec709d4b0d3a529ebf4643d160e6f102d38d3,110234660
passed,pull,659c02cff881d24478e20c4f8c9badbd21239573,110228970
passed,pull,3264049af0858f838c382381ad41814574e0a148,110224390
passed,pull,9338212ed2a140c7dd9864f335ccd2227290e914,110034450
passed,pull,2ee7815acde5210ae96a5a956c0124ba906880c3,109989648
passed,pull,76f30378d366297a8d9708ba611d8803a676368f,109733563
passed,push,2b3898b89c94b76499d69a73d42dd8967f61dcb3,109727889
errored,pull,195edc881ea799363dbc9b5567061706c5cbec22,109720183
passed,pull,9669ebcbe9d22573a00f9a5a2a50e10936d293d8,109713083
passed,push,48aabd7fc8a8883a3d726cc861631b1df7dd1c7e,109712829
passed,push,2956cf11f662ce49c8493b61b154f154a73ee707,109711983
passed,push,2956cf11f662ce49c8493b61b154f154a73ee707,108894881
passed,push,0fbf081696de7262ebdd6b57e85c91b1db362dab,108894876
passed,push,4e4f4c1f8dbe6a91806c8e215dbd4928d16d9dda,108691581
passed,pull,ae93e22e960173b2e1035f33b0f1e6cb415a36b3,108689836
passed,push,d61fb87d0168d3305ca31685009f3c706a1f4be9,108689832
passed,pull,9a4952091929e86a1f9022d9b8896c3b714ae5f6,108678322
passed,push,ec262aec8b05cc2d58e75474749ad6f1599fd9ba,108678320
passed,pull,a747ff217281e33b3ae208610bef54d9f1c51437,108482176
passed,push,2daa6902339cffe5e311dcef1bd4ce5d5ddc9f3e,108481839
passed,push,0288d3a45130af8f446b8f3ff6820958642b0241,108481653
passed,push,c7c95c23b9e1cc6125f9cd5d8d336d110d7d9d00,108444889
passed,push,2662b67b39d53bb751177bdb54fde7655d5f13bf,108138470
passed,pull,c9f5756ad662d354ffe064f1ee9ad5f1985d444e,108120945
passed,pull,65f349dd74721f1e4e488b796e992831ff93f69d,108116785
passed,pull,ccf54886c64f620556f9b2e1a652d7b6dbf39c2c,108104408
passed,pull,180f5f08cd27b984c1a1560f654a707c8a4e8751,107936835
passed,pull,0a7cccf8a2ee806836bbe3764fc227a22361ea3d,107933626
failed,pull,763f5f335aeeedd439b6c54c97e8a57e6b7e7fa3,107914583
passed,pull,4fefeeec29b9eb1d744443e7ac9beb5280f4d5ba,107850966
failed,pull,a1463c7313169270cd2465f2311392e02a6810ab,107388164
passed,push,a032bedbe29c5b32802b16274a83421d50fc0217,101996723
passed,push,a032bedbe29c5b32802b16274a83421d50fc0217,101992248
passed,push,59a98fe2a3d5d9793dc7ec80202ecc17967a9b6f,101992228
passed,push,ba9196921686ce8445fbd1552cd8d28ba10e8f57,101751946
passed,pull,7a25a17b3f4c2921d9bf80ca133eeff22610caea,101750450
passed,push,4a6a051784685de16b9deccb36c2abc1eef266ac,101750448
passed,pull,7ffc5b3387c9882874a8393ec4aa2018e9b8e636,101733250
passed,push,50870e1ff85498171cc68b9a615d26a54e8c063e,101733246
passed,pull,3104f5656a124b19cb4b7d7aeb1f8fb59e0275cb,101725953
passed,push,04da94e2edd7e9841cbaddef69378226145e52f6,101725944
passed,pull,52d553b8c06d685de0f94e02f415e2bd562c99d9,101693305
passed,push,e5874b9841738484b5481b0ca809f2e5cdd73562,101693301
passed,push,7ba342ac86385bff2261f419240d14a3c34a33e6,100961252
passed,pull,34e773c71f0e14273cc8db70c2a1c851e97f3216,100957885
passed,push,50b8936d6e7db7854f38b358dbbbdfde7ddfd501,100957877
passed,pull,1cb220b9a2a77b2a9ea8dd11fc4216822ed39596,100956703
passed,push,74c8718cc9892e55601bb8bc43c24cd12311a925,100956697
passed,push,72578c07258048ddaeea48140e2cfe576b69b73e,100951312
passed,pull,cf225345164d71c6314da333f591bb2a1c56c71c,100951310
passed,pull,525874aa731d136edf260ef7fc574bc5c8db3497,100945803
passed,push,1f874ad48fee35a16e6e6734dc90beb169256bb0,100945786
passed,pull,59d3c15b78d239d37e8b707e5966c1b09b88f0fe,100733029
passed,push,702895d01314fa250a1584cd8ef9128b58d2e28c,100733026
passed,pull,402edc33717b8bc97e983e21c9ac94cf4abad27b,100660505
passed,push,d15c3d7bf5d4ae04f595292136bb9ef12f954bdf,100660492
failed,pull,f2ce10c0025c8b7c79038bfd158c433d8d78894d,100265800
failed,push,985d85808280a3afd6baa85760cecc78549e5c9e,100265798
failed,pull,134587330c82d3a71a68bd40d038146047705335,100264949
failed,push,4253618004cf363f13a3dd0959c4b4a01c9c8dc8,100264863
passed,push,0eaa9e08a615816d4b8dd2a68789d17a5bda06df,99224111
passed,pull,170d21ffe5590a92726d74d2d2be4996508470b2,99205788
passed,push,b25d1abe1178e6f6233617376259879868ba2ed0,99205744
passed,push,c9d0cfc7f9e3f4c6d2276aa8f1d06cb6451938e5,99205683
passed,pull,1a400c0d1be8487710b40695517c807b33525e57,99205351
passed,push,0bd1fbe8489f27bea8c8218248c0f9fa84101040,99205346
passed,push,db4154f2d08246ff94c6465478547ebc019bbb82,98738214
passed,pull,843729f069ce10726e4fbb03cb8690b7e1409bcc,98735612
passed,push,a609c21b79327f29cd5dc5bb6581d113062c6ddd,98735610
passed,pull,65e4aded3e64ce4e67b8c478c34d1ce8f2fa2462,98731715
passed,push,17edc64fba23c28888591078928564ebc71ce0fc,98731708
passed,pull,8a17c61450657a4edfe8731c3455efe6e406a24d,98620874
passed,push,cef01e59eef4c5226783f282f411776f6ecb5f34,98620872
passed,pull,fe4702619a6bb6d0d09a8b62ff420953aa290b3d,98445267
passed,push,b87263a75ec4d9c6cf695f877a16de6daa0e1029,98445209
passed,pull,5ec0773cc590a7e03ca8a6fe4e8e49050d6f486d,98262043
passed,push,1bac959f3ecd1edfb192c9ac965e4c5e86d319d5,98262041
passed,pull,713b6cb465142c4456ec03d7715d2d5f7083590f,98247357
passed,push,ef012a0070622fa4242d1fd7b4d61fb082f8b942,98247355
passed,pull,79fe432a37f0cdf3251a87b426ca809990355dcc,98247191
passed,push,b324e61b4478193ed2f7921b6dc8da4b140fec31,98247181
passed,push,0ce2af8842e351aa891f2dcb6788266f39cadcee,97815817
passed,push,0158b69c9dce763997aabf5dd15cdaf28d498eb8,89762997
passed,push,0158b69c9dce763997aabf5dd15cdaf28d498eb8,89752231
passed,push,e641ad6e758c5688a76319f22db937ac25f3c7d4,89752219
passed,push,e24d17e6b39096b7d487f3c6e6b844cdb45b0d4f,89348039
passed,push,c9ea6484d52d652cd379552cca2f2b970f893f30,89348024
passed,push,b34f275fccf40cab0719a4a85809f4a13a6e87e0,89158744
passed,pull,8484597e88105b4901ddcf3d992d735712de70f6,89157968
passed,push,659e69336552d46453066927ee9c0020f148efd7,89157951
passed,push,ee5aba4f5843517fd9af24fc27c2278abb48c112,89157876
passed,push,ee5aba4f5843517fd9af24fc27c2278abb48c112,89157567
passed,push,07521c1cc43e2f7d7e9d4ddb2d79aa1717894a0e,89138119
passed,push,dbb158d0b9fd06b38f97a34b43fd8e2842ed0ac1,89137929
passed,pull,5efa2d10566cc01c107ea1a840eef8ec963ca822,89137472
passed,pull,078be904f3663dffd18958cb0ceeb2490ecc68a2,89136727
passed,push,6b43c1b3dcc52d05359f466eb0c438fe52706787,89128931
passed,push,1fc6a4a50cf9c0d8eac630914ea7943e49eefcf1,89128393
passed,push,03ab90385bcf1ee3d3d8b44ea1fedb1c30961f47,89127971
passed,push,80b795cd3f5de05d9f3406c74aab9c5bdb2ea3a9,89122019
passed,pull,64cb7083040e18ba8e9c851d952187e1f7c813cf,89119683
passed,push,e433dc904ec5ae8ef162246f06eaf52d9a6ec5fa,89119676
passed,pull,83c06cb888f6de0873f25836b4a9bef55f259801,89105971
passed,push,294dfd9b42d06e6b539787e2af7b1b3679a94956,89105966
passed,pull,34c0c9772ac756ecfa59f2e5c5866990133fe5d2,89105652
passed,push,09f62a143c94640a9b548c51d3038d1e6358112e,89105647
passed,pull,970f41c6fd9d5e058f71d4307c25b0951c7381eb,89102744
passed,push,c8048d880e864dc49dc2de05e59b05e43a1e8bed,89102716
passed,push,55990bcba55e477a3f5fe2669e7cd9e0c75f457a,89095218
passed,pull,6ed0cfaf4d7a09f4bf550392b6a4f9764b78cdde,89095194
passed,pull,928e75ea674a52ea586a39ff18293b58c8a7ae77,89094916
passed,push,068824563fcd693a75bb497dded78f91bc3da412,89094911
passed,push,90a37dbc23366ed6157147910f67355d62c3ac1f,89066533
passed,pull,7b6cfca41ce3e13eb9be21d274dbb95de3e7ff55,89066515
passed,pull,f27fa1ec02feca2c86d26741bd8651f378d5baea,88941618
passed,push,d65643a014450df951b5ca0fa7924093e488b86b,88941598
passed,pull,04951f438fcfc72ad94cead95876b061dc2e039c,88940702
passed,push,2228105befa032b31ee26a3bd87f90c3fbb2356a,88940700
passed,pull,c976f1025e2c442b994321d9aed4757ca70cf30a,88909899
passed,push,39fa7139c5faa751060533195a441a828228278f,88909887
passed,push,ca8790112037dcc1af28ec9ad4330653224c2bcf,88888212
passed,pull,45f76bf7e0184f870d52a0c4749ce191ec312c1b,88880384
passed,push,690422aabae55772db6122bdd294f59723f1d14f,88880375
passed,push,49a78abf155df57b9fd780a37964939fe01534cc,88875450
passed,pull,0c4b9102b8327e176e73535641592f92e3785ee9,88872182
errored,pull,487e7198c6d97601cedf8aa0d851da54e4ad14bd,88871706
passed,pull,801fb1cbbabc14df182f5aed26e9cad6000ae8aa,88867069
passed,pull,7bf2d75067836d35b9b9127d6d70f02aad00fe7c,88865945
errored,pull,71fa0842c0e254e5844d1ffaa1c96766a35d82e2,88864536
failed,pull,a4d853be49013a35134a3de83c281a171f1def8e,88861136
passed,push,33667aa58295d1fec48f77a7c6ecfeb883dfe114,88861115
errored,pull,f428432dd556cf14e406371c376becae0387dce3,88858114
passed,push,ec3b1a3959eba1c335a727e1ea230c9dbf8101ed,88723453
passed,pull,7c7c525b2574765f24f2db9b1dab77e79e980bc2,88707115
passed,push,67a4a148951ac46625d710ac2b5a97d784758125,88707107
passed,push,2c6772b50f6aa7703ee794735fc5dad1def22aae,88473282
passed,pull,c1bb663af455b972d217a68d9ee701627edb18e4,88471012
passed,push,05d91a628691bffb787b9697d8e37c391ca0bc6d,88470995
passed,pull,d82507a0d0d3203e9a3e094d7ebcf43eea33e13f,88469263
passed,push,a4e13a667099290792bce12ee8d4a16714b3da1f,88469261
errored,push,6e4f0384ecddab4c776a9d749f5486ee7b0eede0,88469093
passed,pull,7f56160e2d4d65f365e4957634485cf04c17f3c6,88469091
passed,pull,1f693f514cc8a7b87a3f0cc0d1a132381d15476a,88469072
passed,push,a0feedad0c1f8e056ed07a517a1e4a3554104cc1,88469070
passed,pull,8d3d3c5e5a87244a6d9518a6b4cadb088449dd5d,88466426
passed,push,96bfe13789a8ecaecbd562e157f39f58c96bef1a,88466424
passed,pull,c3b6a64cf4719359352260fee671b43b39e905c9,88465522
passed,push,977dc099fdabe7ae5d240ad1ee1c383566956883,88465520
passed,pull,e89a55dcd229bef99f4eabdd614d719f7a47f2bf,88458608
passed,push,f684e63b121c8c5580f1cda549bc951d24b65daa,88458597
passed,pull,9503b24072cb889aa0733e037b6427cf6d1fbc98,88457766
passed,push,57b1c9f0376be8f6a9212ca928dfa8a852548b3f,88457753
passed,pull,d87e3b4675b4e1c4cfb0377e03a8d441bc51adea,88450282
passed,push,d5771e662bc288da306d22b96cea408f876ee0ac,88450273
passed,pull,558fb39128af5a3fa475a960fcb6c764a6c27ca8,88445871
passed,pull,b2cde9313448f37dbcd9ea5a524c99b5ba236bda,88441687
failed,pull,18ac92900faa4f9545333eabe23ed9c9b1a4428f,88438630
passed,push,b5f4321c7d8aabf5bfefc8b99b239e5c733cb8a1,88426608
passed,push,3cbbaf51b966137d3e15c40251664a7f5bea8b5e,88424410
passed,pull,dcec8d5b7877e005406788cdbfc44989e44181c5,88422478
passed,pull,998d01cc101d53cb7c1e290760291bb2268b0c82,88422286
passed,pull,def27eb714a0bd935d7599a10eaa1173c2763a92,88416316
passed,push,2edd88c94c1be1fc9a47466858870825e2688a83,88416300
failed,push,48412c46a7d1128989a0b2537be06d05cd8b193c,88408169
failed,pull,da1c4f951757004100c01eceb71a8bdf80400c27,88408167
passed,pull,0c26a1a391c759a12e0fd3a7e370e18283bf08db,88399791
passed,pull,153a0334fa25a99a98f5ddd12d4a7a19f55605c5,88399714
passed,push,7ad20ab6f9eb44afa7630dc25458ae63f4a7db87,88244652
passed,pull,49ebce345cadf974fc8db6168103a47046e54dd7,88240334
passed,push,5647586c6cae12720607a0652c7e720c3725961a,88240332
passed,pull,c9d97c6c162bdfc025edb5e7a32db283697a3723,88238408
passed,push,597ebdf1eba46ec0cb00f7d64b6e82b7512a38a5,88238406
passed,pull,0403030ddef82373da44d6db41bc7feac8ba795d,88232560
errored,pull,29025a35ae4d9cbb191c510d6b0af00c0d3dec67,88230115
errored,pull,b7f6bd30a34e12bb70c72887d3e16e0c4abf0b3e,88229813
passed,pull,f14620edb18bf7d243c4758393a248ba66311550,88222952
passed,push,fe30a4eb628db4cd02b3ce251ce81e1095147a25,88222886
passed,push,60b1be3e499ce3c9385077a8d4a421ffa1ee6dd3,88211575
passed,push,efa4f5c589c55f980dda2663662cbfb917a377aa,88207232
passed,pull,ff4c0520a9d8c1e52419dd572e8f0b41423b6098,88205303
passed,push,18ad87ea47938ea4e5006097b01137333be32ae0,88205237
passed,pull,987d391a4a8639ba19c6de885aad3e5414ef2cb3,88203014
passed,push,3e58b30fcf352a3fb3f3735feb6fe0afbd92b545,88202954
passed,pull,352663a5d9fb4d19221d147498c41f1be9d650a5,88202349
passed,push,8713b294312beb32c86eb270544519048e8c6ce6,88202337
passed,push,a147b891e277740bf07a4bc3096a655d0e46c899,88053501
passed,pull,a0c4e32fee0d605b93a31d4ea44465350a9b80ad,88052135
passed,push,c9f4039d32447f1747ad1a6a652b5f4c6aa36c57,88052133
passed,pull,e7ea829908403731dacacc1eb982b0ffcf286244,88050154
passed,push,ac947afedce7719fc5d4174b9a3c60992570e8ff,88050148
passed,pull,398c63e04bb67cffa96979ba8daae4e3166faed1,88027398
passed,pull,41a73be15b7036a0f8c520971fe59bb9fb31974c,88025289
passed,pull,c2698dc40c8d7c26f35209da26c3838ca79466db,88024553
passed,pull,45c10ce5e50de15cc3f901b7171d08df82832db0,88024030
passed,pull,74eb2fbbb38b1148336e217606d67f86363b5d83,88023330
passed,pull,af1a021e692dfa63bbfd3c61f78c7c840dd21bc7,88019430
passed,push,32b793f1c193aa5f7d99fb398c9f3f43256f1252,88019420
passed,push,44e40761b175755dfb65038e5be71448d49f0fe7,87991860
passed,pull,8c2fee279611b80659e63961d089dc0d2699c76d,87989739
passed,push,2c0c2abebaf3aab821b26eafdff4db40c19a673a,87989722
passed,pull,f62515b3042d00cacf2785faded070e149aa61d9,87976481
passed,pull,959cb765814cb552b825e46cecfccfd26f4b6de8,87972067
passed,pull,974db52a93c336294dc787052b22e060f323378d,87957188
passed,push,3cbbaf51b966137d3e15c40251664a7f5bea8b5e,87957175
passed,pull,3bc419942ca8963c10ed941121bcec085007541f,87950789
passed,push,e170246607ffe50f8580b944f820e4fc8af0316a,87950757
passed,push,a922acb4091d182267df9e9bbcfe63fc3365ecb3,87922467
passed,pull,271e3576b1b349e38a1697b6a121de0e69238f26,87922465
passed,pull,b1a07cdeeb8e2c0f6c763815df219226d931cce2,87811760
passed,push,0b06961200dc6cb94fc0137439846fc6ac23d529,87811608
passed,pull,b18abaaa0e4b99b34a6a272e4c5390700aeed94b,87807163
errored,pull,b322428292ad144d89bb73f123dc1b5a1dfe080f,87784018
passed,pull,092c89b14ef733d21b00505520aa5ca36cccc6d9,87780279
passed,pull,07812259626b5a52d32b28b0ebe38827755c3ea1,87780122
passed,pull,06a0d658aa1accee079908850ef9c57ccee24f26,87779474
passed,pull,77e7aabfaa88c5fcf8f6da956e4cf80945d47e1c,87778623
passed,pull,e3da73e84e4e2f4de7caa1bfb4d785b0e065eb8c,87775425
passed,push,9af60cfd22596b05c1ff6b00aa24afd568b0f7ef,87775400
passed,pull,30a7f5c2af19547e08adb1b449f1491d11373672,87763550
passed,pull,73f695b9ac899343ce5de7ec9f429679a728eb36,87614105
passed,push,e5339a74056bedbe2f3d39e4f1db88cb639a3219,87614101
passed,pull,84697ae941da56b37586cfddfacc3f50fe22b083,87584368
passed,push,b3cefab53d06ae67d26349bf506daf9e85974b75,87584363
passed,pull,2ed0eed262acd846eb478608649b8cc46033f358,87583327
passed,pull,4a554058db7a0dabf451e597c7eda0613bac728d,87582104
passed,pull,234205a09ba09c75ae8ca9e3bab0959415759c59,87580789
passed,pull,998dc8b54990b3ce877f5e3b7ea4bc8622233b09,87579306
passed,pull,dd1f6a8b11738ac4b74a1e540474f1a679a42e0c,87579050
passed,pull,57b05c91fdeec84f6d2fa3df3dddd76b9d916d4e,87578991
passed,pull,fd01122e10ff9af8a30ae9fcb8279a66915c4e7f,87578497
passed,pull,7da4e7d007f0d9f5fc62ef478a591440921862b3,87573150
passed,pull,68294ddbadc64bda47cfc8b6bd49880c254a8ff3,87567472
passed,pull,351169656a84c9bd3bc761bf095a3d6a5fd01fa9,86973974
failed,pull,270ac8d56d3e95e5fea02c5863f152a4202c477e,86943020
failed,push,00a1239fa6b03f1c019adcbe662fd904390719ab,86943018
passed,pull,f943e5d2fdd95b011dfe38189ef98aff53a1be80,86926280
passed,push,96b37e68ee4e45d636b12f481bb9241eefe8187b,86925837
passed,pull,4f33dd7ed4e9b86b1ab0c5fec40250f1fbfd3e71,86924113
passed,push,b026a52701aa1b8d3164fb633a6167a02f7c7d77,86923998
passed,push,ca2fcfe228c683698622e69eec7d8de86a0f8446,86910972
passed,pull,6725970af0744ab0ef6c8ab9e71180e1a81062ca,86910969
passed,pull,fcdb820de17905f34e4ba866aba3f659e2b80f26,86907073
passed,pull,64ee5a83858a539942b427ed78c99e1ea7f1205b,86906745
passed,pull,6ca3246bbf7b966d5e6f151569490f5991dcba82,86906169
passed,pull,e160bf19db6e6606672332d346469294851e56aa,86905788
failed,pull,3ba06e578fe4647577555ea3cc4af2c0c7683a23,86904479
errored,pull,ea88bf2eb7a9c4ded1ba885e77f42e1276461532,86902863
errored,pull,36797c8cf4271106c042c919b79851d45e8b8606,86902732
passed,pull,90d448a9113b5aaed1e90bcb8782bb89477b2475,86874274
passed,push,e79c39c532e2a191274be3b2088b925c3662c563,86874272
failed,push,c9aecbfa4d35c305c02cb5fde8ddcbb86ab08f38,86784694
passed,push,9a46d9d6f92defb4b6267185edebc9a9e3c23491,86749019
passed,pull,9555cc45ee0944dfdff6cb573d4f5f6158682ba8,86746705
passed,push,a5fdf5f005051db0441573eb824c76195bc3c393,86746696
passed,pull,8ba75f49123a146f29c756f7c754395936256adb,86744924
passed,push,0848df0e409ebb88fb0ff38e13e76a2a46f76807,86744917
failed,pull,1fe909cd9a08d8763aed43a216ab4960b895a34d,86742905
failed,push,7378c857bb066092d1bd1cc9cc7b3b68d4d16470,86742781
failed,push,d691775e5573893452c4215a9d97f503ee0a0cef,86741163
passed,pull,9401db7cbac4f31977410f046517d47327b7c6a5,86693485
passed,push,41f9ebb006b31c7edb9c16c917a02a36d791bf1c,86693481
errored,pull,9b2ba2fc90d7dfdf9bfeaa66dd30f8d01a97c088,86692569
errored,push,6277d8e65da5bbf929e3cde5a48f40a014abafab,86691061
errored,push,9f2bf3fa0a7f1adc6133d1207ed79e0c93b1856a,86690590
errored,push,2e77b980f39995fbd1c87913009a4aadea59baaa,86690293
errored,push,6a7d233449fc636f0b2e60dc92e0c2f76a8576e7,86680557
errored,push,5eb51aa3c9e93a3aeba6edce6f40ae2707a69c43,86678917
passed,pull,83ce4ef971e1d87ab71f2df2fb092a7c14f2dbd9,86543559
passed,push,4414594e5b1bdca7c9ccca018b8a943d1f002e25,86543557
passed,pull,275f128ea253479663dfa43169bb40301b41fe16,86543091
passed,pull,10862c9b663db944497e890a6c4b7ce09682b223,86542625
passed,push,3c05f0c9a400ea5b1f05b952373c3f986d053d63,86542152
passed,push,5d6dd7204dde8cf4ff6dfb3e4ad92b3e0a7bd6df,86489592
passed,pull,2673d3c4d1f51a37b00c370dadac63c79325ebb5,86487392
passed,push,6ef7abd097093740292b362df6a3ce64a786cf11,86487385
passed,push,514f05792c08487f5f31b658ec1aee1b237e8d55,86487055
passed,pull,2fdb4db80307c14bbe260081cacd93e1c0acb987,86307316
passed,push,c422224002b20a7885eecefd15cfe5063a0ca0e0,86307304
passed,pull,0323523fa51332191085fe83128306326ca9751f,86301739
passed,push,c084a9feb22d768cd17b85bfd2e083ea541e2ba5,86301736
passed,pull,31316c99b07f441496a5b7900922db3cdb3a2ce6,86295896
passed,push,6bd6132c00b37ff828f2e8b65266c86451b89795,86295889
passed,pull,7b0ea662708980d569a55fa1e29090825331e008,86281347
passed,push,eb342484b8fb0a41d0c6096a09d80b7674a8cc11,86281312
passed,push,176f458ca247655dfa113a50acf4d8e2ef2d8ee2,86244059
passed,push,429f37986c9a85a0e75182f5e49891e52ab90cf5,86118532
passed,push,46cc4bda4e2e67bd8007cdacf38fde10e8192f3f,86117925
passed,pull,f3e22af60be0c7336c7387f3a31c951d7bc0b8de,85803619
passed,push,3f20df27079b2bcc732d65e2eeb3798fb630625d,85803547
passed,pull,7b01c0852aa713c29e74ec7a982a913ef8747f18,85652562
passed,push,f5225df0e6e6fddadacb63284145380c84d63f66,85652560
passed,push,50fbebfb03db5e237aaa3fc5db61bfa1955a7932,85024135
passed,pull,0aa8b4df6f4a2b9331ab4a29b3dd7bf34d5e253c,85023023
passed,push,ff6b13ea65802a179e2b55d3389d5b6936285775,85023018
passed,push,8a975b03a392255dbdc8e0e0430e7147a5088813,85019644
passed,pull,0785f090c0ca069231757d292b88295896fa8188,85019629
passed,pull,4777d72814a99fd3fccf9e5d8651ca643bb43a8b,85019345
passed,push,d0ce7c8471b6205797be06647e7ee16fdda05568,85019338
passed,pull,16dffbe3afa3fae6ebffd42b4c4181b26995a89c,85012614
passed,push,9327b880a2e15ff59b436f221313b323ccf10067,85011748
passed,push,ec85fe8a659a862d7817e01829d8dbe2010c0c36,85011613
passed,push,b0cfc9622af28542967a2bb0bc762d5d76b9f1a0,85010536
passed,push,306a61cdcb5b97bcbeb547a5848cf519408d9c0e,85010206
passed,push,8ec5c84f18e0a68e87622296ad4b4b0581c3e1ad,85008894
passed,push,3ae5020c54aa76504920887d2a9507effec104d9,85007616
passed,push,17ef92caecd9e77c2a21b1f9d96dde563d49a844,84999284
passed,push,d39b30942fba124ae82ce13505509c1bf5687afe,84851937
errored,push,ca417bef94740ee6cc6b59b512ef49c552e2fc52,84849027
passed,pull,9c1ec3ada732bc46b52729fb95d24e563fb8a0fb,84583117
passed,push,ba7ec78f797927e745f73583f495c48545e5ff38,84562133
passed,pull,fecd16112ccc5d464a946b7ec51a785991dda967,84559187
passed,push,deb4ee34f088461621b08b3837a11be110839c32,84559181
passed,pull,263e4dc6504fa918324c81de189b13a7cb3c107e,84482877
passed,push,ba7c242a2972ba54bf3d821f30e9bbcdcf12f548,84482854
passed,push,e5fb9e4dc00430c74b77e8789c328db766664fe8,84418780
passed,pull,93e45adf7d98e59db5cf309b2e1f178bc033bb0d,84418774
passed,pull,8e3fd14caf5efcddb9b3c4012e7dd96a6664c074,84415790
passed,push,d4fddf60caa513264ef64eb9bf4ce37edc81ee7a,84415786
passed,pull,87804f35131ae3dff75ba6ecb50a1faf33c3c9fb,84400619
passed,push,85a880ec58e2eb3d9ef9e0de43fff43a33cdbcb4,84400610
passed,pull,542d7fb71a418897afb9e489879ea0f868091843,84398229
passed,pull,e989aded983c752397c71d2f877fbe08559a8876,84394866
passed,push,b50dd72c2ce74e65b004b509dab0500397564574,84394860
passed,pull,891997375639d557a9116008e37887fe581308dd,84385500
passed,push,d9e7f006378cd9215052f217448dfee832780ad6,84385481
passed,pull,5367572cd3e7fa2b819dc363ac6293b72916e870,84385374
passed,push,be1f87645863ce6e211e243fcee50d644e01d98a,84385370
errored,push,1a5b6e6c62b1ddec5d2d0ac7f637a3eaeb395e14,84368914
passed,pull,7236cbabaad0a85406823763f65de42b3e9c9593,84199797
errored,pull,8f08545326079721f42ba3d14c525847d5fd4d9e,84199181
errored,pull,40c9e6c852575546bdaa2410decc8f937cb58456,84189298
passed,pull,05bb61cbeb767d0ca4daba17c64904127ea030c9,84014854
passed,push,39db7b0880c5432453bc98ee80f28b480e25ac54,84014850
passed,push,e8b12990eeab374d74252aefcc4652d53293aae3,83951059
passed,pull,1fba57f815abc188ae0dfe380570b57361297181,83945815
passed,push,fe8d029cdb84a254d216304c40fb44c26556b142,83945776
passed,pull,60c5a65a55c1c31aaeb7b796dcbefaa76a00e1fe,83820234
passed,push,42de74f777a3e9fde91189b5e41f616b8a928d2d,83820232
passed,pull,76b69296ff54a51ffe123125e052e65c1b8d0161,83794448
passed,push,0b9ce5e6c7877872d491dae5073d4427a756e7a9,83793671
passed,push,13c54bf8599ffcd72549d0259af05d00636e8720,83792928
passed,push,4438ddd0bac234d8adbbc45fa26bea4f1d2b8b19,83791146
passed,push,19b925cb1d5eec6c8363bd442d308ec35aa828d5,83787488
passed,push,f25f75d4d112b3739208badefa75afbaa108d541,83760129
passed,pull,ca95e26a13d3eb3f8305120b70b76c465013ad36,83757649
passed,push,164412045bca60d4d226454c78998a5c5f185bcf,83757287
passed,push,b2f0cff2135417854ffca64892e60df7a543d34b,83755549
passed,push,32f56cf9d5b93109439879fe8ac38079e1170ad7,83513628
passed,push,0a7e7818013f794f43d9d4e7a658f654b79744cf,83509888
errored,push,bee9e81db9477587ad8192e79de3d9dcf2b6c039,83509521
passed,push,e3b871cbad482ec5c4c6ab8af80fc878ce84f2a3,83408203
passed,push,6534e6afedf020070639d07dbea1338a56edb714,83398714
passed,push,75580330088676df1da6ac904b879d30b7459247,83382227
passed,push,f2a48e88bf91fa114ee414aec310a2aadc3b5388,83337220
passed,pull,79479591dcad413d4b2b3d1c60c5cd77c475cf03,83334935
passed,push,7aa43a38b89bf561bb64da6775ab481cdcf68626,83334927
failed,push,56dcb74290a75a198c472a1ddc32d7ca59bc0447,83241020
errored,push,30fb3469fe2befe9ff6c59a1492e17c301f0759f,83240707
errored,push,8ad5cb0dce4eb327beb75f0097758900fa78ee47,83234032
passed,pull,140d4022128d2b4aa247b971b0c89e6c499a3284,83204568
passed,push,b0fa2a427952236ef0f61df67cc599b8eb6473d8,83198721
passed,push,0d95cde36d6e2a76723103e25c6cd2202ec58786,83187302
passed,push,6e8bfe95e077ccff8514ecced4a672b205a8bbc5,82807024
errored,push,7b17cef0b86043e24d99b177ed302c89bfcf232b,82630629
passed,push,ac0b66a7b65ad2b00f40558f25ce7ea8494293ff,78848641
passed,pull,71d2c27a9fa5d4832e7f5019338d3ddcbdfb64c2,78848607
passed,push,ae67cc5df191f50f89325d17a4b1b2a3ad3be9a7,78151399
passed,push,81632464bbefa97a2f7cc064f856d6cea8cf5d18,78144073
passed,push,9e8bcddece00a055df769f6466a0c29c3fa7c209,78143585
passed,pull,d18a135778c42392c6f9990d7c568273d6c649ad,78142891
passed,push,f80a295f60f1c4f0994445e1f0b805fc2012ee45,78142851
passed,push,7be85a07ca2f007d62bf05ff502a27d943358091,78135105
passed,pull,641709a36204b26ae54da13c19b828a02d34235a,78133010
passed,push,83a18d305d2ef00d4730e1f4315d2c86651864ef,78132930
passed,push,b5ba6831dcee9a39968f97cb809bba75b61da5a2,78132802
passed,push,a2ccd422d8e000df1cd694c716e760bd18d01ede,78113093
passed,pull,553ceb596f48480037633a2831be20c046178326,78111192
passed,push,3452dfa958e8b4c6e9025039a85a2b650c82c491,78111190
passed,push,007c58bc2624f65e017cf1db1cf66c2308b039ff,78104517
passed,pull,d0275b83d2c430811e05654b0a0c20833735bf90,78103417
passed,push,0957ffe2a70b63ff599ea074ec9d09846a73f73e,78103402
passed,pull,8774438af24a35e2ff3ed986daaa17a4c542e08e,78098891
passed,push,f63d512e046e9c12d69da59833b6b9cc2586663c,78098764
passed,push,d385c97c910fe51de775fa7d99a6baa6a0f3b442,77772104
passed,pull,a60d0ef2be4693bfed95c74402f062c3c0896124,77768111
passed,push,6c0fea8740d7d54f2092a8018a76df16ee420083,77768104
passed,pull,e066ebb87f9346a0e70fa2a589e3f89265051211,77736917
passed,push,9fe8fa5e8f1d0ac7b304716f583bcd159afa3b5f,77736908
passed,pull,fd6b56f925b2feddfb70a3ebb5116de835bd401c,77614457
passed,push,cd314a631b92d7019886b290a055212d78bbd737,77614455
passed,push,558406240d01e230a990fda2c2de7a3956e2c038,77238411
passed,pull,85a0498c74cd890a082ec53bc9fa89cd051931d6,77223081
passed,push,5ad4a0861c6bc00102f069b912cdc73c4c4cb5cb,77223013
passed,pull,b6612cb2709dd1e4a6dc2e34f2ddd77aabf1117a,77195806
passed,push,d07772501fbf828a9e8c79ae6cad9b620a8e410a,77195650
passed,push,f5f894bbb72d60f0f7ebbc0bfe8438b4ccb7d57b,77088086
passed,push,cae97560c16e3509d2a2f8c538dac56e48784b9c,77087819
failed,push,8305f3e28526d041ed482548bf30dcbd38055356,76430795
passed,push,a6e6d49bff7317f14deb0e04c962692f1d8b5927,75319239
passed,pull,a910bac434783727373f5a33e86630c7821fd621,75318994
passed,push,57f9204843366ffa511a17b9c68c95cb5235c39b,75318893
passed,push,ca7e4767fcb94e8910040d85f429e0fbe027d88a,75317692
errored,push,f79cec892dc17bb0c1fd54a9899d7953b56bb18e,75315329
passed,pull,27eba848f192fee4e192b4b6de7506aafd091cee,75192179
passed,push,cb2581ccb3a25ebfdae832af2306b5bbc3ce8a9b,75191949
failed,push,6a64a1b90f46b72c4e211b69549b8ecdb300e1ee,75009271
passed,pull,3985c1162c4c0d83a125524fa5f728d230bd9a5e,75006266
passed,push,cf3a62f359fe86f969c3fc7159765dc99174ab05,75004534
passed,push,fbc598702467bfe38c72be0bd45d47587bf66572,74955297
passed,push,539441c3030d0e5359a44e3a497a167222d0eda5,74492193
passed,pull,6b59c38a12fb6d2aa88c438769c81386e8792576,74477646
errored,pull,73b687a65a74dac6852949637a99c85ba65331b2,74471147
passed,push,2889c3c9d06e757d8f4de40726bd8117ce72b390,74332301
passed,push,15981a6274dd49ff8f49bdf4881aa2a19231885e,74298914
passed,push,d9fd175a9d9c02d9228376735fe34b6086126dec,74297955
passed,push,a9630a2bf466ac38b3ca1879c736d73ca8024efe,74297009
passed,pull,e58e13334046f3b9f523070fb968b844a88569fc,74296997
passed,pull,e7237fcbe9206fdd427ef9180992ea1f4d3b526c,74290649
passed,push,dd0b16058e31e2ade28a7099f0a8c2a35256d896,74290629
passed,push,02a94bcd933279665cd29b968a8042ba62f7c14b,73662206
passed,push,5dce56c80b2df1961fc041bf0f1427e9486b171f,73661175
passed,pull,a60fae6536758a0a7f4e8cf94b7c18ca45c10041,73658736
passed,pull,a95143c2081d117324df9a9f5c97320217dcfe41,73656222
errored,pull,605df8a69ba43d78a94f830a3064ead4301047f7,73656148
errored,push,f6a2e8b415dc605dc9018cab2113eed055b41f40,73635295
passed,push,b8e01fcb5add2253146a67622926b50af519f34e,72553205
passed,push,594a9d0a27ef15664c540d68f2ee1abf257ffe12,72551466
passed,push,2357fce56d8bff386d96bc72cb1e08afe6f75719,72550872
passed,pull,3c288cc237fe4164793459c4b0f1f82518df8dd3,72550174
passed,push,e0f1a81a9e8b2e1ad9a7738c825a23975add452c,72550172
passed,pull,14ef27c6f2c35d96ceb963b343fb11e4c6505d5e,72549361
passed,push,704b09aaece48e226526c2fb4de7becaec774170,72549350
passed,pull,24494d6d98f97044d7ef848af4f5bd16b83f13ec,72547666
passed,push,7f3257ff675ce05af03e6516856d32e6f54fc48f,72547084
passed,push,d36c97a2552b4ada847c893627aee9858600c230,72394966
passed,pull,f0daef06bfd903f7c573c557d944cc52c4d96c11,72394137
passed,push,f62d292dbb57bc1502f284f1e4f052c686666675,72394117
passed,push,8af70d21d86ca0f4f1a4e2b6c66b74cd250c5cba,72218815
passed,push,42f8d152ab703bc168430a159b7146794fbe7c51,72215722
passed,pull,65ac23aa97befc990b87cd4c665ff61fee175b3d,72215716
passed,pull,f19181aca9ccb3a3a94b3e1c1a17ce12deee4e73,72204102
passed,push,fd70e6f6602c0e52d511b318327287b4bb4c9090,72046618
passed,pull,ec85c7116942091d842f668eb36edc73cc9f4df4,71233315
passed,push,479ea5cfdb7968e6b731e7f6113075cd754e519a,70689252
passed,pull,ef281e5f295a5b54c2119dc68b7de3b50529c1e5,70688443
passed,push,6df1a1a97c87e8d1aad0f349acc18a02766bc6a5,70688417
errored,push,6df1a1a97c87e8d1aad0f349acc18a02766bc6a5,70688402
passed,push,5387491375316bf3d804ef8e8889d42dea3304dd,69169305
passed,pull,a64cbcb679b273af6894932f338724c4ee369d14,69074208
passed,push,f193e6a4db40c5653c28ca2ef31460e9b6a1620d,69074141
passed,push,ea0b886e80a8020d52328651db789f96d94bf0b6,68894732
passed,pull,b6b01b7e3a66b6870d66b46e3437b2f2dac9cf2d,68563017
passed,push,cb3ac6fe8971dededa1863fcb39bc9dd145cc136,68563002
passed,push,260142b565e5478cd3dcd615ebab2fc14eee2d3c,68266571
passed,pull,53ac3abd750bb44c7d819758d26ca8f1d7b89a01,68255607
passed,push,cbcdae8a0c8886062cb5d0fc17927819ba275b54,68255568
passed,push,71d953bb81bf1d36234c931f951a1ce1a543bd1c,68255359
passed,push,58755230c89a4a65b77ccd812275c03d8d096359,68091220
passed,pull,534c0aa0dd01ce8115dd2ce6ccf5069d44106983,68080235
passed,push,955fb8e4190daafb374d6ef980ec6727564c44cd,68080188
passed,push,e00d345e6b2dc00078cfd2ec06871cf724e7e3eb,67926562
passed,push,35a82af1321b1b4ff629d9aeb2830a5c81e588d8,67910994
passed,pull,00142ac38d427047576d32a2a756d074566b444a,67587289
passed,push,eeb6746cacc0b37ad12e32fcb285bec62b383431,67578321
passed,push,926886da024c26eb18a207c99db4a1badbe8a65b,66956519
passed,push,20a9422b26605b9658d79bf23d4fd85f69972734,66614082
failed,push,0afcb955550077da2b3f72499e1faf3edfd8bb1e,64139356
passed,push,2ff63fd817bcb23c61176aef9054c8a3dc5f1e16,63697593
passed,push,36c42c1cb5e0b7701756f847b14986320238c7d6,63685327
passed,push,8615f0d02bace9da3d5fbeb7c6202450cb1d5188,63675418
passed,pull,c6a2477a90a807082a96b14c83fa18f9e72b2bb6,63582509
passed,push,63ab1c206f9901ebce5e736fb896e9c7474708c5,63582500
passed,push,561f1cbf84ff5cc53b328c7a84a9283143acc54a,63551360
passed,pull,4d2d62de754041db7b1846d6762bdadf824015eb,63542997
passed,push,0e71044c35c380509b171682c0b0d034c278afd9,63542992
passed,pull,5d9a2d285b75a8deed3ced26726d9df731f19203,63540632
passed,push,f9e0f5475f16b44ae24ec18b5d1bda9a6bcdc0c5,63536445
passed,pull,14aad1f061c9b9c9e037cfc7c4219851c86ab7af,63424098
passed,push,c5b1cf9790140303c659517de4483f25a3bce3c2,63424094
passed,pull,ad461a481c5390159e88d2f3af3c833312c7abe8,63413272
passed,push,1d57fcc25328d6775cf0b92e73a92519367f083a,63413267
passed,pull,4a0d4de3119e917be0d740016a62ecd120220a0c,63406188
passed,push,2ce1681da9ffc45525da65301f207ceda558701f,63406186
passed,pull,a514b8b93ac43ed0b01b32a4e72039f43bef81a0,63265728
passed,push,206aaea0d7ef0aa708fbe0f6a422b1ddac701374,63265053
passed,push,444b33d68ad05d219fd907ac9b9a3160f4a48fe3,63262923
passed,push,dd9785152a3948d2b370568fff2cfe35afb5371f,62586310
errored,push,f2ac7ef814379df6de9adae414eaf95535e119f1,62490770
errored,push,74e379b752ae682f3f58ac76db184a4fb370d8a1,61501380
passed,push,f0a4403df3f09fd5e5b66f57253b6fabf53f1f63,61240789
passed,pull,59b26c2d749bfed7db4ffaafea65a8b0bef8d6ac,61240083
passed,push,3f7f599bccc02095f8278cce2d9af3b03805d332,60885054
passed,pull,71bb491bb889910635387470a5e3c02b22ae61d9,60882089
passed,push,a1ea698266fe5458eafefdf01a0faa30746239ff,60882087
passed,pull,734b4987195ff34cc835f18584b9ad65336ab394,60778586
passed,push,09a4447c8d36d6e88c5ddfdf56eab3f63bfb9986,60778237
passed,push,941a90ff80e4e137163de95e9693e60ffb8440d6,60776702
passed,push,073b90e8656c4535ba7de65ce30eb999182e2066,60775830
passed,pull,c19cf85279dfa767f8ffb6b23de2bec2ba229af5,60774733
passed,push,fc26ac2385291938baa8a816e7b158240a4dfc17,60774721
passed,pull,0ee5402d63705cf6f20a1aefed2951098e2ef9ba,60773808
passed,push,a146fec166255f53f7a1bad2acb8bbaf1039e0a5,60773803
passed,push,32b5c9b9ad5a81ce6f131b71c644a52c2a58c2cf,60736298
passed,pull,401946e9f4454e42e314ef155a9a746ed8f7b1ee,60593054
passed,push,075e4344df29f3919851ef84b0c39a47ca7b016a,60593048
passed,push,748b982ca90eb9904241c7edf2fb32a73bcd0275,60577951
passed,pull,f2b32d47003a6cc29fd8fcbc5bf6905009dacdbc,60485616
passed,push,49f077d52a77a6ae3f7ded00998da5af8d4b7850,60475921
passed,pull,b8f18c5d55703d3ae35622d5378eb8a04df19369,60472051
passed,push,b61c359a53cac1b4cf3c34baee668b16355a7434,60472047
passed,push,e62d15f78a881f53f195998b9796a5cf68d78485,60470172
passed,pull,44d2c3a8d3655a2e4efde1580e1dffc37f35e284,60171106
passed,push,a07a0b00505045aa310eb5974be61968e96145be,60167196
passed,push,7627deedf372cf8c0f8eedad040c826ca73b9bca,59643601
passed,push,a51862d1dc9800ab6f0c84e3cbf8fd39db557c1d,58805349
passed,push,889cdb4ef5e6c51b74081b5569fa69357fa91b85,58804167
passed,pull,5116ed1636a2c713b5c4daf46be13490800808c9,58675645
passed,push,45e4824fd164e6385d4c3b3d265cf4d4d07453fc,58675591
errored,push,4aeb016a09744eb79bbcb032aa37b402c029d43a,58675428
errored,push,a5cbfba130a754a6120cc9173d5c9a63c36f8f19,58675286
passed,push,a4db9e38468fd561bb24277cc3d2a41faa69642e,58673378
errored,push,fa817a38f459e1748c97bad1bb03f3a34cc49544,58664091
passed,push,4c7b73ba6bd73beaf63e11f08e2d4575a1e322dc,58525228
errored,push,c596bce9a5cb69d2e58fae24a7968c8bda4c9683,58525203
passed,pull,87d33695f3e1ffecb1f9da2a75f79088d5d15553,57114974
passed,push,4788550f573f4e319f0a0cefadc20441d9653731,57114972
passed,push,14867b4cd1603c67c494b86319f6eb4e1e386e5b,57097878
passed,pull,e6e6a6feaed0b0461118ba24ff1b7fffeb4d2468,57095134
passed,push,0b8dd71ed4fbb24e7bb158385d45235d9c9b9ca9,57093492
passed,push,f821dacf341ba4434894714d93f8bf3321e84f62,57086009
passed,push,0c9d4f70d4ecce546693e393219f0003d857b56d,56955512
passed,pull,29cf177f278790d6f2cf3e8eaeff75462ec4b823,56944934
passed,push,ffeaad2a1f47c410e23787c7a79a4b9d15b466f8,56944912
passed,pull,cf20378791b99ac1f178f6fe106cca95da455e71,56943939
passed,pull,c455899731d4e366b3217c4b6ed413888b9cb9a7,56942626
passed,pull,eef18574b54bf82e3ac2593d88f8f21e5cd77682,56942283
passed,pull,af2f404f163ddd4e5971168d513f377f42d61494,56939078
failed,pull,957092eee28a0e89115e5f784d4600cda71a22f8,56931328
passed,push,d0765b62def8e6a9442cd688340a0880e54181b9,56004073
passed,push,dadd97b2e4a9d0632e9af63fc70988e9fc569849,55848291
passed,pull,920ff38e7d3232e8f8e08728324b5429c6a46743,55741849
passed,push,b28650c450fc4a4d8ca376166cf924791b4443a0,55740419
passed,push,3850b0e5a27c7ba48068e666845771a0605ea315,55738093
passed,push,595316a583fafb45af69480eb7334902955725e6,55688960
passed,push,92e9951e4f3651383df51dc3761a87d0fdb7c0cd,54973841
passed,pull,59ea0e4d7f314c3812b165db7f27456ca83b1619,54187915
passed,push,a4a5621be6d670402b4cc97eb9d6304be1517863,54182578
passed,push,986575fb38debff8d4ffe70549e045161ad68eca,54173514
passed,push,b0aef8be8944c0b7cd00a05784f56af104b3cc5f,54170654
passed,pull,9a0a8e3556c0bb5ee06276e38d51a8c51b3f1069,54168221
passed,push,65f6b36bfd12f87f8c9a002e287924b4dfa842cf,54168080
passed,pull,76b963ebb12fb855ff8b194a3a5ed62f463a05cf,54161758
passed,push,2c515c77c61d86864e1c619222a0f49d753fd0f1,54159688
passed,push,081a5565f8c4f11406bb6ec09cb7a436df85dffd,54034206
passed,pull,45de099fbaf8f0396b67c7649db9a669e290c09a,54030948
passed,push,3b86ca64bfacf9cbafb27f63b8dfcd476dc84d44,54027167
passed,push,2b35696f040d0edd4d9201baaae02570c0ecde84,53883368
passed,pull,a1dcc69de3877618851eff3f64c5e7b30c9f32c0,53882590
passed,push,de854c97593e00d53b549bff37bdbc5fd64d869b,53882358
passed,push,c639d046ebc455dffd86cd2bb3888b1566e5e5a0,53877387
passed,pull,6a6ef55c119b3ceaad80363aec274407bedeb646,53870825
passed,push,59d84dc1457bac0a93bac162a89ace7273e875c5,53870819
passed,pull,fe08f5613904c15b2b3224b8f2e2c6ed176307ab,53864593
passed,push,05a86095407604e74d6e0426e8bc1a827051005a,53864591
passed,push,118d0ae06f9a5314e26f0389420448a271da8932,53858934
passed,push,10c2012fa05372c89f8a444317be710a09952762,53857319
passed,pull,4f3293743fcc0d86502bd65c47349ef0e8ef8b02,53848614
passed,push,9d89d2f7e1a956fb45cfb71daca76d10beb9146f,53848099
passed,push,df8915b733fd4af102c6701ce06e747c92937ce6,53847572
errored,push,f1265c77de7c3d268d5e375e22362645dc3b37d5,53846289
errored,push,ef75ba4d250a32765a3b2b57988bb78879c4ba79,53843354
passed,pull,6ca9cc2363491854053e8c046429a542ccfa8016,53767892
passed,push,d97d5bc617df61b62883ed95a3c64592bd7e84f7,53767884
passed,pull,cafa29570215c4bc4269b13fb758d57fb7f028e4,53765195
passed,push,965979d282d936df8ebb5922bb5615bcb6d61a72,53765190
passed,pull,355d2b1398af08bd27a9367e171b67b3bb84a858,53755379
passed,pull,f2e63e8c3aecde75c6a6390df40b76f1df9d14db,53737325
passed,pull,78a866baa83971e5e2a8d1266539f77c592c8a99,53441476
passed,push,d0559e6143c1f15de0a077aab28e5974a108e5c7,53441474
passed,pull,d45aa720db5c5f1d5a5e27597b5332dc28fbbfde,53439995
passed,push,fb2d17c616da6c3540c0a187bba520d09de558c7,53439945
passed,push,38091b853f8b82ed75514c940316b1a5216d9fa7,53439797
passed,push,8db5de68fd21af6b8b5729111badfdb79aa36650,53430043
passed,push,1144cb662392f8c931f737f92f7e41ef887dd6c3,53427645
passed,push,651fef3dfe3482be3c5dca71025bbbf5e8819f2c,53421188
passed,push,261a03603f5370d68de1a297c8791b90f3b5a69c,53400036
passed,push,e6ed563624c3f81f4c61b4cbf0bdd6717d19d9b8,53309962
passed,push,15f5a0a12c3af94631623a9f327782a5600a8569,53304980
passed,push,c9ab2c79f4ae33bd00f776757b6b526f99a34eba,53285692
passed,push,9be9c8b4faf85f3e8e66e408d66bdecf2deed92a,53100013
errored,push,d7278cb2e25c1950d71394495e53fb04fe5c8066,53090376
passed,push,ab139180d5f9ff88809d8573523805aa10abb150,53089413
passed,pull,7e132258bf7fd70fe8a7b30d4b151f5f14bd2a53,53089415
errored,push,552f0cddfac7c6951c4a599e24d1295972b0b0dd,52988726
errored,push,1f016b81889305556378783b75748591d36cee82,52988449
passed,pull,7cee90158945578cce2b5e7d4391225fe1553766,52987578
passed,push,fd764324efd593344adec6e42e5a54ff249e1a47,52987574
passed,pull,d727c228ecaf01ee6110116dd9ae265b5cfd9075,52969862
passed,push,1f36826c2d4ecd2bcebd18ec5e837ea1d81ce576,52969860
passed,pull,fbcb5a84a033009c9bc61c7640cf294307129ef5,52945853
passed,push,fd891672cabc9a8f572c61eb9ea59a6104814fd0,52945851
passed,pull,9ac37d17993152ea7097b735af4e5bdab447f970,52861523
passed,push,0b871c9eda10e1ec7ea12a9788a9910799cfa596,52861521
passed,push,50cb9abaf083231d7cf35699eea6780a1759fd5c,52835963
passed,pull,e5ec7d84109b8a3dc5b2e549c1200fd7a94fb110,52835496
passed,push,c2fd88a41ad77c26e1aecc1a351e62bcb5021f32,52835424
passed,push,3a39e0fb41262ff18db55f066c8a92d3d1d12291,52789936
passed,pull,954d85127fe7f4e96e80c5f10d7c6337351e1074,52478010
passed,push,0f1fba5cb42bb404cf4199c68c04c6ff7a92cd71,52473929
passed,push,b20d2b83dc9febb73fb1e112d67e570cb7afec5d,52453099
passed,pull,93cbdbdb6efe74ca523eb917f822db77342486b4,51675846
passed,push,88ee814a5344de87edc5d85898d9455481cb2f3d,51675841
passed,pull,6c8fc72d020cfeecc2fb69f5a98c6f2fb386d5a3,51323636
passed,push,bc61e019a3a34b8349fb4675ba81115b3bce4e86,51323553
passed,push,00d04e73cb5d80834978a2f7f5464de2b04e496b,51322550
passed,push,1c4e3e0c9b2230d329358eace71097910f902d3d,51322308
passed,push,ea01fd72525c59c1264f5ad7f9205a3c4e344e62,51321731
passed,push,8ffe98d26ddf29757253d46498843b49587d8bd5,51288910
passed,push,94a7987eabffa8fe867636e6fd2800f84f3b9a91,51286206
passed,push,63069f41819008cc7d44a4453994763c973d1263,51004757
passed,push,f553c268a8adab5cdf1fc3ae1dcedd884f6918de,50899766
passed,push,64ab1fc53584f1f524edcf4197f429cb601fa585,50800331
passed,push,68e9e17d021f3fb4a123025411b8c40060fff065,44502055
passed,push,4ad680c168a33be5d31c07037f901e888c7f2164,44484453
passed,pull,c0c235fcb078cfc733e4f618d52fad2f15252204,44399110
passed,push,d72d8485c17c0c9f8465663ed453b96241718153,44398169
passed,push,130c6b9121390ec8369f9ddf07e4852387a63474,43051774
passed,push,1d8021f5b0eaeb5830e9b5c0be90ae2da08cebb3,43025520
passed,pull,2dd5c35b0619bb6cbeeb396735641540beb6536c,43019010
passed,push,73de7a37c1a87a678cd69b551469c3a11b9ffd25,43017474
passed,push,2d457d619b31f1a66d43221771ee764ba76a150f,42938454
passed,push,7437386e05e1bd909b5352ff11b2eca9fb933a20,41995162
errored,pull,ddf4ef07e09487f1c12707f9ef2c468764573679,41994831
passed,push,84ee71404653cb636072d6cf1f9bc403e7c88562,41994766
passed,push,9f3e4fc7c776af8ec1584c37289e6d5cfcfbe1e4,41656382
passed,push,69905966df6fe5afda696c3c35ad43d335bc615a,41641151
passed,pull,5ae86ea7cd72b2ad187d7238510ab543998a0cdc,41554367
passed,push,cb5b4689c10b08cdfb9132ac368bae532138a175,41554365
passed,pull,11aac6261c6f19eedad433e03c1a4c5e5743bae7,41531313
passed,push,b2287343a48b2bef75ddafb11dfc247d1d94dc2f,41531304
passed,pull,09e2f696be2b82dab8aa10759fbc11158c153a4e,41416191
passed,push,1606e05c04caacc3884c7bdc84f1e541ae18df6d,41414174
passed,push,02b14bcbdea13a2b2968778c58d7b52643fcfee7,40944340
passed,pull,b2e3927c8a750ea905be12cad6299c6ccc8d0c51,40942808
passed,push,4d811e9db89c7a20614659ad486a91737d4d32e7,40942461
passed,push,d048d6d0f3fba37892370f7812febececc089d55,36897610
passed,pull,145885c32c4216f30578ff324909145925626fd6,36896527
passed,push,44372146aae98851823afc6ac057c6d8142f6a36,36896388
passed,push,4c101cf28cdf64ab9846977183725c4fb74ed8be,36896240
passed,push,a0a6c67d81534474ab53cdb79f817c93a7d73bc2,36895054
errored,push,bbe57bca1c279836a11f047c300c1a088472d576,36894977
passed,push,c2406ee7f92106d4dec53fa2902bbc3bf1205933,36894672
passed,push,0d095de81acee047bc58c8cc77349e7f5a241aa1,36893668
passed,push,c057394d61aaac53acc0b84a08b7abfb3234d740,36893385
passed,push,14ebbf1e9a1701d19c06be37175eaeb13c00221a,36406606
passed,push,06442bbc9122ea3dcdc7d44af5ce629d1363fdf5,36240588
passed,push,1698e8b00705e0a57e63688bdb629f3e2d745bdc,36238527
passed,push,fd46f34b7749979173a76397b1e574e4b9984ef8,36238500
passed,push,5c0d6000bad2cda987730a7914449e8c0595d8d4,36237135
passed,push,2e72a402f80cf14debadeafe613a48e239628eeb,33133859
passed,push,a0900fe8f25932b761259c2895fc9d6268cf002c,33098802
passed,pull,e976e10576fa34c8b6766bc8f45cf59756a423be,32995383
passed,push,0bba206305e61f6e1dfa6726a5e1fed5232833a0,32993787
passed,push,5774978666cf9760c7be7e01a3691d39a6833d8f,32069273
failed,push,b26bd10058aa08ed30ae75de188fc455cac52af2,32069223
passed,push,8fd82c44f2919c92b1c8dd82db64eadc71a4db4f,32068626
passed,push,62c227314671f4c617ea4b0246421d28dc045c12,32068564
passed,pull,2a03d9c351d7a4fcd99a97f02de9b632fb61f6cd,32068047
failed,pull,08ce5c90e433c1bd4911507273a4ef4a988e8727,32067232
failed,pull,301ef36d3611b02b89db83cb57a2d962893f2297,32067143
passed,push,3b7daf4853e4921c1dc2cfda034c35615d894728,32066057
passed,pull,2bf827d2d4b63b4aa736ab7c2d80418264a0fc3e,32058584
passed,push,a29c187a6bdfc094ffa87aa526c9c4f7d8d752b3,32058582
failed,pull,2e74ff578e5fb779cb5ffbe8ba86abe54878db40,32058005
failed,push,12b4ede734d5513253fd83a0e2a24a275dd82d5c,32057964
errored,push,638d5a4b9b9ac480e5e3547aa08d0ca3dc2323d9,32057917
passed,push,db47634d869bd16a7a95ef4d8dd7aafbd42ac085,32048077
passed,pull,6a77be30920da52df24510e1e9968c12967913e4,31991179
passed,push,2dbf4b0613ae7b9468fc5e4b3a40c5684c5b7864,31991175
passed,pull,0de2592a28c6e77503894d1e186dae282f525d00,31986959
passed,push,b416f94ab28e1283df06c2e773fd7e481fafa20e,31986749
errored,push,590cd874e57e2d90aac974352088daaa6507f3a9,31986063
passed,push,df5263a6d445ac4aca2a04e58421ccc64b71d256,31941756
passed,pull,2767d9d8220efac00cb516994b8740ed2fdd58b7,31940951
passed,push,df5263a6d445ac4aca2a04e58421ccc64b71d256,31940921
passed,push,6042d9ba08ed50e7cbe75a2fb1066a57f32c4e79,31668691
passed,pull,10a9805c2d6c27647b6bf5516db3a86c55ecd1d9,31666902
passed,push,a7af045431e5f4c60a0692e0302390c453136c5e,31666802
passed,push,142efcd43bbff0fcaa2ce5856078357171081d0c,31666260
passed,push,95b8110bc461b21cab695b86d4c5b404e19ce136,31476002
passed,push,06650376b0d476e6716666fe2e76849721ea4ffc,31386395
passed,pull,39d20349f38db5126234f87589e59996c457ec7b,31386390
passed,pull,45526fd2db88173c0a2916a0498da8fbd148c131,31382009
passed,push,fd69eabec6fd1a822a68d6c967ef9756deaf100b,31381769
passed,push,a8af0bd9e95c17124e84ee3ac88a661b80516044,31372570
passed,pull,8e2fb07548ec740628323f2ebc7f085716a23e77,31291464
passed,push,c173b92fe6e0d2fbcf9ec0acdd7f787273709147,31291462
passed,pull,a064a80b146df362614ddec91cd3367649cd37b5,31284208
passed,push,96edd03b925facd304446773923bb184e750f26c,31284141
passed,push,df572c02054640d50913a7f83ea7f916c2bc0aff,31282045
passed,push,83aeede4f433e81f7ddb8c414e6f074789a4eb25,31198031
passed,push,83aeede4f433e81f7ddb8c414e6f074789a4eb25,31198027
failed,push,b26bd10058aa08ed30ae75de188fc455cac52af2,31197005
passed,push,83aeede4f433e81f7ddb8c414e6f074789a4eb25,31173431
passed,pull,8f1c226e48d655b6db3979d804a62c53e7bb1c80,31171231
passed,push,3477fed7af75e884f582bb662defac1a31048c8e,31171222
passed,pull,9ee3de637628b66d9309e4f2ba2ddc0bce9d4cf4,31170408
errored,push,ddc3949b59aab8ddbd1caa46c912293d17b9dec2,31170402
failed,pull,0f6482eaa34fa8423f0e9594406c06937dc0998f,31169143
failed,push,d4b2b6895d78c6a452a3d409ef771aea8f44fb2c,31169099
passed,push,e8739a2c0120ac08822a39c104cce9a40db15acb,31118705
passed,pull,2fe49c43888311829eadc7a9d60693ae847283bf,31076348
passed,push,542482c7a69414fa94f6a352efc4b43eea6904e3,31076230
passed,push,7006339c7db328b81d8bc2ac4c218ec802aa2b7f,31074722
passed,push,7006339c7db328b81d8bc2ac4c218ec802aa2b7f,30808365
passed,push,b31f42491a38e27942b88dc6fefacbbc61116c2e,30806631
passed,push,d5191f9fc81f8db7c3d59fa1585dc2d321a90687,30806542
passed,push,3d16b820e4ed3629fdd728253a043db365b72604,30806104
passed,push,50a18dafa7b511a224e469fe3cbb3bdd261d2868,30806038
passed,push,5de242f055a8a3689991234ede36b904bac5a354,30805883
passed,push,35f8e1733836c21b98a18bcb54e953dd896a23ec,30805881
passed,push,a508816136d4a372e3ffc568f08e56a8a528f8a6,30727462
errored,push,cdf6cd474f7875872bcf21d7888f2d39c6f99f3d,30726337
errored,push,6bbc0a2078453dc4b920647181c0bd2490db644b,30726142
errored,push,4fb20290386a8313b502ec43589428d60d524190,30725990
errored,push,4fb20290386a8313b502ec43589428d60d524190,30725987
errored,push,ba9458e8943c9da22e1dedb4d3914263cd7538e7,291085531
errored,push,c5a5546366d3c1861408586f355dc437d26402ac,291085372
errored,push,ae012995c6fa06091e0a7d6a39f8b4e04996c16d,291085231
errored,push,0a0861d5ab50960618a3118c5f208573a565c371,291085093
errored,push,62c227314671f4c617ea4b0246421d28dc045c12,267849735
errored,push,f412ea59ccb157651652a727d66aa3239afaacc0,267849512
errored,push,92e9951e4f3651383df51dc3761a87d0fdb7c0cd,267849313
errored,push,ec307ee22d93f114e9809615c73e98b3c9a39c8f,267849163
