Status,Type,Commit,ID
passed,push,468cdb4d1d9810472ea19c1e6beaa415f63c7c91,296075785
errored,push,63952eff780461ba2fb52fdbdedb485d9c0f52b7,296073825
errored,push,ea316532ae30b7c3af84739e3f00099ff340e4dd,296063429
errored,push,162554542d9402936c89421845c20b18c5662f9e,296063417
canceled,push,162554542d9402936c89421845c20b18c5662f9e,296063399
errored,push,2141938a9a1ca8965aece2f4bdca721048365e38,296063089
errored,push,3bd8ed4139dc51f00595ec61aefe9a25a4678d09,296062668
passed,push,8ec1f36b8c929fdb438563fc574698bfee1cb0ba,228954379
passed,push,dc29904f7e0de5faf39f8af94c3741291dd05ad4,228954365
passed,push,dc29904f7e0de5faf39f8af94c3741291dd05ad4,228954358
passed,push,5deba23dea62449830ad9f4cfec487cedbee0350,228953806
passed,push,1e27c0291e943a234399f4d2b809fc2c1e577dfb,223082031
passed,pull,a18a82f4932f52bc40f712322f6da9abf1712c9e,222981895
passed,pull,aa733c52420b74938a178b051e8d6129688259b6,214554703
passed,push,f0609d5ccb92bf6b2a6559aeeedf5b3737abf47d,208362566
passed,pull,1101399060b32168254d046e19e69471216948a5,208060271
passed,pull,643b71bda0ce8e13731c556f9bfdd1df4bba449c,207621114
failed,pull,24a0bef4152b63bcf29a3803011ae68b72bba987,207618113
passed,pull,3df5087804b3bf1d06d4f103551c71b27a4a4bd2,207288035
failed,pull,fa5b25798ebb0cf1c404e9c6aa8c7b88c5f36daf,207280553
passed,push,23fad3938f0d3f5e535fcf4e67e66cfa40b72c77,199799423
failed,pull,f97a0a0dc1240bb13f066dffae31895245261a54,165238473
failed,pull,f9da6209442fbf0431071f661b75823c5528be17,165231662
failed,pull,bc0615622cb812ed2d5c1ac7020cbab3d59f752f,165159417
failed,pull,910cc2e44a5e37482671e6f2a13a2561cd3a13c8,164743033
passed,push,b709b49c0d7561745ce923d9f3f614cfdfa78152,148589342
passed,push,5092bed46e6a52be9327ae893bf2629dc0b3303f,148587662
passed,push,71c28bfca359855753105c817810bc375f573a06,148587656
passed,push,71c28bfca359855753105c817810bc375f573a06,148587646
passed,push,75da48987d7235afe1cfc970df4717c6f1c2f957,148586749
passed,push,14fd4d1e62c4354ab9d11fbf76a02950887c12ea,143861384
failed,push,758629eb3f74dea3d51b65807ab0aa23ae4e6f27,143814317
passed,push,ff354b16d23a7f733e29b98ac05515842075dfc3,143789730
passed,push,92746ff43f6dbdaeab728e6b02a8a23dac08a990,143789350
passed,push,e2c81681633041bc1fca3e7dea3fcca6c1777876,142678031
passed,push,ceb320cc764953b9d8c63b4367c47b2724b51b56,142678026
passed,push,ceb320cc764953b9d8c63b4367c47b2724b51b56,142678010
passed,push,41c4da7603b8256832d893f0dd2d555277bf936f,142639596
passed,push,3d5865ad5076ad45cde319c165acf62d5c716dc0,142638694
passed,push,9d11206b306f588ee9ce5a38c29e7121706cb2ad,142627853
passed,push,8d8745d141b36bcc1c4f150d523954b4e9703601,141308566
passed,push,039c1d2ca1e852b92b1d5a06cfc55b8507e254f3,141020940
errored,push,db3ca7d58c948073025d4a6485af6dd7c07f20e2,140745955
passed,push,a80381511b42b835d17da2502a320267c40cc279,140733314
errored,push,c2fd90b8b82c648be5f2a394de47a5612146160a,140712580
errored,push,cc80805b503357fe7489bc5d25d7d894daf0a89f,140712559
errored,push,4f34ccd34c70702821b402ce391edd5344ba8b9a,140707164
passed,push,c5228a7570edadc1ccb81499407510520b28ca0e,135003707
passed,push,ecb520c6b1b9410c44954ec38fc88939e0d1a354,135003694
passed,push,ecb520c6b1b9410c44954ec38fc88939e0d1a354,135003659
passed,push,16400fc53d776a352ca65390c5e93e4e479f3d32,135003499
passed,pull,68e2d58bfe6976e5bae884ca346678ea1b40ac3b,130806004
passed,push,c0844a65fb081ffa1657ba98c96052ec74002bca,128003974
failed,push,fac2ed6ab2a71b50ac924bc4e23a59b032cd7966,128003692
failed,push,4821f03c2b889ffc6ecea62a1b769a24a2d6f749,128002814
passed,push,8fe560f977aab039ef511d0cc9521225a5967dad,127996798
passed,push,94e9be4e40de8a73f6e0e90e14fc779fdf5e4e03,118955646
passed,push,da0c7f7082e8d7757d1bfc2f3ceaedc8d073e89f,118865735
passed,push,8487a916f1ba80f447dc8d028cd3d6c7e0dcf560,118865707
passed,push,8487a916f1ba80f447dc8d028cd3d6c7e0dcf560,118865697
passed,push,8a588d37f4b7ebbc14c32c269674e0437f656a94,118804922
passed,push,e5a37a930283713fcefac378f8ff55f00697003f,118781956
passed,push,9f56dde4ee951aecee58ea523adff69bfcecb574,118721779
passed,push,041a5f4452f6c0be7b9f00379bbccae47558291e,118721765
passed,push,041a5f4452f6c0be7b9f00379bbccae47558291e,118721755
passed,push,f92432d96769aa943c37defae79a63381e9c83da,118721617
passed,push,a47abae9f4cd337a36e12a78fa71e2cc1040c1a1,118661442
passed,push,d5063f57fc52a7e3be97781febcc4772f660d6bd,118656872
passed,push,0a1c6959e2f13b9358ef6f3fb9c0ab2fcaf269fd,118646255
passed,push,32739cd0fb24055b7f7cea309c57ea31e7fa5f65,118125818
passed,push,d4a9e39f16830fba56df6b54d27090d09ce5a870,117221055
passed,push,cb64310110ffb196ac464b836a1b8cf422afbf67,117221043
passed,push,cb64310110ffb196ac464b836a1b8cf422afbf67,117221038
passed,push,9d58b2b480107dce460716a5546cbc771e641201,117220869
passed,push,efe78eda34d307a3e93ab567462d6ba51017bc19,116307803
passed,push,8bf244dcf2cf81e236514c8f5067d00b9af7240a,115481009
passed,push,589fc6c783c2ff3c1466d2305cad6bb68889099c,115480182
passed,push,f3e490aa106d2b2993fbf294fd2f9298ce7ba94c,115209147
passed,push,f8f476448cc36ec26952b6b44614150a01944df6,115209115
passed,push,f8f476448cc36ec26952b6b44614150a01944df6,115209094
passed,push,c43edc5dc4e7fbcff9540747ecc558b11d18eb04,115208034
passed,push,df3cda446f77c725858576465cfb9421f53a77eb,115207641
passed,push,dd3c89f433d7c4da576ca0b0928ef182948c4556,115207281
passed,push,466784833c3c8d8dc94d544f7a19cebe522fdd46,115206948
passed,push,8b3ab42b1005f9e13df0ed06b426d72fe1acadeb,115206235
passed,push,5ac0aa8ecfd5ba70698cf6b7e63175d847a6d3c7,115205245
passed,push,ba8fb7d0da292126f3a5ac2efdd7c1b03fcfec22,115200158
passed,push,57fd5996bf5a30bca80c60cd79bef3f7bb1ce884,115199117
passed,push,3e566857406d79b92bfcdb2fa2902c7f55ae0e97,115196617
passed,push,45aa2e834514bbf1f1ea55bd6dcd2d0688fbc40a,115195364
passed,push,153885e805a8781e367168e5d782b3e43129f55e,115014952
passed,push,16a3c92582a0c09ba04383598d1d2448ba7602a9,115014659
passed,push,92072626247ae84fecc904471a26c7fa0ed28cd0,115014340
passed,push,1e4a54467bc47462de8bd6b8a3fa8cc167064511,115008448
passed,push,cce8f0583e23bf0b10fa10678ff3728d676e2618,114986268
passed,push,c86878754a50cc9ed5139e8b6f8fcbbc94a96681,114986253
passed,push,c86878754a50cc9ed5139e8b6f8fcbbc94a96681,114986226
passed,push,788bcab31d8a8c130ce138523e847abf4c2e32e0,114909958
passed,push,2bedbba662cfa9763366c3d1f7df16d8cd556324,114909932
passed,push,2bedbba662cfa9763366c3d1f7df16d8cd556324,114909924
passed,push,b575b9414b86c0d5b677bfe18df641a2dcbf498c,114908336
passed,push,da48c23db00e67f660009f64f0c0e24a759c9ebe,114421467
passed,push,1b4f5950ba6bdaac7e97278d56a26fa7377c9a72,114420691
passed,push,8e7eb12184faecee215fd8e6bf039c56b94463c2,114417889
passed,push,c14481045189e22dde8067b0d43e1e210c167739,114417865
passed,push,c14481045189e22dde8067b0d43e1e210c167739,114417854
passed,push,e261093327d2dbfba1f2b2bd5a5cfc2ef669842b,114417735
failed,push,372b1e4e68497078bc5c63360087ed67dbb759a1,114412177
passed,push,bedea99ecd01d57e5a2300d89f8c18d4e3ea5b1e,114410185
passed,push,116c1c706871c2d84080b647dd452eabe1521d2f,114410044
passed,push,7d18f45e946a1bb869abc00cdc442487258f5a54,114374534
errored,push,6e6f1960efe15b5df391b35a9f217e4ea8a1b5d2,114369996
passed,push,4c2f9edc47d776bc0b67cc672e03fb7a60e17f8d,114030439
passed,push,ceb3393cf50c640ec9da751d34bad9515884a7a7,114029638
passed,push,8576b10beebaa3a0a807575d98bc1fb7f7493f4f,113993188
passed,push,bc7d875ecb6275278b6cfa176507a3f0dc5f9ef4,113992950
passed,push,c54c25ec5af439d167d74666359e9f42ad2f9363,113991132
passed,push,aa68b0fd7c44c4d5d1c7def50072f0322f2e73eb,113988298
passed,push,3a565444c2afdf02af444c947b2f8ae955778c9d,113987584
passed,push,12f2e8f51bdc4a4f0cc1a1bbbfd3c5ef62618876,113975704
passed,push,8aca85718bb5379668fe9c9586ae7c4532049def,113874893
passed,push,43d214f2c0d55fb6409d9b5d2ee041e51d4a95c8,113874212
passed,push,4044c55c2a0fd255e4c41f9586a3119247fc8339,113871155
passed,push,d3ce3c9006aded0b57672bf4e792b1eb91b7dc23,113853400
passed,push,a8e69c5ba91077dfe4fea6c2ce12e149455fa16c,113836161
passed,push,fbaea2a00b1af3c5dc00e0ae12e7b7420a92f8dd,113834705
passed,push,7d11c074d205968e1b1332850dcd73e1af912ad1,113834534
passed,push,706f51e8a585bad51d275651861fe4b10da08aa8,113832731
passed,push,953c9a67961394d4393e0d29f9ab16e1bf0dcdae,113827523
passed,push,849b4c4ff0e7953fd92ec0ac3403b7e83fbe1f4a,113826849
errored,push,efb56711a4d531baeb37d73cdb3781307b8edc69,113799537
passed,push,ae185f5ed2961dd633526138655bae21f994b82a,113798112
passed,push,9037b6807b68fd37dad22fa06c1abd51888fc866,113796628
passed,push,e474edca6b8dd97e15f062f8a20303339c86b620,113771776
passed,push,dc9a9297b0b03038bd4e4f4f2355c4798c1a2b89,113769348
passed,push,850a61dc533e277d32a77d7905554372ce6fd7f0,113768742
passed,push,63c5d1c9f8e4381692e893cfcee18c3727e6ffd2,113762793
passed,push,987b60577b32f1345979b3de3d4b5d617d9c1516,113762043
passed,push,c904baeb08f75b60c03841ff5b95db8f33cf04de,113756617
passed,push,14a505289a7094a4b78c56e01517da81140d1a8d,113644560
passed,push,233a4aedc327d6a0f5b855e8e0f9a713fade175d,113643123
passed,push,21eeb3b21b1d8b8761281dec0e55b5cf89c510c9,113639373
passed,push,178bdb541f90cc0e32da224cc2065c521c4b6ae0,113635230
failed,push,9d37ecb21b20c22a74755d93fa9b3b9c31a53027,113586973
passed,push,ad9df874c8f732351cdc8b769604d531029fa9ab,113354193
passed,push,f43fb5a352a07222203fa55d60dbd54dde5f4669,113352119
passed,push,d42c832d4584a30cb579bd91a9180410871fb7a4,113344851
passed,push,bcd5aca926405f0b572eb2eb7315acefe210b908,113259153
passed,push,dcb86ef7789408e51e44ef9611eb98a8126923d6,113240093
passed,push,621e2ca991af084f4a6ca1bd49f3eab18b4dfa62,113237030
errored,push,849f23c420bfd3b159ab8c6f222f7f21d058b37b,113225918
passed,push,735881251b45d5d76eca58dc260bd6cebfbd662c,113073515
passed,push,02d307d60a82204e712db11159fdd9cc8b5c4e07,113070743
failed,push,488115e034551986fc385377d09e31c72e8d3fbd,113049607
failed,push,e1bfe7b150f65bd84c235013be593ee1dceac3bf,113046633
failed,push,6dfdcf79befc7892c38510c30442ba4873ba4856,113044524
passed,push,95a8c84a58375a0ac127f8d86e9d441b0801dcb2,113043609
passed,push,832f69299f1c011622b5d966eef9caf4aa9a4fc3,113035833
passed,push,ee5b4587040c7ab7328c246d42a924dd2a408c99,113032449
passed,push,db6332a13da7a8cc5f5367ec00f39a4023fff202,113030997
passed,push,272303eaffeade75c9ed188dad8201feb786d609,113002539
passed,push,1cb735a53f969d6b9a8e19ccb309c439958e29b1,113002306
passed,push,70003ac8149e2ac7151590651ac673e94376981e,112988348
passed,push,3b3fc5200a3e0ad62a53d04b5733afb977a2acc9,112988153
passed,push,8282f5b14e689426beea34dba757d86189d39658,112972566
passed,push,02189bd9ac266976059b15ecd7337a08a98db94e,112817371
passed,push,fe08a7e1681f5055e2ee7718366ac88711bc5bbc,112816103
passed,push,d2dc445913f98954f921ebcc98f145894686046b,112815126
passed,push,99b60bc77f9fea1ed5124b68d9484d4958fa0961,112812002
passed,push,6d680501c795aa7971623408ca3429b12af15e2e,112811325
passed,push,383543cccfc9b02c4b4e17ae44657187ab37c43f,112798335
passed,push,4d5e070e3c299ae6f8447358851f4fc1227e59cb,112797428
errored,push,e962c3cccfe9a2b786793a12aa79bc072b6f7c54,112780080
passed,push,4c8a7313ca263efb2d76c7121d579c0a0f235ab7,112777507
passed,push,1ae982f3063df393c27bcb915f654f9d5656c5db,112776499
passed,push,816ea72eb229b41efc2dfa735f25804090c35ac9,112775621
passed,push,a2b23b4f6e4351f9ccc9fe33609074081b9c7f8e,112774034
passed,push,5e84f627a369e0a5624997416e573ae7b99551f7,112773247
failed,push,7240f239d40f172a4dbef2d3750e016ad69a3710,112725896
failed,push,d9a98ed044d139f19ff527e6cfc5b8da51cada34,112723154
passed,push,7f989fb38c0bf855a2d961687b633b8c947a0749,112687567
passed,push,4bf07b15976d0af1b54866dca97782438fc8d63b,112548192
failed,push,6c997266f9289ee09343cb67194f9319a5559888,112546152
passed,push,3d41106ec94bf63ffa5297ca47c22abfbd8dee6b,112540887
passed,push,265775208adb522bb54090a004ae4ec2e5cc8c31,112374254
passed,push,c1667f1301434785e2c2e28badfeb3b841aa6aea,112168221
failed,push,57f5b69cfa63d0e51d7db082ee5915ec21f41f28,112167175
failed,push,f843ed876d3c8b551a5ca3d94efd1bfdecf86370,112132233
failed,push,674f97b790aeae61550512d9043d87773f595740,111928280
passed,push,fae6b1be535eaf60f4db14529d2eaa575b2f154f,111921495
passed,push,f2d5a9fc25b4ef5541a8ce5eaf410902d3e37369,111921229
passed,push,d8fee625bcf86f0c4825bd15799790bd61f30afa,111920598
passed,push,67bede2c1ad57f75148a3c498451c34e1e6c4669,111881606
passed,push,30847382d7c075809acfeb8a2b4e5dcd26fc1efa,111876204
passed,push,ab34fa14d103b48afc10a0f86c7291ce6fce262c,111702939
passed,push,ddce863a8c1fc7efebe1852a3f4df7a62d2f6941,111702035
passed,push,0b482fb7388cfc3e205f3599c1dc838324ab97cf,111672170
errored,push,846664bcf7bd649c58372337dc9c13f77d96369e,111671635
errored,push,0bf35474426ba4db4472aacb4edb7c68a52b6b5d,111671494
errored,push,da6a7ea649301e411535457cbc6dfbec3cebdb50,111667142
passed,push,986646d96d4f44e8ce7500f5a47506aec0d64e55,111656087
passed,push,65b195fab7f96a2399037bb98f40f9ea33f77045,111396137
passed,push,a130d3698c60bc7e5ebe6c7bd0d4f6c755dfc304,111395032
failed,push,cc9c93ebe17d18b703d31b0d788604b754896896,111389166
passed,push,ba88ce66b032c469aa092c9e40320bd3a8c0f276,111388965
passed,push,9588e1e2a6c6832c50f993e77630cc8f5f62311d,111380495
errored,push,6701ea3faceee66e71da8b281fea4bba5425e736,111379923
passed,push,6e23bd2fff079a468ea496d4a4e43fc358aaba41,111360477
passed,push,fb947f373c65cb80ccb3c8098df7aa0d2ee7b90d,111360466
passed,push,fb947f373c65cb80ccb3c8098df7aa0d2ee7b90d,111360423
passed,push,c74e1b397b7caa3771c679eaf48b4d95c18cded4,111359624
passed,push,3f5a55d7fa0308cb7ceac846a2ae24be8799e0a8,111162585
passed,push,e678c0f6593e24aec2b7e12d32da71b7a64866e1,110296539
passed,push,63f982563db34c5d4ca235b524186d65ab623c28,110296140
passed,push,ca03225c0a4b4e2aa9cf6c8660366938cd20fa1c,110293549
passed,push,eef06813fa9a32a2b73c77cf63155128d9e585d6,110293542
passed,push,eef06813fa9a32a2b73c77cf63155128d9e585d6,110293532
passed,push,e225a4733be2f29e5cf59c2786e58949ce6e278f,110293444
passed,push,66f5063f2ad387bbab53ae6e75846af69d4a791e,110291859
passed,push,c4640e6ae5b3b632e1d9746d764335cea95ad0c3,110267150
passed,push,7a61e6e26f7263f10054f50eaa25f8403ec3b1ce,110263747
passed,push,8908062c684e7c656700073f52b6a584b6b04965,110263082
passed,push,49560f3ae301e79771c51c0ae11113fd9a5a1038,110260657
passed,push,764ec1698f408fce439e804f7030cacd85da8c70,110233426
passed,push,3b882fd76dca100fa72e181abc184e021e26b4ff,110105140
passed,push,e8113eec189e85844bfd6444465cf366ffbcf4f6,110104125
passed,push,416e7009336c278f40060e300967d192e4906572,110098263
passed,push,83e2a3c4eb4bea3bda7d551e6013113f5b52e4b8,110096614
passed,push,6211bada051315134b2f2ee005462a245500fd35,110047758
passed,push,b738de4232913d54d1482bd992de8f5e57f1f11c,110046862
passed,push,24925185c1eb4162fe666d5305f2fc5fa0e02b2f,110039371
passed,push,46612826f07b2af22b00276c70ec7301fe85d5c6,110036184
errored,push,f7f18da7fb9b84f30059b59294e9b0a175d4c528,110034649
errored,push,81b61041ba38613911c8e1a325653f99eedce520,109967324
passed,push,c1a59980de118a709feb442326155ac0e14639ac,109517200
passed,push,a9f7d20ac1b232c24a072b73125c4cea499933e1,107148403
passed,push,6578d16660ffaa7fb88a96adccf21626b21ee688,107148043
passed,push,c1f7e56343f37a70fde6751abe681c83e036e765,107147711
passed,push,8b72fb0ca8ab6a5d21204208079afed56abc26a9,107146547
passed,push,e2f50ccda3a013aaab3075f00bf80641ebca8f07,106662730
passed,push,a5062b37a6fde097d10a9cec3541097b86b9fbbe,106647842
passed,push,f060f752ab1b947eeef34c4aca34ca98de1ce860,106647835
passed,push,f060f752ab1b947eeef34c4aca34ca98de1ce860,106647821
passed,push,7e53efecdebff95c8e3bd6911cee6843e381d0fd,106647760
passed,push,271e224c8aefce9fa9bb7dc2859bec2529eb07b9,106156459
passed,push,9149be8333ede1c87c607c88016d5706cd868fe5,106151158
passed,push,e1ca47067c6c83c6a20e765b29ce45450c6880fb,101991987
passed,push,a487a2120beb5ab0dca17275580a6dca3af8e431,101991477
passed,push,3249a02e3f0a6c53d3ab34cf85214e245759010e,96503997
passed,push,82341fb957e9094d0a76fbf407e845eb0b53b1f5,96503982
passed,push,82341fb957e9094d0a76fbf407e845eb0b53b1f5,96503971
passed,push,286fe422912ed45456f2fd1a50d2a5dd0bf1e8c7,96503676
passed,push,9819a9ff0f98dd35af7e232ecc813b33e981cd9b,96476551
passed,push,b9fa0b9334a5d139032efb9240740494142c1f29,96409560
passed,push,5019adf20726e250ba3e327913283283a1724905,96409551
passed,push,5019adf20726e250ba3e327913283283a1724905,96409543
passed,push,bb3b0b3b773630a286a9e16797aad2861ebf0765,96409450
passed,push,f158eab63606b7339bf6f94e3f6ded9b031f7257,96408925
passed,push,f6d33a03819e29af15fd45c51d56c5821a74ebd4,96408278
passed,push,f939d2cdd992fc25a9bdc7f8a8313ecc3f688719,96408271
passed,push,f939d2cdd992fc25a9bdc7f8a8313ecc3f688719,96408262
passed,push,12eac9bec474dff18f08e6616cc1931fe57356ff,96408227
passed,push,f0fa126d29c1df2939c9239587a7869b6f43f813,96405852
passed,push,611f97ff5707a31e15f20aa315bff932cee4dbfa,96405831
passed,push,611f97ff5707a31e15f20aa315bff932cee4dbfa,96405818
passed,push,fbc2d28356edd2fc5cf28a1145e708f9e9292189,96405745
passed,push,9533b4b6928b572d724bf545d99423c0cfabc2a4,96404897
passed,push,99b38573c58adc130b532a41b1ab2a384dcba773,96358090
passed,push,b9deb3889bec5d634394d54231b31b7270314cfa,96356150
passed,push,8998b74e55e44c9f46e70ab4b7aec5410ad90da6,95015161
passed,push,7019ef296bf1fa731ccea37eed2224d79618e62d,90632001
errored,pull,534f16b2a3216bdcde2e20d634e47ae1732b9bc0,90631965
passed,push,040f34868fa79e76818085b8aebb8c449c47ccc4,90631840
failed,push,2b003d928778d1bf01e1e17039177d914e9fb58e,90489868
passed,push,b17a51128636b6cbc24935c3eb2f33612dca1f7e,90476164
passed,push,a655864bf6a0d70878496586c3d8745037181138,90468618
passed,push,2a94c142ae36a29c8ec87409956e4727a0591c74,90467599
passed,push,11b88f9842c792722266cde00be5a53365bac47c,90467574
passed,push,94b37b3dc1bd96a6ce28adbbc0fd4336484bef12,90467551
passed,push,fd01e852174ea63d710934499a1fb10ecb07ff6a,90467534
passed,push,011478dd5eb2208ee33c9c3021bb1644b3980378,90467349
passed,push,fb258cea715938200f76c9eab738a32e053c4359,90465930
passed,push,c0061ada433e3c1d6e8381ef7517259bc91d0c68,90465198
passed,push,c35e4a139bcbb6a009a1d0fa6e2a466f22a4a271,90465125
passed,push,6cac7c31b9d9ee671998959d518c362e067c0448,90464513
passed,pull,486a14f673490ba1ead8c18a4a310a0e55b3b63d,90464337
passed,push,6a8e927eee4cde381eb78b5d8a6ffd4e2eef63c1,90464165
passed,push,b1707d3219c1535df749da528d95bebe90597127,90277397
passed,push,c046f7a9e5bab93163adb2fe7b2d9332836cea0d,90252994
errored,push,6ba0cf1b3e8a8ecca328ddbb9f6aba5492c927cc,90252905
passed,push,59082a61ca95ff0d75c910c206a244b293075203,90251366
passed,push,2767226f83d23d8192480cb0ca58531f4ba8ae4a,90250730
failed,push,e17f1f5a17c51e507e349d652bac16f217253eb5,90250418
failed,push,e17f1f5a17c51e507e349d652bac16f217253eb5,90248997
passed,push,2767226f83d23d8192480cb0ca58531f4ba8ae4a,90228200
passed,push,7b25502703319430b4b774de881a02d37967ca36,89557427
passed,push,ebb9a3a95076f7af3da77d790004eeac9e605982,87432801
passed,push,41f936603639aa8399908ca7c4210bd7878b3410,85653168
passed,push,4ad5987eb3c5e483d43e94dd6355c2dcc9a043c2,83808177
passed,push,f9c355b72e95ccbfb494368ff55a6af589726980,83808167
passed,push,f9c355b72e95ccbfb494368ff55a6af589726980,83808150
passed,push,38eab24443a14c0fa338a75d01a2a99f31ca458c,83808000
passed,push,fe27fdb80d6e8c8f710ed281d54c394fb7f3fad0,83438940
passed,push,bd00162f0cb407128bb71c6971f5d608666256ba,82071958
passed,push,108165f3b0ef5b09312719bf7d165c847a9ad4f0,81696232
passed,push,00b5ed722b4e68cb2ea7711c48b5b5e447457eaf,81681664
passed,push,b1dbef552c7594fc26d99db0b5cd3814ef2dc094,81681641
passed,push,b1dbef552c7594fc26d99db0b5cd3814ef2dc094,81681629
passed,push,fec20d9bb5f1515283d578f74acd1edc3b5b9536,81681420
passed,push,eec793de59b40ed68cf5e6fa84b3ed160005e23b,81680035
passed,push,d27b65c0c0ec980e9a79c57d491992d9a7e37291,81680011
passed,push,d27b65c0c0ec980e9a79c57d491992d9a7e37291,81679998
passed,push,0508af120269242783022759bcde058c49ae4235,81679163
passed,push,989b98d1d1b1a27eb5cc0aa5076da239663037e5,81679149
passed,push,989b98d1d1b1a27eb5cc0aa5076da239663037e5,81679131
passed,push,d31be6d440a4e1c75eaae02b4cc9c353338f635e,81678795
passed,push,adc99ad31b7a1b4debe74e84121c054c733cc829,81543784
passed,push,bcd1193fbf765eda32b94e2d54b09e978ad39cc6,79058446
passed,push,f7397934c59f5d374903c8a08d85324a8ffa5ea9,70845009
passed,push,e4403d1d9257995618d6e4936fc56d83b612c79f,70844999
passed,push,e4403d1d9257995618d6e4936fc56d83b612c79f,70844978
passed,push,b8d71e69cbeb156cede278dcb186b79ac27d1d95,69834076
passed,push,ea02c8fc1aed84db161e3d39063dd0fed2e2b13a,69834033
passed,push,e406cff766740b117898d6777c094ed494220fa5,66477628
passed,push,109446355771b165a44b34301c06a0b376350b61,64187810
passed,push,5ab12b09ac4153b061500cba21936d218aaddb1d,64187756
passed,push,ff32aa848d84b70c575a2b457668f8b3529be992,64187631
passed,push,1babaa77badfca83691744f0ff86b3e838acf610,64187096
passed,push,2407cc91bf301b359c310fbab85be6b508255a3e,64187090
passed,push,2407cc91bf301b359c310fbab85be6b508255a3e,64187080
passed,push,352a47be3940e2e3aa37bc055e53d5c7a20e3914,64186679
passed,push,15962e79fdfe1349d18cf480875f4f14db410ec8,64180443
passed,push,8383e65707948d0ebe53ba31659d89052b4b3fdd,64180191
passed,push,7efd5fab0e06aba459bf1738ba97c1b955d455d2,64069695
passed,push,f0052064192aba4e781b851c77ff68e75998f6af,64069686
passed,push,f0052064192aba4e781b851c77ff68e75998f6af,64069681
passed,push,0249be077360b830560ed165a07e7aa25c12148e,64069215
passed,push,7b7faef8b9da7a8df71ac53efa9699a5145c730a,64068514
passed,push,6c15e60e9970f107594cf15d32b553dc49d2603a,64066537
passed,push,4dca0bcc8612427ff4bf9ba4c3350a3c1ad12318,64065634
passed,push,d699590c281b2f2045f8cf6314a3afc33346ac4e,64038470
passed,push,cc74784393ccec49571246c621341a143806cd8c,64038381
passed,pull,91e7b463dae456ff72b77c698cef4f8dabfa43bd,63849454
passed,push,08b5397a3988438d9b64954fd074a181dc3dec8f,63828608
passed,push,76e4b2733c059ea709473c71416e1fe6213c8996,63828421
passed,push,68ab34d18d37dc6adcfe21a8380be039bedf4f3e,62893402
passed,push,b47e30e6ec527c5fb13738d28e680f0a2ee5059e,62892340
passed,push,f0f52a9ac94d08ae5e6020d586c6ceed347b6199,62892020
passed,push,aafbc2bddef04101c173160329842fe0410418f2,62886835
passed,push,3c2afe15147a7c43a0666a3d6c1a9eb13f60c508,61261787
passed,push,934ee01ac6a41cc7cc0e2de3ba04cd64844ef0c4,60620707
passed,push,83bcf2f1eb0561381e7dbe885bae9da737672bce,60613141
passed,push,27148ee4ad54199c0943c27cd79ca9a41256019f,60612620
passed,push,ea7ceecac93b431b873306a033166b69f68a02f1,60321623
passed,push,da646a8306fd55f9cfd34fcc44ca50036ca0d46d,60210450
passed,push,fe32b3227a5f88fe1242e4c3c129d5b2194995f1,60210436
passed,push,fe32b3227a5f88fe1242e4c3c129d5b2194995f1,60210419
passed,push,1d5ba39d8c777d2c983874672a75696d5255f39d,60210297
passed,push,d209e9c9683a3197c25ed35b4557500fe68b9b1b,59322499
passed,push,1519eb15f0fb3379ab29bb7db4b9cb21460973b3,59320172
passed,push,84cc859d247d3855a06e29d1694d5c59bf6fd79a,58396564
passed,push,1686e233ca4d8f91efc610d77dc98fa3ec104959,58372315
passed,push,2846ee92ede87daf61a7eefd0b8eefbb390801f7,58372284
passed,push,a61b3ef07881eb329bd71635e8ed31512b009b5a,58372203
passed,push,e982c71136a28aa550fbe5daea629b19ec20e5de,58371906
passed,push,e959ee3442371453d0b69a009a88c6f9db9fa23f,58371847
passed,push,a82879829512c4378f499ecbaf8ed57b5abaf032,58371056
passed,push,f157ad030e0e411688ff15d4fe74c6ca84e66f41,58370514
passed,push,5c33d6afefc0be3f9982c0147a8a6d47d7516190,58369235
failed,push,f432af13cec9bd04ada5a2b9f0dbddbd12eaa977,58368577
failed,push,436235c522979ec8a4450c1f43a1b4e158b2e9ff,58367620
passed,push,9680553213295895da20aecb5cb21f5ba326aa35,58366304
passed,push,46c6967109bbe6950ec15e594cc4768a7c07e981,58354356
passed,push,69976ca0433daa1cca96156b644ced81cbcee815,58226464
failed,push,c876338aa569111d869a23c96ed4bb9280114de3,58225961
passed,push,5701d9f1a35356b4477bc2e16983ae08b544c4ac,58225520
passed,push,84403f18a24ed13e72fb5e50b63fb227a33f6545,58225218
failed,push,90111517450c58cde9544c5b9e2bfdd4a2d671c5,58225138
canceled,push,cfe31c5a64d8b996a200772fc23e21fb2f52f663,58224876
passed,push,cfe31c5a64d8b996a200772fc23e21fb2f52f663,58202624
passed,push,c2925ad0979ca5a2b2df3c38b8f71aae909d12a3,58202583
passed,push,c2925ad0979ca5a2b2df3c38b8f71aae909d12a3,58202576
passed,push,eb672b1323b2a1f3ba0c887de06c520d384e1fdb,58162276
passed,push,3847211a5611490e7f4f8a9a4474941b8cf9b003,58159424
passed,pull,97c474055bb5e8a6ea2d466ebaf7db088aeac93a,58159341
passed,push,ed8b3c6379a18aff62acc2cde6e39653163553a5,58158654
passed,push,203e2a09d95501e5a6797e4ad3b373b307ce6b36,57903285
passed,push,85dc42bf3fd380af5636dd1685a68efe2f065c88,55935354
passed,push,2c3a09c2fb41756e873db1d6991a37a8d4495929,55918463
passed,push,a6878e8fae6718e002efeb71037aaca4d1d4fe00,55918458
passed,push,a6878e8fae6718e002efeb71037aaca4d1d4fe00,55918453
passed,push,98bac668a8b3856d18ca6037886c4e7361d25d33,55901760
passed,push,81a212e43e9649cf6181a6ef40572ee180509826,54190542
passed,push,72a383968e80a4c0c62b4071e5e353fd26dfaa09,54076369
passed,push,8c4b04ce59e84a1e43e24027a53ba2788ba26b84,54076032
passed,push,f96011346840cbf75b6fc4a8f27c3bf648bb860a,54076019
passed,push,f96011346840cbf75b6fc4a8f27c3bf648bb860a,54076010
passed,push,5c6da23731436f081eb5dc597b09dd45e7901581,54066045
passed,push,58a7d8d8723179f9130cb93dcdc3b0e7789ba495,54062807
passed,push,784aeab8a2aa7888b87f364ca644786455ff136e,54062374
passed,push,bd38fd8e98c15b3c419dfe43ff64609ecadd3ddd,53924394
passed,push,71a2f7428aceef1bcc32e060a53e06b15d947960,52499767
passed,push,2fd3ba7afba5acaa28a719074d1e372b02881200,52497980
passed,push,bc36e62d0e996ca746526fff6487d7db61dff548,52497967
passed,push,bc36e62d0e996ca746526fff6487d7db61dff548,52497940
passed,push,4947750d0fad574e700ab90fb4c47ddd203ca2f1,52497709
passed,push,59d73750c2ba190a643d71a7372e72125ad3f4eb,52497473
passed,push,a8f7c9377c867e5fe87e6933d7fa1e374131cb74,52189944
passed,push,85200e9b5a05bfe037b4c418452d6935e07bbad3,52115481
errored,push,30ebb388785ec86935d3615ac15409d1f70ff9d0,52115462
passed,push,30ebb388785ec86935d3615ac15409d1f70ff9d0,52115449
passed,push,e72598e7617b207ae5ce490224700a2ed833a4c3,52114865
passed,push,460ba6783187babd49ebf08edfb1db698b2884c4,45390343
passed,push,ced4bca9f19fb89b18c0560899e512abe8244536,44116891
passed,push,b5555866e20bec9fa22182eda8f95e8c4c23be10,44077811
passed,push,c1d996b85cdfa4f9c2b3e7b117b9cda7639a8477,44049843
passed,push,b2696b693bca6dc157c0bde574eeb586e79f5b1b,44041834
passed,push,f7250635ab1f273da6733ef7fd24853b70d9b65b,43975010
passed,push,25d676dcc190cf01fdbed3b61c49b03e7af756b5,43974966
passed,push,08f084d353cb6e6aa7d48cd00eaa0c2a63ac652e,43974535
passed,push,3d634e923a78a5af2c79ee9f670cbbf39cc54345,43969073
passed,push,94337f217aaccb99dcf3152610999bee1d1b67f2,43796811
passed,push,dabcebafeb514eff09f76411db02a3fb45e59fb1,43675077
errored,push,d5cfdd165f0ddb0c744eb1d31a16ba80f03ac603,43674433
passed,push,ff909f40af6847db414b3a4aba3ef7f49e44e790,43659707
passed,push,ce5efc2cb95da26ae130a2dcc3c649c8e07d6b24,42589425
passed,push,7926ff41eb26b7ba77157d83ce9353c6cf043623,42588284
passed,push,deb6b3d45cf25efdb9505045f07c3827b00add50,42588277
passed,push,deb6b3d45cf25efdb9505045f07c3827b00add50,42588266
passed,push,884a1b19c7669f72bc5a8a35a0aa78b9a995144b,42525557
failed,push,ca02df301b828e2b0eabf00e6125c2fc1faf22cf,42524223
errored,push,832df7a76cb810cb6f815f4b2e252c13ef8af43c,42524153
failed,push,5b83930b42923660d286bcd80e5e509d823028c0,42523891
passed,push,2b398b1e6f006df39e26bd2c349ecc9a44a7a466,41056076
passed,push,e366a2fbbf7b370483a19a17cc2aac12ff997c1a,41037056
passed,push,e55bb8964ef34dda63ded0d76132aeb6162df131,40972312
errored,push,39d9870fbbdd286cdad842d3db92f713faa8c378,40971572
passed,push,cfc4baf10b951f143e1e36baea2243a84ebfd9b9,40971557
passed,push,cfc4baf10b951f143e1e36baea2243a84ebfd9b9,40971547
passed,push,35e82a82b5703552b54696263dff508c1c9fd146,40852269
passed,push,de55d788c695e119b937585bd36fa2b71833cc45,40852237
passed,push,ba856e423b27883d5435875e34a6efeec1827172,40851717
passed,push,344a26288cd742bc3ab419338ed7c2b85949d82d,40847797
passed,push,1472ba41c4f369bd6acbaf8ea76aa752cb79567a,40847756
passed,push,0f4ad5f4143ec756b90afbd3542ed5be087511dc,40847733
passed,push,ed60703e15811ce7e675afb8d249cc92081da0f7,40847336
passed,push,6f17fa0ae8244467f43531fc5d7d64e778e44f79,40847237
passed,push,f6ad2bfea9cbe4e7e974dd4ef5d5ba2f4797d925,40847135
passed,push,784af26c87f7ccfd55dbfc6043a09ba3e4362df4,40847073
passed,push,df49d07ec8f9629d734a9f4b52df95da6ad4de67,40846951
passed,push,38241ff7ba57cdd1b00e7efe0b0495bf66819cd0,40846910
passed,push,c55c3e8df4cb0f25ca25e49ee5a117f04752f5f9,40846125
passed,push,018f83ba41cd97b1053f164c50e57f704cdaf8a5,40835179
passed,push,51c1c0bea4ff57cbd3d0ffba22de9b613fe6d6e5,40834878
passed,push,9e8ac8d5b5936b12ab2edbf9f0051fbc1fafebdd,40833246
passed,push,399de595ed05dd73f782182390e52b9e3aff6703,40832194
passed,push,207f0e1715b7bcdceded5a13f3ef727c238b8308,40830057
passed,push,4e9c9a3d249b85ae9a741fa9dd9b17b114cb7bf1,40825583
passed,push,8af3620555feb73286fc39fc895fc66c4a487e36,40824210
passed,push,2d358c5131780928ba46becc372b0f6139d35e8e,40750618
passed,push,a78bb5fa9a97c906abbe9203fd880724af221f5e,40750578
passed,push,446915c7ec9b4654a8960867ba571e6ed640f46b,40750560
passed,push,bd28f8e0e865aa71418c7578b188e407d911cc21,40750326
passed,push,704d2a7e77a3ec36533913ae9720fbb499583a0a,40746356
passed,push,643505683e46d7b20f315096e31f94accef107bb,40746346
passed,push,643505683e46d7b20f315096e31f94accef107bb,40746341
passed,push,a4f94c2e48f71d8b0ee43be12b57db825a7cccf9,40742540
passed,push,b5bafdde670ce36fa8fa08da65925cf42283aeca,40742508
passed,push,c121e987c702b33a5c7f1047e3d162ee0f93da42,40742417
passed,push,4aaa5a189e936cea24199b41609eb4468aced6e1,40742398
passed,push,d6d34801e8608e602647f6ec35ab43a666e98ea8,40742380
passed,push,4d3d1b778bf5fc9b4125803b5679bc2451f1ef8d,40742334
passed,push,8fdf3b211e71676cf42de2501328c1eeafb8de25,40742275
passed,push,88fda1203c7205c8bc74447e09895ec96b0832da,40740297
passed,push,33f7d5d9df9d658ac6e54be4a700ac037decba26,40740068
passed,push,e2f54498431031cd71d9a1d6cf46c16d235b9e98,40731274
passed,push,a8565bbac4ac1d839b57fca328a1056b90a51189,40730905
passed,pull,999f70153e23fb39becc4b7f5d3a9df310125a97,40730714
passed,push,83310df0a3a48d699233f89c566a77e5e9743db2,40730491
passed,push,900d130f81b46b7e8206267ddd4fb173d8b5d6e6,40624915
passed,push,5d72b4e4d978c5a4643f9b36bb21ea9f738dd459,40624071
passed,push,e2da91054b68322d8e52fc50407eaf1f297cdec6,40621816
passed,push,a96a9adcb34729fffa39a298c92cf236f71b31e9,40621637
passed,push,211f970601083d8a59afd2736d5f48d2198c3c95,40621432
passed,push,46c2b71c91089640e583ef7214d46cbef4f3fb5a,40620938
passed,push,d954bbd1d77c0f3de7125b0d4ac2452aea2cef6f,40616830
passed,push,a92fd4595e3c95815552263e2c78791bb8ecde44,40612358
passed,push,2926926b6b0a224ff7ddc557db9ab70510e26160,40611429
passed,push,703abc0e70d72a6210614c6edc6ee3cd0bd84bd0,40610237
passed,push,5148730d8d3c24264063833ec34e100a94d87c14,40140344
passed,push,9e59f23db0aea3ed804ec391fe4e49340fa26ab4,39992566
passed,push,866290a974c5a740bd61b56f3e578fb2e6774661,39991848
passed,push,6724b2ad9a0f50608f338e6b7d065b5073dd3aac,39934126
passed,push,71018358f60263332a3b809f666ba5f7e04b7f21,39934119
passed,push,71018358f60263332a3b809f666ba5f7e04b7f21,39934114
passed,push,bb6ccdaed6b73772e64da7198c1c4e8375550e58,39933805
passed,push,84496e5a911a5704883157b578900ff616e89ff4,39933112
passed,push,4491b287c49af0aeae0c2ec24fc2c8aa0085196d,39932636
passed,push,18dfeeab2bdee91d148054f00f3de4f98939d4fb,39926576
passed,push,4cabe8b8ff3335b4317cc29d1aef81fa37cff124,39905548
passed,push,7b8f65b84690d61897a6ab0e794dea3118b5d833,39896842
passed,push,9849daff419e11df357a1d022a87d40298bc4424,39896788
passed,push,32e512db6cea60c79af519e06fb9bb7addd0111f,39896569
passed,push,29c730cd842ea54b4c74163e4d52b6636799fb82,39876864
passed,push,359ac8730ec6e1676913d11b7bdbffc6782a5f10,39876192
passed,push,80f6398b34a96ec10a3e01e889b2b3423ce1fa30,39875920
passed,push,9cddc02f749c4851c6ce7d85ac77cba23dfadf57,39875475
passed,push,ce0b7cb115363fc7219619301e8add906be87ff7,39874681
passed,push,83715003ac21c8b278a1dc4e68779fca1c313898,39823568
passed,push,dda23b2b9378e21a88494d17a9ed63bfd651cad5,39822802
passed,push,b9dc623feba28529bb6a5965e238d12a1e8d4754,39778654
passed,push,9d3d90457a058fa4f0782018a496e1ef63b7b109,39741880
passed,push,9400cb1c2024edd0d1f2ebced88efb6657df4ec8,39729235
passed,push,fa7ebe5b3cb9343e595629ba2661ad46a2ba8adf,39728697
passed,push,3314c12bf1358fea7a506a4030ed2a659240ccc6,39728692
passed,push,3314c12bf1358fea7a506a4030ed2a659240ccc6,39728687
passed,push,4ff499001dbc4dd6156f687d07dabd00e1d991d7,39728602
passed,push,a634849608d42c0b0f5531eceb1f905acb708f9c,39728506
passed,push,b295e3a658e6d70b689f80fd87839fe9280e4262,39728407
passed,push,583deea653b841956e461d3c6743f871a7d77794,39728129
passed,push,5a582d048a5a0c5bb9b4f34e1a8669cdb5042963,39719244
passed,pull,7f685e4a7ad9eeaf83bb77cc377e7de1b6bf4366,39719018
passed,push,b47c0f615cabeda00ce2e3ebf4f5d9f2e35fbbfd,39718893
passed,push,51957dc42d1f0f438d8e769befaaaa3abdba2973,39712320
passed,push,9ccc2fd60cfc35074da28f0274fa802562bd7c90,39663695
passed,push,05a1a19362336a200c3b232c5954aad34e5f6694,39663684
passed,push,05a1a19362336a200c3b232c5954aad34e5f6694,39663679
passed,push,a820ce26ba2478474f359559820636acefae0cb6,39584883
passed,push,46669e29de323c5c58655a0b1c7f278b4ffcac85,39569364
passed,pull,6c608f7a114583229e714fa62f9b9af52d658768,39569252
passed,push,ef1de51d8de6419510b73d3af3fd0bf9cc79b78b,39569143
passed,push,e4edadb8610a9f1881aec4bdcab9c43756bd6c40,39565009
passed,push,7740dfd7be7bc469327cd70a05f6de762214ca13,39563364
passed,pull,e35712e662c7bfef2a982c0ea52c2d3190f91bae,39562985
passed,push,5f96e5e64bc2e9c71af15539009636e72fa3a2e0,39562954
passed,push,c52cbb95a855476e51ae6c36687cc96ee8d0eeba,39560972
passed,push,2fc6dca4dc35886d43a46b307a0cb819426afdaf,39560758
errored,push,f9e314e3eca4f68b7fef747523ba3c60637e7b32,291166258
errored,push,8e40598455593d3d37b866a11d2454c3fad1638c,291165578
errored,push,88ff47767e6e9072bbb032a66de0edf83bb1e372,291164757
errored,push,d302a4cc07d87b711f3d3747156cf460676e359d,291163965
errored,push,515adc9ab123af0c0b0c768a00073caafecbb528,291162938
errored,push,4564cc25d8c27e4a49abcf40a41e43e64cafa5b4,291161938
