Status,Type,Commit,ID
passed,pull,b4e27f86168cc2d1a535d99eca61a22a43ae0a26,304076091
failed,pull,5dec01fc27713d780ea2f06a82990dae14391ea2,302167310
passed,push,d9cfee79a98b7c6eb716fe99a6188c0fac083a56,302166388
failed,push,44faaca42205b99503e3d500a7ce3a82d4115819,302118078
passed,push,44faaca42205b99503e3d500a7ce3a82d4115819,295070518
passed,pull,4f4778b4d50a24c325db48bd35b4222135bdbd3a,290279987
passed,pull,53c9e24065fa20ef3a0dfd2b6fdb2836a92283c8,287911208
passed,push,d112c62e5bace7fde89a389015fcb5e8a60899dd,287910972
failed,push,f9376df96c31155147142c07dd42eba1cb9cc69b,286789446
passed,push,f9376df96c31155147142c07dd42eba1cb9cc69b,286774668
passed,push,2a4082fe9ae5c6135af2fd8ab4c503c3a319804a,286218232
passed,pull,687feeba58b09b0893235fd73aca54a7330d1ae1,286208124
passed,push,566da91ef3ad27394f12775ab42ecdb086c0303b,286197442
passed,push,07f3388d080676dfeb71259efd924ee5afc0f5db,286184071
passed,push,6f4086d7f156f36ce8f9098e526acd90e7d381d1,286183969
canceled,push,6f4086d7f156f36ce8f9098e526acd90e7d381d1,286183957
passed,push,314fe4d8c811a4dc246d4c886d12de61baf1bb4d,286180481
passed,push,389552787f2a0028e92251ecccede7cd870ad5b5,286137190
passed,push,8d0cb7675d397e10d38081a997840f11fa6ab157,286125143
failed,push,9c1130d929a0bf42483ca958f25e3304f38069fe,286117476
failed,push,13cf006bf954ec70b39271e03701906d236dbeb8,286114141
passed,pull,26701454f192026d43c541e5fa7ab8036d891527,285845713
passed,push,d229631af4944ae742409f144a71d56cbdd6358e,285845699
failed,pull,d6a91f2d59ae96fb5f05dd561035857f3be459ac,285843837
failed,push,1113bac469413adf2a7fb181319f439f794135f6,285843494
passed,pull,1774e07678e1d5a1a4005e06fa41e5d457542a31,284725073
failed,push,ced9b95afd81ca34acace01a0e67b3f73d4b4074,283858103
passed,pull,39ebf668a36ec7e979d3ff0481c7a9be9808802b,280692051
failed,pull,839ee36abf5340d24663264b6899dd06c2e26526,280063023
failed,push,8cfc9f5cbacd1d5b4e7a38889c867a3086fe8a14,280062604
passed,push,395128eae674e7bb634bc31c441e4501e927c2c4,280058560
passed,push,50187e0d0896c5c3e3c83f94cfb48b9b6d4b73ff,280032630
canceled,push,8248b6a38ab54fa5b1d9f0cb981f2de1d076f6a6,280032585
passed,push,50187e0d0896c5c3e3c83f94cfb48b9b6d4b73ff,280032572
passed,push,a21480a885f8ab0299557a1a12b90aa3bc5123bb,280029854
passed,pull,d13aa9a5ee115a6f8b7a5606cd0806ca07dd44d2,277381301
passed,push,0bedf238d025696dbbdcaa5c90c8629986ea552b,277380659
passed,push,176c83897bf0bce609606208d82b74f33126ff34,277379036
failed,pull,3f6b07835e548766df9acae94f83511636e0c7e0,275476588
failed,push,e984d7c8c2d5a49fc4e821e0eb8f25bbc6a263b0,275476109
passed,push,fda4d4e4e1ff5d756e8ceafb409887ab82f3d2c6,275460753
passed,pull,37b0d2c1570743a0e9039c977d2cb754d66bc667,273754892
passed,push,15ac6727344458840e18cb780a1baaf9aa9512fc,273754889
passed,pull,b34d9635b4a171adf93dfe0a288e6b6e1963bfd0,273754558
passed,push,f4c3fa61ba84ca0595283d4134e9d6edfd48b260,273754549
passed,pull,43cf15305cbe98de6f47fe470805eb1706c272fc,273753869
passed,push,c10abece842354b69e3c90c2cb84c6c3ade7b82f,273753864
failed,pull,1ba155afefc1b496973fa877ab75de873334b1b6,273752977
passed,push,361f2356b43451ab475a7b24cd1c34f55b04eed8,273752970
passed,pull,78417e70660035ff50d1e448dc2e1699abdc6a59,273751814
passed,push,d0e6b342f31831745d4b351725905a8110bd2b20,273751807
passed,pull,0c9776bb09a524b7d93383aea93de9158691ecef,272340117
passed,push,86c91f245f3b144c62b1e2e46f865a317f699d32,272340089
passed,pull,f11e09b60d085e0d50b966c4f52954d10e051b0f,272337806
passed,push,31962be5691d7d165402149726e6ec3e0b9dc3ff,272337798
passed,pull,428eb683fb47e459b7a3ce01a278d5a59f013b36,272335061
passed,push,603ba9001e83eea2bd471364c1cec044faaf5aac,272335058
passed,pull,7b09365017f31cb7d48565410be2a4dc89f789b8,272332433
passed,push,38dc35b4b7f06b59b6f541238cb9e662c044368b,272332424
passed,pull,13dbf758d8218d58c87402225da11902bc5cef46,272197630
failed,push,8a17de2ccaafa3b058131c659be994db4b1af505,272197571
canceled,push,9805fae0fadacaf14948608b517694b196acbb36,272196463
canceled,pull,fb04a0dc6cb1451f2c4e8494b3cba9e8e5d5f0c7,272196439
failed,pull,2f42b40168d928742916ab67d7bf76f12af9f975,271920287
passed,push,84bf4092b87e5911487742cc38f15c39c7a5de19,271920256
failed,pull,7e53e03af1537142bdfe51f1a367bd135207272a,271919803
passed,push,b383911c2c834c5da46539a736dc9c953eeab19d,271919792
passed,pull,8c5f63d4b949db3c91f4e554941360b3e317d304,271919266
passed,push,17c9283f4bd11684a0521132dc28a04a7ae302a3,271919247
passed,pull,9b44f5345597bc9caacc79d392b6aad60485b42c,271918363
passed,push,f44115b47c923d679e0e05163be611280e9b2cb3,271918354
passed,pull,716d1aba16f651f1b17d2ddf658ffc3830a531b4,271915725
passed,push,d64db099fdb7b1cede0fed538090972cc9da34b7,271915713
passed,pull,ea74a78871350544750ee6eaf0be3d6ce0547053,271915255
passed,push,e107efd1b2ea0f230b868097e7110d40bf7634e6,271915252
failed,pull,ebb444dbcd3ed0947c0329b42f496be94a2bb432,271911021
failed,push,761f4520a6a8e40f42b9cbe35ba1b38621804eca,271911012
failed,pull,6ca83d3bb03addf1bb85c2eff3b43f6161bd5855,271908068
failed,push,64f0a4263ef924d713b72e77c764ba797d27ebea,271908048
failed,pull,bf7696912352b110df01c84c29d211ae9bf04b2a,271907098
failed,push,383f64d1fbe2071b533b1823be6f76d9480a7e28,271907095
passed,pull,3c5b1c00193671316c34f43cfbaebb98ce8ee365,271904568
passed,push,d1247b5e9d004d6010d27fb7f9075ea86d553c77,271904086
passed,pull,e969e3eeec1317967db5607fb83696da63d27796,271287074
passed,push,9aec59c4d94d65dc2d800280d9e89d9e46185b16,271286618
passed,push,9fc589630c4b0e199c1cec7345c279a91fc7141a,271260846
passed,pull,01f81e8d6989c42cd9797360f0de187c346b1ef8,270769714
passed,push,7c6c7df926dbacc136f002d51146b95e85f3b864,270769709
passed,pull,6b4e6dd7a863d5ef35643d7fce95621e8746635d,270768150
failed,push,f74489b50ebc9508d0353dea6fc207d7deaf1ffc,270767890
passed,push,3bffcf8750d736926e1c547ec5fa40e783ddbebe,270766820
passed,pull,73c0f65c22cb702cd7054dd33661a5e73d731dae,270090774
passed,pull,2c9b4306776828217165dabebda22dfa6e6d67c5,263838114
passed,pull,e2d9fbc55a34f5a7730420e3a55d106b147841ff,260217033
passed,pull,fd4f525511c94f47b6c53198573bb2c91b9efcca,258244474
passed,pull,1fccd4e8067f3fa534624a88c92f2995f631a566,258243028
passed,pull,6014d9a76f01c7a17895aad7f752a411a10e1144,258194397
passed,pull,c3c12ae2dbba634baab47e6f4d69462ef314be98,258188638
failed,pull,497f7c7b706f7662e661e5f9fb60e56adea2ff3a,258186351
passed,pull,dc259c96707ccaf4cdd44f90525f78bb7050fd7b,258182817
passed,pull,e190fc961a92f07a15d775a5589bb4060d627504,258178952
passed,pull,41fd4cfe0267c8db0bb83e91df9e3761638b2230,258169577
failed,pull,550c0b7719619939f6f269bbe038fcb2a2cd63a3,258165301
passed,pull,60a296be58f9e0d1e2f3266913f3e4632873f765,257954237
passed,pull,a87e861b3adcc75926956ecc8e19dd9dd34810a0,257799112
passed,pull,32a30f0c4e68b616fd65be14105cdf77d3c57ee2,257777451
failed,pull,d4e1492de0891a06f71cfe393fcae1bb75981c11,257770765
failed,pull,f54e6d34366acc803c423bb95f96afa290034924,257760762
failed,pull,e7631c1eae9e2ee4627b8d6ff44d9ef9b37c3e8b,257391162
failed,pull,355219e9e903ad5d01f51c8594a6e32411fd4310,257357221
passed,push,8797f1d04f928ef6db76728f595c74520e8504e9,257339883
passed,pull,ec8b77c6170773a8f2188c2201cb281a9d5484db,257332434
passed,push,d2989404050efca1b13189712ed5251ef92bc67a,257331084
failed,push,f62c7cee00d6df90334d222c55a144120494587a,257327796
failed,pull,a8a303a80351f52a63befecda2df10fab0145ae2,253969633
failed,pull,f0894b4e75aa2aeb6afc84e3de16e0782c488373,253958325
failed,pull,18c73247dbeb99cae470729da1ea7bc1c86493ee,253956681
failed,push,ac73b1caa905ff28e83dbdce6654a42c8dd37e47,246572116
failed,pull,9a2656f2b868d5029571f15f3e5501b1c7346312,246565263
passed,push,bc9e9c7c06be01a5a2f2d49fcf1704a3b64bae59,236130584
passed,pull,9b532db6f0cba486db5be7e0717ad25f412fd9f5,235866543
passed,pull,39a44f0cdf927b39f7bf158dec90f30b7e83f979,234794825
failed,pull,60ebbf83802c40cab1654f2683a423ecdf04b598,234793352
failed,pull,aee514b34d539106830641cc2b1b3164dc022a5d,234789301
passed,pull,6679ed3b8f615ffe3d9c10615e1ce94503431cd8,234784477
failed,pull,6679ed3b8f615ffe3d9c10615e1ce94503431cd8,234704429
passed,push,8a6f588e812334746a0a16f76ff773c33405246b,232967412
passed,push,cb9e24a06f62a12857d3b56b51cf53e3545a1538,232965008
passed,push,cb5a99265fb1022cf29f5bd22ba7cfd87853e1da,232964395
passed,push,879ed12ee16c8340f62994d0946b7c0fb2c49da5,232964270
passed,pull,63f34d532bb41f1b1d9c09fc2ffd363e63311066,231897415
passed,pull,5b9779e63833fc2b3826765829f713a4062798fc,231896638
failed,pull,4c8d062ea4d45f5d8af5a04dd1a48c3c4c3d5e73,231894441
passed,pull,8220549018b90392bc808af7ab877391d79e0d18,231891526
failed,pull,31de8922ed2c46dd98ea103308808a67f85a304d,210959968
passed,pull,7918d299a97a62a04348eac1d7d9f8cc9af47a57,201896944
passed,pull,a114c6e8151d9c574cd5b1758d1035eb7335f92e,201768489
passed,push,2d6233fa78498c9108a6ebba77a857c4c5dd44cb,201768383
passed,pull,185a16647e74d21cfa4ee9ce48cd92ab7ba64287,194701370
passed,pull,100fe3459ab05406ec750fb55eb459b4199d4889,190591900
passed,push,5c0cfdc89735642bc978bef2f9d37bca13c8fe56,184309653
passed,pull,f1c3fd472aa69e28ebe74a5a5413e5e677f7a6b1,184172237
passed,pull,df2a03939720877278ea4156dc283385a27005f8,181858849
passed,pull,87e30767d6ad85cb62fb41a67f4f92a5532e1c47,181287684
passed,pull,e05d5e271a9f4f110e70f00fb37409d17d478890,181285379
failed,pull,6c813288e36c184d68dd37be7f7cfd9994cea1a2,181282658
passed,pull,ddca3b54fa673db0e73ef862be9578fff0d7b749,181278272
passed,pull,fc62aa248efc32fa1d7509dcfad1822938d3a33f,177137196
passed,pull,2e6f05859c92bdbbb8e79894387bd414c470a78a,166767370
passed,push,4fd36dd1cb274f43ee658416183f6843cd95e36e,165956371
failed,push,89613e65207d6c68992e1508c089301a82373bc0,165929683
passed,pull,834b8e5c81628c15785d031f88e6c6aea44f2719,165395728
passed,pull,7b8be00f20583888d68c0df47a477b01d78120d6,165219512
passed,pull,7ea04e307511686a27045c959012f72e2ea4fc40,165034484
failed,pull,d574e65d7bc8a7b396524aab105cc2d1d83d41e4,165032810
failed,pull,10b2a428fb045e1fd8a0282cc7557f4116334aef,165031178
passed,pull,6ae26d3925916bdc3a43a8765fbd867ef15e54be,165025719
failed,pull,e0af6a9b6da330c99497e6f64f909f4103eab293,165023300
passed,pull,290b7b2098a6dd250c9c50297a54ba7debb76277,164523270
passed,pull,df71adb0449f417f71701e644bbdcd5c128dd072,164518804
passed,pull,03a529562c50734ac6df4cac4aada462a785e50d,164187262
passed,pull,77a4ea4e5aae15fa0935bc1d6c7361ad3b4c8e0a,164185562
passed,pull,d2cbe8e454eb11b2097805d306e58f5acf3d49f7,164182798
passed,pull,b42dc5c91aca9c08c8f302addf71168b74c021d0,164166805
passed,push,48dae365b18aadf6323b32f89f63960cca3a3f47,161972693
passed,push,eee5fffb617d56b1822f3d48837d4557a6aa15b7,161972134
passed,pull,40b32aee202b3c4ec2c8ea5135a0f4452b91504a,161279526
passed,pull,4aae3f0dc3a719a5618d6ec1ee90f25c20daa31b,161279366
passed,pull,7b316c7402529b2881538b0c0478a550d9e48e05,161277654
passed,push,8966c3a912a923a995aaab7f056e0e709c5496af,159467167
passed,push,c86c775caf411385f1fb8b98340008baed93419d,159465414
passed,push,29241c3b6649314e9fff99b2c95e8deeecc19e38,159465411
passed,push,c86c775caf411385f1fb8b98340008baed93419d,159465374
passed,push,67dbc7701fbedd1e19636febfed2a084cdbfb748,159464965
errored,pull,579b0823b447841ab098a37a37d73f0912c973d9,159464958
passed,push,cfeeb6e5cd4bf92216b2ce3ba7163d512d59a3c7,159463728
passed,push,0da903f2144db02bc284ff47457b326f49d1712e,159463634
passed,push,c13362dafaff6eae1bb80817d0dbe79449e3375e,159463416
passed,push,b13650dc60d725f666c1b27b40fb1d779fdee643,159458299
passed,push,6c4b58e4fe1bdae811560cb6b5234d65e2c553f3,159457811
failed,push,a06e35cf84aa8880011c2ffae5778a296835ab89,159452366
passed,push,af01cca9224371012f9240c756a6a8ecbf606074,159377153
passed,push,5b15b9363e05418ea012ff9d38eba4d3a86f9fc5,159175129
passed,pull,3b8cfe4bec14c42288fc9971bd42b9e2b906159e,159174375
passed,push,19740695616b827f484a96344757fb07eee0db5c,159174300
passed,push,0f63ec80120ef8ee7844a3d764acf43a2598bf19,159164375
passed,push,0fb8ffcb76a9f8e2e5e102f595221431f62e98f6,159164103
errored,pull,135108e187d9c791f88cafa9e0691da85a439835,159164095
passed,push,55fcf190cc71b6c5402a894e724e0e3bc79837d9,159163396
passed,push,79e95856a4f9fd830d1809d931e027023c1e549c,159163328
passed,push,a7c6205590f28964fc96558a9bf6c01398da57bf,159161243
passed,pull,79c630f5e924feae8d7992b456a04d9ec8a0da2c,158480264
passed,push,f522abe2cb672185a5cf24c5170e54e6ca51650e,156568452
passed,push,8e26b937f6512ba0e6d9028ee4a49e3c57718181,156568033
passed,pull,2a8e13a7a103a0319e10c6c0936b7a8bf86568fc,156542799
passed,pull,7d55780c0db4a245e183dbecabb9dd61be9e7f1a,156538667
passed,pull,4ce9009c85326485b92495514cb11124ef544418,156062017
passed,push,0408313d3f7cee08691af7b0f9bfd7160f709948,146480935
passed,pull,30d241144b161d0f52f82ad1d26462bf03deabca,146472789
passed,pull,f1df3c3ba5d7862b1b1489dc091c58ef99c973b4,144329788
passed,push,3bd425a63dde3d52309cac45cf09822dd5f516d6,142286021
passed,push,e55ea34e951f8bbc8be50a49b166949a4d1e4873,142282296
passed,push,8e6e165c1db7a69c9a0d34387892f2bc2409a301,142281630
passed,push,07534487d39df3483ed7d37c26bba671e8d3ecdb,142281467
passed,pull,0581d9a0c22ec96737c46405d10f0a012c6e09e8,142120579
passed,push,82f4b0a696479cce5d595bf5b1e94c9e8193a930,142119922
passed,push,83190122577ba8760177dfdedb2b43ed71c6c53e,142119155
passed,push,07013bf696efed931a37d5b60795a38b35e231cc,142116794
failed,push,831508e38a6b7fc5ae65209f25fd2786c43262ca,142115667
passed,push,01c1ae5942a5fa89d1823d49a851833d0812fdb9,142114632
passed,push,29c79c168237bafeb22c69f9d70048246341738f,142112552
passed,push,09c96ce305ea3f571617deb38cf9289fbd16f773,142054207
passed,pull,e5b4644598b4cd09f80a9cd96384f152e29ae87b,142026512
passed,push,7a2808af129d1ddbf2f507fb5a4fc6d4006879a1,142026233
passed,push,ceac032f11ebc0bf829c68961ca3c643eb85f70e,141457853
passed,pull,e325426873905db38991e2e3a77a3707e5459441,141452288
passed,pull,3ffb35f154af4a867d97916eff18f506fcc0a46f,140893877
failed,pull,6f880cd16e8bb3fd28cc81eef53176f26720243d,140892295
passed,pull,13723c3f8e2dc5e1c70d9457c2c9b842b0591d06,140671553
failed,pull,482a0cfb38f444e4b124242e2a799bb72f6c1ca6,140669827
passed,push,8358a1fbfc289733f087fb4fc99c3ad91c511f9a,138497174
passed,push,e888f03d09937de607b04af5ed0af44833e35671,138489974
passed,pull,c4d249ae1476a6059ab2e19a28a2428200b9ad67,138486841
passed,push,44d62e3e8f7474c8a1e04ed34d61547a8a1c2145,138486804
passed,pull,0c89408c44a3770ba23ff3f22280ae949f8dc13c,138482106
passed,push,7f32ab24a164f5e65c71e94d73f1dc57b8be27a6,138481483
passed,pull,d8bb5dc032c15fe3a60f96c1c700b827de36e0da,137232148
passed,pull,5bed501e896b8abcff6079d50e024a305e85defb,135715956
passed,pull,604aba53fed15d349ff8292e0fe881888b34688b,126066856
passed,push,9b434cdf9c40c1d00e8ad8ab389e0e3045a77dec,124909822
passed,push,8ea397b609b83c17c32292e45b22b250e3b4e226,123772288
passed,push,29f980c5c974eba271b77ace3df72948eaf40809,123772256
passed,push,cb5734d8a64949a05604ebf1c2a7065f055bacb9,123767204
passed,push,e392524919ecd155c00240533f54e66b6b1eaa82,123766699
passed,push,a543545dcf7b02600cad09825e458921af7ffb3d,123761973
passed,push,e7aff4adf333a2e4e003002b9e4d1665e8231387,123761648
failed,push,c62d012cf80341747f3f3aa8b43127cde0ab4dce,123483716
passed,push,fbce5101643fb8d7d9cf1bfbca3dd8294bb3dad5,122687663
failed,push,3bcd7632cd3bdae119c91adbbaa3b718626343d6,122677434
failed,push,716c6fd50078183909fa4a45f193800d82b867ff,122676786
passed,push,3dfae9a31d6492f996c6aaefc77d5354549348bc,122672283
passed,push,3dfae9a31d6492f996c6aaefc77d5354549348bc,120217044
passed,push,9e1ee67582fb23d172b0e338a51a0211d2e63715,120216799
passed,pull,240adb09cd7b959c6b998086a207fb1d6b24b0fc,120215879
passed,push,72e0e3b23c4f363fd367220945e5549c8f3564d3,120215862
failed,pull,e341b5cb32c9d9105d84641c299664f7d5197919,120215688
failed,push,13d2e8370abacd87989f667767b2d239ccd6a5f7,120215324
passed,pull,16116934fb2dd4d41a593d4b2083eb867dbc8651,118716410
passed,pull,5311324f7d757eda1436910d0fef1796c6c74f05,117218287
passed,push,0534120f9ca98d08f9f18b0cdbba524f81bba019,116531891
passed,pull,68b27f53bee46dd3f8c715c5f9d91d593df5d04c,116530483
passed,pull,7bcbef887930b9d7592b3dce626fa3406bb79581,116261515
passed,push,7686d433667aef7bfad8a99622ffe6fa92182ead,114692596
passed,pull,ee6a3f7e8bf34ef09cf112ea0d6450a2fbd66299,114692175
passed,push,1cb8568664704817e1134627f0325a2f5b39f013,114692133
passed,push,d747f096626e9bf98aa83f0aa6782556e17134a8,114692109
passed,push,d747f096626e9bf98aa83f0aa6782556e17134a8,114691921
passed,pull,db951a095d6172f72a82786ff33fa6d4831894a2,114691729
passed,push,76b1263b055c2d8c7b743edc74dfaba236f7099d,114691066
passed,push,a5fe1b961bcfa655ead1757047d16d53cccccb5d,114690372
passed,pull,9dc828b6ddd70352f93aa02c374618e1b7cec25b,114689739
passed,push,cbf9ff4e64efd463cfa18b14f25f458fae63eb62,114689689
failed,pull,370199a0dc7c0820bac911d4b8c91f9ae93ccae3,112180838
canceled,pull,bf7542e85b00dff27f514f02b519fffd75b31ab2,111371500
failed,pull,f6383b6f392e4cf77b4fa28edc98e696ab0f3536,111323039
failed,pull,7de928f8df7fd7a1348f3a43fc38e0a165294bca,111065458
failed,pull,c9be17ba95c6470e115b94b15a71ceb0d0b1e061,105306811
failed,pull,3c6b64434e3d8c6906a82ea8af0a71790773664f,105256931
failed,pull,ee4432f05c48123e2cd00b23152e5b6cac2561dc,101688237
failed,pull,fd51da9b8a6fdbb1cbc17c376989d74eaf3ed9ac,101687559
failed,pull,166af86826c786c748da1711689643486d5218a9,100902849
failed,pull,cb9f61328767c08bf98c3937fa8c553df3517559,97694653
failed,pull,6aabd1f076581179a6a197c75a467508a7aac9e6,97527682
passed,push,638d84963f79280fa74ff876def58fc63ed1e609,96321107
failed,pull,f896be82348301be9ba2f498a043b083da0ea1a0,95410907
failed,pull,aa22d41eb37cf80a78d9d3bb7ef8ac1c03681ca1,95398171
passed,push,d1058b0933fa45e91e3f7d69efaf522e290a6d96,92494823
passed,pull,0bbe3760cce75d39984a6746825e0a156ed6f056,92494420
passed,push,35954235769abc09a2a0711acfcb451f42ed1c9b,92494305
passed,push,b63a67516e12a8dfed82be7124cbcbd699bb3c8b,89378826
passed,push,b63a67516e12a8dfed82be7124cbcbd699bb3c8b,89378753
passed,pull,60576c9fd6bea59e22b275ac8f95f251bc14f129,87816721
passed,push,7843179ad5e38ee20d41e307925b54fe880e19e5,87816716
passed,pull,320256dce2a5998d1e50d121083bc709f3c07c24,87816407
passed,push,f3657ed43c808c901c4519b6c97f7ca16b10e267,87816399
passed,pull,02233176d984386f3549d15ed5bd75edace77223,87810833
passed,push,4773224c744bc461b699dc713e4995e6cf8985b8,87810752
passed,push,0f1212a6b53c4052eda4dde7e52aa0e8195a7b25,87810522
passed,push,4773224c744bc461b699dc713e4995e6cf8985b8,87809767
passed,push,a4dd6726093f40711220f8cfce892ea31c4fd6f9,87809177
passed,push,06d114abc842b1b6dd97f21b4d11ce95ef402412,87808492
passed,push,687fe6a7371434fd3975c8e7a39ea0beb3881561,87808078
passed,push,44b652777bca8f28fb117f94c1d6081c11b9fa75,85413169
passed,push,8b3f6ab49619de5b164719e660f09a88f3919b93,85413148
passed,push,8b3f6ab49619de5b164719e660f09a88f3919b93,85413140
passed,pull,fecd2420bb5ba405aec2980ecd9fc89d5d0e4b83,85089209
passed,push,98970a7e19de96c45a736a89922b9971d1fbc819,85021529
passed,push,a4f4da767be3d9fc988a6a2fe961276d28dbdb8c,85021419
passed,push,267bc09f6a4e053deff5e3677d669726bb109803,85021003
passed,push,efe20ee14b08490e287f05ba42e0fc23e9d84427,85020480
passed,push,e4e37373b84d61322e83c075a3b657929dc1b8bb,85020179
passed,push,1649066038453d9e412698bbb81db77ef9495889,85019646
passed,push,65f9b02de3007ec55f441c45331e413650211382,85019597
passed,push,6a422211c8a16013592cbd88d0346ebe4ca3e788,85019531
passed,push,dad6dcf0f223873a9c73b637f401699ed1a63915,85019371
passed,push,76de67fe5d3b9de7e1022732dbe72960cab00d35,85019040
passed,push,4d230a07256401a170911786de180886db28a003,85003670
passed,push,0e8ee78fc4c87d099100eb85b99d3929599860c1,85000412
passed,push,bb471be0e95f60de0dcccc6bb6117af9354cb2b5,84987924
passed,pull,d2b5ea3e1c11e83c809822edf7fd33443ce7de2c,84612949
passed,pull,5ff7bc777c88663fe9f5570914bc14d92fc12371,84312834
passed,pull,87de5384ed953354caefdd85865b6801719489a1,82068275
passed,push,e7dc7a74d0a51cf9257f0a66790330c0f8b4d6ce,81867363
errored,pull,1262a53de684e1ea67e894537e688909a66c11c5,81867330
passed,push,3e80cd647b59effb91aaf1b14e082345466b05a0,81866943
passed,push,137b6db31d1876b967238491ff04d744ea96b2ac,81866589
passed,push,4b59e4bf7103463477affa01d7b7fb11a3c60330,81863780
passed,pull,0c7440a4ecf7c2d95eb8b7940c8a3d5b9c02660d,81862542
passed,pull,bd935d968897165d0a3d0b8c9d048fdbbddad471,81859048
failed,pull,262a08940062527b338fd4315be653385bc6a4cf,81856184
passed,pull,a522e7f573b435fbed1da3d0ae1eba86ea7f11c8,81847772
passed,pull,2f4c7de1f7750bf1cb2c2713a8a2906862eeae77,81844700
failed,pull,358dc742bb434796fbd911777ac53c4857e7110b,81842598
passed,pull,dded08f242c56273d2eff786ce07927520351b40,81735380
failed,pull,6c07826b975d6e6037b427ed5eab15f4a6499036,81730091
passed,pull,59124aa37fa0881cd0d6aace0a0d6287b1828b81,79971028
passed,push,56fb2c6a75b32433dae2b4e1e3cbf34471862438,79899737
passed,pull,15bf3711a6ad790658e08d2f8d64bbc11b234ff4,79702563
failed,pull,9f1dc236a3719a4f77a10c5f487d4a4a069600b5,79681822
passed,push,947bcd5c679ed3103bb7ac39ec34cc1f711bfdd8,79595393
passed,pull,e9ce21342e7a8cf15d8b4f8597d59be12b32e87b,79594766
passed,push,16b970d28efa6f0b91428cf58fb70e3746ca44ed,79594681
passed,push,5c8c5ef97a775e1432bcb16b55d7c7fa363d7bca,79591641
passed,pull,66357c0a44d18cd73ceaccf8b7dd71b08d8253b6,79591071
passed,push,335e85f6ee392cbf96aed4d1c61ab252727c72fc,79590789
passed,pull,1dd2d5ac8b39c0d6d6b3453b9461829efe42192b,79590638
passed,pull,2f8b55a622a9c2e062b66986f108a6c8e3b10b64,79590126
passed,pull,c855604c40c2d851bf154a45ee7a49fedf387dab,79589967
passed,pull,a655dc673e9dca5a92ee00881b1c0f5e517c3fe8,79589910
passed,pull,90a2220b6f0145c988492e82c6a6102c7e23ad6e,79589648
passed,pull,cf1eb99099d9dc592fff1316a0e59fb29e36a43e,79589416
passed,pull,2cf42147667095cecb303180c54f5eb243179aff,79589295
passed,push,53f588f6e12326387eb1181eda82ef806bb32c55,77424580
passed,push,46a3c1376e40987ced9b2874a0600c23c4e3e8cd,77424525
passed,pull,46d51e047886bf477d5fd73a350f076500b01713,77423352
passed,pull,c4bf3576bb6f6d394834fa4a456ea3eceb66232e,77423027
passed,push,6c2c90ad23d7f8d6d5ff48657aa6f0948e00cf58,68538011
canceled,push,3373641dcdb44472396f7bb3c73e9869b2890dbf,68538007
canceled,push,3373641dcdb44472396f7bb3c73e9869b2890dbf,68537996
canceled,push,c92b7d2cfa2916eaea16c1a8f2c480e717460d8b,68537780
canceled,push,e5147b0cf9a3b5384686082e34ba274b073f50a4,68537415
passed,push,9689900f6f58cbfd565378d0708d2bfc6d91bceb,68523496
passed,pull,2c02b228196188dcf9361d94242c3615b2458391,68521827
errored,push,4d2080b36973314f8ed26887addda000de84809f,68521786
passed,push,dac9ee66af2fd03e0e937d6ab86db52142c83461,62456769
passed,push,2ba41678f60771db2955b2c70d294f1a6ba39f4c,62333233
passed,push,f3858803ca027bd4e6113dda29085a41bd28d5a8,62333229
passed,push,f3858803ca027bd4e6113dda29085a41bd28d5a8,62333222
passed,push,4204d16f07444ad0ed16dc8c686c3e4eeae9b609,62332213
passed,push,8085f19cb16d44c49a7f70c7104a435a8b092178,62331563
passed,push,027b3518ab9c19e0d71d4ea594a50c9de30ac68f,62331315
passed,push,754b87a8a459cd629bb3395a60ee7cdaf95b69fc,62331127
passed,push,04865163c9587d1a951f26d7852e1e7c65063062,62331050
passed,push,cafbc29a766fa7b4608946761ada1cdc27b73a29,62330983
passed,push,078dbaa9c280a9b40a635523cc58869e6c6ec165,62324295
passed,pull,5c2c9f788e40eab1cd40fbaa4caabb4c99778bb6,62146109
passed,push,9f51760472b27096b5fa7ca0e2bc35141e43ba76,62138712
passed,push,66b30e2e106ec45e53eb5fb5a7381939982ae1ab,61849009
passed,push,c18e4eed0559a9a1a0f1e7b35187cd0a10a7d49b,61726136
passed,push,d74a9214879af6c4edf0743127de938d2a48af3b,61726041
passed,pull,de6920a5e69178af945c8bf72e2447b438a843e3,61725747
passed,push,8878e022f1da1b703fa3414fdd7136d4b0fb70f5,61725685
passed,push,4904753ca5acb3851fda27793bae78e1d3cce160,61725184
passed,push,d644d8f9eeacf92200460aa88c40a37f9a887624,61725126
passed,push,8d86973b4b83b2bc196ca6f9af2878ff6687ecb7,61571706
passed,push,01996aa15b6272f34fd4a8db0f7de0b0c276a209,60568564
failed,push,115b6f4dca168413618398dfdb80867d787b6df0,60562077
passed,push,1bda828a0d8abc3fda665f9dec46690ccc239a23,60475791
passed,push,c29c6a2fe825b125d1d9b2f5580b6a32dae8b3bb,60475705
passed,push,0d99197a0c90d1061eb48bf57d468ad9970aed85,60305391
passed,push,dcf4d75148fb1e9cd181dda7775d12e6fdf33522,60303834
passed,pull,f9ca4d29b121a8b99c64c7199a67e2d1128b9450,60172792
passed,push,c427e9fe02a22b4e423bc13debbae0c89543ec8c,58939304
passed,pull,cc8c3008a7d84476343c7ecb27d8b005d6448be3,58938579
passed,push,e9831553263243c36aa6fa792c4377e3ef7ca4d1,57119857
passed,push,060666a32e903a08a5eef43ed9c5af75ea05dba5,57117389
passed,push,6631b0b8c410e536aebc2d70a56b34aafd0f0cdd,54414059
passed,push,dd856ea8440f8f9fbf06f4e047ba35b9767b970f,54411584
passed,push,27ec90f35ae0cfbb13612b624e45c7067a1704a9,54411516
passed,pull,6e3bce7103ecae917502d3dd02da03d464c1d8b3,41787071
passed,push,47ec6790469abfecf2ff5bfaf060dfdc8916185a,41563438
passed,push,bcd2ac9e0c9356adece368755ba799aeddcf9f7e,41563432
passed,push,bcd2ac9e0c9356adece368755ba799aeddcf9f7e,41563430
passed,push,29d8a8a22f245ded9230d5f5bb82c6a22d2bee0c,41562833
passed,push,72db822d0c81dd721b7d8a046e9b68ffa44bdb91,41562614
passed,push,cd13de815b48d6a7e71ea4d844a17aaa4b7a9da3,41562292
passed,push,e9758ca18dde658f260a5287f947cc687b2e8069,41562049
passed,push,125acae4d9f0e5ead8161ef6cb6e5deb63f660e0,41561946
passed,push,ec643b4556132cd920cf72e9078770ac83384bb0,41560421
passed,push,f59684488f4e11b8a5209eeaf94cf1b3282e25af,41549111
passed,pull,21aa4695ab9fced9ccc2a527f37892534d28e53a,41448514
passed,pull,77bf764e53e3139c54c27b16907d8a643acfc869,41312543
passed,pull,05b675fa1a80b3ac137aea6805e337035ac00411,41298379
passed,push,3e35e4e22681eb9c74398cd60d2fa44a7a48f43c,39336673
passed,push,5eb739353b1fc55d7e792eee228f43a4b60aede2,39336667
passed,push,5eb739353b1fc55d7e792eee228f43a4b60aede2,39336663
passed,push,967d49915951182a72aadbbccb3557053bf45cba,39336491
passed,push,aa18c7156381376680691867a1e6015df988c41e,39336467
errored,push,34a97add5b1fc99424ef5789a21254a77b3144b6,39336463
passed,push,34a97add5b1fc99424ef5789a21254a77b3144b6,39336459
passed,push,7335807d4285e1c0234be9168629ec77b22b5125,39336347
passed,push,bbc6cebd4f16219eca49d79e4595bc445531df26,39336162
passed,push,5540d5ded036f10048052370a9cb86ee17738edc,39335999
passed,push,35a42826ea84b8e59086eab240b20e08ac6a69ac,39335735
failed,push,076fa3074c8d19c4cbc470c893968ba81f06e2e7,39331025
failed,push,adbcf46de322242f9685342434d8efc5443ab092,39331016
passed,push,c0ff23ae6c0d328a11c217a9a52eefd63c3732d8,36687984
passed,push,ff88ea83dd6b491c04e457add3d62961f98e17c4,36416804
passed,push,fe1f0e8b8cd9e22edc0e089e1b4dab09351b1dae,36416778
passed,push,ad3d61a0f824cc5357a59b833e0b602689bcd876,36416774
passed,push,ad3d61a0f824cc5357a59b833e0b602689bcd876,36416770
passed,push,af4bb5a8209db89a695b2aa920030abb375a67db,36416625
passed,pull,ade6677638d039b3367c8a61a84df3a069c847a4,36416487
passed,push,2f2ee03132baa592f0eeb0956d45ccd18abeec27,36416483
passed,pull,c74c02d99ac2b0ff569f2370c8688d789e3ba1d0,36416452
passed,push,e124710c8c89bd339447d438922cdf27ff5d682f,36416448
passed,pull,fc121da38599251c2b841441da927c9fd7d98e83,36416375
passed,push,b8d06862adbd56e7b45c457604f196cb6e1421c0,36416371
passed,pull,67a80edc034108395b9a8fbc170ef999c6300adf,36416353
passed,push,5b7cd5e952726ee6ee1990bc04afe1051b7f7309,36416349
passed,pull,e656ff0824115bb6043fa94a7527cf4bce658a5f,36416337
passed,push,704ea4228694e53a2cde3c933bedc652658d5af5,36416333
passed,pull,eafd20af8fc652c8123e3b8ec5f72a3d386d8f3f,36415694
passed,push,962e2284285e3a88e172faf320d63de589b01e80,36415690
passed,pull,3cf18448b4352af4af6d111eca53b461d4459e06,36412944
passed,push,6580c92211185c208033358657950f3129530d97,36412940
passed,pull,4b6b716aee1dfd72f759e6f65356aa7389283120,36412912
passed,push,1c207002028964ba50d7ab5bf1f2eacc10149a17,36412908
passed,push,13650e3f01adbae75572eb676b819ffa086978b7,36412735
passed,push,ab83d8e5fa2799c0d359af2c629629e3b4391f72,36412687
failed,pull,e4224317e11185eee8d5393cc562d86f2830378c,36412541
failed,push,52c953655057124a4be81a8187d2b727399cca2b,36412537
failed,pull,583c2d3a650e49660cf235bea879c27b6a9ab596,36412137
failed,push,f8aff1de0e8085426739501c68277a1c9dc27f17,36412087
passed,push,1be528b58b331dc4019e07f4f58badb0b4c2300d,36409310
errored,pull,6c05b34c5f651d8c803344ea2ce465184f92fdf0,36409252
passed,push,9f459901dd5d4c8e4ba7fb7101cd383a373f6d49,36409229
passed,push,fe666b938ec950d75856515350bc9434a8b8a69a,36409015
passed,push,bc4ee78c2682ce8b2e255d7d4b02b52dc6e6c5ef,36405394
passed,push,62951159aece64ae1c70106a33705bd95dcb669a,36393913
passed,push,f413d1022da008ea68e33df833a1c758ea867935,36392965
passed,push,79471571f470ea05d32d2586b0aa9c91017b485c,36392598
passed,push,cdb93a4b3bef0bb13ea9bd41b9c9214ec3b387b3,36392548
passed,push,57faa6e75ad10943dd9ebb2c8e86847e1b7b7272,36392475
passed,push,563aead2bd721195b0fdb02ed1c090887915db23,36297648
passed,push,d85981270fb746e76d36b7e29355776886a58dcd,36297605
passed,push,4b0fb01dbf66f9858e0d2d7a7ee3313b8dc70174,36297493
passed,push,6ce5b926f07a4bb63ccfa4606250c71f3f63e48b,36296888
passed,push,f96c84edc1a323b113ed4c99e10fc79c10cde746,36296648
passed,push,7c08e1ae4a3847e93099c46a47a16a506b4c0aea,36092117
passed,push,66fcdaccdbb0afe4b08669a0d3e8e96da03c9d35,35790193
passed,push,e69bb90e58f787e1123d63d1d071d9b0ab95bf7f,35789918
passed,push,7e1f61e9d88bf4c001bc952942713a733c589fbd,35789914
passed,push,7e1f61e9d88bf4c001bc952942713a733c589fbd,35789910
passed,push,49eb25751af6b94af930b28ac29287c2346530e2,35789851
passed,push,baa0b3720150b688d64eeaa50137291cbf766973,35789805
passed,push,f157b890b1b63c76204dd295d4e729955a46e2ac,35789697
passed,push,cf750a6e470a3400ccf2e433c32679d9dc4e7735,35789681
passed,push,28fdb6b2ccc40b0efc1de8036c802e1921112ba1,35789534
failed,push,34d523e689e4d8579abc84ac28f3e9e9a0d5c3ec,35789427
failed,push,482731ca0c54c46355004701ce70240a331f6704,35787921
passed,push,39b456b1a37f49e35b80b464481c81500ee638c4,35776391
passed,push,0420ae07edd7ed1c11ddb0c34ad75c3e44932f0e,35776349
passed,push,9ca3d92bf755b6d2c7754887eff2c7e455cc088b,35775318
passed,push,1548c3159d8d44adb1351187ab7693f0dbf50245,35761405
passed,push,78b96db392bd1e7c59a9ced3f790f81d4c54ab91,35761259
errored,push,e5037fb9b4b4413e4b1246803fa3f86a8f785c4d,307565874
errored,push,ea8c034f81bbcd209c7f54fa06806f3f53c72ee2,307564835
errored,push,297f3ae26f40465d84ec6843af8f51872945aff7,307531468
failed,push,20e80ffa47ab733011c7212a29b2f2114443904c,290452688
failed,push,257bddc3e2fc97083b85b8808fe3c06c8da4763e,279493709
passed,push,269a14389903d2bc36de27a529bcfae3a59bec9a,263219126
passed,push,99cdf07fabeb80af1089e94e378c6d60f0bbf26c,260689180
passed,push,042bac29d757ec004bddf6b2adb02d7fcb978896,260688283
passed,push,1d525e94c687734f78fc4e835bd753995b606927,239693374
passed,push,007b82c6adf1afee9342d3a806544f314b04f08d,239692358
failed,push,ff932e9838a9961f4084a51323092559e1a1ad25,239691547
