Status,Type,Commit,ID
passed,pull,a4607c8bdf54959da38dca72476cd1298cda767d,307453365
passed,push,a53e319e07ffa9c2d4f736646d871b97e1960347,307453361
passed,pull,8ed7d446d08985c71cb955f96c6411b0d7837447,305591037
passed,push,931a5efbf4a547c30868b04b1a4dad73efda6363,304751014
passed,push,931a5efbf4a547c30868b04b1a4dad73efda6363,304750342
passed,pull,89090c47f6a3a6a3b7dd0caaf2244b9dd6625710,304531213
passed,push,931a5efbf4a547c30868b04b1a4dad73efda6363,304531191
passed,pull,7d599af7f77e7afe537f36af37f14b7f14713356,301766118
passed,pull,331aa35cec3c265d9817745d4edd5525726b8179,301762419
passed,pull,9819ce0d1e253ed318b5050dbe55c16496699592,301229898
passed,pull,68670d12a65dd06bdaf47f9fa03d7c556f9f0f49,298992397
passed,pull,cb62ec949c57d9b38bf82786bde09d293fc9bd21,297806347
passed,push,b1095dd1523939a63fbbef9da900932c843e9a24,297806276
passed,pull,2d43e7be8e000d52c555e799d95d2313b1361f58,297555443
passed,push,09ea2f598b375fa57f857c8f4f75a9508f2a8d59,297555424
passed,push,530599144e8e3f73e5f7fc5e55b11d68957d0d99,294869719
passed,pull,7e7064430936b7695d5f32b1ff2c3a507a99187f,294725621
passed,pull,bc9452309a9dba7f61032a1c74e24a5895428880,294431945
passed,push,674d5b091f4acecafc7c62b7fd800d0d84d039b5,294431933
errored,push,079fb3cfd4f2915cf4b640d19ebe8f6f8d16ce54,294429038
passed,pull,a2af39819c25a35adfb3ef997920ec8297990910,294137951
passed,pull,a5878c55d2d60af4b3bf332ff8ef44622adce941,291871434
passed,push,11b3fa7ed403efc2a66272a42b0ca5e2fe55b7ed,291871392
passed,push,9af870d89fa39617966d678f64d0e3ec01da76a0,291867650
passed,pull,b11aad89ec7551d37f80c5dbdcdbaa2ab8ed9338,291865513
passed,push,e6e4fd6dcdb2deda6d4a7fe8a457a32bca21fe70,291865493
passed,pull,c12fd087c708fbac8bbea34edb3a0a8d64df6857,291334899
passed,pull,91871d4474ccd152f6b8d8caf15f11df32dd2330,291082389
passed,push,a4ec2213f777feeb3a938da1cc323d2cd57e48ef,291082362
passed,pull,3c2546fd7d23db07f8c9953ae815564a6c6af9d8,291014721
passed,push,32ad69220082bafce31dc23b61f4999a5485cc4c,291014709
passed,push,a032227794d34f6d82dac8d5ad8b905bccde2ebf,291014418
passed,pull,dc5a6743b3833b9881b6982b8355b68228900cee,291014120
passed,push,a032227794d34f6d82dac8d5ad8b905bccde2ebf,291014084
passed,pull,e0b4da040d2eb7d5928371148c8399f04636ff03,290297179
passed,push,8f14b73399772b80759ac4e0d15824bbbb09a0a9,290297169
passed,pull,841ff7dbf70adba9b0b03f36c816a54214549fd2,290272807
passed,pull,18f74bfbf99485c5c8c21c1736976882cf9ce2a9,289839377
passed,pull,a5ea146380aa584ce04baefd43107c0bf4cfc1cf,284276443
passed,push,2132ec96db6fb29a7918e1426446cb5e082e92af,283609826
passed,push,c6449229cab0b002df6aa8069fa031f3e7c9e798,283212995
passed,push,ea60ca2b3ea4836b13f14c4f0b43d9263e192fda,283207335
passed,push,302a7fc461720727469b29503019b38704b1106c,283205603
passed,pull,bc1f054b540668470df71df2ccd0fcf31c4fa607,283204914
passed,push,302a7fc461720727469b29503019b38704b1106c,283202537
passed,pull,8717d1e783c91680e6c48c379d1ce464ae071875,283202488
passed,push,b99b368ea36196f1043f5bc7a7589ed3146c4af4,283201311
passed,push,302a7fc461720727469b29503019b38704b1106c,283200929
passed,push,ea60ca2b3ea4836b13f14c4f0b43d9263e192fda,283199986
passed,push,b99b368ea36196f1043f5bc7a7589ed3146c4af4,283199441
canceled,push,ea60ca2b3ea4836b13f14c4f0b43d9263e192fda,283198111
passed,push,9648634663c12e229fb05a1cd3108b22ae4bb70f,283195754
failed,push,917b25e750fa82011e5216026d3e2bf322ff67a5,283185519
failed,push,510d8b33b90b0e1aabaafe4a308ce5ca8aa466ac,283184151
failed,pull,1f544ae348023eb58c9d38731c86ccd952386650,283182027
failed,push,ac0a60ab454d76341a775c92b596d6c895e5b417,283181826
failed,push,510d8b33b90b0e1aabaafe4a308ce5ca8aa466ac,283181801
failed,pull,9b50506dcdd5e4f5322a6a432ad99b709e516d0c,283180744
failed,push,ac0a60ab454d76341a775c92b596d6c895e5b417,283180643
failed,push,9e93b179f92437a390fb77064def0847014b7bef,283180244
failed,pull,85ce8234f7844bf214fe8f700cea33e9392e1e08,283179168
failed,push,9e93b179f92437a390fb77064def0847014b7bef,283179099
passed,push,9b074da4d8ef8727a5a8bae2464a0c84d9f49835,283178494
passed,pull,96e70cc1a84bbfb028f127a0631e728f988ef10b,283177082
passed,push,9b074da4d8ef8727a5a8bae2464a0c84d9f49835,283176300
passed,push,b84eb8350245b516801b792ba45443dc1dddaa48,283174206
passed,push,50d45239b976c792fd6befb7289c706492498105,283167700
passed,push,f55f153936b563cf6ec79025b7a5cdb5e5b13cf0,283167172
errored,push,c086e40e596815fbec181fd0c35cb7869200b49a,283162639
passed,pull,ff5cf71941386deb9cd4f75604cce511b667ac64,281145871
passed,pull,93ee50749203a4d3ac5db92fca883d45d7c65e63,280940520
passed,push,f8c0ec897ba2541649027311b5fff92b834e8e18,271695940
passed,push,c00915529d158632540703beabb0829d214a85ea,271689638
passed,push,864442ce651168af015973212b13466260affd23,271689056
passed,pull,06d4dec37a694c869f78fb0f29a9fd31d50622ff,271688020
passed,push,f8c0ec897ba2541649027311b5fff92b834e8e18,271687679
passed,pull,27e48938acf2b37bd91f11fdb55b44dcf408ce94,269990565
passed,pull,3f0dd72b9fe3e6df0c6d1831df539f726cc8e873,269971221
passed,push,864442ce651168af015973212b13466260affd23,266271085
passed,push,7e02cc7460074436e3df5ce9eb5be2f9f3bbd5cd,263813806
passed,pull,8030f0b4d5843c7facc4bec57bd095f7c9df56af,263374521
passed,push,b5c4836aa35b4798bdabfcac61383cd174c2e66d,263374517
failed,pull,18686b29f5b71b781be6dca28b35b35b465f668c,263369217
failed,push,5fe2b36d19eeeb601a8781d9c5a7c189bd80e671,263368723
passed,push,bf3dd32ce42d0d8f677dfb6aebc9cacaf2fcf869,263087704
passed,push,eb0903f116b07e16bc46ba432f532a44c1929ea6,262679234
passed,push,07c2b29cd82b169643e1aabb5607bfe4b809a244,262677364
passed,pull,ed24c9643db420418f11e0352325e4b2602e6e7b,262675572
passed,push,07c2b29cd82b169643e1aabb5607bfe4b809a244,262675431
passed,push,3b71b2014db2b94f43e9157c2ecc22363bffda1d,262672935
passed,push,3b71b2014db2b94f43e9157c2ecc22363bffda1d,262671856
passed,pull,fb295fbbc40daf03cd6fc55ce3f775554c5a7a7d,261672807
passed,pull,472036f1fbf0f6a9645bc5444c0467154a9fc916,261251999
passed,push,aef29120798a4549bb8b6c7fbb0859d9ed58682d,261010704
failed,pull,bdc0070434061a86f3ed62e86f5da0a69d6d187b,260442196
passed,push,05e1fb6d2f4ff784a10413a6e6cfc3509dd58985,255927272
passed,pull,ff0b77e5f93e0ecf40f3d8da069d7e980d4b7ede,255913562
passed,push,593948a3c9fe73e2698ca291747af0d8ff654b9d,254470322
passed,push,7342775ede63d26f344ba495affe5a9cd0e86eb4,254469910
passed,pull,228943d94dc3d1d9d40c032ff4770e4dea48b76d,254467367
passed,push,7342775ede63d26f344ba495affe5a9cd0e86eb4,254466199
passed,push,246ad0c1b0de6410761249156e8ce5b49f92a269,254059583
passed,push,32f0462ba63fa3e1561ca24f23e83d0bdd1afeee,254059371
passed,pull,a65bf0d4a4dc2d597382be2e832d30a2ec19d0c5,254058457
passed,push,246ad0c1b0de6410761249156e8ce5b49f92a269,254058386
passed,push,cd3fb24f58b7f4c661d551547e9ecaa36f083f4e,254055437
passed,pull,6567dab06933b36dd64084fb7e06e0cc65f209da,254055088
passed,push,cd3fb24f58b7f4c661d551547e9ecaa36f083f4e,254055056
passed,push,e2e61c53b961ad9888eb13f69ab3bbdf66b96f98,247102708
passed,push,431841b2a3852ed267f953f442e744139d77e3bb,247099733
passed,pull,546cd819dcb5ee8d4d589f661410dcdbeeca0112,247099426
passed,push,431841b2a3852ed267f953f442e744139d77e3bb,247099212
passed,push,a38c0e1730c3a043b6f08b97f9c101ce90d7057b,244147200
passed,push,031e95b1cc44c3dee147850020a992daeb04049e,243268527
passed,push,8feb1c134980a7fb5629e714ddf7df00a96e91cc,243207037
failed,push,674b90bff66f3029e0acec9b4b87db444e9c350e,243206339
failed,push,674b90bff66f3029e0acec9b4b87db444e9c350e,243205184
failed,push,674b90bff66f3029e0acec9b4b87db444e9c350e,243186246
passed,push,8ed289109b921eb40dae92836974b88d97364b28,242690831
passed,push,86ab22386bfbd278e23b44662d2f5eef037335f0,242437601
passed,pull,fabc70f81935034f1757d32e8394b2f0e7ea5c44,242436953
passed,push,86ab22386bfbd278e23b44662d2f5eef037335f0,242435662
passed,push,93fd88325bf0fd2da42eacf6834503a918e23b89,242433396
passed,push,93fd88325bf0fd2da42eacf6834503a918e23b89,242430190
passed,pull,7220bbddd17e4f829b372b3320122b457b37d167,238405744
passed,pull,63b4443cd146b071a290dddee7c6280c48d00fed,238401766
passed,push,4e19663036dfcad25c3ce39163372d5554f54bc7,237167208
passed,push,959c5e13a1c498dd5c5a086df9e8006b194ea7ad,237166404
errored,pull,d09683dfcf7f16523bae111d8387104f957a791d,237166360
passed,push,7c1a54827626cb282db78a68ebce4adb1c6dc248,237165482
passed,push,563bc2e2497871877ec2125283256c99e9cd84fc,237165021
passed,pull,55de73805b1f0d748a04c0bc36388382a42d26d7,236279271
passed,push,7d1e23f809cf6c9bae800319fe1d0b71f79bb28b,235647957
passed,push,29f4503c6a65c294fd65914f78482ac543a0eefe,235640100
passed,push,29f4503c6a65c294fd65914f78482ac543a0eefe,235267310
passed,push,29f4503c6a65c294fd65914f78482ac543a0eefe,235267297
failed,push,87094f74c25ef083480346ff529218c167c93072,235262185
failed,push,87094f74c25ef083480346ff529218c167c93072,235261946
passed,pull,00a32706bede79e407e08732d8ec1a9f9e1c9cfa,234236299
passed,pull,6d9ff449d0c85c252a13fab8cd5637851cc2c0cf,230369918
passed,push,0ea8ff94e3f4dd9a9172f9193f9e8610550d0b9a,228751743
passed,push,08498fad2a1537a1324dce0aaaf722d098af151e,228750501
passed,push,08498fad2a1537a1324dce0aaaf722d098af151e,228746423
passed,push,637a8f1fa5f3d5c6cd2775050e41be83d4671dd3,228741167
passed,push,a1365654b0a75b9b2a4ff4a199578d39287822e2,228740642
passed,pull,1b77392d279986d134150bf2763871fcc27119b8,228739672
passed,push,a1365654b0a75b9b2a4ff4a199578d39287822e2,228739264
passed,push,00c842c83bd889ea1808b443e2118ab4b7cd5876,228738163
passed,push,03c96b5ac646ecb89414996178e4a556ffeeea85,228736369
passed,push,a3446d4ca0ed08d7fde57a080aa4ca926f8ab191,228735469
passed,pull,e517148a8165b84fb101623a62e78d09d5648279,228732359
passed,push,00c842c83bd889ea1808b443e2118ab4b7cd5876,228731703
passed,push,a3446d4ca0ed08d7fde57a080aa4ca926f8ab191,220199594
passed,push,73ec408003fd77f7e921ae86bd267e14acab43cc,220199194
passed,push,73ec408003fd77f7e921ae86bd267e14acab43cc,220198966
passed,pull,eabff4586d9b2161355210f297db985b924d111e,220198081
passed,push,e3a1b605cfd0c51568acc64a0b0cb83232a260f3,220197980
passed,push,894f3fc4edefee5ba941c435ec3fa2abae7fe6cb,220195741
passed,push,fe2d234de86d7bd62ae4061e754cc457afcca046,220195394
passed,pull,3c6096f80cece9e4984e66d636770459048da3d4,220194896
passed,push,fe2d234de86d7bd62ae4061e754cc457afcca046,220194872
passed,push,f220abdafcb0319e0fd3d201039963f9bee3358d,220193509
passed,push,55b59d4db16abe993d5bd3bf04f58b59c22a2cb7,220192968
passed,pull,fcfa5eb80690bd061b6c93e538a437b78e95f2e6,220192602
passed,push,55b59d4db16abe993d5bd3bf04f58b59c22a2cb7,220192530
passed,push,3d3e6b507a5442304b1489681cb4ba0981936071,220191288
passed,push,cab7f650cfeae44cb375fe6a033c6a6438e2cc4f,220190530
passed,pull,fdd7270da4ad52a0b377e33cf91cf69aab71516b,220189845
passed,push,cab7f650cfeae44cb375fe6a033c6a6438e2cc4f,220189661
passed,pull,eb3092efba700bb17566a60f79575fa19277f197,214596148
passed,push,3e4df83153770980084c674a37ba95c11f5e8977,192116805
passed,push,8d295868f430cbf2542ff60b60338a6f6decbca7,192116123
passed,push,8d295868f430cbf2542ff60b60338a6f6decbca7,192115709
passed,push,8d295868f430cbf2542ff60b60338a6f6decbca7,192114617
passed,push,bf6ed3b80df0291438405d189ae0679b13eb012d,192113833
passed,push,bf6ed3b80df0291438405d189ae0679b13eb012d,192113288
passed,push,5d19ee3d7f271b86d700d52024262e01fa00e192,191849302
passed,push,f3144692441db76e4b30e4bdd8ad9e56cd9c5509,191843704
passed,push,781124da8238b9b1895eb2214b8999a66d90cacc,191823668
passed,push,30fc1bb80a279106631f0aa8048d3e7dc6a69793,191822850
passed,push,5ebd4de243310023b3e4f02d3e86e9a78c2a6454,191821310
passed,push,2dfd62f912f056997e680fb0dac026e8c6b340a3,191820586
passed,push,5ebd4de243310023b3e4f02d3e86e9a78c2a6454,191820478
passed,push,b025f0e0b89b0385b9c2a5022df42bd0d43f788e,191818690
passed,pull,6df339ff22a8b262dadc6bb4e2e003075a823c28,191693825
passed,push,86f64f2efa3cd3edd8d18d7151f0fe5c47065a1f,191043973
passed,pull,e558e4c5cb6e52c48e992f3094c034ab99c111cf,188106945
passed,pull,0e6eda8a37daa7835083d1ac623eb455e32af65d,187139241
passed,pull,4b1399ffd4c23d7c7a2f3811b8be487e1055da9e,187137741
passed,push,2dfd62f912f056997e680fb0dac026e8c6b340a3,184716804
passed,push,2dfd62f912f056997e680fb0dac026e8c6b340a3,184716454
errored,push,3a24a070a916ee6249b90cf7c81ca8c63796d739,184716414
passed,push,5fc0bfd01a26aa922dbc4f19d95a81fcefb26715,184713110
passed,push,791789cffdc09c0fe2ecc5f57634d1d0fdb03aee,184712608
passed,push,791789cffdc09c0fe2ecc5f57634d1d0fdb03aee,184711740
passed,push,437cdcfecaf40b42a782d133a5f41d997cf99ca8,182882818
passed,push,242de9f84c8ac25f5255322e914562837d6841bf,182882648
passed,push,242de9f84c8ac25f5255322e914562837d6841bf,182882334
passed,push,242de9f84c8ac25f5255322e914562837d6841bf,182881632
passed,push,148f3f5b8b1fe64fc0592b492ddbad0dbfdaa4af,182869126
passed,push,147fe9d7c90094536d4eafb8a222eb16a911f910,182867850
passed,push,1da85f22562cc819137dbc82a1766233fb17f187,182863381
passed,pull,aca24bf72ec9503a26b39cbda9008d43cd2a7407,182863025
passed,push,147fe9d7c90094536d4eafb8a222eb16a911f910,182861646
passed,push,76b06e06699312212adeee1bab6defd51b02d495,182861379
passed,push,4f9da28ddfbd3475d13e8bbfad16e5c148814d1a,181674436
passed,push,aa5d759f1b532122aba148853e0f86410e73a293,181673311
passed,pull,6ae302344a94b53aa7cbe0f07e22534b7587f34f,181671919
passed,push,4f9da28ddfbd3475d13e8bbfad16e5c148814d1a,181671642
passed,push,ca441edfac598265d36551e4e9ee6ccebabdf08a,180929803
passed,push,36fb74f4c20bba6ee9ff1f01e3bbb11cc3caf711,180842810
passed,push,f88880c12abb627d50b83c10b191f3b141b1226b,180842511
passed,push,13231d2e3f2a6ac42c4dc524ba6e756c0b2ac80e,180792669
failed,push,81ada18c18db8e4a4dc71d4f179ab76a339f4db6,180789417
failed,push,4c66869fa94edffe0d166eff62e4c9112538705a,180786752
failed,push,4ff3ccb98406c74ecc65b535cca3914dcc207c20,180778152
failed,push,7207ad2ff70bf9e2971322a6b98d82890ad0dc43,180752655
failed,push,b970965f16625c428ea5f77f74ccd50325dbece3,180749363
failed,push,659ac3319dc00f1d099768158d8a82d76a467a4e,180747102
failed,push,7020e0cdeb5ba0a40861e60a715e0ff760636f57,180745601
failed,push,b8bd3e5545965c9c7e1bb79e0656364dd1d90289,180741492
errored,push,aeac457ce9c15fff3b28800c9fb41264da7fe210,180736345
errored,push,63412b152832c1c75ea43b1d9396018b57817222,180729635
errored,push,c34914d2c1d5acbe0a4896a6ac9063179265661d,180728708
errored,push,47388a965b4c29e43290b3d5043c78b3d20135e6,180717478
errored,push,617ce6adb885b20f7117d35c627ce5b2cd426ffd,180538776
errored,push,9552d2da8f0b3c585601f37426bfc65bf16af294,179582499
errored,push,8f783e9a449a82d60489a9eaa4ee110c62ed251c,179272939
errored,push,a3658ec6c95d32de58d0861771d68bd1d88dd1bf,179266174
passed,push,ca9d157a0af5bf1325f3fef8a1db6b536610cf31,179017876
passed,push,fb6437c5edf43f215a5ed944b1c6df36ed4216ee,179017655
passed,pull,c6141e5b07242bc918fa934cecc82d5c3c8b95eb,178770603
passed,pull,57912e62909795c47d4af2da267cafa71e805aea,176942633
passed,pull,de4715a0679467b85e4f5f6d291b7dbe21d36958,174735931
passed,pull,14327cad393a259dd3de1867061ca88462070e1d,174102385
passed,pull,484a46532a25c749f672d67c60fd492bd8109c88,172200844
passed,push,d02f32c40960c0a090d81043b29a5c1cd2612a80,169226331
passed,push,2d1667843b71ea26e3ff4957cc20a0c517951613,169217118
passed,pull,2bc86afdfdc0ed620bd5623c7e55cb65afea7b7c,169168360
passed,pull,8d6f8706533260884d4f64267d16eaf44ffb41e4,168869205
passed,push,73677af6714ad9a1dc1002ad81fb246904f252aa,167860743
passed,pull,7916a7ab6fc0601a35c48c753403dc0f4ff1da92,167605385
passed,push,a5a4ba4ced71af1d2d4419a39fd9655f81cd9b1f,166650717
errored,pull,bbbd6f3b1cd03f9dfb92e10b63cebb5fd5f2aa06,166650569
passed,push,1068f69e00cd9b7416abb38b5dcdc2b597b99c2c,166367763
errored,pull,ede3bc008fe777141d74171c01bbc53556350d3a,166367728
errored,pull,3c5ef2163d62b296e29801375004737c1bc49d26,166349370
passed,push,8f52da4017b3932537a2081c990ca0966883c274,166349316
passed,push,277df8fe6f802c1bd94d2fe399114198ce314f59,165725016
passed,push,d74aa263a27db04c560d758917bd9303de3887a8,165724821
passed,push,fe2e5d5c5e8a18692a2e380041f3f95523ae9a30,164948318
passed,push,8a0f2658cbe9d19044549268d65cbf1a426db7e2,164948196
passed,push,d82a29d7e1c3288236981119c15a0e0e0271a694,164948013
passed,push,90180b7318687f373efc0afe8515a933e6ad6ce3,164946937
passed,push,90180b7318687f373efc0afe8515a933e6ad6ce3,164946444
passed,push,90180b7318687f373efc0afe8515a933e6ad6ce3,164944992
passed,push,d74aa263a27db04c560d758917bd9303de3887a8,164929501
passed,push,d74aa263a27db04c560d758917bd9303de3887a8,164881417
passed,push,c4c375648d8fcedc39788c83a749656e9dfaed7d,164881199
passed,push,ed83ee161f9a883e73a50035f7ca2e3342b2ceaa,163465465
passed,pull,0dc3a9637614629e1bf2becb5ce895fe3fa8bed0,163427191
passed,pull,92b66c345c22a55bf75df67801d55eab41398b6e,163424992
passed,push,6bf9ad510b5a2f365799fb0de4a40907f7ee8157,162188218
passed,push,d6e0463192c6d7abf03e093c9500a6260e8f07d9,162176695
passed,push,eff3b210af8cab4e7ef3faef8c0e07c874fdacf2,161029131
passed,push,0ef9bc281d7d1e3ef3b05d8634a3178fd6b020aa,160694291
passed,push,63a4ded9f9798a78897dabee59dcf6bc1a3c7f5a,160440363
failed,push,9ba3ccde69276e99825fc1506612534ac1b44859,160438259
passed,push,b5213bd869f6beb5c5b2b7922e9ad9c35147e886,160427526
passed,push,175585efe066a99e65571908b6a14e4e40e657f2,159790620
passed,push,d0df027b32cd384ed86b403e2d8b3b814f62eecf,159790169
passed,push,b4abc937e015f438b3b5d882073daf7dd2dc5c03,159784558
passed,push,d0df027b32cd384ed86b403e2d8b3b814f62eecf,159783903
passed,push,d0df027b32cd384ed86b403e2d8b3b814f62eecf,159783348
passed,pull,b82a10065eeb1d472409541a53e6f54420c22ba3,159522481
passed,push,bbfdf0f9a48847bf84b1fff464a7d7d2009ac433,158937724
passed,push,17308c8b1d2e5d65c29700836b8b11d60e6222e4,158659249
errored,push,efa78e9616f2896e98dc6a0e7691de6b942f4446,158658044
errored,pull,06cccc4b6dbfb0718f0d7ddecc302741dcddd47f,158657991
errored,push,4f41716c1fbd9280b14a27a248967d5a6b1e5d79,158172426
errored,push,a9cbec319db919ce89b945c4cbd806998083ad90,158171029
passed,push,f4e171ed9f5037c2ca1f39ca519a986a1a9016a5,158169979
passed,push,b0870e77ba044f8d713b9ecf8bf53e1f1c382581,158166822
passed,push,f36dd252dccf5601e1218962c545bd34b2c513d7,158166295
passed,push,f32422bcf46210abfd4dca6eedfc235025608207,158112324
errored,pull,5aeb62523bdb6494c7f3852a276dc2d149cd304a,158112303
passed,push,64aa0bbf1e8fdb0cd0d1b8e31456af95ba82e2af,158110387
passed,pull,88289d2e702df9414a10a218edd1e1465ce7aaa1,158109324
passed,pull,54f555d944231ef45b698460a884d637755b62b5,158109133
passed,push,426e0dc99a5cb8fba3a5d66b0de6daa53d2af9c0,158087190
errored,pull,72210fb9aa1c29f0b5b42016b5d1cefc4d3d2434,158087145
passed,push,ac4c3a16f17b48a52bcff60d497a389d94208e8c,157053989
errored,pull,7fd490af2f8bb3ed77d41901e1d5bfc188a86bfb,157053669
passed,push,89fe15715b6808038f7345dd9ffb577736bf4d2e,156998245
errored,pull,01805bc600f0f8d41206c6463ea3265eb671f4c9,156998215
errored,pull,f32f97582c0389cbea9a8c6c04f41e166f9a65c5,156998099
passed,push,4ed9b324c84294ced759609d1c4264fc0b297d62,155833591
errored,pull,6bac4e21a90f82429039695ee415747f3cec3b80,155833576
passed,push,e99979e7d6b160b4033b3f355083e29972056dc9,155731166
failed,push,6ed6d61f08518d8e48cc6173c6d2b19d8e5743ce,155729787
failed,push,3625d5cc62b69791e800dd30588c12b4c5007841,155728150
failed,push,6cc6525ad441e465014b626ddd08cebeeae3eddc,155727644
failed,push,e979b74799d53f2f5a238cfe9ce21c53d1db507a,155724218
failed,push,317b59a0c71f004625aa027037e0f422aad5f4f6,155723751
canceled,push,e24eb798359e4df128e4336286e01b5679c4e820,155722810
errored,push,c95888efcd825e7dd532e9ee8fbde4c84aefda40,155721722
errored,push,5aea1abb71140cbc997417990743275a4f6395e3,155711813
errored,push,ae0cd1af06fc5d0e0a35fd44229a2c6267601614,155322113
errored,pull,d88812136094dc1bcb018c3ebf5a1a58b306c48d,155271174
errored,push,78a5a19e987ee958fcff0268e8d2d2c0e08ac9c1,155238587
errored,pull,49db0ea66ea04acd30099be997df8a7c8090ab47,155238338
passed,push,4d529bc4a4e9c01468067458cb55c2704bae6001,155236505
passed,push,db7a8699cd4f96c5092825aadde5c2d9f82cdf66,155166805
errored,push,91498536548a99d2a25f7a1e482474e85185570e,155088625
errored,pull,7e9fcc696656d88721deed53b9a4872cf38fbf7b,155086729
errored,push,286c84e487c0cf8061411b3d1021f8495d7fd4bb,154982955
errored,push,6286072e70e5bf5d7ccadc47c65ed5750b38ae1d,154982569
errored,push,e33d9eb689376bbb749e6fec220d5abc3b6663c6,154977238
errored,pull,8a968ee76b498650fca5c2ac6604895132bb194c,154977202
passed,pull,2333c73070ec7f4543d50ccc39901793c0ae1366,154973032
errored,pull,58fc09c45cf5c09d8332eb490f5c57ff2f2042d7,154964990
failed,pull,357d1f7643791f128ddf00975f62646dd0cc9320,154681295
failed,push,cee381b41d25a2aa531777fd6da9967de8af0a5f,154348393
failed,push,0996e6c7c4c4959d41cde14c35cda25aa3b30d1b,154348356
passed,push,550e20152d830ea4fe4c7ba17f226d407c0f3430,154253200
failed,push,739617331bd5e88bea4adedeb909f6d47ab4b577,153736723
passed,push,4fc9f4fb8cfe9138149bbd8e7d0c015a079fd691,153733669
passed,push,c6f95fc8b30a7309eb336cd938f377dd59ac8030,151471193
passed,push,862e69d00cbe677fadea2d1b1e11eb335b531cd1,150392990
passed,push,4fc9f4fb8cfe9138149bbd8e7d0c015a079fd691,150391427
passed,push,862e69d00cbe677fadea2d1b1e11eb335b531cd1,150390686
passed,push,2bc3d86dcff5c0778caab387f7f19106b0685e90,148641487
passed,push,e4a58946549a934a3850927e77fc8009e1c804eb,148641270
passed,push,e4a58946549a934a3850927e77fc8009e1c804eb,148640364
passed,push,dcd9f6ee2f481077b6a006a2fb617fd780f148fe,145210329
passed,push,231ed31638ebade5c31af1cb3aaa6d95e7a8f625,145168532
passed,push,e26424b7d306fbb7c52b0adeeb52811f7635da5e,145167907
passed,push,231ed31638ebade5c31af1cb3aaa6d95e7a8f625,145167850
passed,push,e26424b7d306fbb7c52b0adeeb52811f7635da5e,145167677
passed,push,f23b3e54748a8d8fa380029e72ef6869e49ef7cf,145167241
passed,push,e26424b7d306fbb7c52b0adeeb52811f7635da5e,145165521
passed,push,e26424b7d306fbb7c52b0adeeb52811f7635da5e,145165008
passed,push,12937e7f3ad4c8f32218a49f8591ff3a91eac022,141303841
passed,pull,260b19d86cebebc65a32c2939d65c48f4fb6ccbe,141278747
passed,push,1212db874c442aa34a7d86290e391cba63631c96,134361926
passed,push,231ed31638ebade5c31af1cb3aaa6d95e7a8f625,134361791
passed,push,a6ae494cb825c63a61cd27cb089acf0b80f85682,134361512
failed,push,8fd0de8660f85642cd8ed6ae3822dd709261937d,134361093
failed,push,8fd0de8660f85642cd8ed6ae3822dd709261937d,134360630
passed,push,3e771b7f27e126a7ebc43dfd67b317f4ef513ce5,132461202
passed,pull,7ffa50fb0eb4e9e12703189ae762a0c341e8c34e,132187989
passed,pull,a1c9d8974caf694838fdb823f1ee72d06ff3e7d7,132185505
passed,push,d223b9d391e00570cbc248955a87ea7206e6de18,129902329
passed,pull,04057e1aaff66a936d8974705ee8ffc767d4cbd1,129764822
passed,push,dca105656f812048e3d3b6c3a8a90ecb7b302745,127448705
passed,push,206fb2bf07a07fea432368da12fea1a1c8a2cc60,127447228
passed,push,df8716f78d0e728b96aecd6f5250e527035fdab7,127443212
passed,push,645d1bd72c2fe4bb72bdcb230e5b80c05bc9b534,127441846
passed,push,645d1bd72c2fe4bb72bdcb230e5b80c05bc9b534,127440793
failed,push,55dd4e7d3c3c49aafbd0e8c0eb11da97f7c98b41,127439670
passed,push,35474dff68c27d0600fa716b14f9efa2fda0ca52,125795908
passed,push,f1e902d2cc348bd2e154ec929ec4aa2142639807,124696901
passed,push,a6a07411435768578ac5f2e89b977fca1c56c8e8,124695948
passed,push,ea530f6190d5702a40a9e02118c722e93dcfa2e2,124694658
passed,push,a6a07411435768578ac5f2e89b977fca1c56c8e8,124694296
passed,push,95924cbc21878038aa0fe3ab1139c886fb41236a,124693478
passed,push,a735dda644215467a40ea5b2cb83a0442259f31e,124692216
passed,pull,28252c8900cfff9374c1f95c2445263a214932e5,123939158
failed,pull,cb89188c55d7bb6b6273931e288c7ba744de29b1,123429391
passed,push,2d7572fad97506000b0c3e79dfa6ac4b4fa7d8bc,119933528
passed,push,d09ebc6a89ae570cf66718a3e4ba749443e5f84d,119933258
passed,push,d09ebc6a89ae570cf66718a3e4ba749443e5f84d,119932442
failed,push,a8be79d4429f4f120cecfea769c3e26ac4caf155,119929904
passed,push,bb540c04be96a07aea33bb7efb3517d352b95cf9,119599773
passed,push,20fefe88a38cc7560b284d82855199b12d0e56a7,119598375
passed,push,9bb32e085cae293b57c7604383f5d26aef16f263,119595395
passed,push,4a63db58be02ae2e44d042d39a66bb700ad6be09,119590652
passed,push,d049849db1d608396702ef70e4070b5109523803,119588646
passed,push,7fe75a467131297fe9efc696401737ec9fa35839,119588008
passed,push,dda21f679e763cda52e62d822ecc556157a13a85,119586946
passed,push,8f13ec9c44d9c9ae92d7fff2fea8a0183a32102a,119586456
passed,push,d6fb6b4ff7255250b95fab93ead71c2f500ca960,119585160
passed,push,8f13ec9c44d9c9ae92d7fff2fea8a0183a32102a,119570968
passed,push,d6fb6b4ff7255250b95fab93ead71c2f500ca960,118847146
passed,push,9bb32e085cae293b57c7604383f5d26aef16f263,118727718
passed,push,4a63db58be02ae2e44d042d39a66bb700ad6be09,118699731
passed,push,d049849db1d608396702ef70e4070b5109523803,118690104
passed,push,7fe75a467131297fe9efc696401737ec9fa35839,118681397
passed,push,dda21f679e763cda52e62d822ecc556157a13a85,118681329
passed,push,0f26acb9f5e68211e69f93d67a986e8cfe0536e7,118680422
passed,push,c714d29a4b19fd54b095cb7d7e5cb65d66036df7,118510606
passed,push,19a7d080e58e619556397883210b37da8968956d,117121688
passed,push,0f691725243090bb09bb7d87989bf7bf6843b835,116956627
failed,push,1a0ab0bfa50c050368eecc9d3306b68ff9dd52ae,116952637
passed,push,a5f647dced2f52e42b575ab3ef84972b3accca46,116946500
passed,push,f4f8dccae9c966171d09b448b9c5f6ef8d307a32,116944588
passed,push,29a716bc1c941604c4fa1082281c3c99dc15cf33,116854573
passed,push,cdbaeb642c9784843c053fddf4c0a9d196e04ea6,116848084
passed,push,0b15c46b4046230d02504f9059013a1cf3019969,116785062
passed,push,9a55c03d4173c5fb6303b3276fd734533d707d44,115576640
passed,push,7001122be16ab407372d58ba06166d7de18873c1,113902114
passed,push,79f8163796d692e25f3f19bfeb8ad001b22563a0,113901801
passed,push,79f8163796d692e25f3f19bfeb8ad001b22563a0,113900810
passed,push,8639bb9d934e576b1ca8c4bc9718ccb7df7de13c,113593563
failed,push,36150f56259ef6b4b4210ae38aa19510afe85962,113591118
failed,push,3252e75363828584d5aaf69be1a76335d7ee0858,113590418
failed,push,297ce002ca0d019c32664e09e544f5232ce14a63,113589706
failed,push,c3533a9c898ca879543cc35ffcd8db52f77611e6,113586302
errored,push,63cb84a5a03b73d0d23d9a0682027d2e7526103e,113582405
passed,push,7167ec245f9ae41280cdaa9e131d0c8fb053ef5e,110453511
passed,push,5b3be8f7684e5fc93e3a4f87c790cf101bf4020c,110419949
passed,push,773164e143f62874333f2fdbd3b308761830a361,107293321
passed,pull,52aa64e641534487d3b0c46dec270114fa24e0ed,107265938
passed,push,6bdad98d94e429d9d631081ef1027bad0ecca025,104600607
passed,pull,fb3c5bbed8c77b9a8b119fc2c06b94a632f498de,104593175
passed,push,27d4ba8bd3de0c4f6bb1e15ec7cbefa21eb9093f,102763316
passed,push,f231da8e8b5092cf5f839e6f1c67c4404425e9db,99709596
passed,push,bf456757713a9339bbc6e4519c0505f42c122a33,99520112
passed,push,92808a26186a012cb2b9e8f4a7fc9395427b0c21,99519933
passed,push,da9cd4d5cbc4af65c9dc0f6d4746a533473e46d2,99519584
passed,push,f5977b3ca16a9746573a26fd2ba190e45b5cde9e,99519381
passed,push,cd366fb18b578819fbe7f0e17e73bc1e380399ac,99519025
passed,push,cd366fb18b578819fbe7f0e17e73bc1e380399ac,99518911
passed,push,92808a26186a012cb2b9e8f4a7fc9395427b0c21,99510833
passed,push,da9cd4d5cbc4af65c9dc0f6d4746a533473e46d2,99503969
passed,push,f5977b3ca16a9746573a26fd2ba190e45b5cde9e,99457528
passed,push,60d0b3a31da52cf510c83a37a106941adc1be1de,99454282
passed,push,eb8f96b3ab778ebd01f5269938816e92a9aaa719,99420498
passed,push,8e3f4eb925ee2b4ceedd6c4b2b51ada508be17dc,99419585
passed,push,01633354a0e8175d7c1b6443690e9d2a244423a3,99402657
errored,push,eb5fe5f1e304a0c645ff2c21be0bca985133edd0,99402562
passed,push,671d5e3e5209bbfa9016c624624b9ec20eee1c08,99401600
passed,push,4a06d25c9e2a3050c956f2abfdfcdcb29fe3d602,99400989
passed,push,a2789d050ead51fe498f7c4202faec256886d51c,99322679
passed,push,d42fd71376028cdfc42302224adfba8cc241b8b1,99306369
passed,push,dee84214c25ed94cbaa5c89f927551c5450c3e45,99297168
failed,push,9f32d0d7480da55a35b5970967b7560726b1acba,99296383
passed,push,0af5f55491afc2258364aa865b6a36a6e92e001a,99265098
passed,push,c2f4a60c792224fa2c9bb5f091f4282d14cd13be,99262946
passed,push,2928429a17c285bc78756fa16ff7cd4e6538df9d,99225288
failed,push,b2fb76cdacfbf2ce2c2aab8e3e4e87bfcae292a4,99223832
passed,push,b83e2339240910f8cd13d6d8d2630cd7f432a034,99001241
errored,push,352d8287ba61638ea9b9228b331d318a76fb48fb,99000285
passed,push,3a6699096f4809e14d200f1c1cd14acb5a1a7d75,98781128
passed,push,32cb792c9b24a2517a309536d0ef2d7433822548,97614667
passed,push,7cf05c1d5bd352a2da415d02b829d9dc3580b736,97610250
failed,push,81b68a8df8eb17775e382ed4f861471a888e369b,97607398
passed,push,5431c277626f297abf9ef8a841d0917836541f70,96455619
passed,push,777731da79de7676e2ad7c9c2e8b86aff93bab13,96261237
passed,push,2c9b06355322a9dc9d7bc3df870bd7e1361d8804,94276914
passed,push,0d41fcc9a7a1056d4f14e6f54869e11d664098f1,93672716
passed,push,039fe4ceaa3f3cd422945bf9ff3fff0b72a63e0a,93671667
passed,push,2fbbe60802cad70bc079c0bb88c2752a6f273eba,93671441
passed,push,502c012a5b2042eaa02b38b4fe8ca05fb5ca6d5b,93670635
passed,push,039fe4ceaa3f3cd422945bf9ff3fff0b72a63e0a,93666060
passed,push,2fbbe60802cad70bc079c0bb88c2752a6f273eba,93655544
passed,push,de72b2fa3c8d30f4703634e8fc56f9c4c9994cf5,93630525
passed,push,b7124a9b8345cea0fcac53474d1eddb0b9b7a429,93629634
passed,push,e5aba9cf71415243e401856251918de143148501,93597771
passed,push,502c012a5b2042eaa02b38b4fe8ca05fb5ca6d5b,93436391
passed,push,2845a30757ad3ffd92428e73cb5176802d78f0f9,92477231
passed,push,0d611114ecc8421c1ad5e46c2493706410f20b70,92474278
passed,push,6d01f2ed24d198d040e767a840bfd97141bda821,92220871
passed,push,d1a1cfd191f2af37dd4bf747c37bddc7a6125843,92149177
passed,push,38fc881e76e389d56dd501f83d969ceaa4d89be7,91449007
passed,pull,54562d624f1289a60eb78d932203b68d3956c37e,91447279
passed,push,bd4d1c137583ccb10563e05e76c80db15fcdc4fa,91142259
passed,push,64f6455595bfe59e820b0859fbc3c9d7e3721b86,91138291
errored,push,5cd6ab63919bd4f366fc721638b31a54e3555b5c,91131350
passed,push,6ce55d2afac2a5d29e06144c1ec4730c8c8a4df1,91088209
passed,push,18f7dd58c045d7c378def207ad6a171e9c18136d,90970818
passed,push,67f450daf3456877532bc662732b880fa1c2687f,90889878
passed,push,212c0b8c1715249128a4033f268c01a8c67dbced,90816008
passed,push,a23a5c63d6ababf54408dda9d8917b43227b4793,90798440
passed,push,b6ab5f266358c91045b52fc1ba873fc0196cb554,90499822
passed,pull,76dff8d5cb5c08b7a272b505ba02425a683f576e,90398703
passed,push,6d17e7b8cabe79e63a1376a79ab0b42cf7d8385e,89997966
passed,push,85d183756f9734b65bf50499a0b6f3a3011beb25,89997020
passed,push,85d183756f9734b65bf50499a0b6f3a3011beb25,89996833
passed,push,19c6d870ca8de3bb03b1ddcc3757faa8660ec74a,89994075
passed,push,a84969af715c8a6a9fdb6f59fe4f8c653fa703b0,89994009
passed,push,85d183756f9734b65bf50499a0b6f3a3011beb25,89979674
passed,push,d1c66cb9824fb2d94792242cc555347781586d6b,89848618
passed,push,504990096ef253ae0c6fbd7da72a145922db43ee,89843119
passed,push,5aabd1c27143218a39eaad490ad755040636db2c,89749827
passed,push,b9f43887bc4e090682e99760416ced58707bb52c,89748881
passed,push,d0fa95c2e93e406561b06b9a756d5fb630b46b97,89748626
passed,push,f4040262b835061bdf8e2fdfd33bd1f94e1dd7ea,89748345
passed,push,f4040262b835061bdf8e2fdfd33bd1f94e1dd7ea,89744719
passed,push,27e1acbf561c3a138aead9889aa6b6964560efef,89744006
passed,push,5a5d8d4bbf2e0838cd055977cc7ea945f803386d,89624089
passed,push,d406d69dfc73323bdcd3aa2a0a92b731016f41f4,89608639
errored,push,aef9f03cbb3cf0331a8154e48400807681e1ef93,89607694
errored,push,e4f12056fdad245808147ec6ed9ccc077dc51c7f,89606333
errored,push,703cfb0cf53c7cb29ed0b6f2db4e306aacb368c3,89604354
errored,push,2d1cb07f06e9badc5dd634d8992e7ce8153c99a4,89603678
errored,push,b7a57de3eb6179197ce602a0687ebbef35d9f72f,89602253
errored,push,a830b08aabb9693e45a24151151e66ff84f63880,89600874
passed,push,6b470ca20e3801c70065d2d706426ff5478ac800,89515094
passed,push,926b1606bb57187e22f7a4f3c599db9c6b4fad94,89509752
passed,push,6eea6fb5587d9cf5a8035aae3ab1b5a008723c0c,88773320
passed,pull,9f52b46d8ffbab9aef57b4e45f9c2e152d5ba504,88762796
passed,push,ae4c0f09202fcf2789509673257379588244834c,88687912
passed,push,741d1fbec7cbc76b9e6384cef74679a5af5233b9,88566683
passed,push,d9ddca4318dc797753b8a0901eadfef26e69f11f,88560903
passed,push,1483987f30fe3739f3d120dec30e895b3f30aa2a,88447561
passed,push,377e59e6b44d450cc5422498ce64054be3537051,88444772
passed,push,daf7cbd3e90b5de281aeeda84c9b96857f32defb,88435110
passed,push,daf7cbd3e90b5de281aeeda84c9b96857f32defb,88433543
passed,push,7e153cbfff9ebc3f204356627c10a4748a93cc7a,88425712
passed,push,c87d6fd823936b63e29a2f29a165e2f9a3323462,88424401
passed,push,db834efa07f91c288aca6adacdf413ece7bb3ca8,87992665
passed,push,7c1e253da7fce0a581f19c2cb5d13f999912da9e,87553786
passed,push,71e3365a95a062b5ad961d6c2e82fdd9306b1f66,87058825
errored,push,56d6ed806d23c423630ae0cde041188bc0205321,87017455
passed,push,1212e06ea8f18387db98dd1144578b9fef170f1e,86926413
passed,push,9f71fbbcaeff2fd7f1f94e9a276a5fd3bad42eb0,86480404
passed,pull,fdcdac53878a9be6d90bf49a050882bdb8135ea5,86460595
passed,push,aacb4ad31fb3cba00f272ef2363d97c892608c11,86226995
passed,pull,b458a7d5fce96d7bd1f6a57490985283326c8e87,86208410
passed,push,20cea8007084db041d5f5cf3b015322e908e1c54,85870842
passed,push,20cea8007084db041d5f5cf3b015322e908e1c54,85870582
passed,push,fc7e95375798bea290eb4b0e0361539a1f95f2c7,85825340
passed,push,980acdfc2802c74cd3ddcb6807523b98e8971607,85820332
passed,push,e9f81c023fd977a29e2dd25eecb0dff8a9bd9905,85817964
passed,push,dc59c52bcc09c54e258a788d2b5bf62c85b39e05,85756500
passed,pull,52963685fa81737d3a46d5a9345201fe58c3eb37,85727111
passed,pull,82d38d2d7137092d118cd6ce7a3fb1d783e40a52,85614272
passed,push,4624895c574581ebe03409648dc1d111893724f1,84969906
passed,pull,1aa23c0505533c550f7f890de2fea2f30955ef60,84943016
passed,push,0c42869910bbee5c7c45883149e405de1a640be5,83946486
passed,push,0c42869910bbee5c7c45883149e405de1a640be5,83945784
passed,push,5a062118de8b0943eaf2daece1e6a911d62c5271,83772243
passed,push,e91a263790f416804736fa6361f5b8a04fa5d4c8,83765372
passed,push,a5d7b1e875b9827bc99b57a9cd69624e061ebef0,83654685
passed,push,a5d7b1e875b9827bc99b57a9cd69624e061ebef0,83653880
passed,push,8d2ed11c0614c6aac4e3ebf7c2e76c3b703cacb6,83563939
passed,push,8d2ed11c0614c6aac4e3ebf7c2e76c3b703cacb6,83563453
passed,push,edc26439da22ab1f4c0d85a51289aecb7bb60482,83561663
passed,push,d8ceb4b87c4e28b814bff095766a7c2ba11e8f38,83541668
passed,push,512269c3d05df50c71b6bdead8be2842c35a5b65,83462487
passed,push,e555926f3f302af212e6a340acc3da23d7d65522,82785683
passed,push,8f02f4433980ac4bf0f9e115184c6d5850f03d63,82785148
passed,push,8009c49e973e85aedb9160e46899002de5151957,82769143
passed,push,46ce8344bc4b4fdc8a04ff7184d8b7f147ea9499,82574908
passed,pull,478d482498fe31c3e0e029e28d4c19d7141201b7,82566212
passed,pull,68d5dd4dfd986c1836a812885767cb2cbad251a8,82560339
passed,push,eb94cb3c6f74f41ce4a3fe0500f3d5bf6816a04c,82510667
passed,push,eb94cb3c6f74f41ce4a3fe0500f3d5bf6816a04c,82509557
passed,pull,41df2fe8d7d9e21ec564c38677fc383c01945860,82509250
passed,pull,ebe4b25ef59360f300ea5fd9235de13e249678de,82421147
passed,pull,9756bd476bc930bacbe100500a46167965334145,82036834
passed,pull,a3fcabe0b25f9512db118a49a44076b32ce1d789,82035755
passed,pull,c61ff3b9ae30704bf7cebbe346b98be276d14d06,81978100
passed,pull,ed98ab9d90249ca8d2dc3a82656e8aa3767798ae,81946134
passed,pull,92684b287d416223932249d298c3ba45d5d5e660,81165821
errored,pull,453245517212e829ab6b784810b1dbc9473288ca,81163944
errored,pull,a27e7fb1774946d740ae1a6347918b32a0904c39,81160289
passed,pull,75538f98aceaacf26822dcd8f9b811c813dddb0b,80501276
passed,push,8841a76b72bc098f837c438686bac89c02d6724e,78601768
passed,pull,23d564932216dcd88f3143e73c76e5144a5b9e4f,78061829
passed,push,5d8426ec84778fcd3bc0c733441d547aa76ea1ff,77650972
passed,pull,f4dba281a5e378816930b81036f3916c6e88e000,77497470
passed,push,5d3a4d5f12d0221003bf735495f060469eaf67e6,76605015
passed,pull,0106e58cfcb018c6049a819f42f6c81b984d9f66,76449604
passed,push,bb0036ea3908a0dd34c6fde1d029977510317d42,75716587
passed,pull,bc8092ea00df27f9d8f97ca4746b08e5ff3f534f,75714157
passed,push,d47b67e9f3c3c8f3098db90317adc2e2f17a0ff1,74720385
failed,push,dbec906fd0bfd24580fb753ac98eb0e87722a25b,74717001
failed,push,dbec906fd0bfd24580fb753ac98eb0e87722a25b,74716812
errored,push,c0f4be443330dcd107e480e27600bb294000acec,74713466
errored,pull,014438222c5b99aecd8dafa2866eb39a2d6bafc9,74705028
errored,pull,51d8b60ba997f26e5a2c7beef469125577cbd088,74704939
failed,push,e8cf441d9a1c5e4280ae26a2f72131cc6502d5b4,74104742
failed,pull,85f6ec5c0eb711dcead0c1e125d2b6d5888aa6a5,73902830
passed,push,b0931dfcbaaf65bff0ae66954dbfa974d45d7625,73560263
passed,pull,c02a512e809d1a6917ba40c5c0182bb2006975b1,73556662
failed,pull,fb03c739bee7b716ccafb2280a2fed407dffb81e,71990583
passed,push,1b0117737055703c4f653bea3ff79bf3919a785c,67673990
failed,push,1ebb082d89370427778ebde05cf831335230cade,67673776
failed,push,27b694b9446c6e4f03b4e58d18ff581862951891,67673474
errored,push,af85ec1e1a89b436e69b23b32621af5b5ee83abe,67673216
failed,push,60002283108baa84173f4b50456936e979a0527b,67672962
errored,push,c1b4d66c3df655028565f37d0d8875c6232805e5,67672751
failed,push,6914ee5fc076d11288ab25d528994161a91e2f3b,67671219
failed,push,6914ee5fc076d11288ab25d528994161a91e2f3b,67671190
failed,pull,b66bac43b0d31bba4f9545c9e1079304e812bab1,67543004
failed,push,1a36bdd222ab2fbb0f17dc1a04fee3b9a6738652,64567851
failed,push,dc028125c3150657fe50c267269f3a6b3f27ca72,63371924
passed,push,dc028125c3150657fe50c267269f3a6b3f27ca72,63371916
failed,push,d3cc8bd0c95a8b8fd9ba8fbb84ff80aee5dca4b0,62295896
failed,push,5221b097fc5b65959cdcd6a5ce88506c2c470067,62295039
failed,push,5221b097fc5b65959cdcd6a5ce88506c2c470067,62294527
failed,push,a310ffe4e05a4e7c23af23aa18e8969c578dafe2,62292416
passed,push,442af5cf68162c52cd66a67b1f4caa4bdd0e1f28,57778326
failed,push,e5e17048931c9adf4541aab40f7afdfd8ff8c77c,57776663
failed,push,a66e7019405e326057d5142c50566c9fb5dedebe,57776484
failed,push,a66e7019405e326057d5142c50566c9fb5dedebe,57774919
passed,pull,83164d42eb6f8a5943b6ecdf7f1c632e45f78a2a,57106900
failed,pull,252255349f8222c79323eda0f7853e6e1769ce4b,56191396
passed,push,d3077bb3d88f5479f19e2f0d50664337a2910868,56000409
passed,pull,816485dc4a9085beca88fe004999a02a43fc400d,55683706
passed,push,e3d94030ea0f98c412ea1fce329d9c5a4f18d73e,55105743
failed,pull,edb9ff2d92fd64cc54009d91890365f8191d3265,55103049
errored,pull,0308fc3e7f03de9c4fe93c5880d88aa8e4b600a7,55100485
errored,pull,13392e352320a715a8ab9f7178ff62b4b6d25190,54776617
canceled,pull,3a1b443e2d7ef1e487486efdb3a15d38c9d62f20,54776565
errored,pull,cd64c33858c326e0c601cadb1c59d3e2f5daea1c,54736394
errored,pull,c9d31832d7b56eb9d6bd3b3b217e62242d8f2911,54734374
errored,pull,0227640e5c343f4e6e0300b6e91f191d9b898553,54727218
errored,pull,0227640e5c343f4e6e0300b6e91f191d9b898553,54726228
errored,pull,0227640e5c343f4e6e0300b6e91f191d9b898553,54717598
canceled,push,32d67815d35ccb786d6cb14dbd4d015b6a9a946e,52573964
passed,push,8efb83cc0d3f90584526595451371429489fc4cc,52573312
passed,push,7a6d98e232996d796df610399189a3f81d21bc7b,52572454
passed,push,7a6d98e232996d796df610399189a3f81d21bc7b,52525260
passed,push,76ba4c2335da3b4fd269dd4e4781b6225f46da24,50634119
errored,pull,b3dfafee05ccafd6075f589fae73da2a16d39516,50633920
passed,push,88bf672e942330000e3c3f7ffcb9b2e6eadc7af0,48832784
passed,push,dc4c314074a71895f9616868493048bc58813d11,48263120
passed,push,c589631c207b7be68f1c22536ccd417f1a480607,48262898
passed,push,c589631c207b7be68f1c22536ccd417f1a480607,48262624
passed,push,8e86128db800e6e689d77fbc3e56f90bb9d0d474,48262009
passed,push,d6a82a4faec6c3ae15d138f0d2be8f7ba20bd73c,47815180
passed,push,3ec7bc1049efb31e8c7059257537d5f8d5322f3c,47258046
passed,push,f54beab65d76798a07a8e9c8594ccd69402da49a,47256545
passed,push,8906137a3eacf05c13b533b67998fbe7ba6462a4,47180179
passed,push,51313532aef57874bde0f7a2ff0aa0429f4e07d8,46583225
failed,push,6948dbad1494f0ea9c5be1e1d36fde5303916ce7,46582802
failed,push,3e8d338afc9cf624d166c740ed56adf8b87089ee,46581175
failed,push,d7c2608e0aa9e4f3bd932101c0532e3e9bb151ad,46566076
failed,push,df66f5635d518e8d1a5f52b12ffcf1a5604ffeb3,46563421
failed,push,2f0008cf26fad6d3cebcd7e239b763d3b456d137,46559640
failed,push,a460feb628768d4515b09c1d534a40f087926f32,46440702
passed,push,27bb76cf2c5f269835f8c32e47c2b60b4ea54edf,46359152
passed,push,c53e14b85552615a6714277c27f4168e670eccc1,45783084
passed,push,590ba044162ed3c4564ebb57883e3c87ab2d9895,45633319
failed,push,02f8b95c929ec0103286922852379e0ceb236754,45632300
passed,push,76ab72a8cb76aa9de63b5fc28be0b3dc2787c055,45351361
passed,push,787f20ad32810844a74baeafc44decb70f99a3cd,45239853
passed,push,4c649fad60e9ee17a51fdb03e5a8b6bb0fee7ab0,45157764
passed,push,12c99da001a27ce83dcd4d0bfbb476c7965d9f3d,45113554
passed,push,a8c22856b939711ea3f9ffd3e1530d6eb26de500,45113460
passed,push,a8c22856b939711ea3f9ffd3e1530d6eb26de500,45113380
passed,push,5ca56b00970af1bdac0b29fdc24a81ee388b7843,45108913
errored,push,1c6196b8e91df1c308609d905b187aa32db7b813,45108878
passed,push,55ed147b43864f30a85b89f02e7e4d83db097261,44984005
passed,push,ab3db9c9c0e375e8b780127fdf05c7c17658fedd,44931610
passed,push,ee5753bb8e748c03971b90edfbc40c747597d5c6,44830855
passed,push,ce5661b058c96a5db5da617da3f61b0f67c1f681,44761840
passed,push,9a136f129b761427e2104f4f2d2417e038df1e41,44750946
passed,push,485a6d051d1e04b211518742addb774a1fa43eb4,44505948
passed,push,485a6d051d1e04b211518742addb774a1fa43eb4,44505739
errored,push,485a6d051d1e04b211518742addb774a1fa43eb4,44456580
errored,push,485a6d051d1e04b211518742addb774a1fa43eb4,44455856
errored,push,485a6d051d1e04b211518742addb774a1fa43eb4,44455285
passed,push,3e4df83153770980084c674a37ba95c11f5e8977,285846788
errored,push,e26424b7d306fbb7c52b0adeeb52811f7635da5e,279360998
errored,push,44b00eed631186293569a237b8a98d32c5dde161,279360617
passed,push,3e4df83153770980084c674a37ba95c11f5e8977,264239930
failed,push,a3c15b8143d894b9007a24f327b36b0383dc0dce,260601660
passed,push,39b8d4daa0c952e9803c6017e2c1b438d2a667b6,260600433
passed,push,3e4df83153770980084c674a37ba95c11f5e8977,260599099
failed,push,0623de0dbb0d184468b52f8517fbfa1635efb8cd,260449952
errored,push,496a53c02e0a55ccd734a40e479104f89cc74fd5,260449352
errored,push,dd581ef5056d49b4297d77dc94738b6729903a8a,260448851
failed,push,eb94cb3c6f74f41ce4a3fe0500f3d5bf6816a04c,260448503
failed,push,d4cb48de4c684948d7ec5fc6ef90d5d963abe959,260448041
errored,push,baa5c98a1b4f83bb732a9342cc4e7f76726e7584,260447690
failed,push,df6cf91d975daa6924e1b0dbedbfe98fc3bcf997,260447342
passed,push,42f115d3ed56f8c42ee1162f606ba7a93067feb7,260446990
passed,push,3e4df83153770980084c674a37ba95c11f5e8977,260446517
passed,push,f7f1a02ffc46f7090370609e56e6a08a9d1aeb05,250033881
errored,push,d86c4ce3562c34e67464c455dfa51acaebf5e383,250031822
errored,push,6eaff543b2f1142f6b18854f0123a9c6ba9ead69,250030657
failed,push,7c234ac4a2f144d33dc0621cda486be8ea76ea30,250029225
failed,push,77de2bd979801bc0a251f0f92fc2e01992e4bbd3,250028112
failed,push,5f4e5f2ccf9ea1647c44152dec3ddd725f10fe36,250026966
passed,push,7b6d7b5e0a74db28f0abc2b77eaa9220a6d05095,250025802
passed,push,3e4df83153770980084c674a37ba95c11f5e8977,248997798
errored,push,a83233fc7b0b4948a51baa8081366ed9a28ca7c4,238660020
errored,push,9287a3ad45a2b63ea408da3501902b4edc519c5a,238658485
errored,push,10f0159963f9d84f13f32b37490222059c6a9397,238657833
passed,push,e415346c3f3100e6371a0b4e505e0f88c7d73fc1,238656996
passed,push,5c2332018bd505d7e0fa7b8b3af7c5f6aae4db3f,238656100
passed,push,142f4b9ebcc167ae53a570d35d46441c2ed6ddc5,238655358
passed,push,f9d82d66db80b2609f27baf80515d45b5d935225,238654712
passed,push,fa4bf66596e74f5f9fd8b2726c9a744252015666,238653883
errored,push,d303781ce8e49d001400937d5488088b65da74ca,238652770
errored,push,316c18e4ef0f23b6c8b545b91bbf66be8c4e3c5a,238652120
passed,push,e56a98377a5a68e4e5c63174142c8ba7c01757d9,238650513
passed,push,eb6bc06b45477676c6064350c0076e1c0d8df4a1,238649745
errored,push,c88949893f2d01522682cf02fe5e5fff5230755a,238648406
errored,push,942a995739589b10ff9355103a19955485169528,238647923
passed,push,c619cd4410408605b8d99636f725f227f9893d44,238646811
passed,push,3ff3095deb7b6d317e0f0443f4358f5bdecd2e71,238646142
errored,push,94527ddfe69aba6c6cd2412ddebdbd933b0e8b9c,238645487
errored,push,48e9cde9a2545c151549e8ba8aa531f96d68c237,238644914
passed,push,f7193cf905a961e16b72be8ed7de69dc620c0b10,238644031
