Status,Type,Commit,ID
errored,pull,f648c0986744fd8d5e71e4b4e7e0756efbca0f51,288431619
errored,pull,757cfadfb4cc54a056418193ce51d3e0916b8abd,284346704
errored,pull,d9e78b32c1abbf0b2d7968ec384c4e36fc9eefbb,272990901
passed,pull,f301608dbab107d3905c38cc4d473410da2eb83e,267359117
passed,pull,861a0a734a53f28d120063d2f5f9baa64b14ba5f,267355353
passed,pull,cbabf0e111dffc686f7959558dbab7fd92643c2c,266142902
errored,pull,a7884a768bae6e41ee013d1c11ac38ec93e7cccc,240320386
passed,pull,ad1aa6ab0462f3b56fd4a20f98de583041666ae0,239924532
passed,pull,4023689a1beb77a52cff5eafcf52c7e4aa907552,233102610
passed,pull,3e8cde5deb19e6ff82d11f50d27e7e5ed54ea81c,227851847
passed,pull,d324977f164a02a9ace8f283256335d3085950cb,197615390
passed,pull,a8857ddeedc124dc1d660a3257b97a67d8b1d34f,186452161
passed,pull,f9d3c072d47445a551ffb581394a7d43d5722043,182790845
passed,push,0e1ba52092c8c5bcc4a2b3eef8b330b06879ba3b,168531656
passed,pull,187bb04c8d8f13927eecb1d6b5637d6ce0dcacec,152473650
passed,pull,283de9b4a62d9f25dd1a414dbdf67efe1d3bd26a,151080363
passed,pull,a527ce083aa1fb7455824b1f63f272e0bef05139,141111279
passed,pull,fa0b75fdba09178a6fb8012c40e3ae8e47842f6b,138067070
passed,pull,ae2061ce890b5adf84c1b9b86cd0a1e42fa5e3c7,134669276
failed,pull,6f401172a7d032e84085d372ce7d8f3c595f26a0,134667754
passed,pull,ee757b4543c36780ec3fab9293e7180e9b141181,134393840
passed,pull,1196a1b7ca6afbdacff4971e9a8d62a3cf124d92,129083319
passed,pull,cac2222d53287e91bbae087c6341bd314cc75d70,125030969
passed,pull,fe08731766d549c84f3719dd6fb2524f42fed531,117557947
passed,push,7f8793a3faef91a7eb22dae0d9cff8118a66cd24,117096950
passed,push,61b3fe1e3c7b2a5472d18f067decd7ca89e14e7f,117096637
passed,push,5461fdda3be66f60088a9601ca7d06b138738605,117096022
passed,push,f52f3f6aa6dd1e0aada502b36e7150573b374fca,117095570
passed,pull,bed810436ffaa39d60dd327cb613f17f65883d0f,116523952
passed,pull,da105f39d30ee532ac89c29988dee62f9da41ec7,112727534
passed,pull,c637e4db20e7df6b0f5a5057252ca47b9e9bc90c,110670194
passed,pull,48ff95689e3279186286296a1bc763a10bb04e9a,109485131
passed,pull,1d8f419556e05c67ec42266f75ccc0e3c9d11978,109270527
passed,pull,bbab906118332c99547e8fa4017d24fa1043350b,109266746
passed,pull,e0eada992541a0a99f21392237135cd0448f4ebf,109263419
passed,pull,e0eada992541a0a99f21392237135cd0448f4ebf,109263413
passed,pull,059d1c3289dae3e061302e284897e8c3a3516d81,109262858
passed,pull,e6ea8eac6a62d26471751124dcefd13e5b0f9fe8,108029885
passed,pull,e7140e18d08dfa6ec53c5c2e69069d71f5b1a3e1,103731893
passed,pull,d8edd6025a1795af709b8501b4dae7e1e18cd944,103731745
passed,pull,5a0b95b7409f4001fb502a1b699954c28749b728,103731546
passed,pull,a76eb26686cf4081dfb41a4751f8efaa4aa7f715,103731523
passed,push,ea8f81ac978630ce92955a52168566bb54d734c9,95811346
passed,push,764f0dd5c319b7cacc4c7c2bb47c8f724c9fdd07,93011181
passed,pull,0c45ae5b370283db92d8b06b5393f5b94cc890f0,92803774
passed,pull,4992c0394bc52e19fcaf30f00a8c4b81e3833e0a,91584350
passed,pull,add0d9909fad154da8d39caf05d28171f66d0793,91559725
passed,pull,01c574f4dc5e0586f9ed7c953c18fba0b6bf55cc,91556998
passed,pull,7c15eae5e16cbfecccc0204423c64220405b8f81,91497829
passed,push,ed9c51ef989a127143f817c7acc31e1b162660c7,90692353
passed,push,aaf233fa1b054beb73d97242ff639403cdce3e10,90681153
passed,push,ebce62d90d48746f532ed0484cc73929097e6e5c,90039292
passed,push,ca6c8931948f5ab52f93f3ffdb5764bf8d986163,90038829
passed,pull,47bc2dc5f11864c1bd0bb7803809c192f3d7a10b,89952919
passed,pull,28478329c941108a2a5e8314b619f00f87159e02,89921823
passed,pull,0f63e5112fa363bf179e67314de5edf206fcf341,89918244
passed,push,afc45d09136882bdd85ca9f189ce24a05548eb3a,89918182
passed,push,01096703c3ea1b16b436735e82eb1ff47e54d60e,89915251
canceled,push,e10e0e7aa3f094883a50856eee5d7b024b2a4d2f,89914961
passed,pull,0b88d9b521e7b2ecbf5e8e48d9d54eae077c73d9,87690963
passed,pull,4872e059f0ba87c20284bbace6c52a0548261330,86688633
passed,pull,881436e5d0cd38df21f869e19cac0031846acd6a,86459096
passed,push,95c6df98dcb2e50c34d7bb2a4cb97e138603eb8a,79552171
passed,push,5c5d11da6659d627d809c15aaa6f48a7d28f8d5c,79552091
passed,push,5c5d11da6659d627d809c15aaa6f48a7d28f8d5c,79551460
passed,push,a19c10ddd525e0ec6bad4391b53f31bf8ad6cfec,79543456
passed,pull,cead052254068470f05ff8c1d3ac16b2c60725ed,79354352
passed,pull,78a6f3b3dc34b241f54c2563a0488bb10fc589d2,79348667
errored,pull,63500bbfb4f521b3798cc2fad976a8a29b48cf66,79345246
passed,pull,f2ec9291ff346e845884b425c6aa7b92bac43964,79342021
passed,push,a19c10ddd525e0ec6bad4391b53f31bf8ad6cfec,79197007
passed,push,8886d96d4ac668b12ab80a65771ea0bc935a6e48,78474699
passed,pull,2e8ecc9a18369aa599eeea3b1df5e79c1734d720,78347239
passed,pull,d4df863e8a7fcaf38f7194736a1a44a98780ecf2,78195215
passed,pull,235802f198ae6e10e7b4eab93623362df9634d7b,78052872
passed,pull,578ecfdff9d388921fe64d4afaf3afb356c9138b,78033140
passed,push,e43d06af692650d96c0075f48ea9fb537c6e222b,77944430
passed,push,51990e8c2c110177e7854fcd0506250771a8b23d,77944263
passed,push,d2a1930ee6b49418e5263ede30f142072fa43028,77944096
passed,push,8055d82cb5482d054050efb19034ce969b7b53a1,77943915
passed,pull,14a1d6aba16ea009eaa7fdc3fc25669e3c2f8d54,77409823
passed,pull,427121691e8b6ef30a8a62a400de799f03bade6d,77113944
passed,pull,47c91fd835f6c95b222bb0768f342a5bde21d30a,77003963
passed,pull,f378f80d76ac04edf85f581d312ba0b61e3da979,76993989
passed,pull,26c03b29c7621f46f8e0e16a3b03ba595b5d79db,76975409
passed,pull,cc4042e8bf7d40dbf5d61f8c8923b3d4033a196e,76941228
passed,push,7e612cba6b23d553e3f23dfaaa00849be27541d4,76629673
passed,push,3c8c2160b23421b24c5fe8ea0148c03e15ebe3ee,76584465
passed,push,9bfd1a4037d543f63d5045e72ed2d493bab0befe,76547287
passed,push,79e713c8f7fe49f4038f8b0f6233d28317777ca2,76547069
passed,push,99e1199a8c4610ca4e278f26e3d55af939e00295,76546755
passed,push,f40c7051d2f9cbdf0daf37cae4415975be6dd36a,76544610
passed,pull,09ed5aa49ed31c58bb40cfe8ef8515a126edfd74,76544347
passed,pull,872f383796d0aa1a37bd293e342f446717571b93,76389204
passed,pull,5a6301c865758ffa8380939b874c190da9039ced,76388508
passed,pull,13c0a467e14a1ceac75f8f453086687bf4527776,76119899
passed,pull,1f859a19fead2ae7a18a7106889e733204a1f8c7,76117691
passed,pull,cf554c78ca54d8cfa2f774d1243153590e446798,76117330
passed,pull,2af78a9ea30f104ac5b638c4ee206e548e405dff,76108214
passed,pull,bb323e800ec1439d469583146caa233847de5e5d,76014409
passed,pull,db6490cfbb6c5d32ab9f97251b4fabdf720a7c50,76014292
failed,pull,5c29001b3a113c4b77524846082036d8592eda2f,76013752
failed,pull,9964a1ff11bf148d072c501f378af7ad11645f46,76013201
failed,pull,16684a53db5234417cd680ccfe48565bc4168661,76002733
failed,pull,105830664e216857649c397d1fe83384e7c073c4,76002547
failed,pull,210fa478883f853845d62640ce38a8cde5216f5a,76001755
failed,pull,ec76f2a066a7ee1f761cccc4f82fafbc47c36b2a,76000253
passed,pull,85770aa0b2e89469b7a6a6afe39405476621d9e6,75994627
passed,pull,e1ae0a3f2952437cf5ffc661f272c6ed48b6069b,75994414
passed,pull,2149aef57bb888ed43e01401bddd8a58edabb54a,75968585
passed,pull,bdd531bb66286f524fa92783ee8c5d708e1b7c81,75964226
passed,pull,4940b08f37e69869e3232371ac1dc1bb19252eb0,75916113
passed,push,a8b78f1159f5514b9c2435e048277b5fc839fd70,75679983
passed,push,24097196dca9b1fca713ca0c83e66f10fe7253fe,75679703
passed,push,e53b5edf81c18c04444066376d08875771f751a8,75677632
passed,push,93331b8a668a288b685bba01b1824b642bd7014e,75677258
passed,pull,ebdd1789c4a65daeee6a2984b4dad73210e64065,75675186
errored,pull,afdae78528dde875ba58c2f59a7ca2fe4917e7d8,75674566
passed,pull,17b3cfe06a2f88b6a41e4a55f9d36f87e70b222a,75164571
passed,pull,a49aa4ff46021a137075f4a959bab183921854ca,74607965
passed,pull,326bdb3cb769dfda8144401131d9a2f609eab11e,74607140
passed,pull,2d785e820d662145f5e990bd34d2f4ea190c58e3,74598093
passed,pull,3422f0eabdf9811df65e4efbb7dcde68f40c1ecc,74359495
failed,pull,2b1adb9468899d7fe51e0fc17114605c0a988037,74353542
passed,pull,33ee582ce908c5c159d07787900dc94f4305d371,74289633
passed,push,95f1840aa0803ec01a9e757f3e597b5d2af0fad7,72437703
canceled,pull,ccb1eb48d79067fe7cd350982d84f6fe337271d2,71990443
passed,push,95f1840aa0803ec01a9e757f3e597b5d2af0fad7,71893737
passed,push,f494b83985bf494c38289f5dfd5144974bd05a87,71893695
passed,pull,955f0ba98cbec19da615dfc87c4799e06c76af55,71669991
passed,pull,37aa2c7e4e50fdbd583e206772e132b914f66202,71668174
passed,pull,c30a518fa349d421a8722733bb8f74f648585475,71667594
passed,pull,79a94bb062167a3c2e755bd1484bdc6f4325206d,71666032
failed,pull,5a984aa77c13a6d74dab8f82e4503ef536f49a7c,71665115
errored,pull,880e4d25ad79f65769680eb1e6fd59fbe29a413a,71664432
errored,pull,6be0c40a2826aafc5fa6245d0200d0e181beaeb5,71664323
errored,pull,d79856d9b2addc1a02c56838f36ad25fe03daf63,71663604
errored,pull,45b444963c55d871b6c3a57438a904bada931cbb,71663418
errored,pull,aec72847c07c26134af4ad91286f177feef3369e,71662873
errored,pull,7af8c426eed5d580f62e9bc4f0d8de2402dc972c,71662236
errored,pull,f97ea763d30506e844c074dce54aba2b3a22b847,71662026
passed,push,9df31192a098512138c96817e8449825ffa989eb,71294236
passed,pull,dfe58105e51af4d004d14634ee4c7d54f4aaf77a,70632469
passed,pull,347308f809a7b0222d9b59c8f1c1e7184c3d436a,70239722
passed,pull,fca8ae3cbec6e2f001c7b21bc270c9207461940a,70239427
passed,pull,652799aa0cfb384ee8a16ca37bcce28105322577,70239280
passed,pull,0fcaf6f2d15321e4fd75ea43e98878ab6cf75082,70238863
passed,pull,b0e6aea3c8454af1453dc5bfd7c1ff15a7cc80be,70238405
passed,pull,fd228ee68ae02dbad200341ffb916a3362f7e3dc,70237612
passed,pull,49fdfe1e0818e903695a3e396aa63a7dcabb544b,70186491
passed,pull,c10c11e2a30c2604cf928a9240a95b360460a416,70182891
passed,pull,45f55b72dcfa480f34224df54e0db2cf18d04b96,70134469
passed,pull,0ac5ae1c2c3c9249b9d9471a3d945d3706b4adc5,70079626
passed,pull,aa6bc43ab41c993a38d0f8148ec4cc82072dcb48,70023463
passed,pull,13024324813f52dc44780752c6e3f522d900cb3e,69929225
passed,push,f06c90b3396b55780b2eb333c9ddfff1e538a630,68458749
passed,pull,83f93a92a36c63ecf86ef64b536c358424707fed,68368308
passed,pull,7994c6da1e5a27063e6a5ac3a6203cdc4f8194b0,67497020
failed,pull,2f18cd8a5d0abc4c664445289a88debef3c02d3c,67494895
passed,pull,f54779158b6a8f8be8c69ff67598d38fcc0eefb0,67273872
failed,pull,86bc82fa50d840856d63ce01282ce8fe8e7a8283,67270208
passed,pull,4460c8d6c4278cd4b20ff08f457cee702762b890,66790850
passed,push,b0a06a70913c7f2cf0a0cb78ad47f5955f21c9a4,66349144
passed,pull,cf63cd0611860ee05de085db77f623742543cf66,66257024
passed,pull,770aaa97ed4c78424af5f8fd69edac11a812567e,66256818
passed,pull,05a1c5c168b5235f976b7d8c5011a60492c048fa,66099838
passed,pull,c7c843f8074782635b956026673f6c54886ecbd1,65945057
passed,pull,3a0160983b4675b1c0e0795aa2c5347560a9060c,65588627
passed,pull,9197b410584aac568be55c657dd633a69702a626,65587992
passed,pull,f0b8bd9de40ce14860fab355ba3cea5e2135141c,65586563
passed,pull,5545dab8060840d906c00aba1d6250ccc4be2483,65585911
passed,pull,6514a12d22f77fa74d39fb5a2ec21f5bb0f4dd13,65584514
passed,pull,5247024d0f3c86ce729b441af87d3d233480a4b0,65582540
errored,pull,6b1f32b4de131c3da1eed98d56211ff4e397024b,65577841
errored,pull,900ee515986a7b536b42b27e7a5506bf2289867d,65577221
passed,push,75904e28c7de31dc611206508f2f55fd62c13e34,65547224
passed,pull,870556dc2bd8948de4f249c67cf5670a64f3d8ee,65544938
passed,pull,a82952cffa671a650ccf7f93f6b4b65fd225f78f,65537932
passed,push,9ad6c6bdf12ccb0afcc14e4c85da674a64febc0f,65536007
passed,push,234e5ae60b4a3082db8e270b83c927586ff22c42,65535965
passed,pull,6e0fedc4575fd3b5bdf0e8e1cefed314d1ad5975,65521766
passed,pull,22adcb624e681e40bc6f30a0ac1077531eb4f2fe,65520686
passed,pull,4ecb5d029ef047d4e03ab3da7aed4e8643cf006e,65520566
passed,pull,7ce4abf6255bdd9d02a9047a98108671599c6f69,65469437
passed,pull,2523ed6e8879a4c4ef9d066e5ad08533236606f5,65469172
passed,pull,80dbc4b0a6d00689d7f26ddae4af9dd0bec8c6c8,65468684
passed,pull,1486dcf46eb6de5a3462a6cf5533a2c27fa49d96,65468167
passed,pull,7f170226c529c6456f732d03cb72ad679f5cc19b,65435106
passed,pull,64fdeb02999002dda1902c247c3ab0ee47d28692,65315390
passed,pull,dc6d3bdbf245e6b1719e998986225c94cd6a6f46,65272825
passed,pull,c621cdc86bed3b9a17a4748675ba08ceb72d7bc6,65270878
passed,pull,b324db976235bd57ab90603592b3fe02bf4fee23,65267281
passed,pull,775193ad3aba2a2fe8072c12ff3945b86c8f4fc9,65266978
passed,pull,2dfc4e7b97904ae0fc5bea089fb8a6844603a3f5,65266397
passed,pull,e6e6fe8822fef2f07cddf6858eb473717fa3110a,65259799
passed,pull,49f2526bb5d179f66e5063e3d4214be888c69a9c,65234965
passed,pull,06aa0fcedf90bb979e95edc15729debf6a374a5f,65072366
passed,push,1c8add6b1b3a0597a47d039157da5bb95226ff5a,65042375
passed,push,7a27f9e502ffac4f27604436a91e1c2ba9d6bff8,65042330
passed,pull,34da293c8dfb4a68db2bf9170cae5dd65ceb3cf5,65017347
passed,pull,f38d92e313865e6c17c62c3660c5702aa2eb1e35,65016754
passed,pull,8e2809ffdd5c6803aa7e7e6fae43efb03773fa26,64905271
passed,pull,5551a946d0906414ddb5a8f49939f4d5ece0dece,64885891
passed,pull,e96f501a520cd26e0bd3df9d7b5f13a9565667a0,64797907
passed,pull,150a35cde15514bd425da3699304b9eee83f9775,64793371
passed,pull,7cc925fff0392230ec2e357d1c8ee0a129579f89,64709266
passed,pull,6b478ca117f260070247fb75203be0ae65ba7929,64708357
passed,pull,cf5dc54c92f6b02e0289d7a282179a02631ad17c,64613584
passed,push,c88387e2a2961dba504db5b921fc835a5da6db9c,64533998
passed,pull,2bca87dc761bb2f9a22e3e60d90a4fc2212f05ff,64519515
passed,pull,cd09cc4f65a98fa0e17a636fcd7e756a3740fdc3,64490445
passed,pull,bb39f0fdf0b87cec2a16509a6c748da3f5f93cba,64479912
passed,push,59316ef4ceec39d018ddefae4f24387056c05290,64452074
passed,pull,1eada02c94af56b5476b9771398b303e1850b2f7,64432534
passed,push,c1b91e60ad52306e738bd9c8d21b659f51cb6922,64286846
errored,push,22206b7b6518bca2f845f8af050a68cc26507005,64285829
passed,push,09dfa00a167590bf6557d7b65d0b87ccbb906da5,64285632
passed,pull,8b22c57dc3bcab55c4b699e71c65f41e181b8d3b,64170377
passed,pull,d1ffe3757dd19c17a1d40d00a58069d10edba635,64055030
failed,pull,47284ad5c42bc9c60c1d5dc2252ac0f625cd7a1f,63980994
passed,pull,d4f34bbf5f1fd83d7c53b313d3b22a442de91cc5,63931256
passed,pull,5a83fa09913c9707b1b1d722fe6b1efcb19f485f,63921618
passed,push,e9846d53a1a6d97246d2eb95cf58201a9b5c2c0a,63867205
passed,pull,7a7e56a1527637d7898e4375bd04083cc318fc22,63621307
passed,pull,27d870e91059ced4fa438f467b9cdfdb9c8c9ae7,63375943
passed,pull,28ff0e16e264e7518d2159436d9bac94d8f057f2,63330077
passed,pull,68e4c0036bbda5f1a91100480586336f6fcdec0c,63238764
passed,push,e5acc487a1c345127790df7b6cef57271eccda17,63185397
passed,pull,760ff389d89b8aab98170454a62fb7a822fa27e5,63117853
passed,push,d1893b596b62bf0bb1722a575729153e0d41dee9,62837194
passed,pull,72674668dfe0deefc2e433c964dda88947b0eaf0,62805180
passed,pull,c4fc53b9c9b1b83f7a676d4f0292d4ec0882acaa,62804093
passed,pull,9c7a0d4d283ea1cbd4f2fe1f6b39462bf936220c,62803981
passed,push,81bef0175dacf22981339a48e8a2e66a97a44d3f,62778290
passed,pull,6bbe03173ed659ebb9fca0ca495475c2e38ed32a,62778174
passed,pull,ef9dcaf43f565ebef3326fc6e750e87d5188cb79,62696020
passed,pull,546aa3136ae698163253de02f2b32e3fab195b6d,62691048
passed,pull,472078b28d68ef140fca77f302a511a1285e1fca,62653032
passed,push,c9750124a4a03e05c925cd86ebb65be99face5cd,62199738
passed,pull,d7c59b3c35e7a965767c2dbdfb8bb9d39f3f274a,62074475
passed,pull,e8e67b5e4044d8cd5d68baa115f757e21560bf85,62074129
passed,push,fe544f90bde38c0bcb90be4b833d4578dc452486,61800014
passed,pull,30d7578e245aa58af79329f044379552941ebb9e,61699397
passed,pull,96258d97be4158b145e40b394e1826ff680559ea,61699079
passed,pull,f19e83333a7eb6da98bcfc6977d04e36c7fbf491,61698687
passed,pull,782fa940a85cfe48b3b4518758693eab4c81b4c3,61389640
passed,pull,91ef4f53bb068ce45c56b9a23e19746739a2e271,60960732
passed,pull,722b48c9d607d7c8e67af8637bb4885a72696735,60960595
passed,pull,197fdab5089ee4178a8e197d3324436da9a0b5ff,60959421
passed,push,645c4ef61e792fc4b1718094f72e18aa9db6ea14,60713767
passed,pull,3f13cac9859fa0db7d5822e048aca13a48097468,60559918
passed,push,081b909f215f44634cc28e21a73be5e120db72a3,60353624
passed,pull,43e03e2d9dc4c38a293d4084a0bf6c8096f7bc3d,60246368
passed,pull,6f354b361c4523f048324eb519662088fd7dd7da,59606097
passed,pull,cb93c0c824175e75482c79e237c575d85676e8c2,59414133
passed,pull,22a0dbf6290d204865e2e70b23a16bfd39c130ca,59410965
passed,pull,433feed3967e13945ad64394cd2479c0cfb03a36,59405571
passed,pull,d9c6250638a993a044962611cda183c659d14e6b,59029693
passed,pull,b6b6443251c82e2194abccebc756ce3c03d179b9,58768011
passed,push,e4bc4ac394d9772b0da0376dbca625ca4806bc2d,58767395
passed,pull,7a1a9fc7e0aacb1e20cefbbe5a1559ddfcf3d7e0,58760969
passed,pull,2b27ac6198f72023812c2d18f547fc2cd2bbe22f,58756008
passed,pull,ac4f054372c7ffbad8c57d0c62c834a17a7e996c,58748355
passed,pull,880cecfbd873fe5814f7e215b90dcb92305eb777,58741294
passed,push,2d3ea001fce76ac2b446cfeb3e317cc28ebdcd30,58669186
passed,pull,4807b98b71c4b2e328b31cdf89896318e8152430,58645687
passed,push,dd65247ed0eb141cc64cd69748d74964ba966d31,58553737
passed,push,80a1c34dff051b854bde4bb569f37505e2ebbca7,58552849
passed,pull,ad7ce620e78527e7b8208ec601dc0e069b714d60,58504800
passed,pull,e2c0e41792df431357902ee59f7b4c4321b9cb4b,58354725
passed,pull,6f98568f81efb1dcf1f55e45f75a1d2ba4ff7099,58350326
passed,pull,edd10d9cc107e3fc110d8e7a694983ce325f579f,58331119
passed,pull,b3884008a9fa940cffd8478cb3c934c0de25fc53,58328704
passed,pull,8aa46368a436918c5ac4ab43c9f65c52e67ef9b5,58204428
passed,pull,2a06e1aca64927381c3918bf615e69550e007181,58190960
passed,pull,57c4b49e0fb3a6ecfb10fd1ccb69dc0a82532c59,58186866
passed,pull,f795119d9c45ca428471d3c178e2683a7097db50,57871562
passed,pull,159bdb8e12fa4be820c467e06062d63773d01843,57871277
passed,pull,ef57fcd9b244ffe12bf3d2fbdd82b2d4ad3f162a,57870973
passed,pull,9f2b09b68e23c2f4b7a0345b56bd6ff672fef930,57870420
passed,pull,77b30b8a3893f9b00fd0e5d3894998a115679e0b,57870217
passed,pull,e4e94893f83a7a5f66982bd0885d7bd51a874898,57836714
passed,pull,68aa1ea846e33596e0652f6420241b69c3960a71,57836523
passed,pull,6037f42a558fafee93543eaf7ec20ac24b7b9bfb,57835801
passed,pull,8cf428929ea59a798a3390673dd05c1a79ca8539,57702522
passed,push,ab6646875ae298d938465b0683a49c28c25f0996,57456698
passed,push,f8605533a29349c19a6efce1a3c8bb90dda7e150,57447012
passed,pull,d2d7649432c2e7035381abdf297d2e71c6af6df3,57391515
passed,pull,dc4914e362003a787268bd1cb2d8694d56e6b3b9,57380928
passed,pull,05933412d0595c630d271ad2f6cd3e15350ea2f8,57379295
passed,pull,3c3a2f5b08512063f9cf2f2b03edddf9b3c8730d,57377395
passed,push,9ffe40230a53cc2a22519f43851e052a2131b727,57377351
passed,pull,06e194164534cef525f2190e9ed2f3b298579de1,57373892
errored,pull,0d1a9fc7731692bd2449d0501f9f76f1c4335e5a,57372398
passed,push,419aec9aa570467238788d544b6e0dffdb5d6d24,57365972
passed,pull,85a3329b8709b32cdeca1a014754147f2fb63b4c,57331003
passed,pull,41749cfab9ad0b075d8db0fef2c52ab59f269eda,57328591
passed,pull,360ac40af57c32bb6b446ac4f8b11057ab6623cb,57320019
passed,pull,c6e491fa1310487c9388337517b65f4d79385bb3,57317022
passed,pull,9e0e3f1a297d958c4457577c6ef3b2cc306709b3,57269799
passed,pull,e4aaeb2a843de039db3ab94adaa8334a5eb920a9,57268280
passed,pull,3301d1d4ec1d0117a182746c45c5035f0d173d13,57267455
passed,pull,90546839ba9fbd7ffa363ccd07b57a3ede361e43,57265903
passed,pull,83e3cf1870c1aac393c814195b287e14de2fbf03,57191802
passed,pull,43b6b7c277bf145399e7b36c2d18135d537650ec,57188518
passed,pull,2a9502916d5013a06e74e6f52fb6f0dcf37a074e,57140086
passed,push,8378cb74a08a067f7a12675c82f7999f9ea229c1,57139464
passed,pull,bcbf08fff8310136596f20f2fc949eae47b1d2f9,57139257
passed,pull,e5e9571f39bbd35b34d9ab66fa21374de1fb0af4,57081470
passed,pull,87c6ae6980165d23acdf247be0040117848e7ee5,57081357
passed,push,28702baa98a80ac0f0f3dab4be41bba06852ae5a,57075064
passed,pull,ab907fb5b959ad293242cac66341dfecba6c8480,57070826
passed,push,25b4b88a11e757a367055466e011b9267fe26048,57024200
passed,pull,3e61b4ce2482f393f6c6ffb78072891193402ca5,57023828
passed,pull,09dc599a6bb0bed2f5561a6042ef1c8eb0e217d8,57023188
errored,pull,753baf753540bbe777c1c8bed5d4b5c7f06d8f6b,57022904
passed,pull,fccfa68fcc1f459f3689bf8f670d6e65fdb97593,57021316
passed,pull,1600a450ae7202adf26e11699bae369a66a6d158,57020986
passed,push,9aad9979f605821fed281aef40889d6e74377166,57001158
passed,pull,66ced47ca523588b706c0dadd9050bd3094effd0,56962547
passed,pull,6a259114f2622bdd83d928b103ba2fd42b930a66,56949925
passed,pull,9da37ec7fc634bea4672214cb00506a973984ed3,56943384
passed,push,ceb7d444ab2c63f227394fd7cf6f62b2cd1f48dd,56940585
passed,pull,9df60eedf08930907b49bdd259384ad7f965f2c0,56939041
passed,pull,c94da69071ef75a43227b0730873be7cb04fe555,56928725
passed,pull,5b9c97ea7a304a6b4d9781955f3974ea438530e2,56926431
errored,pull,6a3c291a33b1f5722484401cc6e23cee0e4ee14a,56925239
errored,pull,a256984faad78af075d17ca725a34da9c414ac99,56922636
passed,pull,16fe6a962f823c6f7c7f7900fd54b1b337145899,56914232
passed,pull,16b2e7595554540c47bd11d96bab39171b97f2a6,56762357
passed,pull,16c6bdb5e7b87d67d573140a281a5ccc95156efa,56697254
passed,pull,54c969fa586fd97378a08025f83e820ab1445ac1,56630725
passed,pull,d7473a2a85685b1c8066a09929360b3a0d01168a,56617976
passed,push,bb8ec5c99f8f9c7787ed0449190ef3d25c0ce767,56611041
passed,pull,50796dca0e90b8a257fbc261e52d8527f2e34b44,56562060
passed,pull,556246019c8cd443c1e867e8a4746a45e1787b88,56544661
passed,pull,37f20f9ad04ad76fc788a945b855ee6d6acaca7b,56385721
passed,pull,5894724048e835c75c5fe9fe2f5e1d0bcfad7d05,56385056
passed,pull,125c771025764af598707e995f2e89ed78180adf,56341935
passed,push,879aa7781ebc5c0e28885b8032bd70da97f77c09,56329054
passed,push,349f81fec227bd457bdc92f4c991263f3f700611,56328503
passed,push,861d7629180806185c53aef247a87c1f666b5557,56328084
passed,pull,b202a879fb05a6f35f112321a3aec2bf8d52432c,56323222
errored,pull,3fdcf850ac38dbc1d0b4dff03106ee7e35a41409,56322749
passed,pull,dfdc3e6aa7437fec94f518788df7609cfb02655a,56320562
passed,pull,ff5592efa25bbcb514bec434ada36bd7a28239ec,56319176
passed,pull,b34ca85d17890537bbad22246bb99d1a580128e4,56318891
passed,push,a94b6a8fa6df774eb2ede291b5747fb29480c742,56316202
passed,pull,ecc8316a2c6eb155f1fae131b2bc1c87274383dc,56141022
passed,pull,795931f819422220f1fa949745c4c4bae8da31e8,56140767
passed,pull,c37ee3ad1e9725200de5d76ea937db6147a847ab,56139862
passed,pull,66b6fe0b3f6bf12bc747eee5fcc71bfca3997fd7,56139207
passed,pull,1b57f686f9151fd29245b408806a01b861c1c570,56138392
passed,pull,a5bf739c4b7082b9fae815c7b65f1b9b93ab2dd0,56137565
passed,pull,7dd2964884434005cfb15406a3bbdeafcfd1ad24,56136895
passed,pull,976cd8e4b09fb49070329f40ec03fd341fd2eaef,56135674
passed,pull,88588b10f68d4fbfc52f9a98f064b06b6bb07c2e,55836087
passed,pull,ef533b00a60a54ef0f2e79e037f7f0f63c227207,55771405
passed,pull,749a1deb2cb9e2af88112694250524f40f6b3127,55650057
passed,pull,465d3ce31d5002393e14b4f3834c9b435073ebc9,55450616
passed,pull,fb9ef26b2053a1b8370c265525a10b62bad24c20,55398566
passed,pull,933f77e754b65fb01827faa6b9e87a3665c4f709,55397517
passed,pull,39af6d1d5e5be7c1158d68901260718092790319,55397094
passed,pull,3177a17e63b11a76aaa275e30cab07cc60342491,55396698
passed,pull,ba790f9352c3d0f703aa4e0a6a3ea539a8aafb02,55396380
passed,pull,2efb3eaca93d5ec9fab09467e547b05cd125a0fc,55396144
passed,pull,0780fcce42c58f6b453de1016565e6f6ebed5657,55395997
passed,pull,57e4089536924b9d2ced020c5873e7a0547b6251,55395611
passed,pull,3c856a267108e9579662baa59039249212b5e1a7,55394538
passed,pull,f90f4c7ee6d7756ba7e4e78687f6307a71b1c6a8,55394354
passed,pull,48b4004d14ae538a7ca72ab3f181adc352d5c403,55393681
passed,pull,054003cbac2ea662a0869c0de30a4a5e18a74b38,55383387
passed,pull,f62076eecb10622fe512a9928dbb67803c632878,55368678
passed,pull,9057d69738add75b48cb5fea9983c236eb8308a4,55365881
passed,pull,bba4e14981e50fecc19ee0d999a55ca5220673de,55365338
passed,pull,b6000adc873164cfe53896000843dc1a43f81e20,55365092
passed,pull,70ae352f7b935481035807ba1b9aac42681f2c77,55364915
passed,pull,3c263c58f4bc65debbde7a128f76da97192b5333,55364414
passed,pull,1d2e563583092f5e35699fb9540c9ed881feedb7,55363558
passed,pull,add65986d00eae21af0ad6b15798715dab5382c2,55360563
passed,pull,c02f654d7d76d2ff8fcb1c893f4bd9daa27ef37e,55360246
passed,pull,6d1233ac7f8ca94c402e4a680b718b811a34f34b,55359129
passed,pull,b491da39af8643569886710c0a83620daabe4ba5,55357527
passed,pull,d641bbdc3d715d82ce66ca9d14397c975ee62252,55357131
passed,pull,63ab484071264a175fa8631b5965196bd7131f0f,55356142
passed,pull,cdaec6fd49ffeed2636c5a9a79d92fc5e0655258,55355818
passed,pull,bd27091bde84105d25982f01adaf287037f0e83c,55352672
passed,pull,9654ecc7dcdaef3ecea845a6d1534c255b6891d2,55328410
passed,push,d15777cbaa6c8bfc473497a316cab1028f47d356,55324455
passed,pull,8e0c085d4aabfce005196c13ff56eab3ddbd71fa,55324267
passed,pull,50c6a37134c468dc8ab9ca183678998003d517d3,55324047
passed,pull,95733832ae8cdd6b6c97061c7b939216ad2120a3,55323697
passed,push,4003ce2a797a66c1d96158001cbcee5034c68303,55323424
passed,pull,9a9241153837a55d1629efe3eda6076511d67e0f,55323281
passed,pull,0d131d9f3cee8c7b987d736560f793f8b7b55693,55323151
passed,push,ebb0011641a6e224f2a1503cb83d88286bbe5336,55322041
passed,pull,2784e13a9a3e3f2149907edce0f30cf6f8f062c4,55321575
passed,pull,999fbcd0a4258c2c26f703b0d3237dc53b185166,55311500
passed,pull,80cb9017efe843c59ebf5e280273136f24196e5c,55308360
passed,pull,8eb3ab52244294fc13c8bb0939c93b0d57281899,55308112
passed,pull,1788fa0cf01197705f04c4a6ba935cd6636569af,55307526
errored,pull,3e0559b6ef7b7d510da8f86052a8f73531f89b2a,55306506
passed,pull,501dd6b7d1cce4e87edade4cfb70884edbaf51ab,55304457
passed,pull,f6c9e2d16b7581edf39c463ca90a9ed41ec95d46,55303864
passed,pull,333d50dc254be79c58babcea334d577d07f6be2f,55302536
passed,push,58ee257fc8f98c373d534a4a0a19dd2296dea530,55298876
passed,pull,9c906a06ba925d843a4778c09441c4d00e541729,55298483
passed,pull,1ddc91c857b3039b2ec017f78e3d3d5cc4f79ea6,55291159
passed,pull,3b97fabfed60d2abe90ed88b1b53feef23dcc194,55290532
passed,push,813abaadc0640e9959cdcfc9ec63a4f691f40400,55289957
passed,pull,fa78eef8b502dfbe08c45f5f1f9076a37367a4f9,55289761
passed,push,f7f1308318e0e5c8981f4b9ce79c8a30b42ccf25,55271483
passed,push,74ba0f3ce064bdb57712f7612265a2d23820bb2a,55271171
passed,push,a4b8f42479f4207365d6b3c4347e2f7bf9335613,55271093
passed,pull,095c7ef17ed7a5a8391f3d01a8cd6eae8c0cad8f,55085443
passed,pull,a18e49757f2610eb43717d6dc644c55ba50d2a80,55065219
passed,pull,132d21e8755e3c676fc1e5cfcc1b6294c7100fab,55064056
passed,pull,bcfb5cdf953c0a68b218e25b3dfaa6755e52ae4f,54930051
passed,pull,fe3ce7c4d69b3651896ce971da0818ca17ad0fdc,54927215
passed,pull,88a654000cf5db7b5fdcd8c14a20f256824581b5,54926793
passed,push,a6647e559f4bb4f8a602892a18dab81e20cc9af7,54923540
passed,pull,768176d5cfdaa0c8f7c3237a19c3e61a7c324706,54748992
passed,pull,a91f12c8ab365d7f92c29f5084ee7a1753342fdc,54734759
passed,pull,1f54a650a233df5c532cde6fc9e2717d2703e7b8,54728228
passed,pull,aa6e6f8e4ca811fb75a2764973a4733dcec1750a,54611724
passed,pull,a72595fd38b28b241b26c269f901fc66da833c11,54610226
passed,push,1f09eec4f386727f74568831c252bd825029d00c,54600580
passed,push,170bbd05f6fb7523babd26cca82a6120db70e3de,54599926
passed,pull,76e3a3652d5f606b9cd17b55477afe3a58de77d2,54311889
passed,pull,f559d36325f04eee44383782fcf50fbc6100f56f,54276514
passed,pull,fea0f14b51943813d44e9dfa8644e4f6a5093c55,54027530
passed,pull,b8b7f7c3f379ad63bc6f9e18da6c2b72880bb05a,54023732
passed,pull,d5f446507ab80f71982058ff1f53bba690dafcf2,53856189
passed,pull,3736cd1b857a21ae78d2a772cb0d944088d64d97,53709662
passed,pull,6fa1aa1b7509b5b41a382e6f4e11e99522415f76,53706381
passed,push,c60942a8a4e0de4940b052cfb6364665d6d3db43,53665954
passed,pull,a407748a74e289374f01b2d472518948cd3dc8fd,53655963
passed,pull,8814c1fde8c38caaac070082bac1752afe28eedf,53645676
passed,pull,bb5cd3158ad74ced043649f1c3097a9e4e7e42c6,53584360
passed,pull,e8594fb4f67a4392c0cf5a5f410f2b4b94ca4a21,53572214
passed,pull,bcb2c51e60fe30398ba0706cb4fdd7bb36a748d2,53570977
passed,push,50c419b7f30a8436047dabe0da484784d1bb6d9d,53527829
passed,push,36eb38095fca5d702a088f2aced511458e9b4bac,53527149
passed,pull,c35142fb074ef8ddada2fb334972cbe46bb35c93,53472279
passed,pull,3ad02fb7141f1805d0840b6d7b9f9d7cd30a6837,53459415
passed,pull,cef132f4a9f181668ea935c23364d22d975f21d2,53395607
passed,pull,a26f3e8ec028196177b3e764138b8165724ccd9b,53394638
passed,pull,4314ea1539f2929f9b528fa78cf8c4c0b5999209,53394380
errored,pull,fdcddf9ed3812ea07a0cba60c6fafc0b25d0ae2a,53393976
errored,pull,b7c5e5c0519ed37f9a7b47248171d43492ac215f,53393414
passed,pull,5ed4de88dcd463733acfe3f357e52c3d5d6838e7,53392739
passed,pull,a65c4bfce3627f3979b4aec3e42ec7f0433f8953,53392103
passed,pull,5a4c8073c5b94fa62cd0dfa09a3fb8819fb196ae,53391455
passed,pull,5b810d95e32444eec8c8f2bccf759d0acff3b63c,53390208
passed,pull,87c42dff542234c9ded382f525189451d5782453,53389528
passed,pull,da9c4ffc56a2275c69384185db1bb7f02e435c64,53388853
passed,pull,f778e1a1fdfa8a5a74e41b9d0ec274c3960e4c92,53187769
passed,pull,e403cd96f7cb9b2e8021d02c75e140560ed5399c,53105816
passed,push,d0fd6ffd940cae6aaee34ffbc1e5e19d579adf09,53091856
passed,push,4894d3c2fc3e8f109437a7834d4db91c9ec6658b,53075637
passed,pull,e7b405620e58ef39dbc34d0573c8e33cf9f5b31c,53023092
passed,push,151ef593b436b3a938965db01f01e8e02fd5cd4a,53009665
passed,push,7292ef448fcb401f0460764cf0c6b3a586c4b17c,53009218
passed,pull,c72f0b19aa86d06c264acc38f0dab50813360bd2,52879788
passed,pull,a2c2032959acb0bec37b483778af421e053db633,52803985
passed,pull,0485be081905fa804523c5caa03236772069578d,52779567
passed,push,d3a2ccc5616b38b2c8f4e79ec10634c3e4419291,52749772
passed,pull,9352b322308d67b406e75e63bc28bf21e5b4dab8,52733412
passed,pull,a57fd2671f4a3c6ac6aca675639cd834f1e1c685,52710293
passed,push,9184539f122474080e8c58d1733f92264b31eed4,52706068
passed,pull,4aef0a45dab5fdcf290ea549da046499eec4485b,52704628
passed,pull,447e0be7d4118f4bbb3c3cabe31be6be42e4eedc,52695315
passed,pull,8eb56ed2100e039c72a25f1ebd36a09761a15fac,52626901
passed,pull,695d033da24e4800f0520230c122feb2727ce6d3,52555121
passed,pull,06a03d4db7e517d8e46a7dee2ef884b0c9365aba,52281532
passed,pull,188f031ef6fab2222db83a56ae3e05da288f39d9,52189008
passed,pull,51200d0f48d48aead2be737db6bf5bc5100d2f33,52188353
passed,push,86c7fbe991696f6d809bd53d02556e9ab39b5229,52165373
passed,pull,662b44ac965ecfdd47e719315327117d99a40e44,52126365
passed,pull,26f1cf37c75cd303227e46d05d1ba1fd8def1dde,52117821
passed,pull,fb1eb56257c0dbf2380b1a53cf0c19c479ad4556,52051254
passed,pull,bb65c74f14493f4cd0ff2ae4da547bcb6f22a712,52040179
passed,pull,473da2cd79940d38567149d809546b1ab25b27fa,51804870
passed,pull,e5fb6408a041999866061c1fade2e0fcd899d802,51801779
passed,push,ce008fc4a1c946c0ca5c9f97566bc5d0c475ae19,51735518
passed,pull,c8909b9ab41d89a4d3661651653cd5079536cbdb,51570732
passed,pull,879e6cd40b60ceee7d0d1e9b54055262925b779e,50848045
passed,pull,23d8e198b1bfa6221c5bcd1f3acaad7100b24d52,50606818
passed,pull,18c23966615817c0336440c6c68777337877c192,50473345
passed,pull,57af20924e978d9ca7c4dcaf5a6b6c209ec62ef0,50453656
passed,pull,7406b4e65c8cccd7396ee9119dce47fbbefb9ce0,50453498
passed,push,5ca221280bf66feb380f149c664aea7bb5948750,50451235
passed,push,7b4331a46cc2c9e7cc6becaf41bae862286f9d9c,50450526
passed,pull,a1665d589f0d3338a5cf024da238cb67ed9a9fc3,50407549
passed,pull,5786e8491fe06dd7e7acc63f7739fb3ca5010171,50398997
passed,pull,052585515d80878d0058f7f3f261bb0f9a93a242,50397618
passed,pull,a588eb4a28ce570553acfceec97ee4a8ce1bb83d,50396467
passed,pull,06890ffb51c421443f4791984acf5e3606e5bbcf,50396156
passed,pull,224954e218375d425384b49f9ddecb2bbb6b058b,50392155
errored,pull,67394e5cfc8171666847365ca82be113a295e937,50391259
passed,pull,5b7233aaaa6d7b847cea02c7301b69d619b3ff8c,50373368
passed,pull,e044728f3d708640c9a33a2df5069506381679a1,50372891
passed,pull,6cfc38f39e737c7d5c47e621e7e5e559d14b22d5,50190799
passed,pull,514511f57f87a53dec581d14e0731f988432c349,50172468
passed,pull,8a2cf060dc06e223c0ade59af85098ecfd6def9f,50172205
passed,push,0b12da6f1de15ec040fe9b5c51a30636d784d192,50171557
passed,pull,2c830c3334d9a3bcb3f0092013c593069bd675c1,50171247
passed,pull,1e5c22173a5c3d1f98f2c49afda3c841c45080b3,50170901
passed,push,deb1e676aee2c4c944e618379e6596505a8734ca,50169315
passed,pull,67466074ce2155bb9f01359fc1765e30d98124d1,50158524
passed,pull,5c68cca0d24252876e4d66701d4e3fe195984ac5,50119973
passed,pull,0441d6c9e43aee8f322366957099492337b091d4,50118491
passed,push,676ae706b6d41d6e116b3dc7d638085c5afdc903,50090806
passed,pull,a607555bc5d4a1ab5a6d6fb3306a2ce4e02b89ae,49959710
passed,pull,bd072a202a7cf0b3ebafb84b9c4194c476a79c7a,49938544
passed,pull,0eec7d46fd099a7c4fae53bd641324c2c8758c36,49887944
passed,pull,fc0028846a39056c51d33ecd30eb123d7fadabd6,49886938
passed,pull,b183a49405074263e254f71abc19f1f02747bd6d,49884088
passed,pull,f54e60c8284227fea32094e474242a6d890a923d,49883756
passed,push,294a101fb41dd4646cbe6810a2a4288b7e437210,49878618
passed,push,97cd3a5e5a25ed5b8c7756319ccc1e44ce889045,49849203
passed,pull,306c5ca5f7a54d59c3a559ce2d9cc32b6e2d6420,49725162
passed,pull,6cbe09e243b9cbdf9408b6ca6954e401cffa1ee6,49663843
passed,pull,1179efc0fbd6f24cddc050ad102ec07d684d6f9e,49659561
passed,pull,ddb90c7ec3bdadb979fe22c73624ab258b073de6,49659303
passed,pull,3dc6934d15f0500e7fc65e9edb7a7bfe308d4407,49657089
passed,pull,bcf13d0ca718bbc875fe1fbf48e4f85de1c9acaf,49627866
passed,pull,e9f19e69e1983bfc40a1648e201a91ce564052a5,49619583
passed,pull,c31df1496aab46344df8c36bc00568d2dcbe8a1b,49610539
passed,pull,cacaa7e267a51f99e7211d0fdc7d12164311a9be,49608329
passed,pull,6d45202013f47136b2fbb0e36299e6eb4d874b7f,49502164
passed,pull,4e5f81eff6d262ffc8d40a8f1ad4c6f3072342b2,49366526
passed,push,03db6b8ac0376ff5ddc624460150c7e9103cb065,49365500
passed,pull,7e1c5de98f17a3f46dc026c6c1e8e2b761e1f294,49347609
passed,pull,726c246fa0a2e9523bc27849d957be46c3881834,49342314
passed,pull,0576e127dc2268f398e9815483d2e4acd46f49af,49219445
passed,pull,942d014dae2d4bd616b205b8148e4a4a518369b2,49218926
passed,push,43599c9fc60f8a417bca4a03c6e59ac4bafcf972,49216324
passed,push,5b10a6fdd231fa06727463521765f576b0f6c209,48739726
passed,pull,1bb3a13a4f9c7ab9e1b574f3f0adc656a710f1de,48620938
passed,pull,d8855dad96c3f1b3b715fca3641b864fd2e220d5,48611878
passed,push,3b64ea761ba42986d9f05475cd697b0dc47b139f,48581181
passed,pull,58c42ba589139a07e4635c969f0f4604d431137c,48537667
passed,pull,f6e3f2268a9810ac9b1f36b41f9e0684bf0cc527,48466730
passed,pull,d2dc9300485c4c32f84322c077f805a1a40bae05,48454865
passed,pull,89338abb8aab360806f6830a3a70cae68d8bb935,48347420
passed,pull,6a0bd78b8a4f843f4ceaff304d6fc596ba9adc4e,48341895
passed,pull,f04807f9f2a4a6c0f1ef79281dde7ba55cb89f5c,48296104
passed,push,2090eb297fd8c2e606542eb9a7b22b07ae307440,48182800
passed,push,c72fb9b9a8a0b7fbee1665fda751ec7f6ba3bfbf,48143083
passed,push,52b250cfd2deca354f19a725f535c297d28ca768,48142554
passed,push,e3d06a1545685a3d3c66808a9057e6be86429b1d,48142087
passed,push,9382f806e125491de701a3d2e04c817028b5b930,48141998
passed,push,1bc57e806d9fd1308b81fbab59bdd8422f3083bd,48141769
passed,pull,2abc6afc3520880aab162495f8c0e2a655667aff,47939321
passed,pull,acd0002cfd952516f6c6d328220a47e1b01549b9,47760639
passed,pull,b798e0923ddec4a5b48155112987d6953b6f5b15,47517240
passed,push,cdc30b66f1527d419f33f83fcc41eaa5a95fc83c,47338010
passed,pull,87722eb623ae8b4409df105da49f501b4bb9bc5a,47244496
passed,push,21c7b0dacc9fb7ac5eb65fe8ee24adb544f9f52e,47236518
passed,pull,64d4890a30a8643f672a384850d4654c78628d90,47233360
passed,pull,abc4ffd23f59815f04c88abd399689b74a3b7089,47229401
passed,pull,ba94fecd800d60d3b0b5174652b80dde01b7980d,47228749
passed,pull,3452a00c85f855276345f4babcf5c321ac46d0cf,47223422
passed,pull,fdead340b32a96480e20e6595bb4e0abd46d07a5,47144786
passed,pull,377170411e86f38e48e8e42c85dd14176a1ae786,47133443
passed,pull,28f62ad184ad2b92a8d2101cfe088ea6797d1859,47130654
passed,pull,9bd0de8d38cf4ffe48d32c22fcb431cffe5c0a83,47127053
passed,pull,f85e1f50e5ecd16721edc695e6fba00548d12e21,47124777
passed,pull,5ea65a75d3aab70a3983fc38a9e4bd5cc65886be,46960642
passed,pull,49005a2acd91250132975983816447cd78bb6e7b,46753713
errored,pull,43ba53bc0bf3085bfc66d40031bf2850991a4ef5,46752245
errored,pull,0b7264e5412938800e770b43aefef8ac29482733,46751083
passed,push,99bec6039f5ade4824c7132c872752c7b391f201,46715037
passed,pull,64cc0657d7dfde8d4ec6c13598725125abb9fb72,46710827
passed,pull,1ab9f0de338c973286fefbe489181e8bb240059d,46660345
passed,pull,2c905737937f12b85f593edbaa97af243226c693,46643519
passed,push,b7e8a656598f6d9cc6db6dc12d6e5720d76bc3ae,46634918
passed,pull,28fb0c5dbc1e2e50d3751e51e71ca516c2eb49f0,46616065
failed,pull,2a724811fd240d08f9221d98039b10200b8fd8ad,46615883
passed,pull,523bf2d586a51768d68eed98912f91276f8bfa7c,46414182
passed,pull,5cceb372d5342b2a6b78838732db5e23636e693b,46413702
failed,pull,136958646efd8b5f501b2b0662e4fc180eabc0c3,46413314
passed,pull,97abd469c152afa7e3566fb1bd1817e4fed97fbc,46412939
passed,pull,830bfae92a5ff702f0a1600eddeb55075e71d900,46412109
passed,push,9a5a5f01118d0e6d345ad4242ef09c2fc6358c82,46370033
passed,pull,24fae6739c123601bb3af2ba329bc6b2d3009d0c,46312946
passed,pull,02bd368c39860ad53dc10c38847c9b272ff412f2,46297922
passed,pull,aed354ea0ceda8bbdac1de95acb4c0ff580a0465,46287087
passed,pull,7fb16b6435e62059b6e7c8d38ae25740220a1666,46286675
passed,pull,416e942c6bd4a6b426035c207399c100ccb3b18f,46285880
passed,pull,6a43ffaaa5da667d6b10915e0b02d8f206385909,46247720
passed,pull,1038f504f3df637a65f8eccf7eac264985df260d,46245134
passed,pull,af77f6aa96802b9fa64bdf34c8e79fb8aa9f0aa1,46213967
passed,pull,881d2195ebcdd771160e9c87e9e40f5bb4d6d998,46213686
passed,pull,c369ee18d7b50512ad41d64f1553a4d200c40c46,46210979
passed,pull,7d38de33e7bfe013ebb81ee4ba9e369584c0c687,46207573
errored,pull,824ec4bf14d408db0bbbbdb96a43854f4dc98598,46203714
passed,pull,9e73056d580130f157b3f6c899cdc9b4504f00de,46202130
passed,pull,33b935f0fefc9e05bbb21062bf3475ecf414cdc0,46184576
passed,pull,bc7d31ec6f46f4222a1277add55dccc037ad67df,46179386
passed,pull,886f84becadc6d34fad8118c23bc47d9583d45f0,46176881
errored,pull,4fd5e05f9323daeb880b6f29eef7f603411cc3a6,46176298
passed,push,5aeb2e7aaddb89138959f02b1a1d86fa796c0405,46168197
passed,pull,492695745885fa08d7b67e943dccb3f146c7def2,46167208
passed,pull,90cbe8010c07ee1d8ef08ef8a4278f0782d503c4,46080822
passed,pull,548474c8407160d4a94f96f43705c4a953e61b40,46080532
passed,pull,b402d237a22315b5a8860e9fc131b9e1a4756bd4,46064868
passed,pull,cc66f83819d786f1a8879cb19077f77779700769,46006243
passed,pull,011b3d785bece5bb1775eeb4f5e7d3b0c8aa4adc,46005217
passed,pull,558a09e731e53701f3a6e0f1a523f9ccf42672de,45666885
passed,pull,e3ff734842125534841cf291be0c9138ce614639,45666584
passed,pull,9c42fb72dd319a4f02c5b7c5299d3ff834066de9,45666515
passed,push,eef15fa9986a6ead8ee1880a84cbfb38d118927e,45562648
passed,pull,d1f0b01a8375610ca68970c653bba18e6e2a982b,45524435
passed,pull,558afdcdb5289ee1429b9d2933f1e6549fe6c7ab,45378763
passed,pull,d5b46c630e92e05cd2814437e2f52de98136c88b,45351229
passed,push,1a2327d82a2759b2b19a94a02ccc97c58883ece7,45042836
passed,pull,8e6308d6b2dcf63908cc82b50d29644dbc71191c,45026317
passed,pull,4c1aa1a565de1344cd4d0916c0eccb96c80c3806,44824000
passed,pull,0deab79799ac99183b2e9b8883860f66b8d5313d,44549602
passed,pull,872faeb9ab4a9e50ae7f96daef7b89cb336873fb,44508836
passed,pull,461c295744bd2361e806a2011c1a440483f04e50,44499044
passed,pull,58921596cf1d0594cb6358c5c2a2b6982b7dc0e1,44497529
passed,pull,222a6a359cc347cabd75f33d03c26d30a18d4694,43828298
passed,pull,97e4e7c41c83a2baafecb520b642058355b70e74,43753828
passed,pull,82ddc7815ab79fd5bae60222e612bc725ce1e217,43358161
passed,push,93e6c930b66667f3048aa7dbd3d97ca34ac7238c,43069312
passed,push,45e3fe6301e5824a1186e9e279200df5d57d73fe,43068917
passed,push,9dace0d648ed85aab780b13742e7ebb76b3ee9df,43068738
passed,push,7f5d3872896644c4a51d97fc851f43d33323de40,43068363
passed,push,ba7dee4af70bab7515a375f25fd0b3650f44c3ae,43067035
passed,push,13df1e892465493730c089b3146813f255a213c1,43050476
passed,push,e550b5fcc6551ee6338f150c7a123ad19658a50d,43049414
passed,pull,e996284e1ff62841a4c9ae5e79bad1fc999a91a1,42909561
passed,pull,9f55e742f7722869f945c2142f791450ad452329,42906713
passed,pull,d890c499e4838aea65427757aa99abda2bf2ab8e,42905456
passed,pull,c4b0eda927969fb83382c5a265be2e008536f520,42873344
passed,pull,34cef42b073372cecb24bcc45ef261861a085774,42785751
passed,pull,f547f1d2b19d6c0e6df92f122a7118afcdba494a,42783628
passed,pull,92a9099de47ff2cea219b051cd4bdee53007536c,42778701
passed,pull,00662a5b8b524cc3f9626e8dfc88acb67d6b3872,42670214
passed,pull,789fd28cb78ed20b0ccc220d201a4414835cd713,42669110
passed,pull,c003024d6181e5ec48530ca0caec050d00ba8e17,42622515
passed,pull,c082d3417635fddb8969bb0525a2a898f205b96a,41612308
passed,pull,8b6fe00b469d778b8667782404cb700abf5d8238,41611764
passed,pull,894d73f1bbe81948ed682ee19a149ad1480f008f,41611421
passed,pull,1ebd9e872ba25da58e0334f7dabf70599752c84f,41443876
passed,pull,3f21b51814c04c1cc50a036e46cf8f28eaf1d88a,41380382
passed,pull,47ad4a8e44e41fdedf1f3f9bb789d7ad71bb74b6,41006690
passed,pull,54d1bde8bd4c2a038cfd9e8e2de7235c712be23d,40806561
passed,push,1e1dc01cc9c7b4242ecd9b5a13c59e8a7a0af7bf,40791400
passed,pull,d589332910d3238ae609b2cdbe61c1abdde72303,40777652
passed,pull,6197824d8c3751d8217112077aebd72b6c2efbd0,40777590
passed,pull,11b1efafe784561e9e49c85634d16802df0bfff2,40630811
passed,pull,0d54ed001d3176dd3af2806165d9dbe05a73d62c,40630714
passed,pull,17733514c083d151b38e59709d9b7d9cf6810fe5,40630615
passed,pull,3539a7c8fac2280a2c669d54e2c2105687bb3978,40576938
passed,pull,ad1856c3a360b07b4459a45a6f7e9b9deda3c825,40566586
passed,pull,d579f0dcaeef35a50ef4fe97b7be365e56ca7afb,40461028
passed,pull,f335a2e343019a292430d9154ee2292a6efb1116,40038742
passed,pull,cea38d40b4ce4175754353145455a74121b85da7,39993726
errored,pull,d04e3b08127133c2a03f46cc85a3bc8e52902058,39948664
errored,pull,c68341a1cf034b95893821fd0aab460cfbe51c53,39945125
passed,pull,a5a98d1b0e5bfdbb02744e792b65e7252f5dbc29,39939617
passed,pull,9a4049f3b29f0bc777491b26dc5c6f16c5da33c5,39873166
passed,push,a3a4e1409f9257c3d1f6d41dbe92614b8a112f57,39853159
passed,push,10c9140062dda1b50b6a2bd9f375b226216a5079,39852745
passed,pull,a2837c45e2bef380826a3a072bd7f0578edd7f51,39812818
passed,pull,e21558114f02667124666ca7c1336c611fb0b7c5,39735935
passed,pull,d7d46c455fd753fffaf6f4f24dfbd958237abe5b,39734995
passed,pull,effb3abbd691e49a4a41f9b0e0c09318ece59d81,39734840
passed,pull,47bdd205f34dd1dec9332b371061b4a1499a0c55,39700546
passed,push,d901d7cee9fa6d994c9f2d09f04d3d64a3a777f4,39444020
passed,push,c0d3fdf5f3950b41186e08842abf49bd375b79af,39442300
passed,push,13edcaff95022dc042e92a0479ac18e69c873693,39438894
passed,pull,c8b76c7b643e5fc30284cc0142eb6a72724493b5,39236549
passed,pull,468c5731a9fa6402972584bc40a6349ba39be7cd,39164480
passed,push,653b4d6a99fdf34d7e9adbfc7e72c3ed6418913f,39052394
passed,push,ddb5562134f1691f49582be0dbfd362497a8a049,39052369
passed,pull,2e1fa65dea1390addd84f5d31b05503a9d951e22,39052238
passed,pull,6bc436ef1e73a8d175e0b533edd8a29c67c7e1f6,38743806
passed,pull,8b9e6566ef9b91451c1910735484a61d5fa0e53f,38740626
passed,pull,1d3e7e5abacd6a5a32db17654a043f28e100a4be,38738963
passed,pull,5a8fa88fa1a73b34da97cbe3016c338f1449a1af,38736727
passed,pull,756c19dc2201152d10fe0ab02bdd99506b8471c8,38728703
passed,pull,ca70d84022d59922e59bc0f89cd902c807c86f3c,38015821
passed,push,000fb850986ed88a6977ada16ca00e7a1e8f292c,37899517
passed,pull,4a2b76921d85e3a985ea14e6ea72ea16e33596c3,37865171
errored,pull,99f210c755852aa6c1f5ee1ca4d2697ecd8bfed4,37864958
errored,pull,da66d7344f7f501b579a4dc12427e651e45b61bd,37858753
passed,push,265f42db93cb2627c3ad57b1bc2ec820ea2e9365,37840238
passed,pull,009918faaf7674df298a2bab55743f13f7a8eaf1,37826654
passed,pull,04017ee2c192de84484cd9cb7a7878ee370f1877,37694582
passed,pull,0ca8afac1871c4a07b744c8c8aa5e49bef4f139f,37685277
passed,pull,a4aa7635679d649e924c70ebb656f2ffdc167b4e,37684572
failed,pull,603e99d183d9bea4053cc192175997dac64649ed,37684283
failed,pull,c0702a633d4bb46c60e3e1841cc947259324c94e,37682442
passed,pull,fa5f40cd2b8dfc0ef4bada78bdfc6a85f528ca86,37650715
passed,pull,a1f0c9c1e0d85657d83b16bfcacf33da5fc68612,37650616
passed,pull,a1f0c9c1e0d85657d83b16bfcacf33da5fc68612,37628644
passed,pull,5799587d1c0e5703367503f0cd951096b6f3f415,37593328
passed,pull,5799587d1c0e5703367503f0cd951096b6f3f415,37593231
passed,push,b2df8300e94e02ad0abd11a853fa58fba023477d,37468901
passed,pull,1ea5e0247337be11d7d515d47402020655ec4114,37468795
passed,push,855c30ff2eb19a72b7b08b690389851692fd8dc2,37358903
passed,push,e122f05e5985cb5a66531f36c2212b85f5a08aa5,37237354
passed,push,6cdd09804e8a8a282cfe1b63c8879feb87dea7b4,37236532
passed,push,b8ec0c0f7082708fbecd0bc18771273b274a55a5,37235130
passed,pull,a49d893d3b826103a6bfe72fc811c17f5103568f,37223265
passed,pull,bc7ddda33eaa6562b3efe9afceaf8cebae449077,37221789
passed,push,ee52d02a0ed80d16229fc4101360ba4f5e03da9f,36839648
passed,pull,7d0d63368580978c744981d4ab021e7c62f5f03f,36543340
passed,push,ff7e0363ba1fe9a29ce89cd61fd00bb460c5c1ac,36394856
passed,push,bdc77a90e374f7a4578ce358845f0d97183b156e,36393589
passed,pull,e9303b621fb70034378a98414aa6d960100b77b1,36393252
passed,push,2e2ec8bb13804c49d50472f9c2cea738bdce0948,36382116
passed,pull,28edfaf217be713ade25a576b2e6535010daa6ad,36190735
passed,pull,a74ad053d89ce6c86ed86a6fc07a3a9c659d84d1,36189108
passed,pull,7402553d86b473ab7a116ad3d176669b75a26d1c,36186381
passed,push,f623e4d583e1560a2cef3d76d0bfca1ee256c802,36164164
passed,push,57adf2508b0dd8929df0d42dd681ecc74a9a6818,36108616
passed,pull,ffd2ee70185ba19da4f60a244fc0395eeb9e9984,36086432
passed,push,3aab153459649fd8c698f0e4c08ca43e8594e503,36064902
passed,pull,b4dafd5ffcf625decc3eabfae0b92e80f2287908,36060995
passed,pull,8200ff5ed79dfe3c3fa97e9cebba4563974d71f5,36016391
passed,push,835600ea3e8a3fb40e4cb17b195c0d9e605d7aaa,36006840
passed,push,c458a5d7634695c300a46ea289f0febd42f35cd9,36005538
passed,push,c97841199fd40172999e140625dff1fbd3f52175,36005396
passed,push,5fbb35674320adc6c52bb268477bbb577c7a96f6,35989022
passed,push,2449f1cb667555e58b4af9b9f60e219f70b429f5,35949799
passed,push,9860c5058c8ed4eb741d9bb0eb1b4c0e7abb03e6,35948121
passed,pull,7042e4e456ead6f71eaeeefedc88cbca192b01fc,35947597
passed,push,1cb89bc0ba1b9de762a7b3d09bed67bea1988817,35944233
passed,pull,53e7512b78b91a5baebe15ccd38ef6dd5d52db6b,35904834
passed,pull,40246d451622077d87cb6f44083045cfeeaec7a2,35902999
passed,pull,6701e95547c48fd9808e3aaaff959f21b5377b1c,35902568
passed,push,09bd92c30abeef28aed3d7276bddf5f82868aac2,35902055
passed,push,f60dbe9f6124bee5f099005903e0ab9c273426f3,35900764
passed,push,baadb4a532bfc4e307729a479e138a55db7be4d8,35900537
passed,push,456c5cc9e5ddf9495507043b47c2d216d528a193,35873683
passed,pull,b5dd002b995297940834a2d80fe8bb83746a6fba,35873502
errored,pull,d153b805f12b88f9c69271820e9ab089cb4f5d05,291173209
