Status,Type,Commit,ID
passed,push,206d5e8babdf024a4e0063fdac95622c43fb85e9,306611080
passed,push,5b754dd066c1b1e82b78251d949e8771b42cdce4,302985030
passed,push,078a9e348b4e9c4accc51ac2db752a6727965b1f,302984677
errored,push,a1f7b7e2494fa7bfe11977a38f872aacd41a14cc,302980624
errored,push,a1beacc6031af8b038eb5181029cdf96d3365c09,302976484
errored,push,ae9e7ced78ba3944d370de9c6cdf7d13e546b00f,302975789
passed,push,f3bbb30cce1a6952b32cc59a8cd0130319b1b066,230592680
passed,push,084a97183c656da6a06bd4e71cd528e7f69a2e2f,230588303
passed,push,d960fb0aff733faba71c8285e4507e0a17c11b48,230588250
passed,push,d960fb0aff733faba71c8285e4507e0a17c11b48,230588237
passed,push,afb3765a16e3c791005c4d17dfdd11fd0bbf0cd6,230587249
passed,push,5ed66977e05ba72e2660cdf9c3a8aa3cf5bbed88,230585607
passed,push,5ad0e2cec5185392930a4fa762c29662881097a0,198553156
passed,push,ecf1d0d6246566351b16a71d76518c2249f036d1,198549411
passed,push,307e8bb16f40d8bc8c60590e341205ddec26abfd,198549343
passed,push,307e8bb16f40d8bc8c60590e341205ddec26abfd,198549315
passed,push,8e0e4953f06413636b32baff17ae8715844eb28e,198549232
passed,push,78a7783c1ccc6fd1273745af01e2a3cf66d38ba9,198547923
passed,push,cf3a70b95fd39949b3dd58fb830c4666483f3429,198547674
passed,push,a71f0ac0687cf80a4f2f47f294dda828f41c8837,198545173
errored,push,b123ab1797daece2459de46664707309e2604d59,198542815
errored,push,c1e1172edc045ff16ae7fe46cba33b01e1e5dae2,198542534
errored,push,77327295216f723151ea2cf32e6836d4066f6736,198542306
passed,push,31ac67b24e5a0227e65c8443ef32b7e7aa217655,186649387
passed,push,f5d2485c47a439730889bb76cac7ab84f1f7bcc6,178780852
passed,push,e7e2253894aef4789843782a89a4b05100d944e8,178767272
passed,push,a55d0a74c2e221a08f59bee1e40cd8d30bf12af0,178767118
passed,push,53f91613ed4868dac45c8141f0076fac8ce7d23c,171932019
passed,pull,fd3898f01e7bf928d133bedffb998d9643f9eddb,170684945
passed,pull,8fd1f8a6ebd1286d05e022ae7df3aeaf1cba3603,170682544
passed,push,6f0404983bfbced4ac85f1f12c36d14028a17729,169728249
passed,push,5de03583ebb354d3ccf07b0ab27d9c1e1445a486,169725210
passed,push,8de573ff350a34fe6564d127ec9dbbbc6ce83e6e,168025503
passed,push,135816caa77c820e83d3e7a6ba902e8d49f32074,167882372
passed,push,fbb664bb5b0cc41b50ec1f35e0d09c1c472d7c65,166009021
passed,push,f21354069042e66ee84a1fde904b2347cd960d54,166007129
passed,push,0cd0efa188640ebc7b133b3d0923e724c8d28128,166007117
passed,push,f21354069042e66ee84a1fde904b2347cd960d54,166007094
passed,push,4f5b1ae147592323a0284b9898163508e57bef74,166007016
passed,push,474400c5ebb8d3513a906029dc8f43322ffbf83e,161498717
passed,push,920519122f3c1e9ea821b3d4e24a99c459342c58,158915963
passed,push,4b6fcfd46a46296f6dba202f9ae69e9cfbd3e803,152921521
passed,push,f1e0918becee26f69f7d1d83c47589b519217225,151476190
passed,push,a37b213f293bf71f95679d029e6db986bc820aba,151110734
passed,push,096301214a27f62a985104afd99dc0d64affcd87,146326854
passed,push,87d48f258181dfd776cf9a41b246e6decec46623,140525705
passed,push,51f9f86b5e0550405cec4a0ddc01d1059e4d0e6d,140524018
passed,push,f63501e31015d699aa3a2a4bd1d4d9f3e4a55b78,140524009
passed,push,f63501e31015d699aa3a2a4bd1d4d9f3e4a55b78,140523994
passed,push,1f6d974ae308627163bc5e11be473dd70672af38,140522789
passed,push,a18e3384bfed724a5f10c3a27c6a97329aaefdab,140518811
passed,push,999f5778da68e65e5afa71f327ea921a4190e988,140518788
passed,push,999f5778da68e65e5afa71f327ea921a4190e988,140518768
passed,push,0519f3179f85a6f22a87251442e898f49ad53d7c,140494461
passed,push,47807c2e49ac7e7f55c871302f817707c1eea40a,140490632
passed,push,57b254b347ba7f2b1f3b34c91d3650906ce94c8f,138896510
passed,push,a829089c65f509890dcae6916605e8d7dbc2afbf,138794769
passed,push,975ec720fe4c47dda5ea916b6b0110009cf64e95,138716295
passed,push,943e8e4921089bf7d5919e7a37ca3ea723175741,138716255
passed,push,943e8e4921089bf7d5919e7a37ca3ea723175741,138716238
passed,push,4d42ea55f0a62e3ad9d35de15f3f04326d0a7907,138715865
passed,push,9a3625504b98cd25dbca7477934f170b7b046357,138715689
passed,push,46ff7f82bd865668f296b01deaf0e9e1d409a853,138715626
passed,push,b224b06dd92637d6dfeb47dc0e99c6fc8d787570,138713915
passed,push,e59b0cec97236192247001c64372e5a112fbbf9f,138713910
passed,push,e59b0cec97236192247001c64372e5a112fbbf9f,138713882
passed,push,d12060f2eb82664a48bff26e91c0855d5c16bd77,138713599
passed,push,9154edd3cf23f58c0da17bac429999c260de1415,138296567
passed,push,1b2edc7f9d716d7f2dd8a9ccebf93d9d64d36c91,138005016
passed,push,57d8efb24c5992b143ebeb9e081b04691f2b492c,136054426
passed,push,f7d1403e2a6741c17e4a3ecf60cb922279b98dd5,134100384
passed,push,9db643a38b06f3c8b971f48ff0e8123e7cf884d5,133722093
passed,push,0595d2d3d65b39cf81b827da2b2fe337532324f1,133721395
passed,push,2962ad83c3095452772ddaf4907e6841865a5168,133721346
passed,push,2962ad83c3095452772ddaf4907e6841865a5168,133721336
passed,push,1e71c039f386811828df4526831248095ba3794c,132468798
passed,push,d86c4e9fdb6b0d0f5ef232fec509b2e4d1674324,132173207
passed,push,9073b6dd9a6b325dff8df8b6975b24a006e3e11e,132171542
passed,push,211e059ea3ac94979776783cef98c39dbe8122a7,130398540
passed,push,fb4ad7062484f84e81d0aa9990c2abe0673378ce,130397341
passed,push,9436850b125efd496c8c4c1b5a824d3afe51347a,130397336
passed,push,9436850b125efd496c8c4c1b5a824d3afe51347a,130397305
passed,push,3015369d9798a672f8058dc368d7ed6ddaaa625c,130396807
passed,push,bad86b2653f2312143637199e5095c7b880ee94f,130389235
passed,push,77d7ed2e5d9f1596f4191c72335d9631a76845ce,130389222
passed,push,77d7ed2e5d9f1596f4191c72335d9631a76845ce,130389194
passed,push,b4a78f387435b454218e53457214359749037e2e,128454402
passed,push,a6f29c2e334aa60078feb477b67d2fe2d978fac5,128450877
passed,push,12d3d3592ca57c4994070b95113e9bd406b42f94,128442860
passed,push,845fd474e795747fcb98b6c9cd3f9ab0649b9431,128247371
passed,push,1d768b533849af4f4e8e93111bc1b7e3e9bac3ae,126270912
passed,push,37bfa6b56d0c965ccf28fabaabd3bdf31cd1c64a,122741307
passed,push,5b056d0924dd1c4fbde92b018ba319315a6c1fca,119737676
passed,push,ecfa1a0aed6646be63fff1f6006ffbd6e4d07650,119504845
passed,push,ed231ac131ded7612963676cbf53373dd20fefbb,119504828
passed,push,ed231ac131ded7612963676cbf53373dd20fefbb,119504801
passed,push,fd6d7611afdaba6982827b644b78d256790e13b5,119504557
passed,push,25d7698abbd31eb25561febd439b71b897fdb9e2,119503414
passed,push,73398b20c87376127637dbe4e67f6bbb7737a163,119501441
passed,push,a9233d693b041792b0afa8e7396898fc00b72876,119499612
passed,push,bcbc39b8d0c07ffe4f19e8eaeab582d671d320f9,119498284
passed,push,46abc2abb6f10c523e930e1e57e6e864005926b3,119497862
passed,push,71550f3f798aed7571c4c77fae82341d038d8183,119493028
passed,pull,af42aba78327ac79e7954ff3b6255ca2fdfbf644,119204485
passed,pull,924d2ecaec099fba75e1d486288923f9d928c13e,119202300
passed,pull,f759bd01b09baf21beb5d4106ce381e92838f9a7,116593663
passed,push,373bd6d4b70ae8a6a34388c048cfc2495e687ff0,110385511
passed,push,4cd656c7fc3ec6b7745bffa3ca3cb4f64c742268,110340760
errored,push,9625c9fbaff7d18d4b9e77ca9b5a2bc63fb7f962,110340299
passed,push,5c4bb664667cb5cbec0cdca62c27312a8ec4c9ed,109791672
passed,push,da70c1a75d6005d987ba5bd09c634ff69746882c,109791574
passed,push,5ae009c3660c9998d6c336cc1c2bf6a22eebbe70,109524726
passed,push,5a854f75124b5e2f717fac1a3ead12fa5bda0b13,109524711
passed,push,5a854f75124b5e2f717fac1a3ead12fa5bda0b13,109524690
passed,push,e33207432f0fee5443f5537ac50e518e0c4590f2,109524560
passed,push,27d0e13acdf79b56703455ca62e7cce6a95c1aed,109267792
passed,push,4c9de839422e74e2691928ad6d2fe2e3c1751310,98281072
passed,push,22f97bdf9f55942f7a00f2aa4778f3cd624d3ba2,98080254
passed,push,de03545a854721c5e99a4bd5569fce4b9ba5255d,98039509
passed,push,25be72ac1b636c51ac0ebb9ec3943359f0a9d9b3,97664803
passed,push,9622c3632fa49ec525daf4bc40b5e57a639c55e9,97663744
passed,push,587dcb9788a3a1778d631572da98f64f6cced3f7,97653989
passed,push,96dee5f27d36c3f19a0252f1abd21ab81066318d,97653377
passed,push,21d35a6bc19e7e16e556b0ae3fc0d7463bafcb92,97585073
passed,pull,ad1686fe62f584e49659ebc9807943f8f5a7d3e9,96920318
passed,push,3dde1677cd4e4dcaa44561ae910dfc57a00f51f1,90646211
passed,push,8171bff25313df5c2565f394508e6aa6dbce500b,90011332
passed,push,7fb0fec94e746d7209ba2da7999d28d2cc1777c5,89925850
passed,push,ec29df240437c8b7e414a78d08cc6037f5be9431,89925838
passed,push,ec29df240437c8b7e414a78d08cc6037f5be9431,89925833
passed,push,9d30c7a146b1739dbfaca238f315f615ca0b51b0,89781620
failed,push,b2eb89ce21eb22c63b6e7ecf685337cf354c1602,89780912
errored,push,6037d5447307d0c10144b5bb7c276e7a697ff848,89779516
passed,push,fe02b6b82c66fc0dba67e15d327606fa91f645e1,87323914
passed,push,a372dbad05870cc4d8aeba9ec75c74ed48975496,87170835
passed,push,c029ac02521337ef75360e6cd06e8631516b15e1,86165303
passed,push,7c3a4c882eea05fb6fac7545ff17fed482a635c0,85668725
passed,push,f6b588a9ada060dc44c9495304793de48e61fd1e,85649023
passed,push,9ba9c181c51a36928d408bcf5b958fe8d6fe7f10,85520764
passed,push,d33976a08e5e52cf2d5990915ea0e199a376f10d,85520722
passed,push,d33976a08e5e52cf2d5990915ea0e199a376f10d,85520703
passed,push,39fdc33a6681ebac8ee01705ff2315e2a9f1254d,85520593
passed,push,4308afbbc4815e75bd7351a16c472bf0520c5899,85519094
passed,push,551085d6528368a1155379566ed77b560a0ee2b3,85519073
passed,push,551085d6528368a1155379566ed77b560a0ee2b3,85519051
passed,push,b20f377afa3245a998030f5c041a37a69efacea6,85518814
passed,push,12f56d3fe1e71b139533061a142f3fe649c7672b,85518595
passed,push,caabaef9acb106da59ed334747969ac99a91992a,85517910
passed,push,49e58c75623720c23dab79e8ba6352c0db44aea9,85517182
passed,push,5504461c2e399ecbf638a3c7f288f2f2935a83f5,85483612
errored,push,fb67ca490a2e084947ece8a56aa2a86f9e259f82,85474898
errored,push,7f0d0c1e8576864ae86a485e9790fe895bf3c0bb,85474485
errored,push,958c3e00685d77bd9ce5cb2fded08b248f11add2,85473687
errored,push,e9c3ba1186d3bda64e46ad600efdf11fdc65ad23,85467887
errored,push,b8d63156e43fa033baf8474dd393138a448a830e,85467773
passed,push,94e0614b94e1ba1f0f296c4ecb11d5caedd2ec57,81561308
passed,push,e85cf31dacb1154ab82cda3b20111eecef302e99,81529248
passed,push,9ad5c2b719ae1498a600c0305de280a3e5f246bd,81505527
passed,push,71af775f7416b57a587c39b26c7f54d6de3d8be4,80592364
passed,push,2dce8947b7de07a0266e0c9b9e0ebccb46c23bd8,80591524
passed,push,2957001043e4d624925d517aa09f75c62bec22c3,80591505
passed,push,2957001043e4d624925d517aa09f75c62bec22c3,80591484
passed,push,e3cd4115fbbafb310dcb154c198cc9e838baccb8,80589689
passed,push,8c19b90d7a0b71185db4496040e39547203c20bc,80588977
passed,push,5888f763afc783aaa715183805fffec97822aff3,80586169
passed,push,58b028d746ced6d1e5c9113873bdd8488f208c6a,80586161
passed,push,58b028d746ced6d1e5c9113873bdd8488f208c6a,80586150
passed,push,60eef66052319c95b1102be6fc1d6e13d5f8d78e,80585959
passed,push,0b1b775995ddb58c9a8f015fba5f96cc70bfec31,80584778
passed,push,65e5a27cecf5a0954853e74e9468656224666a9a,80584767
passed,push,65e5a27cecf5a0954853e74e9468656224666a9a,80584762
passed,push,f5ce3140a49ff251d1038019d6a26f4dc9ea470a,80584470
passed,push,8aef64c97e292f393c8c2a4a8663d81cd41760f2,80584156
passed,push,871b0a127501424359bf7502a7bae77f27d13154,80584136
passed,push,871b0a127501424359bf7502a7bae77f27d13154,80584128
passed,push,4af26e7a1b079b19306801cbc33e4ce6667536a7,80583785
passed,push,d17fca48a0628dd0b04a145e89f1e0daffce3a97,80581846
passed,push,ee3065c4863e1cdc21e50ba2692b20509fc66712,80581824
passed,push,ee3065c4863e1cdc21e50ba2692b20509fc66712,80581817
passed,push,2e22dc849bbbbd73fd2e49789eb6df29a5f3a2fa,80581424
passed,push,a977a1de73bc5787f7511c6cf4be2af5fdaef810,80576456
passed,push,d6247565b0a4a070d4fd2e683cd144b2977e7a28,80576445
passed,push,d6247565b0a4a070d4fd2e683cd144b2977e7a28,80576438
passed,push,1c7622bb81cf16a90e85e950f68013422dfec7cf,80572845
passed,push,1bb356e0160f746e17cc0fade4cde144425042a4,80572128
passed,push,9ececfaf544740331460f9828ce5847cf53cebb3,80571249
passed,push,c735c4ad6ae9f3f99bf362cfcc15e0a2c648658c,80562611
passed,push,94668282119a40c3df490f2d1b52acd81fa411a4,80559958
passed,push,2951432221fd72f6642d40711e89d2d73a71cfb7,79580090
passed,push,0b72aa11a78e2e5ce7e6e889060fc9a60ae1ff2b,79461158
passed,push,84a24589ad06b46d032dfaa8ac1d58ecfa808843,79460918
passed,push,5c6ec8cac709300c330db1e1e2d1528c437b2734,79460601
passed,push,f455b19520443f584dc95d0905646db8030bbdd1,79460148
passed,push,bc77d36ac42f26cd3a702c7472170f30f573f260,79244398
passed,push,9e1034b42c39c876e8b15ab0ef9b06efddbae17b,77487460
passed,push,ff7b3c911c3f2c00e7f8682f187f2545c1c4dbc8,76242747
passed,push,38173e3c32907eca44905b662fe561095be7e074,76210993
passed,push,98f4fb2acbe3d9c285c5d169f5608f4563e909b5,76210977
passed,push,98f4fb2acbe3d9c285c5d169f5608f4563e909b5,76210912
passed,push,2829b32ae542f3786db038c34eaab3830f729bd1,76210000
passed,push,542edb177979dcd11bea004eea27c478820bcfa8,70850788
passed,push,74af5cbe2a00ca8fe4ba7040f7c50149a715926c,70850596
passed,push,79cbecab43c953635de3e9b77ae1916ed8e98697,70850476
passed,push,b7ff7b30d0aea221afb8337bd97b594f8eb75389,70179404
passed,push,2c35c4a95fa44bfc10859437d0ef47081752ef53,70178409
passed,push,2d1f684c69ca56e3162af5bcab2f063037c8244f,70023044
passed,pull,bf244ea307fcc6312170092e6148afeee11d6c54,70022805
passed,push,bc272c77d6de7442ba06c5bb29968921989924c9,70018387
passed,push,0d4b834a06ec3288108030c7710f02bf6553dc0a,70011990
passed,push,0b0e153529421bdb258217bad4ac4ff65881fa97,69896539
passed,push,c6c4566b3c449d5b1659b733bc368ce5035df94b,69146449
passed,push,a5dbcab89665007ac196982930d4bbff1968f483,68097979
passed,push,6ea24e2f74823a6d09dedfd9295cd27f934d1472,65405275
passed,push,094e911f67882cd81b962dd6d9bdff09997d9190,65405216
passed,push,094e911f67882cd81b962dd6d9bdff09997d9190,65405198
passed,push,950ec5948948d49fa63ebd3836339ec02b3ebc8c,65404126
passed,push,fd05f5c90fa3d101fba299cd1c4ba5f8a675440d,65403080
passed,push,bb1f7d74c58ae856ee8b16e11620690a3c3e8961,65403066
passed,push,bb1f7d74c58ae856ee8b16e11620690a3c3e8961,65403059
passed,push,87e098b6627c34721d445eccf24d942ba09b1403,65402988
passed,push,635ddc44d196426be82695c34b95127c783d6cba,65399277
passed,push,6d2c2864fc63ca5f72f428a9d71c3bae487d78de,65399243
passed,push,6d2c2864fc63ca5f72f428a9d71c3bae487d78de,65399236
passed,push,0a632e870ef59a4411d81223779fd236edd75899,64854927
passed,push,68a8fa9f389dd7a5d24554a6e2cd273d30b34aba,64539305
failed,push,6caa6fe406e9c3905f3a6f672bc07aadb2bc2ab8,64526881
passed,push,ea89adef7a395af5f867fd82f2c5305fedcfd9e5,64356699
passed,push,f16f759e2c814cc72d70ddccb0f61f86e57b84ce,64035662
passed,push,a9b6e02e65064a9a63e34e631a3d70a48a7de90f,64035139
failed,push,f8ccef521d3337b52cd52fc8260adca23258c4b3,64034704
passed,push,ba24127a125a6860cb20d2a0e45b90869d59f9b1,63615478
passed,push,f5c1914c6390c332d2a40e5f393b2a16aa59e293,63614996
passed,push,b838e4916f25d56987e20634a5e4d0fbd7004ab9,63612520
passed,push,9f6a9912a30a60c207d00083b316214d133204aa,61726454
passed,push,f69a04071bf4039721b38b5bf6864046109bd2c9,61722724
failed,push,d6f119f2f0ba674631dfe964a788e12d18c9cbe9,61721575
passed,push,39e6d52ad1aa0d9b5de2d861c225103a8063d27e,61295353
passed,push,004fd9dff6675c7562bb78d0fa843367cb315a3b,61295340
passed,push,004fd9dff6675c7562bb78d0fa843367cb315a3b,61295311
passed,push,5f6cf7df242f684d148dafa1f82f335e019f6dc4,61295037
passed,push,a4eee8ca1148c8a98b4276d4be54dbec4d9e152e,61294988
passed,push,bd0ab39aeaf862cdfe04bb3c74bd226bdcd206d0,61138769
passed,push,728adc8bc5811ec033d192fa0e9d04fa4f3dde06,61138754
passed,push,728adc8bc5811ec033d192fa0e9d04fa4f3dde06,61138739
passed,push,64c693f6b2e694f87422a20287767d8751b9c521,61137420
passed,push,85740601835646c3872cd03f794821cccea9f2c4,60683712
passed,push,efff5d44e07ea59fcd464a3fae4bcd9ba5be0391,60675334
passed,push,1fdf61df4705fcd52d2f30ff6e05188ff7dcb515,60675305
passed,push,1fdf61df4705fcd52d2f30ff6e05188ff7dcb515,60675263
passed,push,65993a0a8eedd183dce409f233b1f3cbbacb04fe,60673284
passed,push,7406c0770dd5b69eef526139d5d083081670826b,60672703
passed,push,c89ff6306e078c270bdeb60caf72f519d195f892,60194534
passed,push,16d72af5431bdd3ddae39608a5b8da82f40be4ae,59841852
errored,push,413a9caf76b62862049113c4481169e10aa5b37d,59841049
errored,push,4dc02b5ec6401ec770000ff000f3f097b5230e90,59840722
failed,push,d32e1e704f6db9d831bd2a8ef8ac85e70a9e7091,59839396
failed,push,aa3e7f4977265d2a20670475976b97713f89bee3,59839336
failed,push,17bf04d5ae76fc8b093f3e0c5ef37c8c83641bc2,59839201
passed,push,51d566e9f7f6d66b3e2154e647a4285e9ed95474,59498750
passed,push,c088ee5d54c3d8a09d376671dc49377729e50fc1,58725564
passed,push,d8b6e54b39d712a11d73cc5e736009c4c2f6b4c6,58537231
passed,push,893f5203874889a5b085d7dd6a8f7b5b9ba2ea9c,57117976
passed,push,faaf24c4ed43a551204f43d648189c2bcf5014c6,56207639
passed,push,f9ab7895e8c4de6359a7dd86f4b57143853ceb90,55436932
errored,push,4b5b9be981cab1988b6359169d9fba27a8619a29,55436580
errored,push,fb0a6d255200fc97727707e671661d92a1801cb6,55436385
errored,push,712ab4524dfeaa8cbfe8d7c7bb4b258b1d0b9738,55435771
passed,push,6b0974a54bfc1c2bdc292344122865c21e118c5b,55434876
errored,push,5bf46b680f3b3b54cc2b2f5c5e8e96b1b949733c,55434564
passed,push,89d9a03300030d6c6f2ddf499e162848bbac5342,54463376
passed,push,50496e4bfc1af047b3355c66707fd8dbd4766aa1,54462149
passed,push,b0f4ec4055057cff290eb2029c0334fd2d15a823,54462125
passed,push,b0f4ec4055057cff290eb2029c0334fd2d15a823,54462113
passed,push,11e9668c54ceaefff81ee8edc310a3960c44ed17,54461679
passed,push,480da7e72d111db05711e9d7056f1b222ac8ad0f,54461510
passed,push,985d8bc38dfda1e144183d997ae69cb9c085ae9c,54460572
errored,push,68f2a3653996c2ccc5f31ec678a75d4ca81fba46,54458862
errored,push,55fe92b470ace2b2bed854346f2698c0ffedc291,54457688
errored,push,fa43d12ee3630468e6e40b3bb6d615a15b35b029,54457240
