Status,Type,Commit,ID
passed,push,9ba4666c4be4003ec615827645c7f0061a67c022,158324483
passed,push,1ce3d34fd29b211399916101d24cb7967a7544cd,158324201
passed,push,966f3190f0d31b3eaf7f30f4899301553528bd41,158323719
passed,push,4fbad242cc1ba95927097a0656dce3714f2dc369,158322306
errored,push,0e1a188d3bdf9dadcc2a6ec61255cd4c89bb8447,158292813
passed,push,b23e2ec58c5fd90b3f9379781622799105a42d60,158274609
passed,push,1a232a0259631f4f5930783074e40910af2d54bd,158268232
passed,push,9f61b0e364684901ba17bf3ad9764485b3d87797,158260109
passed,push,ae41d6074d708fa2643a3279085f5b7ca2a95772,158217479
passed,push,d9fe88104ced939cf616701340a3f7c97d6f1149,158217262
passed,push,ec18712a5cd599a7f19e78e53e244faf1c9042ea,158208028
passed,push,fb0e7f9dae219df34a1e3dd72ad0cd5499d45e5e,158207923
passed,pull,242f5e80a3b4fd8776cacdf214618c973338bef5,158077536
passed,pull,441fcd5f86817a8610d6d9008fea7dfbf66e8e40,158047437
passed,push,1604a93cff7c711cd4244d22a12f6c3829208686,157958292
passed,push,2eecb25489a4031a13c08e263db5e31aaf9ca23f,157957230
passed,push,b7afa2bb641913b89e32ae258bd6ec442080b9e6,157916830
passed,pull,87087a3b6cdb6266afd3dc1369223b5609ebd85c,157797333
passed,pull,b422039376f5b5255c0ac30febb19d82531ec58d,157288597
passed,pull,570be1f7958cf9687042d0b3a33331849984afab,157288353
passed,pull,d2f7a2eec5f991a7e3b7d07121593becede58d40,157281847
passed,push,0dda21df749350234d2b6ba6a5fcce010f3ababf,156321194
passed,push,67e8aee2d3723d114864d5acbcb47353324c706f,155421497
passed,push,53e1f4408ff063c18bd7f1f106e399e9eb1a63d7,155120337
passed,push,2c726b2c4bc1c3c4d2b4364b328e04d469d485bd,155119759
passed,pull,070b633e61f90339048f9a216df67bf1d9995437,155051353
passed,push,f6ddd58c83e7d6ffb570c783b24b3864271d6c20,154897954
passed,pull,97908110d1326ce643df3bb1dc6da34170c73bd7,154807656
passed,push,812135eec0f89d7c0863de107938e33a448f7eed,154754926
passed,pull,d4286db1f15a2253d6835b01c5a247115fd4040d,154751766
passed,pull,08f7daad29ee2dd25ee61d69abbe858393afc491,154626428
passed,pull,114d04fdd55a354c7d11f22b321ce26947116a84,154560674
passed,pull,4cfb08cdb4f4a058f075b533936d1e5f98f2d1c7,154274966
errored,pull,0b9652dda8c89e20c7447a108fdfc6703751e3fb,154269720
passed,push,cf4a2992c5c3f701b3c34e66362326c4398ec093,154229133
passed,push,c99498b82b1a7af46fd670c067cab29fa781c067,154215947
passed,push,91c8490120f51a8db6b5b7228adca07fac90154e,154122224
passed,push,cdb3dd75a5eb432d80f71789ada6c14582757c76,154122214
passed,push,c1f30cc0810431fa7f7dc23e3b340310b0382df2,154083669
passed,pull,c30881585e99cce70c2b485684563d1beb13cf65,153981366
passed,pull,4248fd9b65cbec17b0f8f3823b180ecf5cf0e431,153953070
errored,pull,1f0ecb94a2b162bc868d0aa837354d86bf680312,153951048
passed,push,a31eb66aa0714e06819e74c10a18a19a9efe865e,153698350
passed,push,e431d636f7e21ce6b964783128c39041cd7d8434,153649949
passed,push,90cd42d0ac267bfa8dd8e8bed51e44f64354751f,153512574
passed,push,35344624e9017d27a85a90fef24604a8d72b0f45,153512549
passed,push,8fcd1b739f0990ad0a84078756b526e5eaef3212,153350527
failed,push,559d1832516697428df42452cbe98d1b9ab768f4,153347145
passed,push,091f07e0dfc6e2a1a1b36d5ae7b881a67ae9da00,153346886
failed,push,949370886fed54eb45ba6c6c83d87ae7868f256d,153339875
passed,push,41db12cf7c3d7585e4810f64580224bf6d3c2f27,153320152
passed,push,8d8445ccae8d7b23729005b28e1f18702b40f9ae,153314027
failed,push,611d59437e0facb34c4e7d218d2179ff4637fe93,153238770
passed,push,bc14b6e08857313920cefa1515b796496c4e456f,153238758
passed,push,412e70bc514b35eb717aa4e075b65c69cab88d2a,153025491
failed,push,53581003b15f3e0e4cd1800bda148de550ac053d,152934062
passed,push,4f0188321bbd24ed17c443aefb67898a7292712c,152934009
passed,push,37734c0e4814ee0eb36be6d7874e3551cb2f4e14,152920776
failed,push,6dd5a54f5e59843242e3f64594cd31b40413f97d,152920580
failed,push,ac6f3de9159ab719e6ca7d5718ae5a48cdf37fc4,152668230
passed,push,8d4667a964b95057d0a68167c47aaaf1ccd1944c,152668121
passed,push,80fc022ddade78aa4e0776f675829a4319589768,152647302
failed,push,3e6231a61dc6b905f59d0c3c80875ac063bc659d,152647085
passed,pull,c9ee4abe8f9382e6953a3bd05005c36dbb55c262,151441980
passed,push,7b4d0feec408bc6aab78650f1a62f96020aee692,151313242
passed,push,ae5d4eec2026b0c196848b0a2461704cae3d8be3,151214166
passed,pull,d0bc41de019164fae6e4f6506fa0955e4f6607c1,151082199
passed,pull,bd6701261429a5749ea71ebe984a2f28d1b7dbd4,151012710
passed,push,121dbefd01fa4f6d7aa7be5844390341f33aada7,150956692
passed,pull,09ae2e5466d74e69a2b2c041702ba7a32bbbfc53,150944700
passed,push,1a7618e36a66bf4c8698d2d4d24326176e5ecae2,150650506
passed,pull,b8dcbe8c980949987150d9d0e0fb6ba058cfc3cb,150647035
errored,push,8feec996000c76c81b72f78a6fd3a2f882398c08,148067172
errored,pull,12b52928535cd6455a78ca43f7d6392c3b57e38c,147888912
passed,push,3caa7cda0ddcd5b0c92628843c260c16e24ed597,146675177
passed,pull,e199cadbbad1cffac46abcdb1c5532239900d50c,146672281
passed,push,b9e02fcb5e85fa245ab55a96d3bdd39df154d023,145864602
failed,push,1c0b2e7bc37ebb54cf132af49ce434abc8215443,145840227
passed,pull,c2824aa0c42150ec5ccbc6c4dd8c4ac3497384b9,145828351
passed,pull,d7f0946e18f4d2b6bd3b69941d8ad3b61a2b463c,144292236
passed,push,8ad7f06c71d93446600a1b5bd129651adfbd363d,143890279
passed,push,eb7f9fa1c58577dd6a0ee1d4da2a2f7af1661a1e,141752026
passed,push,0850de9737dfccb653937c91796c2aeb14b2aeaf,141681775
passed,push,92ca632f40710f04fbd45e49336ef7fdeb08273e,141678892
passed,push,82b44fe33322d9923ba53fb3524d98cd4a6ea300,141363925
passed,push,0850de9737dfccb653937c91796c2aeb14b2aeaf,141363905
passed,pull,556a55703fb11ae0179a5be94003521b87cefae2,141166921
passed,push,e5c6d9fac12916edf7b4f6c120b268e33c15f3fa,141166895
passed,push,c700983281ef2cebca9471954ea03099c29cafcb,141144398
passed,pull,f74315d529020a02d4310f4e410db18167254af5,140977301
passed,push,a424690962b050bf20e9e1d6239571854c894108,140650682
passed,pull,494f257689910d6d091a85e2614c1dc68541df37,140650361
passed,push,a26be5204c05ce47f3878c84c0b45b082482d13a,140650353
passed,pull,3d2bfc4195a21450ffd65de27edb596031c4d515,140149580
passed,push,e705f1fd3b2875f3329b8b791b6761b472d7500e,140149415
passed,push,c57b5c4e5c5f90b2bc85158edf53931a1d6159ad,140149041
passed,push,c57b5c4e5c5f90b2bc85158edf53931a1d6159ad,139420776
passed,pull,0d3da5801b5735012699990c1eb0eb585c2c5034,139359543
passed,pull,ecb21ea2957d8216ebbdaa798578110e43d41b3e,138194967
passed,pull,beca94b580a997491b9b8d9fe8076b5282239a7d,137378177
passed,push,bc1ce6db86952909076829f8932f015e0bbe4cc5,137377817
passed,push,43aae4611dc1bbecb01cf4851c70542b3830e4e3,137376289
passed,push,fea8758d5495c25698c36fb2eecc21713853c007,137325256
passed,push,f04b4ed441651893ee8af12b973584dc0d0c53fd,137323982
passed,push,c0b148e370b5c3b8ebfaf159f0c35b8603c57689,136896389
passed,push,be4cc1b051706aaf772f2324cc1cee8c8af56ced,136889775
passed,push,ccd3ea649847d2b5e5230149d9054ae3c5668381,136480492
passed,pull,74663556c094c328733ef5a686711503c5da1498,136472929
passed,push,57103d36072ebbad75442b857bdbb854d166da17,135995474
passed,pull,9d0f1c87060d8a7b81acd9526a5eb1a6fe61bf0a,135993189
passed,push,de732ec6c40ae06fb839d3b74e365e1fd7d09685,135746003
passed,push,19921d4a1d4abb05f2a4ac8f4b1b4be1bff67206,135745793
passed,push,110755c493517129f63aec76a439e44f286c94b4,135743909
passed,push,e8ff115adea4c43287be792d5734794d9f9a5a3a,135739835
passed,push,4c1d7910d11b43778459490c33cc72f2e479f406,135662113
passed,pull,3f90744444c738ed5c74a025751331bdbcd487a0,135528340
passed,push,90756df2d4902fc85183826f02c4e45ea1707f44,135215878
passed,push,2670aaaf244501af1f9cd8e083549578a3f65757,135130487
passed,pull,68d8bebad70b7935fa6af499974f9e273b0cb57a,135117008
passed,pull,40b9db483a0b43a14f82dc3efe187124b315c44e,134896045
passed,push,18c9b61c486f2afa377964a3e3b6834718b61b08,134896043
passed,push,d36c89d2b136416a15813b8b8a1e7bce09e5b0ce,134895291
passed,pull,6c65ea2bafba509f9735e05e08e142518263911d,134895285
passed,pull,c8e771b04eac558e8a0805c7483e250158c0d7f8,134868473
passed,push,8f41587aede3a787e96576cb355d2d54e6ead3f1,134868471
passed,pull,ce07138de0aca623cfd780410e9125fce83ae229,134827091
passed,push,2323878eaa5c3aba46f07c0f4d102bc5f870b855,134427957
passed,push,7430e7deda2c1ca3312bb649e27c06b0fb9fd6af,134411795
passed,pull,02e80b0cd3ca0b8277c91a5fa88eed0e09750d97,134332708
passed,push,40ce386f64c0bdd041cbdb2753cf20f66c747224,134332699
passed,pull,dcdf1d143c69353ed06a48fe9bae24ba4bc2585c,134324660
passed,push,e564c788e8a4e0a237edb36cd2dbe13598961851,134324658
passed,push,ba303fd0aa0681ad165437e8944e0507004a796b,132489003
passed,push,898561a25800ce09752c69ea61958a25ca1200d7,130855061
passed,pull,123c4e94c7ef04f1e80afb1b95384083ceb5376d,130085788
passed,push,23e64b252e7564e6f223da0239c22b98c32ba4da,130085786
passed,push,8bff9d264907f04d6ea133d8b49bb3bbc8469bde,129673361
failed,push,0122b9461f341287a089e6fe9078d4ae6559874f,129663243
passed,pull,35276274c5c58c40f8d8a1f8653515fbddd512f9,129464211
passed,push,2840887da849f9994468538b2a93bef2758b673c,129182008
passed,push,89b72f0e0f5a268bf471ea7a5e8e8bba50fe1d8e,129181999
passed,pull,74fb2be964da33c3513d3fab7ba6f32d9fe52319,128901761
passed,push,29517fd70ad190b92d57ec5f04715046a5ad12f8,128901747
passed,push,79fc0ee319c4df284d8e24b84daa0bd50e77f933,128798748
passed,push,10fc5f6e54f0973e5fb828e14e13f020c365ed57,128796229
passed,pull,732ee1a22d12f354aadf54d8d39a3e00a2e4fb06,128760791
passed,push,37cf7e07fd050123326e6da72dfe58d90e48fbe5,128353027
passed,push,041f35c6273e24309f38c46b9eb2c8510c4d27d7,128350736
passed,push,6b106ff54b73f5bf6bc4ca69edccd35048649c7e,128347660
errored,push,2c54239a94ad6209575d8e774513cd8faed72393,128340017
passed,pull,6bb9e15f5ad55210aaf1b960864b9b0b203fa647,128319121
passed,pull,e65866ec2c95a142cb121ef57dd7f72f99246c51,128117017
passed,push,9888579a96233b2711ee5f0507063608fc2f3335,128117011
passed,push,134379f473c12c10f0ce47b706e7e5634b9ba230,128116759
passed,push,deddfb688176a3311313b8701010c3d3589ca56c,128003748
passed,push,668f06196e5fd8d4fa83724ebfe579c6ac788156,128002725
passed,pull,5de2620592befbf5a8bcc02287054d837499b1d4,127933421
passed,push,d358a20d81cf114ddc032c11236a0e7b38988bfc,127931548
passed,pull,9fcc297e67e5844774246e7190910649c28ac9a6,127778973
passed,pull,2e68f997e2ebf10d9ad589346051e842b98cfecb,127581890
passed,push,984cc5b8859aed2871d116861b6fb17cf51527e6,127447789
passed,push,7dc7de83570392bd3374107709ae68311624f6b0,127275613
passed,push,a121668b921624b79749bc73ddd734abc4822943,125806823
passed,pull,406b771f8aefb92498277b6a19a874de3d82f8c3,125630812
passed,push,1e38abfc6be30d22439418f153ef7cb313b070db,124977698
passed,pull,e0f2bfe8e24079f8832d05d1b4382296f2099d17,124377002
passed,pull,a1f521179e8a799aff86eaa15aa80ee4d23746bd,124229017
passed,push,be30d54954db5e026d242ec75a98d03a66c81889,124177190
passed,pull,46600725b0f09a458592a66733f9ae08f21a32c1,123968755
passed,pull,5786cf568bb36ba52643d677f4a1b88a8004389b,123968251
errored,push,8e381eae820cf64e9a030cfa2ba58d677bc87f67,123860228
passed,push,18305ba8b8353d737ce8d65a6336319ce25f19db,123860074
passed,pull,130acb5c31a0c7a3bc2cb913762cfdf22acff9d6,123120799
passed,pull,3dc68a37d6dbba1f554050271d0af482e7967dce,123097810
passed,pull,efe1f1ce5ecf4d870b24c366bbe05b2f39f41591,123094251
passed,pull,bd47626898eccd3220e5bb99e9db1891d052d6bd,122213946
failed,pull,4e2260f41e386f28eaecd1f105acd1743acde407,122212287
failed,pull,a8aec19c2f6a180485d5b9794573727e105e855f,122207755
passed,pull,28f8aa32c961ac009f3837e46ef3d17df9a2e7e4,121523709
passed,pull,a499d945e9a49a4b83d9d08d581e35b11496530c,121521107
passed,push,0d49c9a12e74670c5bcf2c66622c12e577cff71d,120686645
passed,push,535fd6aa259762c73b1bd70b33ffee3d5cc0b6bd,117786823
passed,push,14013b25709c3314c6b0287b71fb782f743dadb6,117761299
errored,push,031e01af45bc098737523f2ab6641ba7d00ef970,117761213
errored,push,031e01af45bc098737523f2ab6641ba7d00ef970,117761181
passed,push,f99fee58a407d76075b0377348eb92048b0343d2,116881040
passed,push,e86170fbf77886773d1da212e9e722efd64685af,116880814
passed,push,12e5b15d553317bdd56c23e4b331f52d8501a56b,116459536
passed,pull,b1b7f34f5137363b406c0185edc7f388bbf2e0e4,116342751
passed,pull,11278157691a2ae3e9556c7fa899c88c32baae53,116337222
passed,push,6011b8590415e85fd5e8d9ae9b0a3c6a2fa78e1f,116075797
passed,push,828df5262faae75a7c5ac306e2fee323c8714954,115139428
passed,pull,18df3bc12563175c64d51e69fc19b16394e1f503,115079696
passed,push,b6b0d77499d3f8be9aed23de6c2065a59e0087a4,115079692
passed,pull,97119a032ede6af6e4eed113c794743b3b9e5011,114395071
passed,push,4a8eb563bd9d713cfadaf0f47947e42b357d4528,114394830
passed,push,70819b1a8ce8a99e2825d0b192f14b63a600ee52,114297574
passed,pull,90ee87eebf97c2bdc1abf6320230669d50a52d79,114197033
passed,push,d818ee04d2e77f43dcfb0e6c5e3a30c805f5be6a,113183662
passed,push,e9d3db4ac69b77f60f37fb22298dd03d0c1e087b,113179985
passed,push,3d07aa01f34d6e890f924f212766724fbc16f1a6,111330782
passed,push,f0b263fc585e950f1efe92cc026d70f9baf0f6d0,111316073
passed,push,82e009b1c2519a0566101dd5c8349c77719b0ee2,111262233
passed,push,df8d14934d9d8b221a89b1f4315877b35cbbbf9d,111248125
passed,push,901764cd0b9921f582e5e0971c1b3e68d6e605db,111209765
passed,push,b8a8c9d736dde4966fefed7e3c61cfb6d4a0b59a,111106212
passed,push,b268963025614c44260eb2dd2cc97c9d53d41b88,110956233
passed,pull,e33109e51b1d7264a8170bca90b916479a2fe6ba,109577093
passed,push,0b66476d0f621cebed44eac2611159dd5cd43d4c,109571996
passed,push,f1b4f5c98eb549ced474a85c705312dbb8d0e40a,109568497
passed,push,812500770075657e57f19789f00530e14015e47b,109398429
passed,push,e7e7b65bea7a7df606713aa4aaa0dc8ce3729af5,108844347
passed,push,27ae07d61c05b288a8b0ad04eb1f5a50287a1b73,108813759
passed,push,0ca6b6ab018de2e0fd76de50d1f4f0e0c139d398,108803913
passed,push,58e3cea38afd04928f06a67b83100a1f17ab7893,108781997
passed,push,78d16336435f05cd7718ad658774f9053fe90f26,108339395
errored,push,b31a5b4eec74ee932bcbc4adb76157d75d0466be,107172867
passed,push,3c8ce9fb20ab8e02abdffbf51361e25c4d6bb129,107172846
passed,push,08a0ec041328b72b84e6103f3f39fe6eede1d312,106382300
passed,push,2043b05bbe8cda91037fbaf464f5c47c8855ef07,105638929
passed,push,6ab9ad3b90ea85a234e2cf639491c907235d199a,104856641
passed,push,8b73da23d7c545d28e54ac2d4bf481e9d9c32736,104856515
passed,pull,1729050ed1047b4c25cddb286d0a082aca88e384,104790038
passed,push,909e113198c3b414be1f0d3d10f5a8481f8652ac,104666108
passed,push,d720b7bdb3042ff9d8a51819779b1ed42c7c86a6,104666068
passed,push,95bb1bf8fffe65f4505bb068d63ce1b90a7b2cca,104658673
passed,push,320e082fe44807913f59d91f7056e09e0b1e1d15,104612175
passed,push,ce44a0403016d0aeaf2ef332b501834cdd5501b4,104601854
passed,push,4c0376d72cdaabfcc7fbf898041ba68dec802243,104589259
failed,push,e5bb03b5716afd0594b66ea261f440f34d7f7803,104587039
passed,push,05dc6f9aceda4b7180041e2100201c2770b0f7d7,102713924
passed,push,02c426d25c9e1a731dd96afc5fc2fd12dada75e6,102656719
passed,pull,3a38035e3d2bc1e6b377d9af355afa1e3bf084d5,102482478
passed,push,d80791a510b0fd93696e81e466a570e90bd4925c,101639799
passed,push,2bf9b6069036c90f2e004e703b217c9d4770cbd0,101629973
passed,push,d0a9343e8438325e374a15e72a06bf397a8216de,101058226
passed,push,25b24e640644377d6fa5ace757776a4d5a93d24a,99445454
passed,push,4308bb5eab078d04c65408c7a4d3648b5ebbdf57,98764134
passed,pull,418c9fb7e7dd4821a735ed348483ad50d6d36f95,98535096
errored,push,b6cc1afa1f90248eb2b3ffd2f7b2d3b1968a37db,98314071
passed,push,3f77d806da463bc6f747bf5ec21f7b6ce4c5bceb,98313935
errored,push,2c4dc7e0ceabc8fd493ed96157f79ba36ec4c726,98281795
passed,push,56feb145d528fb4d6227753a7a6981d5c82266f6,98281752
passed,push,b553443c70a7a544ac986b5ba74f9957fd974c14,98280139
passed,pull,b5a2704605f0c02819c40719f9f9f21eba8a1aa8,98148279
passed,push,4a35526b97fcd18e47827fe82537634bf3886f99,98104665
passed,push,a125393f27bc01635f206007c00d881c6fc19489,98101529
passed,push,c97a8f51446fc8ff5558b6a085cb394324932b99,98093018
passed,push,1c1ca02aad6209e95320a53345e1694c61e81bdb,98083396
passed,pull,7abd2f25e9186bfa971974782b105dfe027cf85f,97973046
passed,push,99b6064dc7a0b754f97079a796132c2c46e19af9,97638396
passed,push,9a65a2f1a8cd11e7684f4a3df4bba6c30cafa17c,97637823
passed,push,834808d7ece48a299677e84e93fe8a621e176e8a,97637105
passed,push,2a61e342584afd908fb3fff50cf85b101cb88848,97491236
passed,pull,06eb7c00ba8873e66821b0ec19aa320a89f61489,97488741
passed,pull,95095d5443baddd665734ac0907291389589d4cb,95971304
passed,pull,39393224998a57e6faed639e94b8ef70d218d219,94803605
passed,push,edcb153571cba0e88c67b3beb98c5237420f2a6a,94395273
passed,push,87a1e773a0806bda4aa298783b4555cffedfee9d,94380088
passed,push,ccdbfb04e69adbb484e40c82ccf2dc88e80e914e,94219787
passed,push,a0e8338c38b7a2e11244435cf1d2466d8739db82,94217658
passed,pull,91da21040ab57f4197cef243b79b70731cb3e56c,94088687
passed,pull,0909adcb31d82f37d2d9365bb7058dad0f34d1e7,93945418
passed,pull,137f0bdae0d9f6b5e8b5e4f2a6ef2fa66059ccb4,93633411
passed,pull,479c86928302b0dd22aa6719c7db888e2762e948,93580465
passed,pull,edc0d0477db95277add016bd51ac32cd7ffed6b5,93578248
passed,pull,b2ffe6e8f272c35ca23ad98ef6c9a0aeb2226d08,93576938
passed,pull,e03300fd0b3355739ce338f054078e731083640b,93576142
passed,pull,35365bb41508e53adb85432a4c039c496ee9e03e,93575095
errored,pull,b6c6a19226e2605abb1b151b320976d3f865b847,93574296
passed,pull,5731502a5f21b91654687f785492e251a2f3c714,92761125
passed,pull,26ccf74ea60450a53591f402eb48392f1d750873,92722909
passed,pull,f100a3886afd656bff1b4d8bed43f74ab058cd92,92719418
passed,pull,a123c6ad6214305b229490a7769a3b8ef7b30464,92716745
passed,pull,003157e2586758ffb36430fe6fb1ea3d629491a6,92289892
passed,pull,682ab078c0e04fcb7c5935fa9e4c6d5e9b6dc5be,92077805
passed,pull,692cd2fcdfe024ecdb6a46a6cefd59a788bdac37,91945311
errored,push,5574535b0742e4d640fb164aa519eca9107ad3eb,91582467
passed,push,1c69c59705e4e2e7bf22d511e0b777b75f094c42,91582461
passed,push,d202f53c69b61f18d3377b04f3f56d592a3b3411,91420798
passed,pull,cc1b022d8cc4134bfe9fad06d2019acb51ef7ebf,91212955
errored,pull,cda5d12723729dae5cfcd573ddc954fe34e7a071,91188232
passed,push,eb97893b4c425fc022bca1d4b3f0d4e92f0e1193,90771420
passed,push,c72e3857cd2314eabe17f4b47fccf41ccbb97918,90760090
passed,push,15b5ca804e643b2733bb11b795ba9e16b2d83ace,89381642
passed,push,e9ef01bb95722276c4564fea04a0599264ae9d7a,88804706
errored,push,31d43267567001c0d148348749974a7be1d8548a,87073608
passed,push,444a8cb39f9aa07d7d19f904ea80734373cf8836,87072994
errored,push,1d33bfdec90f3297562cee31865125c2aca14a47,86692550
passed,push,9b7771f9bef7a390e10972eff161925e2f834c3a,86399951
passed,push,75d79fb7f582bbf0031e0914afb0e62b38080208,86397738
failed,push,264cb745ce2a93ae0d5dc30b8d708e2521442c82,85573762
passed,push,c0ddcd800ef8c968b09736c8a33f642aa3feb0d1,83932750
passed,push,274c7cff492dfb17c5f1b6bf3deb7dbe3fe49da4,83931012
passed,push,5ceca182924244edb4ca26a7618baeb5384aa33b,83279457
passed,pull,cfb74494a6db3eb06c40905cf5ebc2b76ad90d3b,83201464
passed,push,a8561dc3e555127c23bdb82c0668618b939b07f2,83201462
passed,pull,392c179e21fe841b2424e6bfb87e2335f6dea44c,83180733
passed,push,19548bbccdf95348977c9e871ae0884f1cc218e7,83180724
passed,pull,9d3a77aa592d40f23d23c8733620b2199e53ad20,83176614
failed,push,184a44bca52d461d87d795d0eeea828f9ffce476,83176610
passed,pull,78aa06978df00120ab644783ba9cb4c77bb75334,83175605
failed,push,c4ff2e1fb3a3316fa3a7ab35df582b4c0b2f2ddb,83174093
failed,push,b748afe6f2d14712eaa446e6eff9587affabffd5,83160538
passed,push,d4ce149f2d613b74a59a7d95e2d7dbf46eaa1bed,83088239
passed,push,309d1fbfbcbd2f0ff750454f126468f1085383fa,82988927
passed,push,cead15bf8d4d58e18bc688a39272443f15e0866d,82969397
passed,push,4310cc20173780e332b717849124ec08106e01b5,82968701
failed,push,26085499c038fa1f4d6b869ca36bc794e6388394,82966738
failed,push,faffb847a6a1dc0d421c6fb6f5157f0108328007,82964154
failed,push,62846bda84793307ca7f5edd927e7d37d2b6f1ef,82962845
passed,pull,02ab092f55bf400493eb60c1ea6f40e755391b62,82956179
passed,push,4b0e76676fb49b498033d32e2cb40dca7716a230,82956134
passed,push,7ca8d76e9085e46bf6b5f1ea6737f6f82bf40e9b,82714255
passed,push,25dfa376128fea02c02c3f233b0d714056671f13,82120833
failed,push,63e90d7d27869fd50057ed9be2f79f75690cfc51,82109502
failed,push,0b880a96984b00be0becc0add846fe7776cd1d1c,81995509
passed,push,df1f62374d820d61a4f07dcacd72cd1f954d3477,81747277
passed,push,92cc01c029fac6a92d3ca3564f881ac00cabadd9,81742294
passed,push,7bb178af2fc8446bb00d7fb1f8ff1c71b23c50a4,81741319
failed,push,38e58d7a80ebf6bade6305ef198e1b45c71b6abc,81737826
failed,push,8d8e07a78e73c3e1e08f4277a76c6e1a4104f103,81730918
passed,push,dc5097b18871261b50bc24c5825263df520bd7ce,81023352
errored,push,aca20566bebd9b77ca9b7296b5c9c2607ce3cd4d,79860249
passed,push,f5017cdbad4126a3dc9f57ba5164d4846f29ad6c,79250779
passed,push,b191b91322548feb2e2bf63cb8c18fed7ec9e79e,79244330
passed,push,33f5cfcdef0b06b6df03ec0525987f792365d16f,78874425
passed,push,0247d69a908512a6d0ca46dfee6b68551ccad6fc,78721458
passed,push,ea13048e79086514df1eba7d65a1c85bc9ea3594,78720403
passed,push,14be630f6239c4741999b7c69252b11b2bbc78da,78719957
passed,push,7b0fb5df5ee5b630dd2c6c736365ec1c7fa4a101,78719499
passed,push,950386dddf25da9bf87ae1279c4e2be77a6351ce,78719484
passed,pull,ff8c8a01c5458a3c850a35750388083d5925762d,78670123
passed,pull,ed6d82aaffb7f14da13486eb799fe9db1d13e5fc,78068499
passed,push,eea364675c57db0a0e9bbdbd990d0099a175f153,77162712
passed,push,e1ebe461304343313377fc8ca6bbc8bfae55bd6e,77162611
passed,push,ea2336bb337fd49ff10509a27f86dd482fd477c6,76541413
passed,push,acbf3c1166aaae22d65dd74c861a8ba84427eeca,76065455
passed,push,a964a2840ae7919529f0b5b7a5a6b04c9cac00a8,75581480
passed,push,c7a2e9039d306e1a52d6a2dc97d2660ef677b7a7,75580744
passed,push,6bd2695cc644c84014537b9fd1962a0264e2a944,75573160
passed,push,f1c8ad6f78fac5490503934ae6ae2454e1c0ebaa,75430626
failed,push,91b8eab02700de505141053191f795afd93e1275,75430603
passed,push,2818859c1a1c02a0830756b39608841074e2fc01,75299634
failed,push,54e279ad9335b4b6fd0d59a54262ecc1efb9755d,75284086
passed,push,fb706e327c6c1c26839261017323c1bc762fbf92,75283214
passed,pull,709f65da6eb51c0e7a8e3e328f658a5e8b59296b,75190410
passed,pull,ef443a24f101a1f82a1df9298cc8dc8d2f7d2d9c,75185988
passed,push,6bac89ae8589b45a4162ae1300ff0dda9695a02e,74280315
passed,pull,694f66b1d7292b44fe695d18095041d8e2e71b9d,74264424
passed,push,c6f880077ad29e17c005b643cc7b874bf7329246,73533207
passed,push,922ad890cec695196638b2efa222d5f272ac574e,73000048
passed,push,34b7c4066083b439be4f4a9e5ce773527b9eac80,72957163
canceled,push,fbf500dc7e01fd8c32f15a9708706a2761be838c,72957023
passed,push,93bc26fad910f874b686cae48e411a1105fe90ec,72904714
passed,push,f4e3b998a1d784083edf9a0e26f2d93a835d480a,72432175
failed,push,d888333667bd87c6054f458cb81da867254bf7ad,72432148
passed,push,ac236bc19d09e920d38b7957dc700afe23a7c5e4,72428617
failed,push,12384db4ea4e540e8ab79716a540ea78d7c1c3dd,72428562
passed,pull,394f60ce98ea339f38c314a4c5f7681258133c5f,72354534
passed,push,72096d7357445388da221448d1a5fcd3fb72cca2,71899879
passed,push,e946845873aed75cc01e23dd67ff67147f2fbac4,71887301
passed,push,14236e38378b7630755cb071af6b1af1e6c54fc9,71533414
failed,push,54f76bc2fd26732d09a51b16cbf7e3a57bb21d7f,71533412
passed,push,5f05eadbd4c0352515ede0d08427e14bd297d737,71533323
passed,push,77f0019943c0032bb9df49a5a4c438d8aa2cafea,71484280
failed,push,232e4509291832b10f4576baaf012ff902cc6c00,71484249
passed,pull,b829dfcf5c97017f8c756daf5e61af19fccc880c,71432048
passed,push,e99291b6b568506f3b8ead54910773913e3f3b00,71336452
errored,push,dd52e58367a3a0c7bd58009163af01337249d5d3,71213789
failed,push,ec94a579f4fd45f1f5da0dcb043e155515a65eab,71213741
errored,push,5071798c198cadb9039d3fd62b9d6c1174c9ed9d,70716589
failed,push,ca0c5ecf1bd6a22a85c179376877426408d5f72d,70716587
errored,push,6eccec803d18625ff7a1ba147ecc78885e31d1d1,70716276
failed,push,5ccf3b2ea64e6078463d9c699dd0674fd2326d49,70716251
errored,push,80d235a8bea5fe2bbed9c2f87ee783b13a485088,70716244
failed,push,7828a0ee5a2f4a3430b012343a6d77be77fbdd17,70364146
passed,push,9115872a3d0599ae0ac84291a43a161a7ed2063b,70363342
failed,push,ccc44db8eb9b070f1eca6887e85d4af4620c7b2a,70363311
passed,pull,f8eb8d8e35e69ed262d42130f6256a340d18a473,70052505
passed,pull,00f9176088973e8704a0543659428e54517a416a,69990514
errored,pull,95c48dc2b396ff52cadcc880584b6dbccc8839a3,69489953
passed,push,2c18b6b2fcc7e28bd0ab8c7ee5c3efdf3d8a3d28,68484141
errored,push,3e46e64e87148d921bdd28a66e84a748f7bacfd7,68466750
errored,push,1a0e6689dc012fecf9cc36d6a7c3a7bd7cf5b6e5,68453409
failed,push,cf8883a0a003377bc78c2cb095b8ee81aa22682c,68314286
passed,push,77b5598cf51478e45752329d6d7399028e31bbfc,68303779
passed,push,7437334d2236382168ebd64e362c6e23a1e7429c,68300490
failed,push,059a2078f3dbcc3e5f3e92680665a3fd3aee0307,68216734
passed,push,343d5e47ea3fb12464556655acce1e0514742f37,68201696
failed,push,ce494fb0535781e338fb704c1345804570518137,68183736
passed,push,08349172755aa2821f940f8b059b226bc477ead8,68155828
passed,push,44fa832d3db27093a00cd3b25d3055e589c43a49,68049629
passed,push,22f241e342c0ce7f2cc159af2842eb18e6560517,67992094
passed,push,772fa118f335b26c6cecc0fbfd75dd2b9bb1ecd9,67990070
passed,push,1504d6cb0c67dc37866e1fa773c35fe60b915e19,67539284
passed,push,fdf6689e90c276e06e139d38b12a24fb5d0bbd0c,66179846
passed,pull,9dddfc4f816ff372ac859af53dac4b24ca2b3e35,65973845
passed,push,14726f4964de161b3a199d1e75b26649191c201a,65841528
passed,push,1f7d698897194081c98a51f8209a8b51bd0f0cd8,64434798
passed,pull,f000ba058d29a7b038093880a24cd9367c66634f,64424108
passed,pull,0127a323d5380a72a14df56b516aeb2f19de8633,64380319
passed,push,bb0aab0471ea3271ddaeacb84fe3d35386a94155,64222700
passed,push,4bae50676a3f3da92ae9a64adc75789bd9e86db9,64221015
passed,push,2a0f73740a0487bd432ba5bbfb90c87a24e0c7e2,64116855
passed,pull,3c1a6c6c36cb42db82ffbfe3e145f4c72617891c,64099474
passed,pull,6531e99687fc66ae51745e0ddea29ef92103c07c,64079163
passed,pull,7d5192b7a9efc189b4fdfdc6cf043eeea773a276,63198831
passed,push,ce3a20d2627391d693aaaf24e6b9d6f10d63bf40,63159225
passed,push,891e928890292afb787be87e2c92ace7311381a7,63153529
passed,push,c685931308b7135a15fda95f9ff4ff8d4e481633,63152582
failed,push,2ce9f7251d2179de1e7b5faef95018f85704ce25,63152418
passed,push,e94b4039a67e9f705df29041fba5be9fb492cdc9,63146375
passed,pull,cdaa3e54781af3a9183b87db1d2ad865541ec14c,62877381
passed,pull,046514241ae504bf266ecb83ba0e62de14556e05,62861262
passed,pull,52c975db60da8f684487fa76bffe319526f81f55,62306270
passed,push,641d5b40e861e5750393a6f57c26d8124c214083,61447122
passed,push,fb1f28fb847b6fe45c22b237a5cdbb03cee91752,61324672
failed,push,84911c117a4d06ce3f0945e78edbb2c89d4e0c34,61254985
passed,push,242baae6636082e00027cf742c2017c206b9a888,61196032
passed,push,98b64aa4cb22dad11117825d22c3acb732c8b8a8,60510318
passed,pull,5cfc1700c697e7fce48372150499b7b6685d541a,60383757
passed,pull,8ab5abd85bc6a194f69fe44c72091f855c50a9df,60371146
passed,push,5d1af78f91b94c5b040fd31361dd09a8ae6979c2,59698737
failed,push,65c4dadfe6044c67c2c4b8347c5de8f2b7b097eb,59530603
failed,push,65c4dadfe6044c67c2c4b8347c5de8f2b7b097eb,59530593
passed,push,a1cbf78188acd8f4ef10f9b224fb497dab8937bc,59354499
passed,push,5f379c0a62aeb114b604990756e8ad18eafa47c7,59352938
passed,pull,069b5e3b53644b74c4ad0d092c388205bddc47f6,58903737
passed,push,5440d1d1570291cfdaead171f3d581e5ef2b6b2f,58889762
passed,pull,17aacca1640b3eecb25df305c7218576fe86e5f4,58885387
passed,pull,a3725ded3acb9dc1bfd77153516bc50e0a7f52fa,58861297
passed,push,8c12408fbae24a91c5dd2d6ec92a02f3b6339957,58275822
passed,pull,88516d0865417f12d316c792dcc148c0da45b81e,58237907
passed,pull,f811d46795d4af7963c7e8ffe6d6de7bea7d1ebe,57948644
passed,pull,80f0b79a26d23d16c5ea666da8251abcea79ff08,57482623
passed,push,280a7a2c09cdf8955ca26f1ce6d7a7320ee09ace,57012900
passed,pull,b49572f8290d644e054ee43c5ad99baeee111066,56880944
passed,pull,bb1b759ad72e674437697837fd9c8f448b3a3aac,56867828
passed,push,91d12e7c56fcb50f53d368e0a62459629bace860,56544560
passed,push,cef828b544bd57026730a201d1e77e1b4b641474,56086311
passed,push,0f3233bad118f112728f86c06f2caa96723cb64c,55928092
passed,push,7218c54a4597a31b78c45ca829849cef83aeb696,55814700
passed,pull,3c0ab6ff5a3f34fc2e782bf541f060fbf190dd8d,55696480
passed,pull,c77c67ad1169339494ffc8275e89f0012549278a,55654438
passed,push,93543644a2c5614e170b39e05109539969b93e87,55645607
passed,pull,050af066d4400a92d6e8630307e2af82fac88bd8,55595566
passed,pull,06dfc3c274a1f074dfeee5c1b6eb7c23854cba19,55499441
passed,pull,ab6d1e02e7c2dfe9b9ca4d4606dd6a951e8fd4c0,55498950
passed,pull,ebdfb18d77a48ebffc41abbfef9b91dc0262619b,55223321
passed,push,aa2150deda182647ae2e18639b097591fc522bfd,55189690
passed,push,b1ba8df0660f9f2853ce9a075a5122206f25b71a,55182422
passed,push,5a80ce9e3a1ea7abcb28dc16e3ba481450b42522,55171498
passed,push,2845b26eedae62287aec148aa5074f726c7e3027,55163234
passed,push,ea138e8dbd08e35e729c6e06ac140df4a63e2c7f,55142469
passed,push,d72d4c06a6afaa8d9d0d7ea713a31dc7bc6d5ca4,55064914
errored,push,e494321f8d7956bdb95dea9f545ec743d8340da7,55064849
errored,push,ae343454a4349688c3fbd6eb705246e07083bae2,55059930
failed,push,2284dec59c6a153481dbbc1c504b666e784e2b3e,55047767
errored,push,7b6fdb5f726ee9e14ee362ff3e3037f4203e5544,55011844
passed,push,02b13a41b2ec3d174d97dc75083ed516949f22c9,54888157
passed,push,cab00b3edd68a93ac0570c2ed8ff9ad7f3acfadb,54865086
passed,push,9d6dcac60befa7aaea9116a8a590a84332e35710,54744941
passed,push,707b83292a50dabfe305929f50a886d0a21215ef,54740800
failed,push,83ef3e4b74f5376ae09bed84a2b7f04cc27c5029,54733013
passed,push,b49ceed3c5f5221b0862a703e7fd6b0372c2c5ab,54716967
passed,push,ee4717bbabaf23c1bb841c8dce2eeceea59581dd,54552020
passed,push,4ae639c351fecd40606e941731406d5328b01d6a,53923709
passed,push,bcef73bc98012ad54db6a889e45eeec8adc1b6cf,53721159
passed,push,742cb478babab3a37585cdeb6a037d33cc44ca0a,53220159
passed,push,d4553f6a57ef7c97aff60cfb553159845cf61a58,52904767
failed,push,c9e795f89d90c833351fd8944ba806c931c59919,52899482
passed,push,8a44cf5fa5cb84e207699a80449ad985c785381d,52754114
passed,push,5fc2b1af666aba90166f3b048f1f7978fe88a7a3,52712294
passed,pull,0aa8be0fae6b7a3ed555e4de61982535992a6e87,52626890
passed,push,80cc7f98001f79cd287550b1c6789d56b2d17a77,52436339
passed,push,8f7f4bf3b4c74cae2815579248d17f635def08f4,52436181
failed,push,9a8e8e7627aee9ee0c8023fd8600be13eb4e49e0,52433574
failed,push,f46c57daa8047bc02af1227f60c63de644c480fc,52432620
passed,push,0c794adf5c311a81fec73453e59ecbab4cfdfd7d,52401408
passed,push,1dc13c2964aa12d136db6ef900e5e01c5b3bea9f,52390466
failed,push,a86148aa6133eaba606c7cac14e148dc6bb7f4e9,52383991
failed,push,76871fdf7c865da4cd355d2d8c539df5e89b9ad0,52311561
passed,push,105612d30e65b8d3a34d2f0d37fee86de4487975,52163936
passed,pull,78097654206a59993a4096249efad6f1339fbd7a,52061787
passed,pull,52fb31b8aabfe879ad892b8c372bdf4032649525,52061584
passed,pull,8071672fe883371df1bfd2d05a41c014f1e5bb25,52059404
passed,pull,f671d6f0905f5e0c3131e0b3efcc9b235d5bfac4,52056374
passed,push,fc82c93175e02212ca91b2e6821ceea40952f5bb,51843583
passed,push,346e5746c7a05468f09a21126ed83e3bc314f72a,51809559
passed,push,fc4865964bf2cf36301545d40ae01d357c25e560,51531185
passed,push,33bfea2814ae5e8565a83dc308a92fb5311bf863,50978962
passed,push,e0e5d25c31dee80c532c968a73ddad29b53858ee,50914820
passed,pull,78f99f1ec8c4464f5595f8c4c3aa5536127afdab,50786946
errored,pull,6f872fd5fdb9d74704f19125b6109789be6d26e9,50786751
passed,push,8b447dec5a6951d3c407c2ec69d1a40d2a813533,50641002
failed,push,f04f4fb3f216d656737b40fc8c24f874e7bd1e1c,50639891
passed,push,32bc35b915b7e4bdd651ed9cb8ff501f5c8f4f1a,50610522
passed,push,e28b137fb0dd8d8b6b62c8fa710d70d2b2fdba20,50469279
passed,push,897ad1face61321cd36776163fb3963a7993d98e,50468549
passed,pull,771e1b0338857730c984d18dd8834cb73d8b4bf3,50445765
passed,push,2d63d598db17cdf0c975a2ae71b70fa8558940e7,50183945
passed,pull,972aa30b989071839150ae170e7142c2ffa1dbf5,49815184
passed,pull,b0cb7515e3287bf138b0c4a59d3b12f43979a98c,49814705
passed,pull,be4eab8f31f0b84d8fac6fcdd19b1663a2bf760a,49814175
passed,push,f8d91ef32b3a3d02417559ad2e7da4d0f4546cf1,49718891
failed,push,dc96b9ea2844fd5828dfcb97ae42f2ae4d441ca1,49718869
passed,pull,3dc39d062d11b59e02f39f9205592ec5cad38321,49685211
passed,pull,c0f16e84ef93ffcd4d1bcf6e24f6cbdb4b329c77,49679921
passed,pull,e43c506a6e7f2d7d003d2ac0fccf18227a385ab2,49655888
passed,push,9e35f60d97c8081d8c326fa6ffe8e132f82fc070,49596827
passed,push,a0b9fc6cedb8aef2eaaec6a9661ae575dfba1efb,49570972
passed,push,79d20a0f74156a9d1029d062306db9929095b0c6,49439923
passed,pull,02a0981f10bb6aeb5a88597f38245e6c681ef95b,49347607
passed,push,6d3a60b64c45ac864a03e9f9f343ef9a0fad4185,48884354
passed,push,2be196289347146460dc5525225f245a13a71237,48764610
failed,push,96b543c8423004078775fd5bf0c602b53453cc11,48758888
passed,pull,ea49438a9476c8b67349c8ebc70f1681b4456700,48695889
failed,push,c023cd0f5724d409d697715ae06b287eb44e18f4,48695673
passed,push,8c2560b113e55c250d4a9e118cb2b2a9b5fa15d6,48628884
passed,push,e5e4cb0348f30c8608089be95469acd378429b5b,48080631
passed,pull,bda667b00a98d1f78ab67555a1fa024adae64c34,48003539
passed,push,8c6740ab71091d3632e60b6dbdd9bf8c20bdc034,47788532
passed,push,55f04aaa38f8140fc080c3e905f4c1cbf95c36dc,47542965
passed,push,3d1bc33f8e49c10fe1f6e625a8c7912f65a3b09e,47537965
passed,push,fecc7c8539d46312058c6ec9954795696cc6d7a5,47530006
passed,push,048bc6a9a7a61d150bf43d00c15c3e6e9d48acb7,47353017
passed,push,a0c9ae3ff0f09b33377cbdc648b5ca728b00ce1b,47265773
passed,push,1a2c21a081b8b7b32db9b16d488fb23bfdc03e9c,47249108
passed,push,d8c7cc52fe54f68aa2b1c1d6684fd6427383d692,47246399
passed,push,e2b4bea238a06a86291dc524992a5318be9dc010,47134901
passed,push,3796133980716645eabfeac189a87748ccc9349c,47119932
passed,pull,1f03bf191cc897383e2c97793da9f90471fc02c3,46973206
passed,push,ecc65dd08786aeef72942a8053c52fe0c1629fe8,46048187
passed,push,2a718a2d4043ee9eba9335fac03727f50679660b,45660308
passed,push,1a4658dedcd45ddfcb1965e7558e8c452baa41f3,45150686
failed,push,e2df22bf04e84370dcb1c6b0a5c679fe41675981,44588502
failed,push,e2df22bf04e84370dcb1c6b0a5c679fe41675981,44588340
passed,push,78cc55c97bd93ef049b7a14d52cb2575e57e2323,44517623
passed,push,6d6ad3dc6544c0944d39234b170e2a998bd96032,44480240
passed,push,b29b492817d9f39136a189611089ee3ebff98453,44477326
passed,push,fade46210ee0deaac08d8f743af5917380a60009,44247704
passed,push,574c4d5097aac5a7ef345e88d345a78dfba81e44,43825236
passed,push,0ef78db45c0b277b3d0d51681582a0cfec8230ef,43823155
failed,push,aeda3cb3f324e70eb7c8b0063a331c1b7eb8943f,43819309
failed,push,7a7550735effa70440e81b26da840d20d0666bf9,43730667
passed,push,954adc21c22d5e6f4a29e8e203b58fa3c7076907,43131381
passed,push,eb48314ceac87ddf43116215c7c5201637982076,43056413
passed,push,66ab6ca4618a852c1b68b8aa73747fe4392f77c3,42956977
errored,push,db5e2d17b97e5864e4773f24e710adc2a2c385d5,42956961
passed,push,28b27dfac70fbb9d10c788ec91712677c481f165,42894421
passed,push,2caf87f92e5830074df86d9a85d183f684e7dcfd,42885547
passed,push,3911d91e57149f9b07b57010f8e9d96e7f017e02,42870702
passed,push,0d2cb0738429360380e453069408b542ed1b85c6,42867418
passed,push,001e449be25bd2991f19f40bf9f7d275629fad4a,42644648
failed,push,c1387ddd8ac2c67d9f49090f92692eeb44e22f68,42625441
failed,push,c1387ddd8ac2c67d9f49090f92692eeb44e22f68,42625430
passed,push,66de92b4e28dae1464b51b688c412d43d3d70add,42622702
passed,push,815f9be89418660c28756b397f4525abfc913e16,42614190
passed,push,1065149cc90d0fa3e6d27deaae114881b5b48b69,42614147
errored,push,0ae34b06fe2ee49e694b364a151909bc83272ccd,42610784
passed,pull,1be472debb9d33d2b22d61c67ec49be98551d4e8,42506460
passed,push,0af301e7c26d2e42bb716ffd3142928b6fc45cf5,42468446
passed,push,775eb3b0e09222356bd4b66075eec7ce2d8faa74,42175571
failed,push,689d12e9c14629027ebb373840b2af3c052ce337,42071456
failed,push,8f8440ad335d81d1ef03809c81ed36c2be4e8b47,42071356
failed,push,56434c79ebb4437308fab8f39ebd72515145843b,42058521
failed,push,bca70d52994859d49b85f2b5478f941421efefb3,41980003
failed,push,bca70d52994859d49b85f2b5478f941421efefb3,41979911
passed,push,4f326b59a04cd53f3647c501b41231940894a0d4,41857955
passed,push,65112da6fb4ef01f672b2faef3ad8ab1fc88bd27,41390880
failed,pull,4aac33deb5dc9fe558c34837a0e242539ea1255f,41376327
passed,push,03d827b432235a93374a09bf0d318b16e7020a98,41250204
errored,push,4669102be6ea0546ebe4fea60321e5e98e2e3328,41245439
errored,push,776ec682801697e7bd1f5839e9206b9b769dc73c,41229940
passed,push,93bca31f64e218a1e30de2872ea6986f9c929a69,41225000
failed,pull,1b93ad3f279c8ee88d19b91497ab17f7e7825359,41180871
passed,push,725f0b31c9cc52c51977b4d1b3b6309626451ce8,40914124
passed,push,bfd3616d15ac47ef3b89e41ba4f76f763ecd8ae6,40913322
passed,push,acc73fdff6c176683088f92e2f1b549e0336913e,40912208
failed,pull,caf4d1d5a6f242e03fef2fa7723022435abb31fb,40878869
passed,push,62e41f63c058cd024bb800fd973b3fab941ddefe,40823527
failed,push,e132e8e9e58931d41ca263d546f89260d87f901e,40787411
passed,pull,aab6e126c1247e099bd256757b80a9d0892836ce,40587733
failed,push,cae3c1fe42df91883a8f599ee4afba290ae3feb6,40587668
passed,push,7d84c94bedad2c4bf02243effff6c2628ea811ba,40549154
passed,push,13365f0aae13de90e83df37c1f490fb3fbb71f80,40544436
errored,push,941bd7d2e61b3048abe66d2c2428debb96ba21df,40544387
passed,push,ea90838dd3984df49277a8e840408d459551f6fe,40543987
passed,push,91e1ddc9a3280a83a2ccdfb349bbfee00d67ac48,40523371
passed,push,9d55ef84d0ea89f4f8ecd20318555704df2a70b9,40519062
passed,push,04b6cd0f13a655de9c9df95e6de7744d83e4d5fb,40407335
passed,push,4c7cc736711e195f88ae3a6b8a3ff28fba9afb62,40386716
failed,pull,2390f15f9acb193a15a6a16e83355fd306ffb7a3,40303877
passed,push,b6f22b83c759192eb70d0d885b713c42a9c88e5c,40181867
failed,pull,aea599ae39f6f65ae6b396bf7269c59a834dc2d1,40069196
failed,push,0e119c87404360273255cd17ba0d3f3f729973d9,39919374
failed,push,2bb0e6ef131736c57fcadfa55ab2f47dae483156,39619740
passed,push,54434bd71e19ef326e5ddaa98bdf100732814b61,39610393
passed,push,ccf4da59c255f7ff1763dd60caaacba905941daa,39577114
passed,push,9efae007fa3906ff4d9cd7744fa7e49951ffa282,39480150
failed,push,010d29c124db015ae42cc405de9690a0e1602bb2,39462979
passed,push,84962cefcad387295af305240acc026d7b2b5469,39391494
passed,push,ec0108f86760a9091818a0aef4ff403414efb6f8,39390029
passed,push,d564e8dda00d3f0f431b4ddfbbf78b8777f1472a,39083323
passed,push,c966bfe3c4e059e737c0b08aa2079887b1cfab2b,39082658
passed,push,889e62e248534d085303406e2368a9046c09789d,38941652
passed,push,596420ff4f8e2f5476468a71ca494f4bde4c8304,38825609
errored,push,1ece7ab803c82f3a644d7adb07547a09f06c39fd,38814261
errored,pull,0220f86b81bb1ab77c8610c8e65581618ae8196b,38750029
errored,push,5bb361e8067afb4b89b4f086fedae0bebe764e2c,38709983
failed,pull,bf20968a035e41d7e4af4937250b5cfb91988fcd,38676178
passed,push,0b6be00fee61449aca4b4871352400fe435e67f7,38319010
passed,push,3808213f5c59f37f35aedfcd08076ff4b3489ce8,38319003
errored,pull,b173a4e011b133c8ce5d4a14340a2c11afa6b7ed,38172107
failed,pull,f7dffbf705a8564bd9cea37fdb1aba104891614f,38154198
errored,pull,1530fadbf432d2f1a6e2e4b42ee6bf0d88834da3,38065732
errored,push,43956df9af6e87394c9ca999797be4831ab04a91,37957619
errored,push,f5d8c4b65c5cd8c25f2ba7abe86ab2ade118a20c,37954416
passed,push,99eb1606c761808a095f9f6aec37e320cb5cca87,37841249
passed,push,3f05eddc4255e7ff8c8add963fcb558f0e4783aa,37825760
passed,push,0800d33a7518dda0462665d7c9071928fef8b448,37824368
passed,push,5d15afabe58c702680562fc0cbd5f3286edd7c00,37609619
failed,pull,3a2db05afefea19bbcb34e89498773555cf6e84b,37400802
failed,push,fde5e8653ae0c646bebd3b31b6bf46ed4632f19a,37284153
passed,push,b6ba221aea69f709ce6380574427f43fb67b03c9,37275310
passed,push,548157ef978971e51248389dfa84aefe9cced62d,37187394
errored,push,a9a97d935193aa3c7921cecb5e468d221edea189,37173470
errored,push,4c02da8363f87981e7ac5feaa6b5624887406496,37169594
errored,push,0939e762d97ed7caef2839255132d8c1e7b944df,37168102
errored,push,9bd6f11df340680cb3f9024ec9e4b412c93b192a,37167740
errored,push,632492d6f008b4b38abc7684bcb580fe5ff6761e,37166423
failed,push,3549362aee64ff49a73db24404338dec8d91774c,37157905
failed,push,1fe42c1fe138fd7571c3a27f7a460dc295a73cc5,37153394
errored,push,9dae264bbf567ddbdc37be53de112f30bb81b0c7,37131304
errored,push,188362973914fdaac6574dcfa3700430f2956ef4,37131068
failed,push,981cdd00f712b7e71d37398c9137ac9ff0b39ec0,37129092
failed,push,edb07c430fb8500365c35963e43fb56f797fa984,37120589
failed,push,2df1213229dd2a2e3fb3a226036358f2b0206e9f,37103169
failed,push,1ae16b4ffad4d0e92a6738b736736927b8aee570,37102532
canceled,push,5e10c40d1808001ba70be62f9d54ff3755e941be,37102521
errored,push,616b5ec6d6be74ad24114f033cd70c3d207c3e10,37102428
errored,push,a96e32c8fdcf5ebd90f886e570226913b1309628,291116028
errored,push,2bc2abcfae3a394b86f4a59d7877a258f22dad8b,291115540
errored,push,06393add99295705d306b0f087fe7456e1cb1bf0,291115082
passed,push,d1e5a8ff576d6abb3ddb0e69a4e45bf1f26a5441,291113733
passed,push,b7673b45787428842e3dbe117e6f8968a2c4e07a,291112781
passed,push,1cd26c9b10fdb305082563120fd4480df1f77494,291111553
errored,push,853004c3b67ec6468e13c120fcaba0b22ddba00f,291111208
errored,push,95a5c950c70c524696e3d980096b97df7e07615c,291110687
passed,push,aad22d8bbbc38e28451225539cc07a4eef89a637,291109617
errored,push,c75e14693bc0c7a109d377aeaaffc5108128492e,291109187
errored,push,1eaea85ec9c97b70ad9e0762b734b16fbfc98d89,291108620
errored,push,223fdec032d048745290cf0469b811cee0e6469e,291108036
errored,push,10e0703bb768826cd5c8322821b55bed59ad5454,291107592
passed,push,7e901a1d4f951c829a6a27a0b3618218fbf3417e,291106317
errored,push,69b3754ae1d73859ac29ba0202e8c28d923e04c5,291105748
errored,push,a9ab664e8707494a09939bc76bd57cc98d1463d0,291105263
errored,push,d1561f8fb6a090dc922ed579ad0ee4ff16ab28ba,291104871
errored,push,617c761f17f32d06beb4a8aa7439b4a27ef6a2a7,291104485
errored,push,30189771f0a5368234970d84dbf6cfb2f4379915,291103991
errored,push,044e3348b01d0838b47db496d0b59236305bb65d,291103551
passed,push,7412ec782e67b6f825d134131d74c5321500d149,291102379
errored,push,044e3348b01d0838b47db496d0b59236305bb65d,291102012
errored,push,302e25544d8dc5b9d5748d6d407a7feed869b60a,291101528
errored,push,133c172ddd9d52cce12d82ffc38d9658d71ee8bb,291100816
errored,push,214a5a03c442f80c5e861f191bebab140c650767,291100446
errored,push,47aa19fa87f4878022a7568a1ee6d4a77b57e6a2,291100060
errored,push,eb27590d8088a377fd1ce4aea7d0758be3593565,291099690
errored,push,bedf1bb71088617f532ea21373342b1a1c94102a,291099439
errored,push,0c19805f0f94e20bcd5ab03f2b48d0ece21bde0e,291099088
passed,push,b559735377c48c137d347d74b0151c0ffb61a86d,291097941
passed,push,2c62116cef7673ddbafd8e365379cc4cf2a672ee,291097128
passed,push,dd08a3bbf4f0ee0bbde0107f63677f180ac786cc,291096274
passed,push,54bcb47a9549deb96fa6934e7eff4c5c659b110b,291095015
passed,push,0751f9d69ee95157f7c786cee4731bf31f382039,291094097
errored,push,93fe73afcd343efce0619391891ad6849a98f5bf,291093759
errored,push,3292f7190281b349c67f6ac8bcc8da602992e768,291093222
errored,push,bc944a67b46fe7dbca21115aaa3506a2dc475b66,291092661
errored,push,a05779bee63c1f4062d12a2150b8bc5c02cd1f16,291091899
errored,push,80e6074a4fa5fed4ea0772a756a2f9ce856838fb,291091287
failed,push,d6f3177bfb6a63a683f16cb96f663625dd7be176,291089830
failed,push,3e3638a81334ce601231984bba13d37c915c57c4,291088865
errored,push,686064e22efc7d39e4e76f1bfdb113ad3c506277,291088566
failed,push,744d5a44bfe5858cd3bfe0dcdc7869b41e58ff1c,265793363
failed,push,c7f1bef979d19ee42e67e1bf065c0430e551d834,265792702
passed,push,0f9a25a2a023df86b0aab9605d2c7186b66f355b,265791350
passed,push,91cf316d489eb4d991a01c50181e6ef663907792,265790063
passed,push,c1378732d240ed4eae8ec1abf5d0aa6d72fccd99,265789534
passed,push,1cd7372761ef722e88095fc714a01211855774f6,265788896
passed,push,123011d7d55ad93aba4dfe044380683e719bd7ef,265787359
errored,push,6766323c409913b3c456590986bda6a8f1ed02f6,265787087
errored,push,25b25fe8002e31843150dc5b2e66daeb7de94fac,265786722
errored,push,9300bee308b5f9d290c41175d957c327dd07ea4d,265786547
errored,push,97e6ec4308d2a8b8575b3c67ae1291cc5d7394a5,265786270
errored,push,29922e1a2103402ad4c54e1fff7a0849c2877dc6,265785940
errored,push,bf8abd9d12016ef6fd46512989f1d2868799565d,265785695
errored,push,bdcf5b9177da700a39df40c36fcc78114dba90ee,265785527
errored,push,4c9806b4d699c5e27a9a62c5d1eeaf8029bbba47,265785219
errored,push,0cd7bf991c37908ef0dfbff1596eca4719eaae54,265784933
errored,push,853f4d7853fedf3cb57ac95f31704953d7cf3b3a,265784685
errored,push,f48062f00c5e352a2e338d7b1f924988964dd810,265784519
errored,push,5eccc4ae45b4beb4bc44a19e31c2c65531e12afa,265784283
errored,push,f4020f8ff785ce17e19fbb33a77f283b347e72cf,265784042
errored,push,5695b38bf9173acb4fe02417aaf43e6b449c2b9c,265783677
errored,push,fd21abf51e4d0f5074ff139a15af85a3e4d8b03f,265783354
errored,push,4e24a1f38ea61731bf9ec740e886e21a60044b6e,265783026
passed,push,f69f969696ed7930fab11dc8b978ba4dfde810b2,265782409
passed,push,d850b00e3778426db595bca58b7d3f46f599528e,265780933
passed,push,1a839f94eb5f321244eec6da8d79b7a5d0e26991,265779503
passed,push,8c8591cf53755622b7eceee467c638d7e2634baa,265778684
passed,push,c0da97c7a81c0ae8debd06557293ecedeefa19f9,265777825
passed,push,e2af638c73e69a57f78512e52783e4b6992e6fdc,265776239
passed,push,4d4cd17ed23acc036c03d07b21e3e12eb27d8ea2,265774267
passed,push,3135d97475dc8d9da70c9a852fc2a1a09ef6f2ad,265772458
passed,push,a33487312a144acd5c37c5f8424559b4edceab5e,265771574
passed,push,c14ca05cc5af269965e7f15b4d30b1b1797b742a,265769717
errored,push,5ac77e3ecc5500900e617f7a428443472123b978,265769432
errored,push,db6b4e16fa373524b05ac0a9d24f4b7feec3ec56,265769187
errored,push,541fbff3521cc9a14b5e8c94f3efe69366dd0e3a,265769029
errored,push,dee45fed93ec182fef358a776005da065da03717,265768763
errored,push,adb02b97bc9cbf1a9ab0f31e0e8c3ebede590593,265768544
errored,push,1ba9353d7f903a10850b86121cdb9fd95affa152,265768286
errored,push,399fb5161cae896c27a44bc4f978beb4f7bde75b,265767929
errored,push,7699652447a17a4a49982c370d2c936224985b42,265767476
