Status,Type,Commit,ID
passed,push,20cdb4473896143402f92e11cf03d236fcbe3f12,268607223
passed,push,6abf2e292af6e66f6b3a8184094794d6fa2c8f8a,268607209
passed,push,6abf2e292af6e66f6b3a8184094794d6fa2c8f8a,268607199
passed,push,dbe2dad3dab0ad8a0c8bcc23b7078109c3426ca0,268606459
passed,push,19cd8142ad0559edc4a230a9eb8f746b0bc5b723,268556244
passed,pull,afd56d5ff09f649118b3ac64e12b7fb363c8be95,266632551
passed,push,d361e99b86db01d26836eeec60021ca396f3587a,182045161
passed,push,874b924309b035f8bbb338fac89226228af6ab3f,182045155
passed,push,874b924309b035f8bbb338fac89226228af6ab3f,182045150
passed,pull,14649d62137a73e186f3fab6dba5632207b880bc,141243911
passed,pull,2f80fb424313050afa2af27a16611deb8c0d98e6,135825069
passed,pull,0d98b00263431014869ad443aae902ab3cf7c8f9,135352580
passed,push,d047ee1e0d583055767ffbaddf37bd38c0df4108,134334139
passed,pull,7df77ba0fac8e22c0ed80511092c82f69a773f86,134333239
passed,pull,d0868c1bded793fe818821f5b13d8be6849eb849,134185743
passed,pull,5c01455de169a10c2f240b178bb7782fb5464679,134120773
passed,pull,abbfc608c73146cbe5e23af944714e6960ff1eb6,134119787
passed,pull,c1ed4e6b021a6e70e03db49240c13a198366b665,122696729
passed,pull,9d1352f2bf24f41ef8ff7b1104c6a7a9653e36a9,122596714
passed,pull,1ebc5be4d4ed54a31aee0bcb8cce5dc88ba1b723,122463533
errored,pull,35b549c14e37b174d9f3bbffcbad4fd052ab935e,122451123
errored,pull,3dd38f6863494dfee04bdce3e87acef23569b8f8,122449880
passed,push,763e34d5da39ce0d02adb7181bb8603c18733ad2,61664637
passed,pull,cd991797bdd04209328f52c7ed581ea7ff2d636d,61663551
passed,push,371863bee0d6d5231529ec0d780b1229ed0419ef,61662190
passed,push,f90491a581b1004c723090fd4b440b7a87faf527,58545324
passed,push,69f9a29ca2aaa6b3d306f8d0c1a06eaf29cf455a,58545321
passed,push,69f9a29ca2aaa6b3d306f8d0c1a06eaf29cf455a,58545318
passed,push,701ec21c1b47860e30cceebfca1326b584f5f4fa,52492283
passed,pull,8dd2474a74b8d782d0462250031dd2e509c638e6,50104177
passed,push,55d1e8773df0ba235f15e3127901bdef3b572a65,50104087
passed,push,5401a143500a4266839dd5b45692279561ccbda3,50017871
passed,pull,0e8f5f65f5edc3671e6d860b936ac61234ee4631,50002379
passed,push,1e7744ab0614df9cb14e0896b7d8340b9e68ee16,49403713
passed,pull,fcb865c309d241e3fb262c8e4957d6aa9fe16c4e,49403622
passed,push,ef301f9a72f5ff9769849c0447d3fa3e6436c8bc,49403515
passed,push,fdcb20ef4809dc950cd0ee24e225baf32d56e40a,44658281
passed,push,3c7294d0e22b4a0532711b49c11e63fb65cd9c86,44651714
passed,pull,b0712bf4d88acb4465ba4062a9e8edf83717fc1d,44651494
passed,push,7402c6ef288715b8703f696a2abee22bac1ab40b,44651476
passed,push,2baf8e90b04c15dfe6f6fa4318bbb4fd6def0fbf,43869885
errored,pull,66c83e49f1e54fe9a714d3c6b84ad049bad08d94,43869232
passed,pull,d23af8ff197700d309b8df1763d331a142211bf4,43868138
passed,push,e57bb3abb2c2f32e21b33ee8c85ed5e18b6b5732,43669440
passed,push,0522b9df16a1073639fb69a7198c0801654aa444,43669437
passed,push,0522b9df16a1073639fb69a7198c0801654aa444,43669434
passed,push,706502996be9113475ba6fb6933b6e44a31a4404,43517366
passed,pull,b4c6c8aa57fb75c81224ed5704156d63b5886536,43505712
passed,push,fcfaa0deb3850a44cd2d9efa7c4bbfc782b8de73,43505654
passed,push,31a36f089fd1817a4a97e0d31161bda3ddc038c0,43504399
errored,pull,cf8a4f3c3ab1e33971e5736bbf28e784d9532ff1,43504278
errored,push,07c08eb43499c51b3c259b7499e67c79038dfa92,43504238
passed,push,9872ba46569153f7a672ec944b6d4bb93886df54,43063927
passed,pull,bc499d159bdf1cee5c4eacff0f76ec7793db8f6e,43045328
passed,push,678ad6baaa4a1e61450c17eebc95bb09a79e12e1,42945511
passed,pull,183c333240a26adbe8793e711b860bdcc25580b8,42942753
passed,pull,2c52fe5291f0ddee224d6b09150fa465b110261f,42933989
passed,pull,88c99f5f2d431753b662be6961f87be1015fed74,42913356
passed,pull,23f3b3f257001b9626727077db38916159a44c46,42909903
passed,pull,6c6d1aafa4880a1f56cdffdfa546db655623560c,42903893
passed,push,d68fc5365c00434fa5364c2731bf107d50f8af77,42898902
passed,pull,757a320cdafa3ae19a3a053fa71368047a805aec,42888453
failed,pull,a173bf32154b749f2bf19a38f85ccb86bfd6c0e2,42887816
passed,pull,68ad32db8bfea4c81affb3528dc9d508b2fc140e,42880580
passed,pull,39fc864f35bb94bc99176b697324330071c958f4,42788686
failed,pull,4f58a0c887fdc9096997b97757c8048fc787c61b,42787823
passed,pull,59fadab4940903c0de2ac5ec4caee52051855c84,42777379
passed,pull,2450142de7492e9aaf30502175fe6293ac04ab04,42775749
failed,pull,3dc89de82b71d04dff92b1f0ad4afc6c95c9b47b,42774697
passed,push,ea89bbeaa99729bc6925bc066b78f48e9bb2f4d0,41540748
errored,pull,c0139ac9d98018d6ba00f4b33ee453b3e93a5c55,41537944
passed,push,b349200a2cba10652ff10cfe1ae0b9aa187c1944,41537725
passed,push,13c4072f52d988de3383e1a7a2d3ce83e775d20f,38627385
passed,push,00b07bb5c8fe5d39a4d96ce1ad78152ddcb74da0,38627370
passed,push,00b07bb5c8fe5d39a4d96ce1ad78152ddcb74da0,38627367
errored,push,acfc77da9f6a32ded77571cc242dd4e5a0ff2f24,38216243
passed,pull,6d66b0c69a074fbe0c41294b1f5f1c77df810774,38215782
passed,push,7f602ce8bc31f60c68ab7d25b15a45cf6aa79049,38215779
passed,pull,a6b24d15bc5c8747f7af9871ac1b433eced2dd1b,38215207
passed,push,fac095a8eaa4402f37f14692f123d1acb81b962d,38215020
passed,push,0fbaaabe4d0bd1f32cf7f6aa30a64a404ae15dd9,38213498
errored,push,a7241de7ae31ed9eb71ba4c7aa6ff27591811a42,38213269
failed,pull,3de18988d33d7b1f38a91db0c519c80262fafd3f,38125465
failed,pull,68079eb9df2c0890a2f7982589be039248e04970,38124104
failed,pull,6517e0b55025a38b12d1a0a47a58a6b619de8b21,38122053
failed,pull,73a2f1c0a03fb285f4a11f1d63e726c5b9fc9e6c,38112702
failed,pull,fd9f0c242fe678072ba6beeecbfb8ce2a6dc13e1,37898356
passed,push,f5ca4c709d8b530b2e1880c36e53e087d3e6d10b,37447853
passed,push,414fafd33bd9eb6fc2be67d4f5a420e21a478d3b,37447846
passed,push,414fafd33bd9eb6fc2be67d4f5a420e21a478d3b,37447840
passed,push,f71a38c15b98f0b468989e9e47170ae6290b3f12,37366715
passed,pull,694fa930c50500b359b98fed14e8781f73094ac8,37365293
passed,push,24fbe4eef78f1dd6457a3b4df220dcab6890998b,37365290
passed,pull,caebd3ad82bd79f5f7f89f0851857341c15a0b85,37362531
passed,push,9a3a518b53e0d0a27ee5f7496063c1ad8a0b9cd3,37362528
failed,pull,d5fffae584243e00e3990029f8fa27439ba6cc73,37362219
failed,push,28b555ab01aeb5ddd6406768cb3aa946c2f6def8,37362166
errored,push,0a6b85c6569d1730f489fbe27cf663f3e278d681,37362158
failed,push,579a4e7329664114e6b7a28c6610faece615afca,37361874
passed,push,4adb2fae93c3e6334e48fe5e19c1824fd2cea91e,36422397
passed,pull,cee21401555d351a768b707e9fdd54fa64ef8fbc,36421490
passed,push,1f9a76ddaaf0152cd8797a77c0b30f76a65ab9d7,36421487
passed,push,9ebd4260e0aac121f19c8d414d5e7aa7001b991d,36421477
errored,pull,45af3672aa02f5342637373f400834d5d32606e7,36421470
errored,push,37f0a20d6f02a86de39852014254854f0edd3b3a,36421467
passed,pull,6f9c1486fececd48d9536ee2015d4585f39c5a60,36421419
passed,push,dd4c87470a89b4ad6e24de1c5e91f5131a296518,36421416
passed,pull,9e892238ba9e0091e13958a71d0205a077bc8f51,36420574
passed,push,cb7ce783cb239b07b420e0c5e9f78a1bd88099ee,36420571
passed,pull,67d3e3cb03a732e3c22c0daf2c237750007052e8,36420568
errored,push,e51c9e25e2b18a41ed4f0062228e0f790791328b,36420565
passed,pull,06206f57b225c2e0c2dfe04fd114bee19c68c5c5,36420396
passed,push,c896c64eb1bbcd01bcec406c23eaceb74bfd35de,36420385
failed,pull,dbbb5d3f7ad09476344bcefc25bcb686f522549a,36419254
failed,push,1577abe607c1f845b91f6ed9154455c64a359ece,36419251
failed,pull,ca75ea2800cefb4226e77861f825936c2a3b2fe8,36417907
failed,push,88680aaf067e7da6a5a08f1024fdde4ef893ad9a,36417898
failed,push,eca1dc44ffbb730db68f99c750690ffe0ac3c58a,36417835
passed,push,2b6390e1a74212664d41c0ddbdeb33cbfda8ef1e,36412214
passed,pull,dc0e815dfe138267c256a36aca9baf14127d7abc,36412170
passed,push,5d8b8bec8e373667508868010eb031c78e7424b6,36411936
failed,push,59a3988ff633671a06eee35ffcc48fc382ec8c2d,36411797
