Status,Type,Commit,ID
passed,push,3db49850778571fabd7cf903a0115206d2497901,311662383
passed,push,e222dfd02e46ac18fa7cbc7813b524dbc148ea8b,311661908
passed,push,ff3dae2079553593ac5cec43680efb2127eb25c1,311506210
passed,push,f67eb1c5d89e1fbc6ae55e16fec0893d1adf720c,311498538
passed,pull,a6e12ad486d02096469f4abd62906ba409152b6f,311321900
passed,push,21d94ab203c48172685853a81d0200aba359f9ca,310135811
passed,pull,843a805e5b58b324b640dac27eb7bc63f1e1087b,309452478
passed,push,0a42393de32f1105304b6c8fbaa94d4408d0b911,307762941
passed,pull,3ad6bf63d9084c0748b3fe845e25210d7a90ddf1,307758937
passed,pull,3de3577a5f4662b6ec13b7047c34b70205fafbb3,306876780
passed,push,7055d97c25e03930236fc2c20d7ca299299c8f61,306846372
passed,push,7055d97c25e03930236fc2c20d7ca299299c8f61,306399801
passed,push,ddba5030deb9e2a0c03398206909d012b4f10fb6,306398594
passed,push,cac832fc27740cd4a453829f99b849ae154009fb,306398577
passed,push,cac832fc27740cd4a453829f99b849ae154009fb,306398552
passed,push,fa569abb40d5b238c5f5b9d52cd6eb837ee232a9,306397826
passed,push,81616eead9dde5eaa6fb9e8a44526c5a09663094,306394290
canceled,push,3262685a815065fec68f37f5c0007156d8aa3b5f,306394281
passed,push,3262685a815065fec68f37f5c0007156d8aa3b5f,306394265
passed,push,c5eecef7d035d34353a31e26dde4ff1a1059f1db,306383619
passed,push,cbbd8f54566903612c17f1a3d068c8e4737dfb71,306383463
passed,push,1aea9278e7a7d9ae799018d9f74d2accceec70d8,305703684
passed,push,d0783c8627ff4e8b4585d73791cf05c810f1628b,305702581
passed,push,8f37fab8e8d8bce342448f5fc7ddd64712f63ab7,305679981
errored,pull,9090ceb194506a79a12b3fdbd3866a4f151a6791,305679942
passed,push,03da62a1e7bc9dceca405e84d00a1091e058d655,305679329
errored,pull,aef0d5cf9e982fc088bcc63f475381e3a80aad15,305679229
passed,push,6a4f356f810ddad1efb6198466e60abdedae3e95,305458847
passed,push,4cff693b5889b0d4e04807d853ebe9f2e4e9c73c,305457274
passed,push,e7b7ff63ff461eb9503142941567200518690d68,305403779
passed,push,8456530475789e9774a13019653d5cf62d9e58d2,305394555
passed,push,96927fe344f7d8621f040a2e6bd7badeaa1ee7b3,305394424
passed,pull,606c843d9acb04bb4c0d138768abf391236c66bc,305375127
passed,pull,949f7f8c464ed82bf37a932526900606b6b2b806,305373587
passed,pull,642bce8d39c9b53691a1a90fda7b359120c46118,305356026
passed,push,f943fd16d61d4b9af45a3486842f3fb1d2bd4c56,305199287
passed,push,53b804a8758abaf7dc42aaf7fa464dceecaa42c5,305142271
passed,push,5323222f6c422f82aa009e455b4b7fec7f8a7a88,305142048
passed,push,8ea3c96069fd7a9bf0184616652114709abd69e2,305141383
passed,push,4969479169a7bd09247f6ec95a5db8fcd89802cb,305140032
passed,push,53a4c765a5d31828fe49d6412dfc5e1bfb664a04,305139155
passed,push,e19a4b63eddf658a695a5b0180b78ebaac50553c,305125552
passed,pull,bd05b2db881a4388a169e9038c6e936aa00fa143,304409598
passed,pull,4d6b77ffd1ba48b1e61e29cb3e946d4c6c0aa910,304400328
passed,pull,106f2a87869a39c11022cb77e930c21088176c12,303122226
passed,push,7f506a56d1d91c2ea8654028be4f87bf30641f55,302367768
passed,push,897a5c775d3965b495d2116795964fd958fa4f0b,302366811
passed,push,9e1aa5074d3b3da4f55736e42c2ab9e215fa3278,300327969
passed,push,fa13533045c6c1f3017ed49c593282c660958f83,300327762
passed,pull,d44f2e0e31c82fbdf1eac9436a5428eee4c6ba96,300261295
passed,push,62c40aa89d4dcf2e62e1a6ceb7185469e354186f,299535892
passed,push,62c40aa89d4dcf2e62e1a6ceb7185469e354186f,299535619
passed,push,7daf2919c8ed737ccac5ae7addaa665877fcddfd,299533299
passed,push,7daf2919c8ed737ccac5ae7addaa665877fcddfd,299533074
passed,push,26e06c9807994ed161f6d6e1ff5705c10b337786,299532509
passed,push,26e06c9807994ed161f6d6e1ff5705c10b337786,299532167
passed,push,00e25625e00e8b674fffe0d58c20978a670c3f21,299531514
passed,pull,f6a915e0be8a5f79036f964a4610eb41ffd62571,299463159
passed,push,00e25625e00e8b674fffe0d58c20978a670c3f21,293028304
passed,push,825728c17e13d056b9fe01eb213bf04177512873,291654442
passed,push,d8b535dcfa0c3786646e6bd1425af4998460daf5,290127136
passed,push,d649539a954cb49360a78da5ae54c5984edbd851,288909729
passed,push,ae8cc8bd3353f8621cdf412079b13e8072e2eed7,288624642
passed,push,f6880fb73026a1f48bda6f16132bee540e9f1ec1,287813794
passed,push,9fc19e9c8f50164f75827959aa3fc34eefb8eda0,287420943
passed,push,78714945492494e631442dae7ebf6d46ab4520f5,287420939
passed,push,78714945492494e631442dae7ebf6d46ab4520f5,287420926
passed,push,e94e2e2814e87ce38c23466c1a6f1eec99a5f719,286149236
errored,pull,03007ede98a01e23e7446e16b66845b7fbedf30f,286149225
passed,pull,69dd5178049f81a90ca6a4257206b77693982fbd,277080670
passed,push,cb1be62e3d112756092e3d5e3a8070c41c9b68e6,273396663
passed,pull,65445ac4155da81312e3eac4f773cdc31fade991,273387958
passed,push,4c14e163e69d39b264eb1c25c050d9dca65a31ea,273297702
passed,push,8f8e05e0cd72d2d77c8fc36c533825f0090b10d4,273296323
passed,push,b6d61cddd42a9544ddcc2037dfcf65bc6e4c98dc,272784616
passed,pull,3d18a3bbb672a058addd94c4e3b4a11e60dd088f,272780935
passed,pull,c244ec0ce19df89d1daa64f8bd9e5bd3f48fa5d0,271989496
passed,pull,dd9932824e8bb70e94c7215b51c4c892534d8d71,271987277
passed,push,13138783b61fef2a117deaa9d752d83ca387c530,270530430
errored,pull,dab456926ca61c994d37c86153a2f1d8a5df97a3,270530396
passed,pull,8026de5300498873e748509de606444827a8fc79,270068717
passed,push,0fde4badd2ee223594e778794d8a6f575010af23,270065966
passed,pull,393917d530c1f85a196d7ed905e739dbab2744fb,269675221
passed,push,dca155b60c868c6264d8189a1deab07a2816c817,268838337
passed,push,e1746b5d68bd3f598a85d80852deb41c00b21f86,268838066
passed,push,fe540ab00f9ee4e104b2292917e55f57c6bbdcc2,268838047
passed,push,fe540ab00f9ee4e104b2292917e55f57c6bbdcc2,268838043
passed,push,3a3fa4f45b131ece1fb350b23b8cf8fa8f42f485,268837886
passed,push,6229776c28bbdb95aebe8cb45c889661be01fc6d,267169763
passed,push,74c12ed0745746d1688a81d691293dc60bb0e48b,267059956
passed,push,9f85e03077a2361eb86bfadb0406b3e1bd54e868,267059954
passed,push,9f85e03077a2361eb86bfadb0406b3e1bd54e868,267059934
passed,push,2fe9a5daede023a27fef53a08dbc5e172c15d527,267059264
passed,push,52574a4eb8f69810ddc61f0e941de58710e3a651,267058767
passed,push,46bd95ecf5815f78ee98f1abffa21e346b9f64f1,265454334
passed,push,c403004fe02a291fed22faab9741685d332a2d94,264058881
passed,pull,e657ff9f7d377b36d8c11ced844e6b8af134da3c,263780215
passed,push,95ea3fd111b60fc90c20d48eb4dcc70af28ace62,257346477
passed,pull,7d7133fdedf41d178425ca59c46d962d77d31fa5,257313585
passed,push,ddc5165e480ca053883c89ddb56135dd272e402d,247831736
passed,pull,3eebcab5e42f4c276b3b55a91951545a469bfd50,247374735
passed,pull,3ee5b7206c81180c24a79f1ba2dace39c634b726,237925611
passed,pull,976c4481d584a8b54684fd99e0bc01fab30a38be,237397929
passed,pull,31f9c62c009dbfd74626076ae617a9e532d1abcb,237090886
errored,pull,b4e0d49792b768266aa384d0259fe199c10430f0,237088344
passed,pull,627e3487742d398498073bc2ecb586f02eb59b86,237086506
passed,pull,ecb12285fff9c81423494865356e061f4a916e29,237079440
failed,pull,86420d32f1734b69243e72441b27578922672c7d,234612364
passed,push,46bd95ecf5815f78ee98f1abffa21e346b9f64f1,229014424
passed,push,052418facad19d7b20c7cd43b4bd80a2c8c1fa00,229014262
passed,push,4e1b51c4df259c321500a6d875f031b1dc39494e,228738984
passed,push,03d00c0dc5e5103655d91cd5318496701cf3b8ed,228738972
passed,push,03d00c0dc5e5103655d91cd5318496701cf3b8ed,228738966
passed,push,8763bd13f98ac085fcd952d7441bf7b61f08ca85,228737986
passed,push,88c17e9055750dd66c535411c9ae3854b403e751,227890929
passed,push,03adc36b52378419c7107bfc03e1ca9548490a04,217180738
passed,push,b764c523e58c1a6900d1d13e6f39798f4cef0a9c,215473887
passed,push,c24b2fa1cb175b7d3e7d41bdbaf9d74bce2a8aa2,215473876
passed,push,c24b2fa1cb175b7d3e7d41bdbaf9d74bce2a8aa2,215473837
passed,push,29c930bd8fcb765f8d48fbd4d1f1978247d6a2ab,215458829
passed,push,93d015b451e54da723572da9d299bd9b8de39f7a,211252414
passed,push,c7b4b7a4d0aca753cfb5a457f790add5ba9b50b6,206894561
passed,push,6850313f225e89c2fe0262b646ef93acb3f2550c,206894477
passed,pull,16de4c1898eb626d82a444eacd2bdf7bc885fd60,206677540
passed,push,7e87654eee3c753cdd48b89a2686b6c183db8436,197031162
passed,push,7e87654eee3c753cdd48b89a2686b6c183db8436,196887209
passed,push,efff2ab328d0afe57f97b779b153ea96feee20ef,196883990
passed,push,cd8cc6208b180a95e338f6da5e13746855735a28,196883941
passed,push,cd8cc6208b180a95e338f6da5e13746855735a28,196883937
passed,push,3ea47c1bf60fd5ff2ad6c8c56b90e7a84619c4ef,196853517
passed,pull,45fd6cb26efcb44d2b08e73ff5aa3fb8c892b539,196853487
passed,push,98ff16a6dd2c4846dda9a81b81c3d9a6d9220b24,196853481
passed,push,edd4b9d85749f8682dd92df5a32c4790ee068cbc,192407094
passed,push,40ffb47d7897e8b9ff0a33bba5a592844671a8cc,192282447
passed,push,9ec946c29948d0b1811772e11b6d86a6a6d5feb5,190980833
passed,pull,d1bb9451df72ec41f8fa9effb7fd518bf6057a39,190785776
passed,pull,2af9fd111fcdfe7da9b9d551bc25939640c38298,190782324
passed,pull,39ee86a3d5cdbe1d3d01c8488d32f17c352a5daf,190357728
passed,pull,cfd891974716e81e6e29ada1c67fde41d75398fd,190353170
passed,pull,50a785d1d7911574905ca73dc8b8e77555814792,189278287
passed,pull,71633e964e4b8de78e24a095c5c2fca8b8687bdb,189049968
passed,push,3e5cdeeb5e78632ded5e490a1ad546551a801efa,188199046
passed,pull,b02c3882f213acd8e08d557be49daec05f58cb4c,187460897
errored,pull,6e9aa0433a06ff3897a98153b970dd20e61d2728,185795059
passed,pull,648befe7f3539e224d52e2b847fb708112a8e22d,184964664
passed,pull,fce24aca19305407a1837076258d67865d991ef2,184508093
passed,push,a53902a40d434f876b5c4f598c934d71aeadeeb5,184310101
passed,push,346c279022ab9e82a0d24b28a4c65d4789e60431,184273522
passed,push,1b0661a5aa9ebc657fd4237a66ec3c2f3e5a2a2a,184273509
passed,push,1b0661a5aa9ebc657fd4237a66ec3c2f3e5a2a2a,184273489
passed,push,d8c515c8d327aa47f65e62b71f48d722fd49a698,183282467
passed,pull,122b3e073019b7e47e4466e7e167b1a67f6403d9,183280847
passed,push,dbb638da0f16dbce9489a243cc398d778e2a4376,178559394
passed,pull,a39ebb5ab8855b9649b930f409e4598d73d19a09,178546179
passed,push,827ffe8aba676ee724fa8fc671db3b478d4477cf,176956209
passed,push,6dc5c5d89d96282231689a1be48df17b54128d86,176696797
passed,push,05b4b9a4b87f15ed715143a115aa479d6f31c40a,176696788
passed,push,05b4b9a4b87f15ed715143a115aa479d6f31c40a,176696772
passed,push,8fd11257ef00bedc30ee512fca7a82d7b2607f1a,171032942
passed,push,0a3bf623ddb66aa84cea06aa4b766fe29ca31e6b,171014794
passed,push,909220651479bf18b86d61405cf3d64a25d78c0e,171014782
passed,push,909220651479bf18b86d61405cf3d64a25d78c0e,171014760
passed,push,4cfa837ab6a3c30016ea215769015b0bb6a307b0,171008232
passed,push,2fcb1e8066d8ed02228a171483e6f67ef7f6e4e7,171007547
passed,push,5d47f4046ff08de20e5cad9b1fbfcc93132a1074,170998681
passed,pull,0b6f0a4a796fc1f09a04a26e46bb35b41825a19e,170959688
passed,push,bcc5774c54d2b02385b913eadad184a9164116cd,170792459
errored,pull,52a3ab14302a0d4f9e79c6032bdb9c2da4c4df28,170792395
passed,push,4b003246a0acac415388b04eddd361657dc344a5,170789334
passed,pull,cd3b0643cd90d0e83d57a89ce0822e012924e9c7,170786674
passed,push,859aabd65f92bc16c13301bfd8228c84fd0e6df8,170425674
passed,pull,a893b0fb832aaaea561cd4aa828f6e8613f9958d,170084264
passed,push,7a6c03b16d13b50ce074b2741d9b3848df5a5694,169485963
passed,push,60046b028f3df924f6632c00210991aa879c7f18,169485808
passed,push,71c58ba4eca0b8829794ef6acdf1cf37816bf003,169485767
passed,push,d36058eeba7fdf30ca7b2348c2be68b006438ac7,169476574
passed,push,b9bffec5f7fd63f1c739f9474f3ca21dd750a32c,169476569
passed,push,b9bffec5f7fd63f1c739f9474f3ca21dd750a32c,169476561
passed,push,a9a815f15423e75fa9bb2d05dc5b0e070443f579,169474832
passed,push,58348a0362429e67dc416e2c18ceb2bb959672a4,169474823
passed,push,a9a815f15423e75fa9bb2d05dc5b0e070443f579,169474801
passed,push,0a2a3cb9452aaab0d96ed1897706a4faca34d562,169472739
passed,push,0a2a3cb9452aaab0d96ed1897706a4faca34d562,169472731
passed,push,45abb3b659f36a83aceb75db9d7f9038d165798f,169472729
passed,push,e23f2270c80a888f7219cb0ae2eb07e4c1c6f21c,169472666
passed,push,387efca4bb952324d8ed29f96caa82ca4f018939,169472229
passed,push,96424ca5dd50884f2fafe8e44f3f1690a18add95,169471665
passed,push,66a43b316fae63aa2d4e145665e9d7ab9b5e62e8,169470610
passed,push,c3daaf964dd50163c2b7cbf2bbd661cd37abf337,168869490
passed,push,9513c068bb118b4702a7cd1aa99f994dea6fdb4a,168869363
passed,push,c072725f17fb0a2c97371f81f5bf4cc78190d6be,168869137
passed,push,bc1d0aa0472cdaecccf8bae9f17a219a6a84bbdf,168868939
passed,push,ef5e76c19499c39084d83377f44aea4f34a28248,168592496
passed,push,513b62e2a18eead0b7496d08f5acb4c8067261fc,168544462
passed,push,d41cf83d1649c6fb067f0d6d6da8674fa559ec6c,168544434
passed,pull,c6f11af7dd60ab7eb49adce060dba48b25ef7c48,168296797
passed,pull,32a153781a32d5804b531cdfdeb96077f04ad598,168295343
passed,pull,167410b368dd0d316ad1041fe4aef442f4dfe554,167658172
passed,push,89e77ca37392776e8f51267dded50b66e1f353a7,167561096
passed,push,7de29cc4e101ff16333260be11d554dcad8e1db9,167561053
passed,push,317a189005e936cb4bbb6284b1e8b409c08aceff,167560766
passed,push,ee1e61664277eec1ffa97822da4e0fcd29c6557c,167560382
passed,push,357d87d5275880de9bbc01b12449f50af3a6712d,167554513
passed,push,73039b13365d27f7e1c935d56da45f28c7ea7792,167554251
errored,pull,7fa2aaa7e637bdae9bd4f5d351690fdd4e9907e6,167384218
passed,pull,94fd0ef727e5cbaa553b800fad05b3bc0f674e76,164985226
passed,push,adde39b6f5764286a2768395f5bb414eee4c4875,162126479
passed,push,037a72d25e1cdf7195b8d410cfa1eefe60466f07,161918035
passed,push,ed83e7b44c4506a5327d4f73e3931af2226d5d77,161546232
passed,pull,a2ba256e66e7bcdee012f3c47cc4a7e3a82d35de,161368114
passed,pull,8f6d322a6f24bb7a24ca20b843d10057d61f1542,161332539
passed,push,a76e95deddb26e32f72754707136f8805c2ed0da,161309999
passed,push,a9f210aa7afca6c80d06a342292aeb55fa77d954,161309349
passed,push,1bb66bb05cbb22ecee72ec51f6fdce4c3b5a8bdb,161307756
passed,push,1bb66bb05cbb22ecee72ec51f6fdce4c3b5a8bdb,160449152
passed,push,f5304d555c1f251fa6654aa4de1f72c576767e68,160439115
passed,push,cfad40cf0de22efd4f6d7500c070f6271ec114e2,160439105
passed,push,f5304d555c1f251fa6654aa4de1f72c576767e68,160439103
passed,push,f4e20dd4c827de575a4db68bc423740d5d29fe98,160432149
passed,push,66ded909591404e8b5632b688e4e7df192ebce8d,160242076
passed,push,4a384db51079a20770f00c6c5457c366aa8ed880,160240404
passed,push,7dfcd0830c48925d5646a10d9534f401ae5399b4,160240371
passed,push,7dfcd0830c48925d5646a10d9534f401ae5399b4,160240339
passed,push,501bf7b5da5c4b0196223904f42b1bb0194ca92a,160216757
passed,push,4cd3a91669208b2a4cf8cd5d83d08aa175717897,159934512
passed,push,e6b8a4c5f181404084171a3ff0fd615af1a863d9,159934080
passed,push,495a7ad9ef805bf5a6bc7931effc36dbaec92d09,159934065
passed,push,495a7ad9ef805bf5a6bc7931effc36dbaec92d09,159934067
passed,push,4c35366e3c48eeb3c036157265629e545825a47f,159921949
passed,push,77e3ece87ef78526b5f33a84a76e303ffede8b13,159881447
passed,push,22f587f1ea47cc2f4ce0de2674a44a38aff88f6a,159522629
passed,pull,cf53ea95175d28375ada1577ad1dead050824ab4,159521375
passed,push,0ab41bf6ec18ee68d787ee438bc9a66ea96b6dff,159516200
passed,push,9eb76570cd27ea186c7ff41752c25e748930fc07,159516132
errored,pull,060c8e9e2742aff6db853c964c16c2f7a9cdc0be,159489341
passed,pull,d862645f93b9856c9e64e1d7d58a04e3cd0524ef,159489263
passed,pull,d729f75350c1d18673be5805d7aeb026ec6d8afc,159489086
passed,push,5bd278086b41f898955c9619a3ed39033793de02,159320719
passed,push,01b3063853bc47210fa75704f0c04e28664771ba,157598648
passed,push,128b88f29ffa9f0a8ca840e71113d17a4fc6d27d,157594308
passed,push,c83027345d7649ac1a517adca13ecf9b6c5a4037,157594163
passed,push,59df64536ba968f05f2ac8cba20418399d50528b,157012507
passed,push,fcb1626bedc31a37156f853fabc8ed6426952fb8,157012456
passed,push,4b5d58212e731e821aa050a4612f953c484107e7,157009973
passed,push,0d2e2e2cc905b87f2a02922002632044e38eed5b,157009940
passed,push,204ced9d2a357bf3e48e852c5ce8f9ccd03e3d9f,157008549
passed,pull,129dd324d39172bc2f97cf5176b0d8baa7dadc22,156835754
passed,push,0e02a2944705d5b22805827d3fe718c8be1352e4,156697217
passed,push,efb6405add603301a7f8f8039694c4457150060c,156697191
passed,push,35a090c8d2f5abf9a670575c1c89ab641bc73759,156697172
passed,pull,7e6e86df011f98d4208a77589eebec4a93181abe,156584860
passed,pull,fd135af387f4cfd08afced92b819d616c98bc593,156582715
passed,pull,55ecfb9c90ed96fc1d483705902efa8e9069ba25,156582538
passed,push,9ad4061b323658ab86ff194d696b04577681dfa8,156580210
passed,pull,50fb2b619456f869968b41397afa7e0819d9e87f,156531199
passed,pull,0f21a74fa268aacb66117d0973b8d07887e1ddb0,156530908
passed,pull,67b535909d2fd36edcdd388fe5b569fa74374374,156233883
passed,pull,b166164be5b7ade763e660b3659c06d36db99654,156232571
passed,push,fa19d9f9242fe9403749ba6d9f2dec64bfffcabc,150683308
passed,push,0247249a35061fd61284424ff00093072bebd039,150683291
passed,pull,93a73edb2cc4e18f144fbb151e0a5ba2d028d2a6,150679942
passed,pull,89c26f98c07aec7296e4d5b82df7a09f7500eefe,150677163
errored,pull,9f4157eabdad845211b17a6d14003e1295c4ba90,150672457
passed,pull,29d824bdd2efe2322f16b74ea7701a0450950e5e,150668584
errored,pull,9221a7119a4a7af377964f2700463a2b36f1ccba,150666099
errored,pull,648313076a25e41a8ed5f90496d7d98ae94c2093,150641187
passed,pull,a28daf4b5e76798cc5b812ea4dc14f17a2b1fa1d,150136963
passed,pull,03a895841156dc49382d02f25b6cab33de36be6f,150064275
errored,pull,6260826de180a4d8535c45383583b46696e0e531,150057999
errored,pull,dc2609d8a1a3e0b393e8f34e6c5499f4804cc30a,150056285
errored,pull,04c47e137877c6a4e649ada3dbec876e2455031c,150054409
errored,pull,f6fae7be619fa80f45c84b25e91187985cb2dc5f,150052764
errored,pull,dc31e524f52283ed42d17284d771ce5405903777,150052383
errored,pull,6b488948b05cbea15967f645188833057c2054d6,150050673
errored,pull,4b092f525b7d3ee9fe8465a172188a1413dfbf25,150049905
passed,pull,d4b3acb7ec53017926ee147afba58ae299f89e98,149822688
passed,pull,ffd7428161fc24cc8b7102198c95e7edfda5e898,149822505
passed,pull,df99284f09bb8b6e0b3b33a876721af9e685ce27,149822264
passed,pull,e5b05be72423becd9bbe30afee32738a24257019,149822022
passed,pull,21775061523986818acb5ae9dc2102bf991639c5,149815851
passed,pull,12cef837e7c6d4b23a0618517cb266dfab28ef5d,149813414
passed,pull,f79a18aa3ef031ea4ce4422e7ebcd5254fcaa42b,149813184
passed,pull,98798c9b8b4ab88a31c5596dcce52d38661903f2,149812172
passed,push,f9cc7c28db601d0bdcb9d604ff20510fcf6480f1,147710735
passed,push,d100f7a2010db7557d22788176b8b4c8ca0995d9,147710507
passed,push,4bfcc72d6518e22e3fa44baa2980dc96189ce147,147688224
passed,pull,cf503825f3fb95c080ee8876fb9964221cb29ef4,147140659
passed,push,96fb53833751e3098087dd17b6374bcd122932cd,146104050
passed,pull,4956e0c288643255130fae3518f591b72692b821,146053937
passed,pull,9d7da625fa7675999a3587ba881b0232f51e484d,145798490
passed,pull,6b3ca81c08ad42125e5b71f99c08f955fbfb37c4,145785687
passed,pull,2673a235ef6d3f7db16dcfd4f40a3f7f5bdf62b5,145751970
passed,pull,39e0e34ecd6c67efa81f940760c5cea3d62d05b3,145550919
passed,pull,7b799231490aecbe3f29036e9fb42f95decdd3d0,145547666
passed,pull,14da45f248409fd96639f47c5d60c12d53c43df5,145500784
passed,push,a2ca97460de33774e1a4f87cc87f8c6770d8942a,143845693
passed,push,e9c0a53a361d9d07d548b7f9a488a289a9a24716,143845425
passed,pull,2a32d15645a78e4c0f5ba302a17c64839f279fde,143367246
passed,push,87413b0f7db06363c7d267e791c1e04fa8967108,142474142
passed,push,be723740ab6b154f24872fecc2055e1962982d7d,142451775
passed,push,e00a603943414fc0c3d34d72ba76ea431e99aa66,142450452
passed,push,4b792fd8573df485fec7a0c3ba3f31bd9bbeb399,142450449
passed,push,4b792fd8573df485fec7a0c3ba3f31bd9bbeb399,142450443
passed,pull,23e72c672274afcb4936bef78689751230f63aa5,139515856
failed,pull,e3a415cbb26cfc2d84086d2022c53a6cfab3a5eb,139512651
passed,push,fb9f44d43caf3beb71bfa82df274572bf218231a,139411264
passed,pull,4c85d0f4d10f52776811c0ac2e24ec9e83193303,138443378
passed,pull,61bdfe6cf38535935f030ee77bb577457873b637,138380138
passed,push,0400aa076768f6840e48a730b845e746bb3c1540,137747635
passed,pull,2f6563517f3a350e72a958021e273d9d7f932a46,137744846
passed,pull,71e588a0decd9b317bf93816d54df8de41661f1d,137741444
passed,pull,88e4c62480833060e2ba73e1178e58cf2c0560d0,137636254
passed,push,8cd00aec2d5b35ffb431ebff31ce8ebba2bf9f93,136617836
passed,push,6a943454817eb5566d22dd1c5ad535ac183ed540,136617636
passed,push,a3bb10ff104f4815e83ecd8b87029efd693afcda,136616404
passed,push,b695d6c2fee6daf18905996be65d662fd6fa2b7e,136615367
passed,push,b695d6c2fee6daf18905996be65d662fd6fa2b7e,136613864
passed,push,5abb5d3e1deff7ed6b043363d3dfb5c7795e1628,136344996
passed,push,d523089b580d3df4fa3ccfdb16317266a36c34d1,135917484
passed,push,a1dd04679f8a3c79714f092f23ac1862cf000281,135916635
passed,push,b79f5ac4b249a2a678e87767c746bbd67b48305f,135916607
passed,push,a1dd04679f8a3c79714f092f23ac1862cf000281,135916592
passed,push,8b459acdc150dec9b12de010cb6ebf855ee13ee0,135914619
passed,push,cebd6002a19d3551c59291b1cabe671e132f703d,135841701
passed,push,3afd8eb001b2d4c320d2e4354cd513a1c6ec174b,135590237
passed,push,23640a194953369d1621ad7e8eb529666b273852,135590091
passed,push,0d09bb9227c8d424df5f1281b8ea9af64eb5c918,134954633
passed,pull,c82a5f224666cd5a6b83f1bbe55b713975f40a6c,134425026
passed,push,dbcec77d5cac071b5ec719c372322603e1662771,134107928
passed,push,0d79d70d168e9c84fb3f06650c65b92411284cde,134106892
passed,push,0ba529e83a5ead57e9d02cd7b18b2b42af6c8624,134106879
passed,push,0ba529e83a5ead57e9d02cd7b18b2b42af6c8624,134106877
passed,push,5823fa94b51d4bca8fad40bb8621fc1312fb4f53,133300912
passed,pull,958963f1b90971ed4fdac30d9ad385d34c72a6d1,133259463
passed,push,baf9571c5b12d21abdc8f18f59496d3672623650,133080664
passed,pull,b18d51e18242acee22ff73b204e27b5dab5b3551,132773069
passed,push,9532b6b78ed1eb4a86985a02393737d7afb94bbe,131072830
passed,push,f880cf382ebdbebcc8fe270288778d492627446d,131072791
passed,push,c63a2a30d10302073a026970708d7715f01148d0,131072771
passed,push,78bc0331e2b761b18adae37977bf896244f7f65c,129925485
passed,push,98f97df5161623444fdc2be6eb23ef71f2d69499,129922292
passed,push,cd85bb46db8679e41b49fa717ef8a3020d7eddea,129919037
passed,push,d58d2cb5164c6bbf55c87458543f7149ce7576de,129918955
passed,push,96e1b4ce3b025d5d9b1127191ced6bf9ea6f224d,129918378
passed,pull,15e5d2632ef6dca5ccfd0435a02dbf4b9bae0cd1,129706702
passed,push,94c65f41dc4df68837c84d8c156def35fadef74d,129700839
passed,push,bb2a63c67e3b23dbfcbd97afd0dd0c0cefd7ba61,123273972
passed,pull,9abe226dc666b6f701e8c750032960eb21f961ce,123269573
passed,pull,3724d0647542c3d81a2fc7a3ffb157a2f7f0628f,123124459
errored,pull,d41e25e256925600831d20757d73db40783d876c,123119493
failed,pull,9d35fa4be14464099897e00c013e98fa48ba1acc,122853362
passed,pull,345e7145363e8c723603f82c1f8d63468cc2664e,122727197
passed,pull,72646197727cc5ff3dac3cb5beadd98e067a2b70,120310674
passed,push,9e9ba4e83071b90553544a3e460ccc82255ba6cf,115644822
passed,push,e31ad9fde5aeae3b19543b4766858f01462f11f1,115499148
passed,push,8c6ecbbd54a2ba5e29bba29a3707dcb4eb21846f,114269801
passed,push,94c65f41dc4df68837c84d8c156def35fadef74d,114268842
passed,push,94c65f41dc4df68837c84d8c156def35fadef74d,110096672
passed,push,e3966bbcbc40ff6f56d096e10ea9234880d6d493,110095538
passed,push,03ac3ebfea06cba11a91f754b20c7aa6e618ccc3,110095531
passed,push,03ac3ebfea06cba11a91f754b20c7aa6e618ccc3,110095521
passed,push,69089ec8e2c6a96281d96bc711c6625ec1d0f66b,110095292
passed,push,c9e63f325d2b608f8b13906a548910c6352b9658,110093466
passed,push,285d88dd0a091efb9956f3c850295b0319b3bd23,109686079
failed,push,9990cb21a43167f39a04947ea11f6989ad901c9f,109673453
passed,push,d2de7b61dfe06922fa143e42fed9f8efc168da6d,109658130
passed,push,79cb588dd95602e5f192793a850a4b998504a5d6,109329385
passed,pull,2fc2ccefb5b33b79652e4d435ff85639e7dabd3b,109279429
passed,push,95c7a66bcf7741ce18eb45626b77a8c19fd59026,107787230
passed,push,8e34799e8577856a766f6964d7a70103a2613052,107419296
passed,pull,35cb2fd48c8d13296885239703d8b4f438ad6d68,106999966
failed,pull,0501bbc3cb091f6b26a5d86ca3843b4685d71d63,106958156
passed,push,bc06411665228be419b59cc3ab9c79a14914cb21,106741224
passed,push,3a272cf2a3ad65b8e497617d4e89882c54f027d3,105423870
passed,push,7e6b871811dd74483022bda0655c0b79045eaafb,105421749
passed,pull,f8d41833644d7954134ae597090b5b5ce08ea9da,105395900
passed,push,5a30f64a5cc9819d110bc73b9dfa66da800f9381,104857895
passed,pull,542c1c81e058b3a4d231a8f6dc8b3755ba98c271,104845155
passed,push,880cb218477edbbc35d4f0fe40cbd572f9aaa319,104583818
passed,push,1597e89db7c99583f4db9f7ede28fb8341a59563,104583659
passed,pull,a6493751ac7a54ac4e9dc9fbd0256180ccb1ea46,104563948
passed,pull,c64a70f822263a15b3f4ab62ad49292043b792ad,104561729
passed,push,840ff20f3f7af7de32e0d55799a534c25c694d2e,104089643
passed,push,2ca264aaf3b6e223b544f07d4c12cfa98fc38db1,104086990
passed,push,87376486d9833ecae798027464677296670423fd,104026314
passed,pull,a83023d59c6c250e9d0f6f1be48c76e7c2dd6f43,103954364
passed,pull,1f5beb899806ff9bbc44ed9b38f388f75e17badf,103953884
passed,pull,3c101303a416e99547618e35c06752b5f5508a5f,103953502
passed,pull,9513270cb0c0456a13d9ec5819b74273da53c889,103944734
passed,pull,28e7bc3b0e59893405f7b93b513b86cd54f2c35d,103944090
passed,pull,a7f854d52bef2ecf719e1181cfcd562a3aefdbdb,103943456
passed,pull,a24c78cda392c2e34050f72cead857be4b11d127,103673741
passed,pull,3d774d6a22ce118890ad3c5243b98466f43240ca,103305313
passed,pull,099dd51ee695f5b088d6e738d85fc6a9c137daeb,103304347
passed,pull,719ba217533701952e77d54f1382d7ddd48c3770,103117437
passed,push,3ec1f9811e4c81a876746e2333b690fb91748115,102073004
passed,pull,e634c5299fd94f263ff1050cb1f5f7b61131b986,102067201
passed,push,26613a24b949038e7a7054b4a277f19c6603f34a,101048216
passed,push,17e4f574ef8db242abb1be9afd1f3a784e604636,101031897
passed,push,434933eaf54c4bd0fbe716f3c6477044d2133c76,101030313
passed,push,434933eaf54c4bd0fbe716f3c6477044d2133c76,100772590
passed,push,ae496a93f124884fb6e0d8ee7eadc1ef49921843,100648452
passed,push,cae0bc925eb4a7493e0ab9d0565593c26879f2ce,100648440
passed,push,cae0bc925eb4a7493e0ab9d0565593c26879f2ce,100648438
passed,push,05bd90f75aede6a239b8f753f36262fd81ece9f6,100647117
passed,push,ff140c412d2bdfd00ef06d53e8b45cef1e8389e1,100361380
passed,push,77255214454c5d37489b06616e17df9a56fae548,99077012
passed,push,19b191e073491cfdd00bd320a4ddcec477891ff2,97944816
failed,push,da8ca46f0ab2134d6fd4c445e61a35d6cac95453,97944618
passed,push,2d09f5c4fb594e7f9f756b9253b50f63af15ae19,97832906
passed,pull,92e4fa9bf2c0b0a45b74ed8822674671166522c3,97507569
passed,push,efc6cd1500d90724b5ebf8013bd666d8fa08df23,97161648
errored,pull,8077a7f45a5fd61f6619a588fe9fa54c7d80b839,97161644
passed,push,6182c6b0467a01ec65ff06173aaff289a507a1d9,96971837
passed,pull,a1aec13927421af803b14dc1ced4f8267568aca8,96582087
passed,push,5d3e9d057b1b05b5f850a6897946b03322ce5b79,93897076
passed,push,ba26c73587a65092135ba2746d7a4f60ab5adf23,93896859
passed,push,0cacbf44953a47ac335f31e62e125c6baf5b8542,92136382
passed,push,b84513bccf6fccae41e9d7780af81799c32610d5,91366325
passed,push,7bccc3b20ec3ac4fcfe17f6d0f5157b54d63b37b,86377248
passed,push,79f4e995183f95034edb78fd2e740d8bbf6377e7,85710793
passed,push,2bc7db0d14811e8519f061d95cd622560604faf1,85129471
passed,push,9d1ef125131f689a05e7a0d27ff48a5f0725efcc,85129337
passed,push,77b01ed271f5fd4aa6dc5f24f0eb3dcb45d5fec8,85126699
passed,push,f6ba33493aa7ac4e2e47b13e54e26b2e10b37ae4,85126685
passed,push,f6ba33493aa7ac4e2e47b13e54e26b2e10b37ae4,85126681
passed,push,442c9862a0bcbc9010c92b5e6a347bc2bc32d932,85126448
passed,push,82bd36fae895bdfcca2ba432ebfb3fb368c0b6df,84929725
passed,push,cb6a9bc62c0fd036f62f05a367dbc7da6e450e79,84641871
passed,push,427c305a732fd947a04103ade02ba1425291f979,84356418
passed,push,5e6b1da7eede0796a74b96ab779ee35ad7ec81e6,84268608
passed,push,ac4788ad4d40116cb412a4a6ec81bf78f74a8757,84268502
passed,push,d5786c76831bc98fea5d3a2294c0993c288c9a21,84093826
passed,push,560a97f1d757b90d3e3eae883f9561ecc427bead,84040276
passed,push,803ab133b54c76003174f7ca5876d41d54cde8ce,83268379
passed,push,d5ad3959debffd59f537913cea0718782f304bff,83157336
passed,push,afeafb89835a49d6feb0f3b64669097fefa3986f,82939213
passed,push,723b32671ed77521dbf81a489e8967e16346acf7,82898360
passed,push,579819bbe26821bb2de71e753434eb7e62da99e5,82897054
passed,push,468696fc0c76ff839abb0f82d5cd9306aa2a637d,82015033
passed,pull,0d991667ba0732cd6ce08d96028a8d89087042a4,82014500
passed,push,af44ba4d8e20d97723fd7bfc97d35235dd90c467,81938028
passed,pull,a289cf371c93705c398506471f0da96859e2086c,81809664
passed,pull,bf46d35e4fc6ceee8a102a5c146bfef4e633025e,81804228
passed,push,85052440f6a965b99dfcdc4e07da77086df203df,81774521
passed,push,558a93cb8e17e7e62bb3557937526263467b4457,81740504
passed,push,61b1386e07d09b2f1df678ba2fc457459735c9b1,81734956
passed,push,48bec24910a79195d0738faedd18da610e7cc3ca,81734390
passed,push,2a553984ba0f77084b0f784513f1cfd9b6f0538e,81733517
passed,push,1b3becca1c8004c80993980ba687533363327408,81732977
passed,push,57da8154b3c955b5e44110100c1d0342feac1cb3,81732626
passed,push,fb645675da08d4123eeff5aaf59d9a9f9e8fc481,81333291
passed,pull,1bd6e09d6854d9d181df91bcffa29ce348664127,81058796
errored,push,8118726450c95d1a301b65988680aec289d49c79,81058615
errored,pull,7e244f6995dc19d7d7f738ae23d85d5b30384b94,81058231
errored,pull,1628c46c07ddb410a5d4c3128bb2a21c89f1845e,81057625
errored,pull,a5229cd7dfebb96c378551f28ed18244122abd75,80607898
passed,push,5dfc894ca242884b205df409caba79b2d16f8f18,78745243
canceled,push,405837bbf48be32a11716f3fa4c5d4481cf8dc83,78571205
errored,pull,20c0c6bdc40e05b828ff6d1568395928297cd596,78364179
passed,push,7fcf149d37bca0b9e0306e15a850fe9accaa8fdd,77161763
passed,push,b8fee6717a4037ff2cca4dd89bd8bfb1db14dc2b,77160485
passed,push,5d15266632e087a0831f11d5a302ca16813207c9,77159835
failed,pull,3c0f129a5717fd5af68ca43077b30d0ebf0f6c29,76513485
failed,pull,1b7dbc6110640e8b47d535905137b46704bb1f8e,76505132
passed,push,20e8da869f6bfed37b9b161e72c072101022133a,76502974
passed,push,20e8da869f6bfed37b9b161e72c072101022133a,76140485
passed,push,1abffbd27957c79efd2cda1a8362585660f1b6f1,74052746
passed,push,8f5a25ba18ac7f84aaf090cc895b0f45b855f4f7,74045073
failed,push,d7eabac67a16b52f037bf3b1abfc5bbd48898f93,74045065
failed,push,d7eabac67a16b52f037bf3b1abfc5bbd48898f93,74045063
passed,push,cfb4f3e3934b8a1258faece75ce40f40df149a66,72497431
passed,push,2517e70a4c177cf5fd59ba31081b88fe9e679c95,70346885
passed,push,66e27b0c307766cacd392a6d1a099f217fe4f18d,67037565
failed,pull,bc878a23fa003536518501618fcbb7c3a858cfcb,67006189
failed,pull,d941b47a4b5a30202421b0349520375b4da926a3,66820464
passed,push,1c833033971fdfd595dafd6d537e5971424f507d,66352866
failed,pull,a74830a8194c62f0592934e1946c4fdf88479c29,66329067
passed,push,dcfb61f27daf53bd8ab60179b75d64111ab675f6,66171525
errored,push,eeb11e6fb47f50a371c3f226920e0e2d3a18ebf6,66170642
errored,push,99c841797f7f071c829df43c71e15c8f56766635,66170589
errored,pull,160b5a6002be9070917ba730fffe687f0a07328c,66161888
failed,pull,c0dff628d40b730a44d13d1b06684ad31e2dc9a5,66030871
failed,pull,de25c626a9c02de9d186f303ce9fe87a1322482c,66029970
passed,push,194871532b80e9e070b0f6c3ac6f797d7c0e6acb,66020707
passed,push,a465bbb420b222cd5924845d3a2011539b661189,66019457
passed,push,98e75474d3aa0df29230d234b256740922d6ad44,66017081
failed,pull,f5a2df34e73268db456be403478150503a5bd16b,66006410
failed,pull,27e4d05af3f93464e7bfb75ed9e85890270fefcb,65892394
passed,push,0da65448fa15060fb2c8c5048e213adb7224cc45,61427159
passed,push,727e19c7235484340cec880428b334db0fdf3d94,61427150
passed,push,98e75474d3aa0df29230d234b256740922d6ad44,61427141
passed,push,f57ac44edaca56937b0633a5e2446643a144b60b,61416778
passed,push,9b68fab05dab828bf32808883936bf0b3983d0f8,61416774
passed,push,e68b46a28f4d6e6acea0d75e50644eafb0d5d5b3,61416756
passed,push,1e6b51e4b423e8a39e0df6c65fe7256211349261,60340252
passed,push,4a268be979b272b9abf69584ec687786b06554b2,60340093
passed,push,ff22e944ed250af9c7610dc87ca7eac588b78b92,60339962
passed,push,e05aaf302ec1b530930ced8a50745d2560cfdd72,60339848
passed,push,fc4ebf24ed58497c18f7d8fedfee7981ad053aee,59540570
failed,push,c77e94cf8cf4522a6f0d50d6bb10342e0fcd62d7,59540566
failed,push,c77e94cf8cf4522a6f0d50d6bb10342e0fcd62d7,59540564
passed,push,7243476422654d6f082132d56712aa5f29903b98,59538302
failed,push,89a251ada857fef761e3ff4294c7324376d61801,59538299
failed,push,89a251ada857fef761e3ff4294c7324376d61801,59538295
passed,push,b8f7bc560746aefa9f33967735ef0d82251fa7d4,59537435
failed,push,d64bb2f57df4223a9277d46f9bd73a011b7c5693,59537426
failed,push,d64bb2f57df4223a9277d46f9bd73a011b7c5693,59537422
passed,push,7b7cdca6f3b323ad4240cb1bd914f065e711d37e,58883329
passed,push,95d35dfd7523591b90b443bbfd6cfc632ac6f7f5,58882335
failed,pull,1ba9554fb530b6eb790b1722d690e05839012d30,58882203
passed,push,2e82dd412b6484127de244b3215e6c638662aedf,58879800
passed,push,21df6a1184fd6fc9cd4f23a3c092b1e5309cf1e0,58736442
passed,push,2451350d543c43a8b71b86f813589da2d3b6809e,58736391
failed,pull,867a1119ebce584b5ad8dab02215b9c68a92145a,58629037
passed,push,0a9539f2b508e276b6597046c24957dc01f1ae20,58049676
passed,push,61b4a70846c615d7cd2d1b7f743928518e3c474c,57784591
passed,push,109fbf003f2ae0034c0e060a6db7e0b71842aad6,57784472
failed,pull,46dc08de30d579075d93e6f319e5216390249cff,57656987
passed,push,920ddbb1e30a152bdd61441a280eab81be1202ce,53962124
passed,push,eceb8ebbaa7958a1c40b285bbba40f4db2c71fc8,52729300
failed,pull,0bce3103721e8bf046e66cd807a6699ba878a109,52530784
failed,pull,d79eb78286d2b361fb23cb513b048d4b56f4004c,52530755
failed,pull,1d26eca6f6922863b11ef1696b6229d39123a53c,52530708
passed,push,f88c5cf7c3948f6e9d094c41c90aef1f8de640bf,49283022
passed,push,cf590a4f64d56b158d010890388994475cc99434,49171046
failed,pull,a515de424d4b923a886f0fb311b20bf71461fcfb,49170398
failed,pull,a76bb6bd996a62624f87998715e837afbcb9c385,49169306
passed,push,3d34c80a5e8ea3bcaef02aaafdaaf7295bb593cf,46194773
passed,push,5eebe95a257682738a89ba643e0da7a6f5f595eb,46187902
passed,pull,b2af99dcab82e3b749f4b0ebb38f058026992c7b,46187900
passed,pull,ea2370f09233d755784b52add959f38b59be0e89,46066712
passed,push,5ee9b8440f96349c8a4bbe5737906970a76edbfc,46066710
passed,pull,61b208925919b19365224f970cad59338b324570,46065971
passed,push,12d99ec9744b6477cf840ca05a2f64d09850bfaa,46065969
errored,pull,3058c9d0c3da548affb4f577a81ee73c0e9a16d8,46063140
errored,push,74109b58a79949cae234d639e2e755ffcdf98944,46063138
passed,pull,8f6110e91e01cab8ecbcee2d8539f5385f8a2cdf,45865270
passed,pull,8f6110e91e01cab8ecbcee2d8539f5385f8a2cdf,45865148
passed,push,aa23c5af8abf0ff89e4cc3d6d13a4f452c29ed74,45865146
passed,pull,cccf3e2375be3ab58ac0a9d122c7a01b64103b7b,45843090
passed,push,110402864369ae3aae7c9845dbdf038832798857,45843083
passed,pull,2f1c2aaece973321ad42b451fa77e8c41f45022f,45767625
passed,push,5d160ffc36ef88a505aed826e5fff510a979e50f,45767513
passed,push,f9dad367886612e32b48adec4b05087f2618ab32,45694404
passed,push,82cf814d678f78cada9f662a33ec90332db3115b,45544036
passed,pull,612697bee74adeffe1f7de6eb13db9abad1037be,45541340
passed,push,27713fe28ea67d3f7a324a25516e37ec09cc6998,45541284
passed,push,e83f472d5e9901ae420e318313f28d8785bbef2b,45538574
errored,push,7c838687b36f647b3aecfe2834fb9de5ba117a01,45528719
errored,push,c2409baf6183382d3911ac93f507b58107bb8cf9,45528592
passed,push,3efd2a9d27c8f478098260c0d62c448cbb2702e5,40639995
passed,push,500bbd62d7c6e16abde9b7bf62ab189a5e1dca8c,39943774
passed,push,4092bccaf7519675eb430b84b9eb7417bfdfce25,39736543
passed,push,a8d948166ec7f3447c7bdbb6fbaa39f9e03c5400,39736458
passed,push,9d00fb7d370e702f134ccea18b5fae202861b45a,39736395
passed,push,a175c759b4112e606d998fda5e5ec09efca05755,38817066
failed,push,8d837e1f133958eb3a8a4f5cb0a6cbb1400c7e7d,38817064
failed,push,8d837e1f133958eb3a8a4f5cb0a6cbb1400c7e7d,38817062
passed,push,d1d6fdf4706009389458579860ac7044ccb309d9,38816697
failed,push,f87a25c60733dbe60a7599d1dcdde85373f1a278,38816693
failed,push,f87a25c60733dbe60a7599d1dcdde85373f1a278,38816689
passed,push,ed9142889bc8562733878eda0d14891bbeae87f4,38815944
failed,push,7382b53fa60cbb9dc5381538e59873e38754b2a8,38815942
failed,push,7382b53fa60cbb9dc5381538e59873e38754b2a8,38815938
passed,push,ab728b01808639708c01fdf054ae6193ec13d49a,38716393
passed,push,7dc6f8a0bf09772728d02b4a4a3f7d0d6a5ccf12,38398001
passed,push,8788979da15b795e780f16ae0187636fc564883c,38397992
passed,push,998552567a5345997d19d1fc257be44555d5f75a,38397980
passed,push,924fe0e4000a2edeb64e9717962760c66f477aa1,36881923
passed,push,4b48a01ee3d07f5829e1d767505708837b6bce33,36880652
failed,push,a1648b19271ae53ab5219cc167c5c0922066137e,36880623
failed,push,a1648b19271ae53ab5219cc167c5c0922066137e,36880621
passed,push,ffda65b55111c03dd3a823886df86e8761af5f61,36880554
passed,push,3dd5d0683b0400f03d9ae4af389aa1c819f5f615,36074099
failed,pull,3e1d6edb9fa902746aa9db87ab84a693a784443e,36072858
passed,push,c6933f98e3d4e8d995ea347575b1785d13cfd4d6,35726423
passed,push,1b80b853c2d8a2b93626bf77b5d4d62927254228,35726297
passed,push,860613d52a70d6323db5962b8290bd6a4d48deca,35516869
passed,push,4231a0cd2c06c750a489abf793b639ff98153809,34800755
passed,push,a7dbeaf5e8486203c0ea8193a93feec73106362c,27667736
passed,push,4f8eb8d36cf5add27039c0ec97539f7ca02ec220,26856807
passed,push,f875f47232a512301afe85f30565e9a0b514445c,26741718
passed,push,ab491b960a428c2530bf195d39344396640db486,26741494
passed,push,29a9337e1697c5e3970070f2f5e43a7cb02d7209,26740251
passed,push,46d737f97d6cf800794dacfbe5376c63c7380e4a,26740028
passed,push,29a9337e1697c5e3970070f2f5e43a7cb02d7209,26739889
passed,push,432f5388a1e4d1df21062e0cc01914513fb0f94c,26737335
failed,push,47d1d326ae5e514fc0d6bc1ddf676ce5cd225a54,26737333
failed,push,47d1d326ae5e514fc0d6bc1ddf676ce5cd225a54,26737325
passed,push,3a7baec1a604ac2a56c7ecb60ace640c4374d40c,26737163
failed,push,4c62c7588c828d6dcb29ed8916526c2e3b03c999,26737161
failed,push,4c62c7588c828d6dcb29ed8916526c2e3b03c999,26737159
passed,push,1696fdc242abfbac3cbc259023692015cffccea7,26359296
failed,pull,4803c6da04c808f015846b5c06df99576dee1271,26316538
errored,push,41ae9355de8b8bd72aa383089decb5d6981f2846,25455173
errored,push,ac0ec28f357599678bf796f3dd72a33e814fcf17,25455037
passed,push,87ef2bc1c81369c269c50eae5577545b4d40647a,25389664
passed,push,7bd5153a3b702649c5163ba2e0f5fb0dc769b507,25389555
passed,push,ea27ded7d8e798a10c8c525336fdf5b848112cc9,24515526
failed,pull,4550733312a8bb60546b4f2b4dca18e7cc1d430e,24515377
passed,push,2eb26247841059ec36e3d77160d745db4adee20c,24459212
errored,pull,99b80765bb55ad5188906b3a7ed0ea4d399a5529,24459044
failed,pull,99b80765bb55ad5188906b3a7ed0ea4d399a5529,24458945
failed,pull,f6a3e584eec0bc68c9f8e0aa5a6c6d0d516fb6a9,23653990
passed,push,aa6f06c4156b13c70cacdad9a8353f9ba320f851,23568498
passed,push,93232e24e0332b6d101905646e95837723a33265,23568248
errored,push,dcf681c68e67f0c9407106379ba33718a81dc016,23520570
errored,push,af1df4594ab6239abcd46d52d61ff9134a8f2dc7,23520460
passed,push,0b7589b353b3ccfe612f21758fbf8b94a1e75028,23520035
errored,pull,da77a6d226905eb252ab69702ea2264cc945b525,23512186
passed,push,34554578ed1c58a0fc4852ddaccfaed9d86c7556,22719728
failed,pull,d1d6c83174f75033116bbd73d7fdd2837624b15e,22718073
passed,push,6ae64908db1c9fa0e0b47a36503c5633ef55cc00,22706625
passed,push,a30d202b5d644310779202dc4c3bd9ca0e493f48,22706211
passed,push,6eea07b5b4d5c6139209d40804df2176a5d06243,22702411
errored,push,e95819c97eea13e94e9b204be160d4592e780f96,22528395
failed,push,1cd516af9f1f722d12e3829ba2ad4c6e05e3bf55,22528393
failed,push,1cd516af9f1f722d12e3829ba2ad4c6e05e3bf55,22528391
errored,push,8dc7c90935d751819456cd1a46b6a56d73e7e83d,22526641
failed,push,964c5ea63e2085b80d57569a9304f2054351ffff,22526639
failed,push,964c5ea63e2085b80d57569a9304f2054351ffff,22526637
errored,push,6026eea757fdfef7ffe3679510222d4ecc3360bc,22525676
passed,push,a30eb8ae3ba8f369fec6e6cf92d95edaecddbfd6,22525531
passed,push,99dba30e668cd1e8a1bfa824a7c527a95779100a,22373566
errored,push,14bf03ac8886af7bedcca20cbd16c53dd9404fac,22287259
failed,pull,8e2dac5b3518730e2dc777be6f55e6ec2dd7411e,22281948
passed,push,913fb37579a8a647a9d14d526e32e5b86830cb7c,22196484
errored,pull,582087d00dae8139f5a1d54505f35e7c14f42e28,22195828
passed,push,bae5d3abd22f45a76cf85b6645b9be40e199a687,22094706
errored,push,f05acc4e1621adab3dd3c2313a7960ef837d829b,22017065
passed,push,8608322775bf0adf08b9cc220e69af28be23ac3a,22016848
passed,push,f7daad40dc64e4010ab90dba9750a0d1d5bdeafd,21962886
failed,push,ab0cd80b3102d7d47baf79e33ef6cba10d9e2214,21960533
failed,pull,0881437f8a3f8bffdc87f31050d91dc2d3f6db1b,21958029
passed,push,49fa4004ec335e4845bf29f4b6a27a35cdb910ff,21238267
passed,push,af1e73ccc45d4c9ba9223101e5bdcea7d5e5acbf,21237100
errored,push,b82741717b7967bad2d7d09a4a94ee834237864e,20285075
errored,push,f28c2dd8fb00ba45f80113c878f61835950e0008,20284907
passed,push,034322154a771801377f15030d3ac1d1fe7c3ba1,19183118
passed,push,bfb84d905bea3771853868035d4eb19998e02c2b,19182891
passed,push,4bf59780a6e28060e19c320c3dd1693af4e935eb,18885476
canceled,push,80c6d3753e6918f4d08536b29312e405657467ec,18885294
passed,push,748d4781810f1b177c7566cd06667464cf40ba17,18883646
failed,push,d395234748574f5f19cd2ef3f9c0efa6d8dba3d3,290967595
passed,push,19a25a6a266365e59f9669b424c930f96b9126b0,290966591
passed,push,080e850ba59e9a8fc8e036b9a9fb6ea80e8b10d8,290965900
passed,push,36a76b65cdf365977d2323cc751f3f532ae311f1,290965218
passed,push,98ade33de3b9bb5be24651a75d381594f6456602,290964514
errored,push,21d9bc9255fc225025cd22835e9b5eb10873bd2d,290964090
passed,push,b24436a2a16793920ccf1054117a9c5cd8b4ecd3,290963586
errored,push,a4f59f95b6a35f356a2f7c7a5b5a7a77a7ac2070,290963156
passed,push,e01df9e7ceb149435cbe9004d1f827aa142073b5,290962656
errored,push,260cec34defa6bd2757add655e4a547cd5b74fcd,290962401
errored,push,2e7e789d56cb88c71271920c9615de89a76f0cb5,290961979
errored,push,a60f7805b7f1ab00712b9258db6639bbda970795,290961560
errored,push,d8347f324ca47aedfc8b9f2881ea0b7aa9b373f4,290961134
passed,push,6d94c4b44799ffa2b62605904398a5ea7543bfcc,290960766
errored,push,dd085285039ca03046ea9b583da7c49b65e2c32a,290960494
errored,push,c8c3e740bc568a18b207be0048894de305f8921e,290960263
