Status,Type,Commit,ID
failed,push,b05a721d2418399d7c39b8c0798c0f49b2e61483,305926879
failed,push,a3fcd041e9fd1565a77743e339f3101ed510b31d,305925216
failed,push,f8b21f650234dd8b2b9afba78f71e9edfe6a1699,305904294
errored,push,132429630088861f55b177156e6d07c53e75f922,305902805
failed,push,1ba934dd5f33b0ec2b433a36a98fbbd18e44b4f4,305773793
errored,push,7d5bed6ec52ae74e272901de287f3b9a93636d89,298124059
failed,push,7d5bed6ec52ae74e272901de287f3b9a93636d89,298117194
failed,push,c6deafc4a1a9908d764fe268547f03944a7fa7c8,298113304
canceled,push,c4bae7c7236632dad35700a13274f8c7d42baed4,298111164
failed,push,7ae7ad84b6808958593d0c17e5bf90948d289c4c,298100290
errored,push,46d1f903fdbc511550f445b31ea69b6e0d55a714,296893103
failed,push,40100072656a647ee28060e7fa49ace2bbfc5255,296890628
errored,push,40100072656a647ee28060e7fa49ace2bbfc5255,296890383
errored,push,46290daea620630de9ed28340f2c323287c424a4,296885046
errored,push,6f197e3821bca9cc0b49f664e24db2a8f0027d20,296883320
failed,push,4d1720f992f6898dfceee3713aa375cb62d95858,296866281
errored,push,52b7477833fadf603ad2f462a5f41f988c5ee0ae,296864595
errored,push,e9078c0c6c8453921214d934350c3c2f09210d50,296863621
canceled,push,983ae26685ab3cfe7d5fe6eabfbde2c4d53a02f8,296862494
canceled,push,b46caed699bf4bb0948a811ccce0d5a6fd617ea4,296861158
errored,push,7c5a891620e2b0e31b2822312f5798ad1a3f9ac4,296858910
canceled,push,e50b738e17bd43d7c3e306fe7467a044ebcc0102,296848954
passed,push,75232fc4a773ea86baab86ba7b48f2ef89e41624,296848488
failed,push,03854e18a448b1c862603b31b5ab90112f16ed69,296838293
passed,pull,4d1cfc2e824235227f304e7219b3a50125143621,286951009
passed,push,fa863b81e06e087456cb3ab4e360b541b59bf6b4,282639620
passed,push,7d38f8b88288c985e8f7b7abba426def314dde58,282634056
passed,pull,24603b62b79f058c919e2348cd1733f7cc0b41c0,282631045
passed,push,dedd74d4ce0b0075233056ea9ace6a8d2d5aa874,282629207
passed,pull,2673d569ae83f5db45e77ca6ae34886bdfb86d8d,256024331
errored,push,d1c0812d48c92df9093724cbcfecc54a205b2c2e,249686055
passed,push,d1c0812d48c92df9093724cbcfecc54a205b2c2e,249686008
errored,push,4bdfa5cbde331c5a9c05b91a80bc55b225af6c2c,249676506
passed,push,4bdfa5cbde331c5a9c05b91a80bc55b225af6c2c,249674080
passed,push,ca471955e95c9aa154fbb714a2a156ffa1b68048,249550890
passed,push,36c9b3d55b4ffbfd3fe57daae297549ff189c27e,247948958
passed,push,e83d3a007bd230c7fdcd666cfe0343241f3ef02e,247523116
passed,push,4fcf619691f4b38f9e92d1db9dffbc7922bc9a3c,247522828
passed,push,4fcf619691f4b38f9e92d1db9dffbc7922bc9a3c,247519582
errored,push,2d2464ed406e6e987d193ecefb1a9544fd130688,247519102
failed,push,d8510cd02ea094d28a7eb568b8e3bd7ccae97e29,247176597
passed,push,28251289593cff969193d7d3b67c1e0e0dea65e5,247127424
passed,push,7af05ac6893ab635d63b9d674dfcd9f669f4f613,245364510
failed,push,c78bee2ac323b2f9a32ed79ad003fbe34ca2381b,245350940
errored,push,7d48bbf3bd09da627f8148f44cd398405fc4cd6d,235675945
passed,push,7d48bbf3bd09da627f8148f44cd398405fc4cd6d,235668608
passed,push,99c4b1b80b7a823a048918569eaac720aba295b6,235664702
passed,push,316f10fe0493ad56b9509437a70d796c7d81c6c9,192636239
passed,push,316f10fe0493ad56b9509437a70d796c7d81c6c9,192635816
passed,pull,cd86f625d769b951905852e2ffd08ffccf0718b3,192635307
passed,push,c4193d82702a6574dbc35af65b125ed88a6d5d66,192635038
passed,push,034ad04b5c37fea4ae5c57f7ab1c0323fed9a49f,192634158
passed,push,ea113f468169a0a4556258f30c0cde4d07e4bd48,189179244
passed,push,ea113f468169a0a4556258f30c0cde4d07e4bd48,189175470
passed,pull,7816f347d62958a1927fcd11e9140e24b77a53de,188901220
passed,push,47d6c11ec2a4dfed86f1f6384db8bd4be91ee7b5,188890764
passed,push,8326cbf97a1488f9009d4d5f207b5fcf13b60529,188877335
errored,pull,a390dcd93f44cd6695fa5b652dee9287d22245f9,188876938
passed,push,780e89a015423eca2b19d7d04cba47a49da10403,188588891
errored,push,beb06769efc77a532553e7c612c48c002b302634,188538683
passed,push,82558987f0dc9cc4fc1da40cbe44ec28a5a2ba96,188524914
errored,push,95aa8affd0916d8fdae18c9854586bb984aac117,188520350
errored,push,15792c063e42f9236a29ff55c02ee1a5568a3107,188515489
passed,push,b7b42a007a50fc1766667c37b52e0d18ae9275b8,188268686
passed,pull,20929ea8cd867258c8fb1d0185dbfab223577505,186116075
passed,push,7c1a4ea0472deb7246fbe7784f86a4ddcbf6cfc7,186115970
passed,pull,0cba837a7efd0eed9f2afdbbf40a12a5d530464b,163310027
errored,pull,88b8c19d2117558e99a73d286206ec19ac641c08,153826292
passed,pull,81272bcaeda9a8f8e28e0212094261b1d340f41c,145513156
errored,pull,2ba277b4dfcbd3173c6f435a69c545df12abd02a,143064925
errored,pull,0974e685dc2ab40319c00e1f4564f8dc82d1f892,142539115
errored,pull,7c474dda4ccff1c367004f66e4509661b1b1ebfb,142210916
passed,pull,6180c5372ec1af75d2640fdd7dbf0a0de8a4b531,137732467
passed,pull,6180c5372ec1af75d2640fdd7dbf0a0de8a4b531,137574307
passed,pull,5393d7f34ca6b1eed08136c9e045c50ac17c3658,106738459
passed,push,a89cd8c4bffcf4ee9e92929f3c41af438566383e,106738455
passed,pull,f81dcf33e5549cd2c1c289235db180869e6af1a9,106735676
passed,push,9aafa906d101f618786c742b5b11c36acb75e7c4,106735667
passed,pull,9d0acbbe0e85c8f60f746824122fcc10272f8e49,106734758
passed,push,164c5a2035915558a8a2ff1ac3fe372b72ec70f4,106734755
passed,pull,ca56b0faf75ed99a886083acbf1d9f4318ee8cb3,106728358
passed,push,36b069905b70d4bc90cc5a911001b8495b890746,106728351
passed,pull,6a0a776e3f2bd9bb6f42efe9e45d1992b7f42187,106726786
passed,push,6a47850dfafafa1f41659183e1624176b9cbb754,106726780
passed,pull,317b27680425181d5460769aedb40d38cd50a971,106724043
passed,push,db882711e709deb10c331b8b730aab3c2e557a16,106724041
passed,push,6e782bb4328d1be27a2f4677a59bc86b256bc736,106706053
passed,pull,3277daff629ef46897641a8dc0ba2e9b25c39834,106706051
passed,pull,cc10434f46c0002dc36ad83e9ec6880d526ae8c5,106704295
passed,push,5370dddc6990664628c08143c176aa3a81e51208,106704289
passed,pull,293df66834a3c18a9f07c1467f5ee5bb8eb95ef3,106703753
passed,push,587c3f6460d368f1f3d5c6c13c673c21cf0d1df1,106703749
passed,pull,2dd05738822132e0d0c4ae27463f3680fb2ff6bf,106702299
passed,push,3dea727307a098e467b729ada7335d9f411ff949,106702287
passed,push,4ad6deb07119ca9061aa990b994e2cc1651927e3,106530189
passed,pull,3eb5649614ed281293e925d8a312402c7063c120,106521496
passed,push,74868b0d18fc029818b5ab3811596758b5722331,106521484
passed,pull,75f33531bd032d5a295fb1da6b6c28818d4ea7e8,106518733
errored,push,e471386bd967efbbe05fd619def3032f30566001,106518728
passed,pull,23d47f907f3df263da3937d61699cffc6bc5e910,106517061
errored,push,a9760af23d1d14ab01c47e782c910599ca3968fa,106517049
passed,pull,0cf70666394ba7fb91a87ac6bdb3d2915ee8bb4a,106515873
errored,push,dc44be577083ed19417abe4f149e1b903b3d3e49,106515871
passed,pull,1f3d43814aa2bb5eafef59739b6b3e66944c7a4c,106515096
errored,push,edb7e38f38309474f081fbdfdf1e8e71cee6cc2d,106515090
passed,pull,bcf3d901c2ab1584f6f670016dc231d1b3276abf,106514165
errored,push,c00e7dc821834ca8e02b99185570e2f9fda83f4e,106514161
passed,pull,4acd35b75064758285bda88620aaa79ed2d281aa,106513579
passed,push,a9728f7fe25d6aae424565e0ced1b1bf6392544b,106513577
passed,push,ef76a21d8e6e0f262fa5da8e427065816d995507,106499585
errored,pull,5ee52993527b76a07137831e4f9a59e57e042195,106494474
errored,push,92207e466b533850781202be25daca8eba611694,106494411
passed,pull,ee15820bd3971afb54b07bdf47f24ee87d4e5df7,104696930
passed,push,92e128efe7d206e08807805750c003c24729226d,92733672
passed,pull,55b3de1147b35dff6e566c5e5f78d1c6cda5f963,91500519
passed,push,dcb33fbc7e4c4af297bfe8540b055cc89e7a81e0,91406219
passed,push,e6d0997c4961068adefdc436a678707c0267803d,91405819
passed,push,e6d0997c4961068adefdc436a678707c0267803d,91405796
passed,push,bcaf4b4f27362bd8bf4cf702a771dba7275bf6d2,91396544
passed,pull,183af36bd81149f6c8731f72b6fa626da60fd4c1,90495265
passed,push,9564f090cda2d279fd7591fdc518c2e7048f8839,90495256
passed,pull,0e15a894b6ab8599e12948ed04f85d882a2ef351,90493367
passed,push,5dc06070dd18dc4956e4a9709ef8c7577830e30a,90493365
passed,pull,a754887c4309c6cc01b86b21f9c480fa44b0e041,90403714
passed,push,bd35bcecd1bcb4d39abb5906b4bfd12bc8baa095,90403707
passed,pull,038a87371bda5f33f806fcd77d5177a48e2556f4,90322809
passed,push,512e2b8f88850d8614d5cb6411da9e5ead5abe10,90321840
passed,push,acfc9133116e43a44d4914c3e2a71b460433fdd8,90313369
passed,push,8d89ba8dc610a6835403066fefc4fca4134cb2b7,90155229
passed,pull,b9a1702b2415c2cee059d0b7a5dd83efb62ea59f,84376182
passed,pull,460e51856a01af8349474d8280e0f98d60bfbf9d,81961973
passed,push,5d7e20d00a11ae16678f7c93adc2989db52f0a45,81961322
passed,push,d51b87bd2cadbe4eadafa5cadb73f9f33158e8a6,81960109
passed,push,db3b3ea1ceab1fc24f7c0850d63035cd63e1d74d,81959509
passed,push,1385f92930499332703ed8f484272a0fe91df493,81959223
passed,push,6e4fd241ed169022c9eccc0254729cff254f99d2,81958215
passed,push,806126f967a79900cb4c400afecaef2f387dd7c0,79629825
passed,pull,d1cb8d885acf229831762bf40a9be415a2c795cb,79628084
passed,push,eff3c4f98ade3214e4f394a8bcb091ed46f22839,79627887
passed,push,8f4814ec1e92f50ed8b16ae8a5117adb62479627,79626944
passed,push,d115a7431e6a7401264afc624a1870f9abcd1335,78728983
passed,push,0e9decec916d58d676533a11817671682f181488,78723746
passed,pull,7d35f7d8669049088f0969ffa620e918ac64ec6f,78661248
failed,pull,3eb05f4478988caad4b70460415f001ba92120f2,78659447
passed,pull,f8d29d8b93ebe6e26799f0d858106f2688c54a0f,78659250
passed,pull,7ced109afa84e73abaa132898a81ef99323deeda,78658560
passed,pull,da9f4405cd2d59f42847175fcb7ffec1dc7936ce,78656537
errored,pull,0f064dd505f409128e9858132dec15bc08ebc520,78622968
errored,pull,a77a3a9e15aa9d3055b6500d85c8c3b10f88d4c0,78622896
errored,pull,fe50aea4f9d158504113823d810f1e5f388aa7a1,78622832
passed,pull,c823316c2c8f75d5232c051494e411ea75386215,78622702
passed,push,7bacba95bf392863515b0c84bd0b4992bc56f3d5,77668182
passed,push,fee9bcb74da2564a3ec3368c87c82e7e0988528c,77666836
passed,push,fee9bcb74da2564a3ec3368c87c82e7e0988528c,77666815
passed,push,92715dcec395fe26d6627b775ca1178dbd7aa573,77321258
passed,push,6d445ebb2918395639353f356b884728e7b74316,77318692
passed,pull,71cfa6fa26b10e01f19111dfc235c76517273e96,77317824
passed,push,4cd886136607082d7a9efbd6081d12821dd947a1,77315221
passed,push,323b4b987c63896f5c8a70272cdb2082d9922df7,77300560
passed,pull,2dc58eb2a8631250bb4d0f3a411e3d55e7365510,77297655
passed,push,d2ce9323f94633d8590fbafe1d3df66cbafeb674,77297563
passed,push,84ed30a9172c8c1e085074412514596c4b4dde4e,77121790
passed,push,5a1c164a7be269c8d77043df3b0876c22181ef41,77121354
passed,pull,925b60fce172aaa99f846795fd7e81a3d62f9193,76957377
passed,push,79ac8dee7a12216016e821576c3d3c5bee4e56c9,76957229
passed,push,6c413fab92a3b1c1a93358deb7e045516b91f1bf,76954990
passed,push,5900663abe89bd8ca58139b833162080176214c2,76951482
passed,push,1de38086457b35bae7ebf877a1104a325a9ee28c,76121251
passed,push,52a7c9e3adf065794a009f4ce5fb5363c7b27a24,76119210
passed,pull,3019c283ad3271f98c816f89ce69f188e94a4cb0,76119202
passed,pull,3bcec759463b9cdb582f44779a2d4a1cfc116c23,76118628
passed,push,f84d69ec1f3434b9091ee6414417108787d11626,76118543
passed,push,0ad34ff5fcf31d88646fbe4c706a501fbc9b9ef1,75911780
passed,push,6f47ae3dd4b920b2e759fa4c797de877a0ae31d2,75111777
passed,push,572c25f3fdef81eb8f89d03d264c844323910212,75109575
passed,push,af6faf15ff74a9cb05895671957c0cc8ac871bb3,75089696
passed,push,8bc333fca4d3ac0c96a1cd2c568fc45ed8682ad2,75087175
passed,pull,02b4c1e0c820fb5249e7febdfae5409cfad0f6a4,75082641
passed,push,82fd2794137015cd52adaeedd50e6beec5434a52,75082545
errored,push,47bb601387736f713d6daeb971804e96ac81d3d6,75082277
passed,push,ac75473668bf080b46985a3aadb99dd2a9ef5e72,75071657
passed,push,00b4d636f5815e0dc348b66c7aeed17e95100c79,74221865
passed,push,55c3b7761de674946c0090d5efdb076978842bf0,74195638
passed,pull,40748c7b8f40fe8b8f0c20acce2f3eb3a3daec3b,74195636
passed,pull,e30e2ad07324ec407b91781232cb9aaba236127f,74074454
passed,push,55ca7707e2f232ee5b34efb631f2e2d269f3b7b2,74073932
passed,push,fcf0dc67cc8c6449a1d42898306e63db4e3bcf72,71224624
passed,pull,b104c7cbf503e99e68cd83d3e9d2b13098e88e3f,71074081
passed,push,ec4ee70c90f51fd62c9f1a49e92d0b1c8e903c94,71074072
passed,pull,6eff5cb74980e5638f68dd1de444485ba398528f,71067799
passed,push,d870f7b6456fd4195d74437ebd3673a728426b2e,71067652
passed,push,46003782e4cec6fafabfe30485b24c0c4e0d7f1c,71064458
passed,push,f3e1e8926c1e2f4d3de2bada332d7ded09212581,68313946
passed,pull,338ab21b02fb62dc5689ddee680d67c385e94717,68306813
passed,push,cc3673fe222e9b0b2f4cd8675891197b03911d1c,66998681
passed,pull,f0911baa7940c1627bcd6fded218302b1529d2c9,66880543
passed,push,52cc32d0ed97e673aa209c8f7911876a9f047f28,66880526
passed,pull,8417086678d403a74da3b5dd9a8671765d2cd200,66852269
passed,push,fd1e9ebc6195cff5b94b00a784510271cbd0ee18,66852243
passed,push,6ced508f613ee6ab6d6fcad7b68a65c0b6f5b8eb,66840041
passed,push,ec9649bc682bd7274a1fb9be87f178b026f5e554,66060912
passed,pull,ad5591d5fd0b44001d80277b1f3046b6ece3b20e,66060786
passed,push,15cb239b94205808c5a42e57a4cd861b0c85497f,66060706
passed,pull,712bdaaef677846ba970024f384b60422f6afa00,62429698
passed,push,30f6a310bb0ebe95d3970a3356aa74f791c729da,62429623
passed,push,228381a1486f2e587f3198c9627f711b315c8ed9,62429383
passed,push,228381a1486f2e587f3198c9627f711b315c8ed9,61471620
passed,push,46827018e4e47ff7f38b960f3f227ad3168ba981,61462466
passed,push,ef1e6150a3b5cc6670a708fdcf1e12f2ae6ba096,61462200
passed,push,ef1e6150a3b5cc6670a708fdcf1e12f2ae6ba096,61462103
passed,push,5dbe1b6667d707738ba8e28d2243762040fa859d,61459107
passed,pull,f1478808490438fc8b43cd0adbf8a4d2179f21cc,61182234
passed,push,7c4a2c53b3edb676a02e0e4bbbf7367e8db72107,61182092
passed,push,cd9b41ea7ab00b5d5e8620c1ad5f6f32a6fa70da,61181992
passed,push,cd9b41ea7ab00b5d5e8620c1ad5f6f32a6fa70da,59883262
passed,pull,009d0b85d55d6898b3129a47b29c9bcb936767b0,59856385
passed,push,e276f23318abf776d40e1b05af6ce6a988d99264,59856327
passed,pull,c3a6ba1f94039f5b942e1f88c00c7be34705b625,59417134
passed,push,b3cdc8b258f7a5dd38d931adb77b16f2fc7bce0d,59417129
passed,pull,dace8a93a57dc121f1cb084ea3448ae224aab776,59392108
passed,push,3457d9256bdf9c1465a63afb00f786d477372a6e,59392103
passed,push,e8ff457b901a55fbdb200c5d90c9e11a15039da1,59377444
passed,pull,55bbc98b1439e86f38363693fe4400b024ca6b6c,59376801
passed,push,bb13ed32652eb3c7c5efa976d16f81b2b9d3cfc8,59376799
passed,pull,4caddf7bc6d4f3fbb59bb38a63efa04abd1a94b4,59376119
passed,push,3b308587c83e5bf1788357b27f7198b931c98f05,59376117
passed,pull,058dd3935d5bf6b4c4865e745b32dfc1ad8d43be,59370472
passed,push,61bd4ce125c0701c426b3110805772d562dfe0f5,59370464
passed,pull,5e85398a1aa5b48577f49942e0be37d320386e7c,59277365
passed,push,aa75d96d4873089cbd46a8ab3bdaf353b23f3400,59277095
passed,pull,151ca6f16c2423112e0094fc46c58b8cb6062689,59257132
passed,push,5fb028b889080853433b17d706befbfecfeb0d80,59252765
passed,push,ec8622be7f66d7b516456abc5c91ffac069a10c7,58731243
passed,pull,1ded00067222305f4fe5599e55449d1c4bb893e9,58729761
passed,push,72bb83b40a4a52b9876609e02f2933f57d1d6857,58729568
passed,push,9c7c120aac8e3aa8941e36a8c912a5fb2297d50e,58412217
passed,pull,ecf20480f1ee842c95d8a08e811cd3b695c0ddd0,58411339
passed,push,89e362129b7efa6e12eb086b131094ff59bc4be7,58411272
passed,push,4533ef798d344819659458e9c1a1c0d587e7daa4,58279202
passed,push,9622f83e3d0faf142857b9012ef3bbcc6b7b2397,58278756
passed,pull,07008b32f6a238f2b58fb6a46eac7ff185a9ac4e,58277466
passed,push,4efcae212bbcbf65027f6fb271cd5f2dd8874c04,58277367
passed,pull,60b0b067f80fd0c636cfd5e63790c5730abb087d,57995376
passed,push,ed3b0439b4d27e9741ed5acde6aa78d09e208cc2,57954697
passed,push,8a423dbaf83ff6d3e50b300a3a7bb1f21f83ed1d,57954299
passed,push,8a423dbaf83ff6d3e50b300a3a7bb1f21f83ed1d,57954295
passed,push,f221c31d16e42f111d48d145178a2fa37e2d0248,57949259
passed,pull,9d3cfbec20a33a2f18e001fba4683a8fb42b969f,57947082
passed,push,d94e70c95f4a5c7d798f15c3665eb0d838b2bf88,57947074
passed,push,eb3f51cb4dfff2e97472c321363857c4fcf8fe5b,57944023
passed,pull,a1230b5086769da0b648a95a09ef824d9414d30f,57940038
passed,push,ebeaca4e9899189593004976614d043e53763e83,57940035
passed,push,d1e4c83fe14d57f31b99b1680eae7d380a66d130,57934597
errored,pull,05ab9e7947bab97f5ae3054d2a273accddc34ea1,57934323
passed,push,fc73c06a27311d88e62950c2ff60f388f947076b,57934265
passed,push,ebeaca4e9899189593004976614d043e53763e83,57927872
passed,push,bd19b24befdf4355b6421d858478d252d3a28ba1,57916095
passed,pull,d7ae3f138535cd620039e70c1a188acff7162930,57879236
passed,push,301c25b2d3c1036441ee68642e93f53e964888f9,57879231
passed,pull,42a30727b02a370db1d63e95e2795f8f5d22636f,57810042
passed,push,d4342a8bf8006717afea58021bea9ad29f759512,57807978
passed,push,64c767f874cdaed8c99dc6fc5c773c53aeb35e4e,57807690
passed,push,929f714fe935df0c276f4d192271c96555d39b94,57807108
passed,push,032fded566d63b3832ddda9dc1c5ed320cdae984,57806827
passed,push,8569c4d8ba5129c64468c6de77d901ce3e89833d,57805267
passed,push,e696db46b674bdf71d2b1c96200422edf05e0232,57804736
passed,push,e696db46b674bdf71d2b1c96200422edf05e0232,57804602
passed,push,059bdd4c7f9a6eca07a87eb6c9143b9f84224152,57788641
passed,push,9cf0161a2d2f125836bf84b575de1c0b812c8015,57785598
passed,push,b6bbf55162cbaa746cf693d368b8692d973a89e2,57776995
failed,pull,7728d3ef179439da19a8b9199eaa8e0f2d4cb58d,57776937
failed,push,807e730da7563bddc338e6b4948744670442d45e,57776848
passed,push,377ff038b4708c697a8d73d94e9fa865b59180fd,57776206
passed,push,e674f0b5cdb96b136cbd07d404c4a3d63ae7c0ff,57773696
passed,push,0f0310b9064e09bf17b0e979f5db1f33a61d4eb8,57680814
errored,pull,3484cc0eb324af68cbbacf756d1e6ca506f40128,57680801
passed,push,698686ec170e7c1b3593b04a0dc17dff3edf5e40,57674580
passed,pull,eb54a8f0407fa19a99683438114f023396db11c8,57668568
passed,push,7c34efc2a866d74aa0bea83e7bdc4db5e47a217a,57666671
errored,push,be7e834abb9599d0abffeaea30878fb5950ced34,57636727
passed,pull,3b8d6159f0826a7ae5cdf3338bfa80b878eae0af,57624457
errored,push,f408cfe81f6cfd6807660bf3bfbebacef0ac5421,57624226
passed,push,2cc824bb4a3dac74f54a1a819e19151a8074d717,57619466
passed,push,e9967e22304e482fad34fcb99e45052da6e347e4,57617523
passed,push,ca609e073b3ca57e771793c941ba7e687fe3b3eb,57606094
passed,push,a49fd198734012f3d14c9c176ffe7342ecd7a44f,57521178
passed,pull,97f8109e4ba7ea5f3d9cf499201418e9bc1972d5,57512780
passed,pull,c4d6a30a30977816cb2fc9ebe3637fdfb61a6d49,57504178
failed,push,088b15e1cab2ec0a151030f7f9ecdb432f070bfd,57502420
passed,push,f792f71f09663abac3670e0e833193580760e43d,57469749
passed,push,09332dcf5e7a062320f2feb4b6872c96dc7af2bd,57469528
passed,pull,0a4d7e96c203bcd5466c4dbd5afaa228616e2aa4,57462429
passed,push,749478baf9a352bb1e8b6776169f88c73837a8c3,57462425
passed,pull,fa1f29e09ef2d50482de20ca6f8b4f5f1c315ae2,57448383
passed,push,09cae433f3664fa9dba4e1397d74d450bdb87765,57448325
passed,push,39d7244ab2cbdd7377f65d97fd3c3d94eb3c9a0f,56897773
errored,push,6e7fd8cc0b269c25b42f538cfc032d994d790f8d,56897519
passed,push,83894433e055b2cb023302cb54219e5cc75a0350,56856939
passed,pull,ef7a43058d2d29e7930b2391666364bf03730faa,56615151
passed,pull,87bcf1ea9bd3bc157f53ca61ef259dfe0eebb235,56614483
passed,push,d84d4a39568addf8c776eee57bcf5d5a63c0ede2,56553035
passed,pull,e57710ed86ed51d3db010b8efcb9ff87021de816,56435921
passed,push,1ab5b12ec88d593bb34cf48e9f5f3c7ec2cbab6b,56435915
passed,pull,8102bba82053279d38d07172377c72a0ed667c5d,56421707
passed,push,d84c034a97053ad5290a0516d576207bbe67a9e3,56421654
errored,push,2bb2fe934cd5828ababa656e8419a5a5617ef2ab,56132629
passed,push,cd95bce7f52505b0d7a34a5e5b60d957cd47127c,55959026
passed,pull,1874006162f2b27c22af400d265ee3d045214122,55953542
passed,push,d70c1b26b59bea676dbf098af75fc3cc46e7ac60,55953534
passed,pull,98b2b8b23d6e6fb9976dd8c470a1addf76614653,55947284
passed,push,abb60ac4f9e0b8585354cefa4f3b5b30284e2f04,55947278
passed,pull,6f40ac9e31e094e268b8069ab594fd0ea4255fc9,55947103
errored,push,214dbdeb530e706440b5c7d3e051bfdb8118733b,55947101
passed,push,d253059693a48ce95ef0678ea050fe513b272b9e,55931758
passed,pull,c9d4b2df88760364833d42178ef8e590122a14db,55924700
passed,push,8c96c9ccc3c04a630d24aa1fd9e2a485a7b724ba,55924698
passed,pull,5b225b6c6d183b1053ea22ccc7ae4537745477a1,55822704
passed,push,6cba8185eb5ec7846bf75e65cb7b4c98613fc521,55822644
passed,push,e68f70e2fbfd04799aac55436714199544478841,55675035
passed,push,5a4eb25017a017d88a865082410f158a68baa9a5,55674696
passed,push,5a4eb25017a017d88a865082410f158a68baa9a5,55674657
passed,push,b9e6811f699ae8e7be2abe30bd5cbe6a00f341a1,55673076
passed,pull,932bb77d0469686b0f405f4a0786266b18a6e8f7,55665395
passed,push,a62efbd4a4e4968a1536cf647378ab23a8528760,55665387
passed,push,5420853326d75aa18ea767eb697a800a9db5d4c7,55638166
passed,pull,7e0783da1b6a60ffc6e804329548ff80d9cd3b54,55638164
passed,pull,10c3c58bfba66e23efa33fae12f825575c4401d7,55527765
passed,push,1056ae0c2eefc304e18b623ae05453ea3815377f,55527218
passed,push,0e673cf4689cd9fc2e024ff532842c06d4cfe0e4,54847089
passed,push,151e6b30debaf680caafc625d8e0b316c9aa6fc0,54752009
passed,push,f9a01bbf51ecc7dddeaa33ccbabf4240335e8fe2,54751428
passed,push,f9a01bbf51ecc7dddeaa33ccbabf4240335e8fe2,54751383
passed,push,9cc1a7bf0ccb9dac03ba1e8c65f773f167df44d9,54750160
passed,push,7e852ead979fbb113773c2dfc8bc143d61d9c81b,54747292
passed,push,607283833d6b56ac9c51143e1922473e09666fbc,54734929
passed,pull,a05866717269243d12c2271be9885905845c8791,54613043
passed,push,8b6ff4affaeb0f4c6f6f6739a8744930b4f313aa,54613039
passed,pull,bfa95ef896d12991e3b95bd64ba208f44a936cdb,54494537
passed,push,2842722953fff1ed3a21f153024ed755b9c7ffcd,54494345
passed,push,a7649b8b71203a73821d0a60e90f4890ea131a08,54479533
errored,push,02a2c1f3d823f3cc0de012c7fee2125edc836afe,54473348
passed,push,e23de9f2fe20f77f97904912ffc25bd5b7ad21c3,54288830
passed,push,0d6bf98af468ede841e7b98cdbacf2d386934bec,54286363
passed,pull,ee4530eb6069264b64561819a9c718b3559b6207,53784008
passed,pull,ed35c2d2f9dfecd985a190dbe2937a8909ea26e6,53771720
passed,push,2f9e90e06263f43b754d94c02f784221a3406459,53386301
failed,push,84a4f7cc976325636d78ca1bd9c56146b75b39b3,53188229
passed,push,34a5f0541db7c744e211856fc63f1b885077bb6f,53185464
passed,push,87f82eda11c3faaf24f075bc14607cf2de6a7419,53031565
failed,push,7531b30af0979c2e7d5416ac4f7e478b8dcd5d0e,53027424
passed,push,21a229d093f5f3373f3c391915bf3882a977c59d,53023300
errored,push,802c7e3465ad6339feea752226a0f7bebbeb81ff,52982484
errored,push,7ca26283f8510f26014615ea5a6cb01f7e599292,52944981
passed,push,9f83ccc9213abbcbb6a229ee05c54c1242b38778,52934582
passed,push,507f239e7f84f7434e71c008af3d165f4e143f94,52907728
passed,push,a7d0a444118905f68cc5be82e96d3802c928db4a,52403195
passed,push,b4944fb3fe8ba1ea0c65d62509938a6787fb1fd3,52402942
passed,push,b4944fb3fe8ba1ea0c65d62509938a6787fb1fd3,52402850
passed,push,3d72e2f8dafa87e560957ffa982568e227bec8ee,52305196
passed,push,90729b933373ad0fad9fa7d0019185fb7b81b5f5,52301200
passed,push,2a1a165c34741f02ada403a0b5741b8feea1fc16,52300260
errored,pull,81908950e7c573a51d818a7fd6f64a63e9e6b198,52291173
failed,push,61a3d1ca9e6cc133b6d4a1e1c7c1f4f0c4f70305,52290965
failed,push,b84b0974a38e7799ea474c124c2c43e326dcfa4b,52290420
failed,push,fec5dc6c9c94f2de5e13b39ddbd038a13e1b6a2c,52289173
failed,push,d88d5f012e1b0723b0cd93c5db17e330e6099b1c,52286934
failed,push,e8cfdb89df01c46f25b3f09a2958be6781319b1d,52285163
passed,pull,c712d0f604f0c60dadb7792de8bd1a82c19b1d25,52282790
passed,push,466faad25c12be16636a6ced79b28ac6f30b147a,52282582
passed,pull,828f9899de753242ab24ef479d487545a4c451db,52281543
passed,push,b7886b4fa836819efb94a9fc80c46e80185b7855,52278615
passed,push,581f26dfc438d8932253ae9e935479b90ea63119,52277746
passed,push,8e236906987c61ba54bc4bc0923b78ba26eb0fba,52275513
failed,push,194cd1206510e74b617c02f7bcb858750c01299a,52267798
passed,push,390a3caee27a580b93a5125c44835414a233e47b,52108031
passed,push,b1cbaf1759f8684be9928bc80333abcfd166f525,52105876
failed,push,c2afdc50589dc298be1f814e339bd2563a8d528c,51951132
passed,pull,d0bf3fcee21b7f9e25e15c339a98a47420d74de9,51865652
passed,push,3fd866c688fae8c78f1628903cb6808a8a9e530a,51865621
failed,push,32bed832260cb1b52168aa862a410ca365132f05,51861586
passed,pull,4491d5fd90d75ceeeec77b951ecd88f97d82d02d,51836083
passed,push,edba6f52d21c36dc761e5b262b51ee72e370f324,51836019
passed,push,1f99de9e604616193925290bbba9558da5d3a004,51826564
passed,pull,d029a6211fbea70771b41729bc781529768d63c2,51820525
passed,push,419621f9c3926235116d6cb2571f6dec51217500,51820523
passed,push,5d278bf3c5b5ce94d012a03746a6af743760c544,51814803
passed,pull,4158fe5f20a5f1e79afbad944dc461a3e5ea98f5,51810348
passed,push,ece34aff059efbda950b4e099519712e2dc76f2d,51810344
passed,pull,efe1e8ece07f2ab8a6ed559b7a7ec36b5837ec93,51807466
passed,push,b8f0d3cb447e7bb08e47a5810af9fe04fa980321,51807444
passed,pull,0b7e6f6f5f2bf645396e36cb4fd3aad7382b9c71,51563004
passed,push,fc19a30c5e666e417f2e072d9a1212c9fde0e918,51562022
passed,push,6ba2c5275e160bb1a9800f1b03238db39978fd90,51346893
passed,pull,8d8af5a0fcdb2489ca22e2cd35574f0b562396e7,51303787
passed,push,0555999ee765f7dbaeea992ee0f2cab85c3b6c45,51303617
passed,push,c86df78a881503755e6a1f8ac8ebdc5b896616ef,51203725
passed,push,9e4a2425b8687fc6f53a815c09cb205eb083558b,51064671
passed,push,d2b9cf403d140b8a3ed4fa026dad26c2f443f8a3,51064573
passed,pull,96cf855698d072f3322e2923d4378f9175a08409,51063088
passed,push,7d66fbdf0c7f1c5d8b4a3aa9e51b3235244fe262,51062997
passed,pull,541147b60e417db6d8270b0778613b7af09b6f33,51062581
passed,push,7bfdf0d4767fa17d706e8109f26c2c6eed90ebd4,50961285
passed,pull,fb89c5dd34aedd54403687e71d429e32d6d6e9ca,50961015
passed,push,9cfc6768d7320609ca2cb2433172f520ed1c6dd5,50960131
passed,push,3960a4f609d37a0c01d0632fb3da8aea11829a89,50958055
passed,push,8e73c0c6da17807a1a45399f1e8e35a223a6f1f2,50954526
passed,pull,9309b78d854bfbfefe298d4860fb25c5e120bfc3,50950400
passed,pull,10ceb8dfb10ea90764524eca148ff0a10bf34e64,50946348
passed,push,0fa031730f40816f0d92cd7ec93cfacebad98f7a,50914147
passed,push,5039c459934444110aac25d63ad9fa69072ffdb0,50657294
passed,pull,c493e3bd47ee8f07a56110378d1a78d12380b0e4,50656528
passed,push,34e92bf92eaed44f52b909f37a7879298f08fad1,50655221
passed,pull,53bf149f0fbd67bf38b1c9a564e95790ce12e45f,50647752
passed,push,08945815463f272a0566368f9b45b336b10bed8f,50630721
passed,push,8f3c17500cac8d43afe8afe2ad574f928ff50496,50628873
passed,push,764deb5cf118c4845134e8156b93efea4f472b39,50622086
passed,pull,60fcaa8acd6e89af1c0a8438626fde8f1edf86d2,50621554
passed,push,3c94b2198b521f14c569ca614aba0ce3caa44246,50491598
passed,pull,16a32bfe38a7885492b0614b9bd1f6ee96aa8b85,50490946
passed,push,90761cd86a9c7705d0c1ad849baf9c9152ec5065,50481426
passed,pull,e85939352841a8e00abcd17608036c62c79f74c7,50478779
passed,push,ee33d35a5e5712d679a5290fd8251917de921689,50478504
passed,push,ae5cbe52456e5047ed87e08b15eecc1a902f537c,50376406
passed,push,cb50e66d21185c0f6166580da8f9b306c8d41be0,50372140
passed,push,5ae9e09d7cc25e8ff6816e472d2c302fbc4ecea2,50364420
passed,push,5ff5bf3914e7935c8855ed12b4e9bb231b54a276,50362329
passed,push,c15dd1d2f973818e79075d83e9e4ac234ca9b790,50361896
passed,push,de3416c2ca79e5d21f321d6979fb427b254cfb5b,50355262
passed,push,1fe9160aedd69cc53135558a6d9cb41ac729418b,50352333
passed,push,7a86ff205bbad147211cd04b72de4fd6ecc0f86e,50344625
passed,push,5ade480b2c6492c19bd0bee0f538f3ebe955e6f9,50341899
passed,push,a1262b74f35eb91b12c7a0b0b0e1c8dc1d869bd1,50323426
passed,push,8b236dd2e009bfb81dd25824819c9a077377b882,50220187
passed,push,90e446721206253d18b4442f4215b56aa1d06286,50219968
passed,push,61983379e7dd87db4778f0215a4e87961899608f,50198571
passed,push,55067c2e099af2a01618ba930548d2d11fc564dc,50091369
passed,push,afdd1c382b6b08e09282a6d15fc7dfe55a7de3be,50071592
passed,push,4081ecb2b686794f6240d9e3dbbd384e1519633c,50055467
passed,push,4f30af28c5f382513e97718508c078a8d9771a74,50053120
passed,push,0ed38f717b3af45004c38529d160dfc147afc7b8,50050101
passed,push,b89989ce2afd62555e4bb005f9dedbffc7ed6f48,49600098
passed,pull,b3f3ce04e0d656567e88cd86c0131a551d08edaa,49598981
passed,push,c2bda769d8f0745766cc4b0f7f886cdc34db9ef5,49598764
passed,push,4449e7a8e73097e546e6002938a11c1e85b3311b,49592445
passed,pull,59e84693ba3fd69461e64aa8da3bddc52e688168,49591423
errored,pull,dac9f3ae47aabcf4d9c11e10a3071ead50f012e1,49572118
errored,pull,fd33c4105ee55de5ae5931aad45d3f0555f784af,49571837
passed,push,0f24d15dca2b8a01a9778a06211d2102fd4e97cb,49478417
passed,pull,ae60b76bf9efd13f3290a39afea4cb32e438f903,49477030
passed,push,ec12901a9b7b62f0eed82477d7d6c0c380f71378,49452229
passed,pull,762289deaad85c57a861b40da6ea8645d38a4bec,49451191
passed,pull,aa6e738ff86c929f06a7adf19efb4f2d89f9031e,49431876
passed,push,53c75f7cf39a23a6b143dde65752aa9910df203a,49337457
passed,push,f0eaf1d5a5c09bb01b5ddab93001e64ba69c7057,49249648
passed,pull,0d0e09e473ccea2c9f215b597160852a4579f27a,49211715
passed,push,f6bade344bd4d149c09b09e1ab2641c733cbf57e,49211710
passed,pull,d24233b81e662db56b8264e91dd2018041fca317,49207496
errored,push,718c283796c5f55465abf184bed2e3ef1537c0af,49207420
passed,push,691d863bce60b4e3b52e4c6e5ed955737a772107,49190370
passed,pull,d780986858daa2d589fcfa3d8bace3e9e2a0572c,49186297
passed,push,d1093abf322bf7997b6aa66f3c9b67d9c687c56b,49186196
passed,push,c3e51029d7667656914a25c5c24742276bae3592,49171801
passed,pull,96c157cdacf36871def0178081a97738b0825a6d,49157164
passed,push,5976add8498805e5302972106b6c5929fedfdaa8,49128769
passed,push,88477016922d4e11506f706faead3b3c27863c40,49044729
passed,push,5976add8498805e5302972106b6c5929fedfdaa8,49010851
passed,pull,a161069f3c739a0fb153f3c382fa8a9519a8c37f,48995672
passed,push,b211e2fd99f8b5ed3021e73ba9152306c8627e60,48995649
passed,push,6d5e3df99451a2f45bdc14319c214461f4ac8efe,48993633
passed,pull,b154f2dfd315a39f9d672ee22cfa23f243f07710,48992721
passed,push,a59d09411d4e5c83fab3d4dfb709f987874d7237,48992453
passed,push,f323a094011a5beda9c6a4a900ed9233ba64df1c,48991738
passed,pull,f853edb79d1e5b84ce2036232c63255d0f58ea5f,48991329
passed,pull,bb0feccee20387560404cafa8800d0d72cbc27dd,48991218
failed,push,313ad2676af3d5649a185deb6d1b9567af4f9fef,48964465
passed,push,35a3eb63fb77813991c54c485774164feea5e6c7,48954134
passed,pull,ae99ec46e48af27017b02a8304a2d3dd94685169,48906279
passed,pull,c81646c6006deca940f36d519758fdde6501ede5,48906126
errored,pull,12be15aff5f8a28f649fcda78c5ab315549f775d,48880344
passed,push,da47813a37324022dcaa7cf8f07919af5f8dedf2,48876473
passed,push,a3abffb8dba8ed88c991f32e808c50f040952091,48795798
passed,pull,511f2440c7bf63b9c4b348385d5a158e35939c94,48771998
errored,pull,e0319d1f89793c3241e312ce9c98a63801b11bfb,48619572
passed,push,d710753d1271e2f390a38d9b5433486d77d7e52d,48498461
failed,push,d5f2df2623313ee96fc7dec7a51ff8f46c50e714,48478214
passed,push,610ffd62b05f8247ea5e2d7128d72ff20556f67f,48460330
passed,push,ef1044b73c0418ec08ab155cd7cef3fa917629e8,48458070
passed,push,c441ab03f03e83c24052c934356e1ab498da9a58,48455399
passed,pull,0037dffa773d12bf07a0bea4cebc08b6d944bd07,48455163
errored,pull,5c1c70bfe8399554803b13ce98f3be86f3c9074d,48356911
passed,pull,192ccb7f9df7118dc6fb0ad0250ed3f4667ff290,48347937
passed,push,1812f5214af14fed42494f8139ee1e1d9f9def00,48150981
passed,push,34bc97112130cfe1f87f19c57f8aaffcc326d5fe,48081898
passed,push,2f7bbac926fe1abb7e69725b4ece8f7ab1d33981,48081424
passed,push,0da9b9261cd05770723004cf72c9626d77272c44,48079391
passed,push,0872dfa3a63d093b2a4a924b9d74838047803987,48076581
passed,pull,861fcb8f1fd45b9835939423a28c50fff11ba334,48054806
passed,push,f9db262be0387dfb3fcd1687a49e1068f966387c,48054800
passed,pull,e37c167d1cc65c1123280bdcd57b930741c33a0d,48042813
passed,push,13839ecdfa7d805a4c758b6bba862501a2dded6c,48042811
passed,push,5bac856139e455d1f653b2629843dd85db1cdb56,48040699
passed,push,45d19bfd737bec529a17e01dfafafea49c87a2e5,48028737
failed,push,3d6c1e8879d46ae663c0544c37d4ec7adf769be5,48028661
passed,push,757cff2c6439a167b37bae81153a66523c1aa974,47995171
passed,pull,ff0b87f019cfa1e3c492cdf48aadd2f089c5cb81,47992971
passed,push,953d167c3bff3f5f51b773f331836b2849f400a6,47992825
errored,push,666c5b55849b1a172e3f0eeb384fef98fdca2197,47955878
errored,push,666c5b55849b1a172e3f0eeb384fef98fdca2197,47955846
errored,push,b61a9867a0090aa5308658c59fa8967fec1c524d,47937869
errored,push,4bc7880262fc78b56853d9b8e835025acf936649,47933578
errored,push,6b2515a366de511d2fa790e43c646d75ca21e798,47923416
errored,push,5e35e6e1ec3c0b7a4ea9ca097f31ea184ebee41e,47918929
errored,push,c01bef21554c912aab50ad936e21eafd6e40120b,47917889
passed,push,b8838edb601ece3cc57473ca0dd1440e50b168d3,47915624
passed,pull,f4b9d35539b367c9688618824de2d4f3ae1a951c,47915241
passed,push,163879e3493f067b70c08ed193e42b929a01f894,47914946
passed,push,774a3be419a5cab1c127574ead73034cb56d9587,47779294
passed,pull,17f58cd87988a843e488b4329c81c184ad1f8077,47777419
passed,push,3be109d4e72ba9f94b69e7d18b4d92224f5c5d56,47775796
passed,push,e89415c2e2ddab33a50fedbbb29f432559ce1041,47774149
passed,pull,52d24ce851fc79cf688b55673e290f632caf0aae,47769037
passed,push,1a1289a4b70e88ffee35537422ff2701695d6c87,47767971
passed,push,79d7195bda7d0e323226e746faaf092aeb5e2152,47766144
passed,pull,6c1416e319b8c1d43e5cf0e0a6d31dc9605ceea0,47712385
passed,push,02bbf297bdf6b0dfe14b4132c2ccaa54c425a00f,47712381
passed,pull,b0f67b27b2b2409f1162a36ec74080e77947c167,47706350
errored,push,38f4344dd5b12e77671e0fceb0112d4c11f5546e,47706106
passed,push,d366f72983d5c34d51f3d4d3db251c4e9beb0345,47679239
passed,pull,d0ebed69d6d7fdddb8234e49f864780b0413a34c,47673738
passed,push,b7825db1c373be8af76a7c7dd3da5ae731e3cd9b,47672055
passed,push,e4ee88729df5b96d161a5cbdff3879ab8d113872,47671592
passed,push,0749e6f5c192a48a649b9e952afbd4bc258c4b79,47656032
passed,pull,7544fac2357e84724f4a47040bd0a955df90d590,47655476
passed,push,f1fbd59bab7d3cd5947eec62620630c90fb52081,47648455
passed,pull,e81012618f772184c66f2742fd1f697acbc876ba,47646654
passed,push,c8a0ed9fc13b280aa52e97c89d70d283cfafe9b5,47646652
passed,pull,090cda39cb0114f64d3795b0b5c7deeb21d2806c,47645273
passed,push,9e3737cd63f7011dddeaf1447f9fe581a06cb9c8,47645271
passed,pull,851ef61e48af83e0370287b403d03c1ddf1e7151,47645023
passed,push,e05b93ae0b1908ca4b0f03ec00b4127805624cb5,47644668
passed,push,0d530bc61bc48f4635dc73b836a9f78bb21ec420,47643845
passed,push,1086a1578a82f1295542d098fb9410e13a040692,47642865
passed,push,5148b1f1771c51882616f9433a11f1f4c701e51e,47632809
passed,push,4d70e23a18d19c08676d4b2ec165cedb707bde33,47629061
passed,push,59a1899128d75323a8343bb231fcb6e13e9afb11,47610263
passed,push,15552bab8d4cde581fef14da997e729d8225a78a,47601568
errored,push,5de715d365633a5b81aea6a16c88dcebb2761eb8,47601254
passed,push,9be7f3f11444e7527d7cfaf5fef4b4a33de12e5c,47517818
errored,push,acc7069cb124d1137dd75591fb17c458d932e92d,47514025
errored,push,555ffdc49cf7ff038a8b9f7cca017044ddf3d132,47513990
passed,push,8a256b15fc282065bd75eceb51ddfc69aa32102e,47284304
passed,push,78ad2b259d378197de8ca85cd1140a2e7f3bd7ef,47263114
passed,push,66036cab08ce744eac572fe0fba4d1b4225626ba,47263035
passed,pull,2eef33a58d47335296f2c556c1ae17f95d3d4333,47245860
passed,push,30cb52aede797b7c51172e639101139944e11064,47245840
passed,push,f24a828c42c9ff4d61e2f92e9290600f91878435,47244433
passed,pull,9c09c4222097a47f1d17cf8a457b32b194e99ace,47244412
passed,push,47f2b4e28f0cc9557563e13dd2f0d3ab24676d56,47244064
passed,push,414dbca42f954b5800946894cf60d05bdf9d3fa9,47237110
passed,push,22cf5f6d116acc61ea6fa0de24afb42d3776f97a,47236985
passed,pull,bfc902f3b2cc0ee93ba10d8973d423ff7074eaaa,47231256
passed,push,1ed554c392c7d287f41ac5beea5f8b2f85fe0502,47231148
passed,push,b2c2e9f8ade366d83b29142bb477af435d3a1f61,47138810
passed,push,9f3c6d675529a804cde9fff2468076a72abf2eec,47138300
passed,pull,3f174233d16314b6afe3d40ee3842740d6c0c946,47127954
passed,push,4c59bdea42fa98c76bca8b6911776d73ad51d0a5,47127905
passed,push,4a4ee2e22778177640f8a85ddee79c1c3743be06,46995838
passed,push,84c67c16c4d14fc7180c44473ecb2af6b56befc9,46991677
passed,push,3e9738626c478c2c9bc889247b0272bb3d078f85,46970426
passed,push,c8f696e4fb4e1e004c5a0d0ace079678a6df7339,46969463
passed,pull,6e118c569a191280c79f6083577de78c97dc1b5d,46969203
passed,push,314af93db30f3aa84f80c7ed88ccfec2a864a495,46969117
errored,push,458cb96d210d4385383f66d0f1e1dff491350699,46967131
errored,push,ab4423cf3228165432296aa886b2d730ee06f909,46967017
passed,push,acc8aca985d3fe1968a8a5ee4f4beacd9d9c0aab,46886505
passed,pull,eb896f9fcf29f714a097c6f2bb470e8c9de37a77,46875783
failed,push,eb2eb01a2d1c51b01a431226d4fecb30475bf649,46875635
passed,push,f82cc0e907feb808dad86bc378156999b92cc7e8,46853439
passed,push,31ded88006157b7a10540be11089187f8204845d,46843125
passed,push,d632a50b23d1e602145e796651fe21309f0ae830,46841862
failed,push,abbf0123577b560c3ad9118fa3a498b89e67a5db,46836463
failed,push,a0bac85be11bf7cd87bfbb3446bc617cb6038672,46758811
failed,push,9eaf572e970f684ed606abda0ae494a2045a7a66,46756441
failed,push,2e772e398c67e98a5b3559f893883158d9fb1b52,46755849
failed,pull,40e2bd5a96c3b9507dc2f47c78980844179c9abc,46741743
errored,push,a19ddfbdb7673f26dd8ba1928defeb9f8266fe76,46741707
errored,push,c66544cf9eb5593f212d2d0be7498dd1a88e4828,46470312
failed,push,0009be5d6f72537aa12d098cd3101a317789cf76,46468614
errored,push,3675ca3c9a9912bddf83caa3d08f971a4d55fa93,46467143
passed,push,fca495180c0ae6027dddb8b88b5e6352b1f58e6f,46459044
passed,push,31aab0c3721c82ebbcadbef10bb181b43038d05f,46451490
passed,push,d87d4389a99cb9aa588ca095a3ecc76f42a80c45,46451035
passed,push,79324c87eba018aa779583116af62e6450ddd2dc,46433908
passed,push,2a08e08cdf8e518a24ebf7ff0d19a990363bf88e,46429033
passed,push,8341ac1b5e5b41a241bdd79ad50e7f9395bb1976,46425131
passed,pull,213d073d5d5dd98c48f2aee48d5b6e8af576cddf,46424829
passed,push,8e8718b6eb8a8d2c0aabacf4ad26ff8328fca2ca,46424759
passed,push,adb74fcefcaa96e21fa7d41eaa15b4a2fc1cd319,46424665
passed,push,352a562eb920b3848794863b324288637967fd3d,46343766
passed,push,598778703949aad0662637c01020138fd5dc70a4,46323163
passed,push,8357b652e6d920b6a530528274efdb689624c3be,46300127
passed,push,2ab352e4ffa02b6ba011e5b859e762f4342fc60f,46299202
passed,push,170bbf636d705785a2ac0cf43b6bdff38d704671,46213955
passed,push,fe3e1fc4b4336e1e948bdfa41660d28680717537,46210682
passed,push,a8fd46ab2b7d0f27cc3d8f3e2c8862864a268f04,44810598
passed,pull,a65abe326bcb19150d894dbc8130dc74390dc085,44665963
passed,push,b65514bf1231674e60f5506aaacc397338d9b2db,44665961
passed,pull,ec056cc947c04b0b970575862e2aadacad1e7d35,44636838
passed,push,abb47d51e10751d082a7edf97b93aa7056f11115,44636230
passed,push,a483363981e9838afe60743086ce60c36f729ead,44574032
passed,pull,3e1ef0c00fa187d9f74f71ab783ffafe1da5e6e7,44568262
passed,push,bf1239781dc831a6e2d8b250832f6bb27f793384,44485075
passed,pull,683d6086a3d21305a54434d12b315944cd6717db,44460536
passed,push,6a5f6d08de24b76ad0605a1bac5e1a70cebe681b,44350823
passed,pull,c1864a81c84b0748516861e791d98d209417ef98,44346747
passed,pull,8397f022cbadb061b108c6b31eb8a62a8cdee2b6,44331652
passed,push,a9375fdefd34ab087453b1632dba48dd26003b9b,44233701
passed,pull,6d2178898c96da430978c37e8df58c8d3c11f704,44223907
passed,push,ac6df7762895283b5868f496719b3f15215129ed,44215500
passed,pull,5c3fc9b33acb9cd801965b0efc3fe55efceb8937,44212528
passed,push,cb3cb09c0b889769cb55053dd85bf84b3394bcfd,44212396
passed,push,adff8a4f60992295729cc7802792c400e79315db,44206767
passed,pull,0197d5b99717272bd593c24d233e61ad0d9f82e2,44201090
passed,push,ade5f704b1009c0530bdb7452a36cd370692e323,44198618
passed,pull,c2701e1678f91022293a18ae7a16b1e57b03e7cf,44197993
passed,push,c6a07bb4e8463a4f4f94e2f90d13694b6f6d0975,44069211
passed,pull,ea05b8c958b699fba31f589585edf46e19ab3dbb,43873064
passed,push,143e45777be00eda16e6f946da87f59eabbad59c,43863714
failed,push,1f5b7c2be78db29428d41e1327f16f0735e2b17c,43835650
failed,push,470fef19b34c0bc034873161cd8a55645f8ed2ac,43832576
failed,push,891c9e52f4b2a7369267a6807e5614c88e018cbb,43825373
failed,push,4eb44a665a523462201fa311fe3aaf28dcfce55e,43821503
failed,push,67b39cc28e6fead610c373fb80a42d8d4fdabc81,43746262
failed,push,8128d96b22e9be9f2c5f8b14710aca0fe6c8edb4,43717045
failed,push,800a24a32e0709eb2f301ef2bb5d091651d8ce6c,43699632
failed,push,d5b61b4d94b49e2386d6d6ef379b2ba6cd310b95,43502535
failed,push,d5a6d09dcaa30727491d31bcc3cd4346b2654eea,43489904
failed,push,e0ac9f0bcc06200fe9a735a50bee8b662d67500f,43377926
failed,push,5f54c7a9bad0c72ff85ee8d59d72cb140dd49799,43360648
passed,push,e2462740e4afbe8dd9c3d42c95dea0e0ba7ed418,43334248
passed,push,13dd50a3859113c6765da76905750ec889d5d219,43333806
passed,push,83bea6cde12b97936aa7cdfabb05041d8d34fff7,43107719
passed,push,9c149e4c30d0f73eaf73b857c9725c4df72937f3,43095401
passed,push,021b69e1b9b1dc613f8fab4d2afc15f86c875df2,43090503
passed,push,6ecc29c3dd70ae236a14e48635bd6aec07bdcdc7,43079671
passed,push,1281a1a7fe76c433552e7a49451c7b7e26f5cc8c,43002493
passed,push,98369db683e7b109b3d5e440d3e185c80d7a409d,42999715
passed,push,ad5fafc482da076ba6548eb67f49abc585eaf671,42993149
errored,push,63180376bdcf47de8bc31d63c0c8ad9fe87f1531,42990227
passed,push,e6ff91847bd2251a71bf42215e199ad5c1268528,42972932
passed,push,aa86dca3d90d5e52962552461494a23bbb4007b2,42967120
passed,push,0928b5f8ec7fa4c41c1af55c92eca4ac448b8b25,42891564
passed,push,5d29a6d5d975b7c968cff6bbc1c95b3489f6b24d,42885650
passed,push,a84ee3fbc049bfcce169158ff1ca35329ff4f609,42876225
passed,push,443b5b7596c89c8297afd132631ce390ddec07ec,42851283
passed,push,d778b182aaed9d564a788ccf6aced2652805b863,42848973
passed,push,1e1229a189d809fa899500b5d5042fa7376cca2f,42848631
passed,push,3296e8ed77753da1ceb4abc8b0a98a550eba3115,42835535
passed,push,c205c350dd9955471ba201905ad79622ba3aa39b,42767134
passed,push,3f69dbe78cbd97a489cd5363e587a0baf9cca1f6,42759853
passed,push,7ce4381a3ddcc98fa96cfa277af0bc38ea1502bd,42759246
passed,push,e7c863b752b4e2ec2ce5231a8a7f4e15a9b13230,42758734
passed,push,b01ffb3cd9af17dfe4e1fa76e09578fac16740fe,42748435
passed,push,cb027024e92b8775499baaf818627967f17fe977,42746640
passed,push,0aa5d70d7b75dc984fe3412a9d3b12a3766771aa,42718312
passed,pull,2c84866b4b615fe563055b4babac76cd9afe5fef,42657205
passed,push,cd0c28a9f2ce4a8d0914d01b6a81cb109ded4374,42656490
passed,push,c19968b8934efb42e711281a150a3a844897987f,42644573
passed,push,c1cf21b0f27f1bff847b57b53f955c6cc9e4ee54,42627009
passed,push,0c50b4ecb8efb65d87ef5cb00e9c943ad880b4d6,42616349
passed,push,5dc93abb17cd58968fe1b2d97611082baa8e8e5f,42413562
passed,push,2649855dab0f35e0f249fadd49157b15ec8a8fc5,42407385
errored,push,9b5d88cc81e497ee05126817e5275d579d594777,42407085
passed,push,df3952c0b3d4e207aaa42ceea708c0994c9c67e5,42403757
passed,pull,ae4de8d8d0418d56e3190163c3c25f5c785f57be,42401198
passed,push,3b1eed265661768a69d9d98716d2317c9bab2eb7,42393236
errored,push,1b88d4f1a919abafe097179a703b05fe23c4a8ec,266628976
errored,push,7a4e30ef5277ad17f9117889709e575e9cd95927,266628659
errored,push,c788d23ba218853578ddf69c5b6fc6f5e3194ace,266628427
