Status,Type,Commit,ID
passed,pull,e63820ebb079f02825ca65eca60a6e04bf9141ff,226704769
passed,pull,2af1f349f0c4a5de2dddfa3fd3acab53bd989d5a,223535950
passed,pull,5b5cf8d984297e3473531ae0b47738449c141ad8,221998720
passed,pull,1f6f08d262e479807e5813e671ef610908c7d8cb,219460753
passed,pull,ec2a6714ad78ad9252ab4736611298acda0d69a9,196327504
passed,pull,43d3afbf031e5dd3e6354a207abe973fe79f7c17,196323195
passed,pull,43d3afbf031e5dd3e6354a207abe973fe79f7c17,196321634
passed,pull,da872867b1b63e3d52e5a98ffa8aa8259fa72b4f,196318696
failed,pull,41ea98b463596b8d7377cb6d6098d6e65cc3f0e3,183247620
passed,push,f18db724674dc1c4116e25142c1b5403ebf43e96,167436079
passed,push,00e75ccea19a9d741b6340fe08ae88e3219d1667,165767091
passed,pull,e3c92b39becb65108205ca4187fe013a8733b4b4,165639648
passed,push,c09b7def50a2d13de21b3b03efcf2f8ef3eea39d,163930558
passed,pull,da8362845e719bc028d619b95126ac616e8b9cf8,158288761
errored,pull,715e110588c1d9ada18af561307bac6cd9c7514b,150940169
passed,pull,cde31e387486c0a3faad83a09d34cd31b29a3211,150929955
passed,pull,888b0d9c5ff4f475cf3d2f349899967b34e9406c,150929037
passed,pull,c71fe84b6a902c20ddfb975433c3a5a7827404c6,150918149
passed,pull,a109db961f59741a2430fcd1dda0092beef37828,150917336
passed,pull,c9e3667b9ddfffccfb09b3d5a75ed3cc897ae678,150086850
passed,push,30ef3666697318324b9888a221dfd9f589db33d4,136057008
passed,pull,36de987cd7ec8cb917baf4e2858745f824736f97,135997572
failed,pull,1e75e5caec4bf1f1e24ea4a4e76b5a78bd78d367,135733184
passed,pull,be2842a231c3f048c521654bf7be0408abdc1ce4,135524163
errored,pull,c43939ce24e144f55226938ec49806b0b5785fc7,132754138
passed,pull,523444b892fd29da4eadd50c4217df589b96cbcf,132695370
passed,pull,df863b44896343ffbca0e9e780684a02f8bf60e0,132692861
passed,pull,0c9d05cf14430664d03f8bac6b261230338ed4a5,132686188
passed,pull,faec438bd1115ff04b122ec32f1825df9f7a2efd,132668386
passed,push,766b16ff404ea95adc598da9cd015a2f29394fb3,132652682
passed,pull,b5da82a1beb05a0243c10f30b2ffc98168546e25,132638217
passed,push,cdb3f8128e24ad0c8c7dc916a309115839f7fa66,132491149
passed,pull,0b40486dc7cf6ab5901e5877907930b2ca39cdfa,132478144
passed,pull,737b8874b5ef1197358ed1b2caae52e0bb0cb326,132457140
passed,pull,9afb3ec12e9519b6998219da462dba9ba03d4108,132425900
passed,push,f48d61ab7d782a4d55d9fc66633cca1375d7ceb3,132381454
passed,pull,7cc2e8f1a6383421c1c27bd744acdf2b06af2822,132373414
passed,pull,dc8c4fa9fc4e4fa9ac72aa70bc3a77558f9a7ddb,132337266
passed,push,947b7a4594f0b8f70a0f09d5d0e2da615dcc41a6,131982607
passed,push,494a12b92510ceaa815ebb22b4924855673d821d,131982441
errored,pull,77ff020e2d0b4998721c6f6873a0f8fcac2da0ae,131328872
errored,pull,a2951c2b0937c85e101ae9906d35b2925c70e43b,131328743
errored,pull,436bf1f901a044c169ec916c91a2cbcb81c8504d,130645141
passed,push,8d6e5170a67975a50cd891be9b6eb3adeba36045,128717252
passed,pull,81fcc424b84e0ae11a907a17e297ab3768f8a120,128669862
passed,pull,2b1c36f89eea17b51e155cafdd84a6b2401cdf3f,113748516
failed,pull,9b6e2ca8df7528c6c2d19a30d356775bc9570cba,112707913
passed,pull,6e690d2d1d5ba454b08fe5a76373faf072d37315,112058028
passed,pull,973453cb8db0c6a0e2868e432ed8ae6256ce0fa4,111849049
passed,pull,e62f341fd39c39368eae94da3ed61451837ab488,100740373
passed,push,b3878b02279ce79595344d72b37f4661b05767be,98015662
passed,pull,4343b042d4250a8e154f784e07b7c38e2e50a485,97889959
passed,pull,4f6589e14b654b5ce34020d63465977226cbf482,97622554
passed,pull,f72e7295638ec1e1db6c8bfe269b67886186e312,92680184
passed,pull,fe38ac4da0e14b460d203f9233252323ce309431,92609184
passed,push,e52a2115dd04559a85246f93fd978a3208a134d9,91476937
passed,pull,37be47c3d77b4333bdbbe95eba873d3e9a967c7b,91413859
passed,pull,d57186333477eb7f0a58d5bd024097bf067dfeb3,90599541
passed,pull,4af81684a8b13a5c74b2915b21670875ecdba7a1,90259094
passed,pull,803e130a100b37f9debbccba2ac4ec2134584c94,90258265
passed,push,087350028f79452cdc9727d96dfc00a3721293ba,88186795
passed,push,b7534f5cd318d5d99a653f1f43b4f98199fe6751,88186789
failed,push,b7534f5cd318d5d99a653f1f43b4f98199fe6751,88186777
passed,push,119dff5d0986001643bbd43a3e16fd3c74d2a7bf,86701712
passed,push,f1c2ca6afc3b743e3d9a90d39fb4117cac7aea50,86701708
passed,push,f1c2ca6afc3b743e3d9a90d39fb4117cac7aea50,86701702
failed,push,183ac743cd13a836aaaaf5bb71df7f26716879dd,86630344
passed,pull,b60245429929c59288b58c7d70f488ac829ffecf,86594741
passed,pull,7b645b94f671f079ebc25652ac32fedb84a5ce5d,86387165
errored,pull,032bf2ed53235bacdb4ceba15b54cba9f498e538,86381752
passed,pull,b62004143c439e24423e590b93823138213ac1d4,86291344
passed,pull,d6ca59650e6ba24088c5f458ba79524781a75cc6,85429052
passed,pull,dbb44c721642902559dd9fd28a2b132e2cefc614,84824786
passed,pull,4b470f053c0030f5c20f0b0d08d122d6178b80e3,84822926
passed,push,be8dbc378a886a0d724636ecaa7c77f02a0bf42f,84471287
passed,pull,6731f835864f668b97dbeb555c2a8453ae02802a,84251167
passed,pull,5ac6b7eeeec7fc79419e0d49fe0b752b05b62cea,84121812
passed,pull,4280c79334235daa19f266e71679b21580a68d0c,83907723
passed,pull,485df40f5f480ee37c4f85a959b51c2495eb13d4,83292508
passed,pull,e4ca679845fe9b442e6cf55e83898c6a6c5f3706,82286774
passed,push,c526f0ec828348c43c300a8ac7a1fd36cf5d10fc,78019788
passed,pull,3d461e76c99546bac7774144445f65102e981d51,76852629
passed,pull,06a82331c659b89f4805013aec65430036384635,76260422
passed,push,8d9cb10e44107ba06cc88f3a602ab53d87b2724e,74757869
passed,push,9e8c33861c5b62bab0ed2c43ec61a5ad313a5540,73606050
passed,push,6f4d4bc5216f7b79cf1c08ef6e1bbef2db43d811,73605817
passed,push,10c7d0b870f4b7a535222493bfd384c07139c5d4,72199424
passed,pull,c3967cd7fac061209ffde6b1c954f756b27de764,72066082
passed,pull,2f051655c443b1b6e0c6b75f5f72f3536748a57d,71154845
passed,pull,e2f5ac9b969c4b2d03d2e306494e448c145ca3f4,70798475
passed,pull,38985a11859a79dadfdd3ccb62978eba3699f140,70795155
passed,pull,824ad75eb4f35566e308d89ccbb0d895ce03fbdd,70635286
passed,pull,c1489a6ec74bf4f685451821d0f44bede040549c,70629603
passed,pull,a412702254ea785bdef4e522b9a677a1365f3059,70510750
passed,pull,e04ca3be75675195ea3154affe4eda1ef4bbe45a,70508713
passed,pull,6330bf0e2e2fa5725041263b46f743f6d039c494,70503409
passed,pull,283ebea7c1009723333c4720a8c0140c63a6f8a4,70457417
passed,push,c364152738e0bebe44b8df8e196c13bdb4f1eae8,70300130
passed,push,0c584a737adc66f060138c97fdd61cb2f7d99b1a,69857523
passed,pull,5a96c05f03d53035fb297d12389260bcc004846f,69855096
passed,push,25eaefd12aef317b47a1de484ca2598c066098a6,69731920
passed,pull,be4d8fb19d58b32033ec27ec28d61e9b3f0fed93,69657103
passed,pull,568b198a17dd0f583741329a3b16cf7751454f94,69525467
passed,pull,3054b35d0c126a12ca6f7b8add51923ac766550e,69524710
passed,pull,24d5032368aad1dc7b558919209c10ee310bffce,69369287
passed,push,a329c40e7763609a24e364244d2081ebaeba818a,69219092
passed,pull,4028205aebcdf28fdec3a6231a2e7eaf646a1b6d,69216243
passed,pull,7a6cfa7f911bff44c78ec27df2f3ab6eb1135758,68669975
passed,pull,77060011919835ff4a6ab4843ef068d76b243629,67216136
passed,pull,425aa3f72cae0cbe376d0611ed08e6299b244a6e,64950229
passed,push,e7bc085349db931f0253efe33e0dd3626c940964,64529469
passed,pull,f3614ddc58095d951b3f453cc03453394f27bd12,64383265
passed,push,3e7fb688a8668b913632c9017e61ba9d83689c06,63993987
passed,push,9726b0a1c723bf91753788cd0b8b2b8b593cfb1e,63993047
passed,pull,d1c2bcc8794237830f7d05c8ff34cbf9021223c9,63962655
passed,push,ea837a965a12601d555b89fa1fd4495f098ceefa,63805709
passed,pull,278a8ef87c5d79781c3917f76de86693b5790c1b,62536170
passed,pull,6bb09563c6b296288fde505b5f3e36dcb83e01eb,62533181
passed,pull,ab7cdf37f3c558b6a271d3a246368368ba179e38,61377390
passed,pull,c2a75ac9af8b06d7f354618f229cebe99c38fdf0,61366226
passed,pull,9e6ec46f8580e74129dac78bf3f99e0c0cbce8e1,61349188
passed,pull,a7b764980240f1916346aef3ce08e08411539bb3,61348723
passed,push,91184fbc31149daaf5f5be4667311bb1c43d17ca,59456912
errored,pull,0db58da0f7df968053d5b81663bbf29932668b0a,59456664
passed,push,79b44630ccde6ccb30596483e8b0f7610419634c,58983348
passed,push,30dacdba42205467ec363bb442bf18d92c2f6c38,58982280
passed,pull,33f84c2f0ab6a9c00ea5c3e3de33330d3feaeb38,58698835
passed,pull,a1fa8a79cb3cd4dff99eded6e18da0cdce799ee2,55283365
passed,pull,3e4dd064840098eb6ebfe5c0212e0f9a36065fb9,55179988
passed,pull,14930f803ecaecfdf87265e2d98e779fb53f7aec,55175782
passed,pull,ee3bac97ae64752875b96d5c7e89d9699f5577cf,55174868
passed,push,91ca9b528edd7cfbca9e2aaefa9a14df41769dd0,54309735
passed,push,33b3a1e2fca284369a314e2c29380a2c5a6f8a0b,54309724
passed,push,33b3a1e2fca284369a314e2c29380a2c5a6f8a0b,54309716
passed,push,4cfa3b82b23a2422873aa6e538447aa974cd9857,54201735
passed,push,25ebd554d70ad2bb4d07506b5fb5acfe3d13dc7b,54162399
passed,push,ec4f9c7968076f4ad7d9e6485ac186995df4dbbe,52531770
passed,push,b4f6dd1ee3478b8bce92c7985776df940a663d37,52531766
passed,push,b4f6dd1ee3478b8bce92c7985776df940a663d37,52531758
passed,push,c4813171303d3afe0520769b713e3bfcc8f56e84,52531566
passed,pull,b5ffd934bcb45096e6898e2bd43ecf77497ca833,52522538
passed,pull,304abca3717bcde073fa7520901efa65b364b487,52038010
passed,push,f02857b6cd641b645582201125bed7a4f902bee3,49083801
passed,push,1c336e286929d02b1d6c92753fc3a545f89f882d,49070514
passed,push,3b3c519bb4a6922034d6f2e880f9e848d098ccbc,49069569
passed,pull,3462ce67ef1af480c00ea81e35da9ad9787891b9,49032334
passed,push,434010ce56bcac4f829db4542eb5bfd60c7a32c4,49003547
passed,push,83ee9accc183054d5bd4f3d5184ea459ad4e1b5e,48978317
passed,pull,5b2ff85fa6ca3c9797297e8e85f4312489f9619c,48898235
passed,push,029ee90cdf8da569a54aecaec494ca631d69aab4,48889276
passed,push,f0004e78df49c8cbc7fe5f04933cc301df8cc84b,48884677
passed,pull,6d49ffaa785593e63b9f919b5bee742c0ab49e1d,48814241
passed,pull,45cc79dd6914257d7feb4f006c8dbf5a78dba019,48810853
passed,pull,d23a7c0acfa2a6618917a33770d6ac4ced07ceb9,48805383
passed,push,6bf501e31e13f29ad9dec4127c22f55232fb3ae1,48529628
passed,push,7d7bedd99ca49e58ea0dbde3708a75c49f30a64f,48203730
passed,push,28ffb42ca09ff7e3d10d9ccbec6f9494479ce66f,48126227
passed,push,09742669b5bf117582bdfe572719e1b97154294c,45752064
passed,push,908c37e64640c5fc5e9b3bf7a34a04946c9e5e6d,45733345
passed,push,d451be3a441054225396f78fe552c8843bd3f22f,45733170
passed,push,00d23efddcef0e418c7c2a36786a2a60ec30c35b,45726491
passed,push,bfce49826931267abf57c35121336b56e6f3428f,45726477
passed,push,bfce49826931267abf57c35121336b56e6f3428f,45726475
passed,push,5f493d2f7d9265b7b44af03ae181d300154cdee0,45726230
passed,push,244dd8d9ae507d6abe965ef48b5ed41f7d5767ca,45674896
passed,push,47caae66332ae731d72f7321fa7d07b017ea87b7,45674890
passed,push,47caae66332ae731d72f7321fa7d07b017ea87b7,45674884
passed,push,05f31093f0d131906e8f5daaace2f9b5c01e69df,45674703
passed,push,72e7953de48c2a77c37d2ae2cf5a27feafff2516,45673482
passed,push,c553716e2706cf5d584e09d6f1f81f8e3f1a0f97,45673480
passed,push,c553716e2706cf5d584e09d6f1f81f8e3f1a0f97,45673472
passed,push,9749edf6a822ba694c7baed47b17b16ccb621ea9,45673429
errored,push,f0affdfa4d293aaea1ed24e1f1c2bb3c7b11722c,45672943
passed,push,77f4fa73df0006c8d4a765a01a75df013636e9d0,45670991
passed,push,af6ed6ea598cc122a8d9df273285d52dd152b8bd,45670985
passed,push,af6ed6ea598cc122a8d9df273285d52dd152b8bd,45670977
passed,push,f1d7316a6ed7ab388105816c5cf435ba92bbdeb7,45670709
passed,push,9c795430faf8f1229524bd551382a337612ee187,45665089
passed,push,884c0f9d0f72fc65ec9c594b7adfefa791e9d431,42064294
passed,push,b00a7ae138f94c0b2443e5e9be288cd4f19be90e,41852770
passed,push,7357902f15a1f02afb6f8907951236b55c46fced,41799268
passed,push,24fec48b2b3be90bf55d6ea1350ef24a9b7e3d3d,41798942
passed,push,113f7c6c9ed7b27fd95edf5235ca3e1e4bf79ac8,290959304
passed,push,0346ab5a7a031eecc418e14ad25823b18b03a2e7,290958576
passed,push,68c42bb445adb082828bce8d4acfa5a7d073581b,290958038
passed,push,e682b960bc865070dec358f3981c855dac1ed18f,290957489
passed,push,d657b69390e108acccaf10dc923c44b01e85c016,290956777
