BuildID,BuildParentOne,BuildParentTwo,MessageState,NumberOccurrences,ConflictingContributions,AllColaborationsIntgrated,BrokenBuild,Dependency,FixBuildID,FixStatus,Effort,NumberBuildsPerformed,SameAuthor,SameCommiter,BestCase,FIxPattern,
271833988,8461314,8290550,[],0,false,,,,8464322,passed,2,1,true,true,true,[],
267843337,2398097,2592723,"[""compilerError""]",1,false,,,,2616135,passed,2,1,true,true,true,[],
267838950,7251425,7275268,"[""unavailableSymbolFileSpecialCase""]",1,[true],true,true,[false],,NO-FIX,NO-FIX,0,NO-FIX,NO-FIX,false,Conflito de build por contribuições conflitantes. Left remove um método enquanto Right adiciona um caso de teste com uma chamada para tal.,NotFastFoward
267833702,10006381,10033212,"[""statementDuplication""]",1,[true],true,true,[false],10120795,passed,49,1,true,true,true,"[[""OTHER"", ""OTHER""]]",NotFastFoward
