BuildID,BuildParentOne,BuildParentTwo,MessageState,NumberOccurrences,ConflictingContributions,AllColaborationsIntgrated,BrokenBuild,Dependency,FixBuildID,FixStatus,Effort,NumberBuildsPerformed,SameAuthor,SameCommiter,BestCase,FIxPattern,,
265920859,265921351,2772112,"[""unavailableSymbolFileSpecialCase""]",1,[true],true,true,[false],,NO-FIX,NO-FIX,0,NO-FIX,NO-FIX,false,,conflito que não ocorre na prática,NotFastFoward
265914380,3825325,3836938,[],0,false,,,,3837080,failed,0,1,true,true,true,[],,
265903509,8506064,8516002,"[""compilerError""]",1,false,,,,,NO-FIX,NO-FIX,0,NO-FIX,NO-FIX,false,,,
265903097,8688315,8688638,"[""compilerError""]",1,false,,,,,NO-FIX,NO-FIX,0,NO-FIX,NO-FIX,false,,,
265900129,13398520,13429171,[],0,false,,,,13429265,passed,10,1,true,true,true,[],,
265897624,15827179,15806202,[],0,false,,,,15844592,passed,25,1,true,true,true,[],,
