Project,TotalMS,TotalMSNoBuilt,TotalMSParentPassed,TotalMSParentsNoPassed,TotalParentNoBuilt,TotalRepeatedMSB,AllBuilds,ValidBuilds,TotalMSPassed,TotalMSErrored,TotalMSFailed,TotalMSCanceled
perwendel/spark,226,29,63,155,0,2,220,218,62,1,0,0
apache/jackrabbit-oak,0,0,0,0,0,0,0,0,0,0,0,0
jbehave/jbehave-core,4,1,0,4,0,0,4,4,0,0,0,0
webbit/webbit,9,1,0,9,0,0,9,9,0,0,0,0
tomp2p/TomP2P,0,0,0,0,0,0,0,0,0,0,0,0
qos-ch/slf4j,43,4,12,31,0,2,45,43,12,0,0,0
magro/kryo-serializers,22,0,0,22,0,1,23,22,0,0,0,0
opensagres/xdocreport,38,19,0,37,0,0,37,37,0,0,0,0
play/play-android,0,0,0,0,0,0,0,0,0,0,0,0
Asquera/elasticsearch-http-basic,12,0,8,4,0,1,13,12,8,0,0,0
maxmind/geoip-api-java,17,0,11,6,0,0,17,17,10,0,0,1
dain/leveldb,2,0,0,2,0,0,2,2,0,0,0,0
before/uadetector,0,0,0,0,0,0,0,0,0,0,0,0
woorea/openstack-java-sdk,76,3,3,71,0,1,75,74,3,0,0,0
neuland/jade4j,40,20,4,35,0,0,39,39,3,1,0,0
pulse00/Symfony-2-Eclipse-Plugin,19,2,3,16,0,1,20,19,3,0,0,0
neophob/PixelController,39,14,1,26,0,0,27,27,1,1,0,2
smooks/smooks,12,1,2,9,0,0,11,11,1,0,0,1
julianhyde/optiq,8,2,0,7,0,0,7,7,0,0,0,0
fabiomaffioletti/jsondoc,20,3,4,13,0,2,19,17,4,0,0,1
cereda/arara,13,6,0,13,0,0,13,13,0,0,0,0
pgjdbc/pgjdbc,179,15,14,154,0,2,170,168,12,0,0,2
FasterXML/jackson-dataformat-xml,37,21,15,19,0,0,34,34,15,0,0,1
lemire/javaewah,36,19,0,29,0,0,29,29,0,0,0,0
tinkerpop/frames,34,12,4,23,0,0,27,27,4,2,0,6
samskivert/jmustache,5,0,0,5,0,0,5,5,0,0,0,0
mpatric/mp3agic,26,2,3,23,0,2,28,26,2,0,0,1
timmolter/XChart,75,27,0,48,0,0,48,48,0,0,0,3
redline-smalltalk/redline-smalltalk,72,5,3,64,0,2,69,67,0,0,0,3
reficio/p2-maven-plugin,22,10,1,20,0,0,21,21,0,1,0,1
structr/structr,1280,931,15,360,0,3,378,375,6,2,0,7
hstaudacher/osgi-jax-rs-connector,23,1,2,20,0,0,22,22,2,0,0,0
gwt-maven-plugin/gwt-maven-plugin,7,0,0,7,0,1,8,7,0,0,0,0
madeye/proxydroid,0,0,0,0,0,0,0,0,0,0,0,0
