Project,TotalMS,TotalMSNoBuilt,TotalMSParentPassed,TotalMSParentsNoPassed,TotalParentNoBuilt,TotalRepeatedMSB,AllBuilds,ValidBuilds,TotalMSPassed,TotalMSErrored,TotalMSFailed,TotalMSCanceled
l0rdn1kk0n/wicket-bootstrap,336,82,47,277,0,7,331,324,23,3,0,21
qos-ch/logback,62,3,6,56,0,0,62,62,3,0,0,3
write2munish/Akka-Essentials,1,0,0,1,0,0,1,1,0,0,0,0
jOOQ/jOOX,8,6,0,2,0,0,2,2,0,0,0,3
myabc/markdownj,3,0,1,2,0,0,3,3,1,0,0,0
serso/android-common,0,0,0,0,0,0,0,0,0,0,0,0
tinkerpop/pipes,7,3,1,6,0,0,7,7,1,0,0,0
maxcom/lorsource,339,25,45,273,0,4,322,318,39,6,0,0
eclipse-color-theme/eclipse-color-theme,14,7,0,12,0,0,12,12,0,0,0,0
sachin-handiekar/jInstagram,77,38,5,72,0,0,77,77,5,0,0,0
FasterXML/jackson-annotations,23,7,0,22,0,0,22,22,0,0,0,0
JakeWharton/DiskLruCache,21,0,13,8,0,1,22,21,13,0,0,0
SomMeri/less4j,23,3,1,22,0,0,23,23,1,0,0,0
winterstein/Eclipse-Markdown-Editor-Plugin,16,7,4,12,0,1,17,16,4,0,0,0
DozerMapper/dozer,93,46,47,45,0,0,92,92,47,0,0,0
GoClipse/goclipse,426,383,1,155,0,1,157,156,42,0,0,1
taweili/ardublock,0,0,0,0,0,0,0,0,0,0,0,0
twitter/cloudhopper-smpp,23,3,1,20,0,0,21,21,1,0,0,0
RichardWarburton/lambda-behave,17,1,0,16,0,0,16,16,1,0,0,0
isaiah/jubilee,12,2,3,9,0,0,12,12,0,0,0,3
roundrop/facebook4j,63,33,14,17,0,3,34,31,14,0,0,2
brooklyncentral/clocker,215,28,79,110,0,12,201,189,75,0,0,4
reficio/soap-ws,2,0,0,2,0,0,2,2,0,0,0,0
pulse00/Twig-Eclipse-Plugin,8,4,1,8,0,0,9,9,1,0,0,0
hcoles/pitest,87,21,15,55,0,1,71,70,13,1,0,1
rhuss/docker-maven-plugin,0,0,0,0,0,0,0,0,0,0,0,0
timmolter/XChange,1266,162,43,1097,0,7,1147,1140,16,4,0,23
cloudfoundry/cf-java-client,1319,1119,7,196,0,4,207,203,4,0,0,3
ktoso/maven-git-commit-id-plugin,117,3,17,98,0,1,116,115,17,0,0,2
ryantenney/metrics-spring,43,4,20,23,0,3,46,43,18,1,0,1
rtyley/roboguice-sherlock,0,0,0,0,0,0,0,0,0,0,0,0
Hidendra/LWC,13,2,2,9,0,0,11,11,2,0,0,0
jOOQ/jOOQ,100,10,0,101,0,0,101,101,0,0,0,0
jsimone/webapp-runner,16,11,3,7,0,0,10,10,3,0,0,2
julianhyde/linq4j,0,0,0,0,0,0,0,0,0,0,0,0
FasterXML/jackson-databind,639,227,170,435,0,12,617,605,140,12,0,18
FasterXML/jackson-core,145,59,11,129,0,0,140,140,10,1,0,0
DSpace/DSpace,1208,70,304,856,0,11,1171,1160,287,4,0,13
adyliu/jafka,3,1,1,2,0,0,3,3,1,0,0,0
ocpsoft/rewrite,28,2,1,25,0,3,29,26,1,0,0,0
asual/lesscss-engine,0,0,0,0,0,0,0,0,0,0,0,0
tinkerpop/blueprints,142,28,11,126,0,8,145,137,6,4,0,1
searchbox-io/Jest,182,17,30,148,0,5,183,178,16,2,0,12
tananaev/traccar,390,197,25,360,0,2,387,385,21,3,0,1
nodebox/nodebox,76,23,13,53,0,1,67,66,12,1,0,0
tinkerpop/gremlin,14,2,0,14,0,0,14,14,0,0,0,0
airlift/airline,0,0,0,0,0,0,0,0,0,0,0,0
mikera/clisk,9,2,4,5,0,0,9,9,4,0,0,0
killme2008/Metamorphosis,13,10,0,3,0,0,3,3,0,0,0,1
tinkerpop/rexster,65,12,18,44,0,3,65,62,14,4,0,0
twilio/twilio-java,238,82,63,109,0,5,177,172,62,1,0,0
zeroturnaround/zt-zip,26,0,4,22,0,0,26,26,4,0,0,0
