Status,Type,Commit,ID
passed,pull,374477528c0730a135862129f51ea3dbdd2c9507,297139007
passed,push,430dd86ada12a4e1ff0fd09e1afb25b81bc957df,296936722
passed,push,f894a7c8c31612e118578120d5279c8a8f97cad9,296936710
passed,push,032f70cc9a49ca5e7e2808a614651db3af04e160,296581548
passed,push,13cd5fd2219813cef85deea63fc2faa5020ab54d,296581541
passed,push,9a6e9535d767f0ff082f73ae043c126b1942b9c7,296064349
passed,push,0a5d4dd0659f2103c6f5c6dfc07b82c72325e95a,296064338
passed,pull,04041387bfc1e4db61a0c4c1cd55da749caaef43,295601787
passed,push,de9c0b174b853cdf5db6a94be5bf81471b4c04ff,294935541
passed,push,1ab1ee40241a745d6feff4edf3e70f3a924f6b25,293422767
passed,push,223e97bfd535a2029b5ba99d589de02544cc46ac,293422762
passed,pull,806dd5551500a0b9917c453b552c039f22b1e346,292572686
failed,pull,d1bb73fd898bb9b68ecdaf07125123aee4bcf00e,292541647
passed,pull,854e6789791cd6b3763ae9696e13a751cea237f2,292281994
passed,push,d824952741449ccb2b9681fbb409fe16857e1386,292281276
passed,push,8c9e3e79776def1a2435701b394be5dfac22ddc8,292281258
passed,push,4c5d831695ca5a759e8365ee1b42a226c2c30aff,291838879
passed,push,8ba023c47e81540a62da298cb9248e943e472aa1,291838874
passed,pull,bffd1a956f377fbfddcf0c058e3513512ebe7a53,291036964
failed,push,d580c738c6e2049c729a1d07fc77f9adf595bd03,290599241
passed,push,ec2e6ba04f3edc4fbf829fc7cf4754492e598219,290599220
passed,push,31283c3cefa1608ad1e5ac18efbe9bd24e564648,290201624
passed,push,a55b504beeeb28cf4e1bb5657d211821ab164454,290201608
failed,pull,fca1ec8fa8d3b1ba18edd4eb873748a36c8be64d,290123415
passed,push,f9f2e5432eb4dc3e0296c4e19abcdf64b112b65e,289674220
passed,push,886f11c777908fa866a15f35e0ad00d2e1059289,289674171
passed,push,4d1995b0d989a2a7106298f763158c9a099d8018,289270734
failed,push,8f5f80e8d83faecf1641c90d785d9341013a7432,289270717
passed,pull,8c2d6394ceea08188a620919f8145f1a72e140ed,288962397
passed,push,ec91f144e33b7f791d46facf90264690e1c1a766,288795905
passed,push,8a0cac92b3b2a11b6c9f554915637d84589ed614,288795840
passed,pull,ef14d17695a59681e1e6827212a1ce0e2fb99ac5,288436318
passed,pull,c3f776ed4e57ae6d8602b2f44942ff6aaa4138c1,287533270
passed,push,f8261cf6f3d64bf340a048828806fcc88d66c730,287279996
passed,push,569e967d5dc311566c5002b4415fc4f3985078f0,287279881
passed,push,54c3cef1c2f6fb005064ed73e81ae81199e5fac2,286795828
passed,push,e6bde5fa0c35763a9299d0a082ce4a887e962dab,286795811
passed,push,080a0037395f8b1e8e81b59c9d2c3a3d7624c8ac,286209059
passed,push,35fbfca4b81a6f832b0f508abf55196fdbfd4f16,286208978
passed,push,f3057007de7bdf11e420a8dd59d4e68507d64f1c,284482561
passed,push,5f57db5631b6fa0ba5ce8de19555101ce9ab5cf2,284482554
passed,push,0aca0ae023dbc8a136a8503631d293033bf07f3d,283947668
passed,push,ee68042e7e5501df6578a27b224b5e85be0bc830,283947659
passed,push,be3670fcd6453c414d957e4107bf6a061e1d785b,283456339
passed,push,6e04b38c37201dbd2d7e8e73b5ddb80532620c99,283456302
passed,push,c5f538111ae038bdb6064938e4b8f2d1b0b42672,282844195
passed,push,31c764c2bedad45ed6b51799e77889fb8ec8684b,282844180
passed,push,296628afcbd31e26130ee7dd37b4ab927377550f,282498177
passed,push,36e0eb74a6b80e886d6bb70569f7b5e789232393,282498172
passed,push,aeee95c16825ee097af5be2925f406084eec66d4,281480011
passed,push,663372eff0b14dce2bd0be13b26a515bf69390f0,281480002
passed,pull,c2ff1eb18551622cf2c53c8185d7532020a749d5,281420354
passed,pull,03714472690fa947bb4a0703a8950483ee8f3c4a,281416236
passed,push,7e064a48bee151ef222e0edea6157c1e65c7904a,280677857
passed,push,704b2d7c890f3cd26444a9b065ee49f98d005ab7,280677821
passed,push,2fb99d8ad4b653117487d5917773a470e4f95fa7,280134988
passed,push,bd40c955e42f80b77874bf43d6d30642f776c36e,280134981
passed,pull,2c9148733f8249e24a9d7cae286bb7959a60c972,278914680
failed,push,f1263b9da9c940014d12eae457cd0df3c9b5a50f,278808016
passed,push,293156398cfc79b2beb29b98e84147942f165d4c,278808009
passed,push,c250d7c6c2462e8337733dcc79d64a1e778eaa21,278391556
passed,push,f82eee2dcec805bd0dad03d88a8f702a211ea333,278391450
failed,push,2b68ef67369af4c63559f89d11708122182dff4b,278016810
passed,push,a0455cab1c7f21683ee979f007eb84e0749e7c06,278016805
passed,push,7a9589254f34f65ae84796b21d59d5ca78129fc4,277559699
passed,push,08dbaff62a9c2bdbef9ce7d417a6f85d05a40cc8,277559694
passed,push,267c665515952bfaab9da6bc8fcad7f19f503baa,277108313
passed,push,e33012aea76a1cc18866120d0c53fd593b2cf550,277108308
passed,push,fb104875a15e544ae6377a75622456d888b96e6e,276064483
passed,push,601a8ea614d099874990ee4bca4699007e2b13b9,276064477
passed,push,c6cb055698ae00368c98a4fc3b45ad4792b4a5df,275955758
passed,push,6e9c12c3441d2d7f60811b09ada628f447a26d96,275684096
passed,push,0b6a2c7a268b48f20195ec5dd4ae534f14d2c2bf,275684091
passed,push,6ca024905e43e345c2f14081e123b4084c3b4110,275218001
passed,push,4da5ccb522420c067180868bf17f3ac9cf8286a5,275217951
passed,push,9eab3e18fc85fcd95ba0e0f8f79f31cf97db287d,275139361
passed,pull,1ff6b9319fe50cbb301c02e30721774e6220b7d7,275139337
canceled,pull,20ee9ae0661fc20bc961fe22ab1b17338b2038f1,275137411
errored,push,10a439d51aebbe6e5bcb4f84551d9ba09c1cbf58,275137366
failed,pull,ee8ce503f3560b11bec83445cc0b28459e945cb1,275119945
failed,push,ba693b55e2b4acdfa665050f78fc035c6365d0b4,275119885
failed,pull,62e5b99f040ae8b9a67a44df7761439913de3aec,275117910
failed,push,5a77399e14795f5cfd35449fc97166c76347bc98,275117843
failed,pull,e6b10278d8662b3c85cf5e506aa32bfb01c627c0,274805177
failed,push,b61afa6b7c5472deb38fcf9e92187eb375673bb0,274804867
passed,push,deeb28cd2fb85c1e1846ebac7faaf0232876e372,274791770
passed,push,3e9e1f1dfec111fdaf762fda1462d91157279d3a,274791724
passed,push,f4fd7f2246f52f66f0f00586a540af27368f5f6b,274362950
passed,push,8a60b09cebc19ff036d175b89618a3c9c522abed,274362945
passed,push,2ac3a9716f03e559fe3a55f5fa9c9cb06bea8c43,273491292
passed,push,ef7a9b59afb5083a45576f8e4b76fd2c2ee9f1be,273491287
failed,push,baee0a626b51af1e5a6306e5c57109078f6086ec,273127571
failed,push,b6701ac17058ffa9db6ef466630ccc10d5893151,273127563
passed,push,a0624108479873bd431cc3daab193ad9753ef489,272634900
passed,push,e2066fc071b57870fa86d7c295b663df40d6cef0,272634883
failed,push,f671c0fd19b060dd391d2f871d78a56238590e4e,272230979
passed,push,1ce01aab378b983e040ae53af73b926d4f60fd20,272202268
passed,push,0f9f935d99e7720705f1946767303a173a974da7,272202254
passed,push,4e8e2013c8afb57f3b9f2c3eba39258433fd846b,272098351
passed,pull,e2edc57de0879dd0fb73bf78c9c4d06b9210725c,271924336
passed,push,0ea2308473e3c5bf7d1f55efccfddd0755e27253,271024258
passed,push,b5ca9a223851e21edc609b4304fa49f75a8d4408,271024249
failed,push,44d95196983548cb8810960b290984236d4c16b5,270644207
failed,push,0d3e7dcfc5fd9c6ac2f3003e559e545dc4eeace7,270644167
passed,push,d0bc24562388a09d1377bc043cd679d43b74361a,270117027
passed,push,9c23301a0775787b3a08ce7cea4ac8253b84b4fe,270117016
passed,push,54eef19f3633abd05844fec382e3aca8f4b17101,269688662
passed,push,6f8fa4b81cc73d74fa1e16856d73c632bc9f5d24,269688651
passed,push,92ac8bb87b2738e0161622a031c993739b5706a6,268555687
passed,push,9e97608f65fb086546d8e7f847f8d7579d240fcc,268555671
passed,push,1da5d93a532454791db9581948d62d63bc5c148d,268123567
passed,push,ed6d76cdf28940da4bf6e842976f85f7951bc345,268123474
passed,push,ed18959de41609413c66734c6763890eb3f66ab2,267773678
passed,push,84bd186a24237d4d87bb106bb5e073119226b991,267773673
passed,push,5346d4bf5e890549f9785d6a591df0e6638eb3ad,267406283
passed,push,c40a26e5c39767d79857bddadee216d8405e8ca1,267339255
passed,push,c37199a38533a1d48551fbbeb2b4cde28f5afc9d,267339121
failed,push,8ab432382d86cf772e6b76b1519ffe36bfd12192,266978551
failed,push,e34134c6a53f7181487cf36692f8f2f36fb86975,266978545
passed,push,3dbce652d76aa6d2b422b2e2c560d6ab4e2c985d,265317013
passed,push,fd9f557cc99d4c3ddf9ca7068f6a372682e3e96f,265316984
passed,push,3ee786d2f5895662b90bd3714e6b64d2992bd554,264927898
passed,push,af835f7f6c0b04184c4d95622db61b780ccf7776,264927883
failed,pull,0b368e4b1790398e0abbc6d967e526bd742dc265,264549186
passed,push,6cd91c1f6a4cabea5b1f877e5204247e60069f89,264503267
passed,push,0a99f7bedb63e02d5a9288a44cfbc48e3b825eb0,264503239
passed,push,8ceca7113bafe6fe0bc1e947e82abed172f0593c,263699987
passed,push,a4cdab9dcc8f8489f56690da290e510bb0f9b885,263699982
failed,push,cc7ebaeb8ce222b858ae3246f5ae47b3ad7e98a6,263305365
failed,push,f9f08a8dff2bc0ec19fd05ff4e3e0d7207396e06,263305360
failed,push,902e2d44888ccaac5edc9982154ed67759f5b686,262823302
passed,push,4fedb867350fdf222af18b61912dce8e9ae4a480,262823231
failed,push,1cbdb046615f5ffbec9661028fe8986f542b855e,262480563
failed,push,6c1bb91bbf16f695c1087ea06f99f4eb98fc6120,262480530
passed,push,59ddfdc8b8a8522c7d37dc2a4e78f7ecc512f1fd,259994679
passed,push,ed862df055e50981fc6ae9b5be3ec68db4c93b8e,259994674
failed,push,e2b91ed682b010865a660028138acd7fc050c183,259599586
passed,push,c97cac2a826e2211eee7debec7df71c325be4bd0,259599559
passed,pull,41a37bd1b2b6bd24b24681e1af1277b749f74a37,258522895
failed,push,4070c49dffe148c3f6501d9f128ca7474632b8e8,258339492
passed,push,91c79f76e1b2f6f44f80b44507127c5b6406243b,258339487
passed,push,c4204d406aa416c6ca08eecfdae23b21db65451c,257958902
passed,push,9532ddaa917dc6fceb5823256ef7072c1c2bc061,257958893
passed,pull,373aedc1a2cffc890a08a61f0833839ed24b6fa7,257835152
passed,push,c3b32fab24cddf2bb763fcf4175c9cc0d0dadf26,257538754
passed,push,4c6c6bcd9667193099446b8298e8af4917cd7894,257538723
passed,push,f78a4fd1b86c52581d25e1f7dac7273710f188a6,257156967
errored,pull,184d77270bf877684c507259fedd6ddd603b45e1,257156771
passed,push,846e2050a6826a8308d7a2cd37d659d2a4398f18,257118591
passed,push,d947b209abd02b56f156ce159e0761acfae26c66,257118574
failed,push,d4a5b50c3440aa5e512c6bb8d04f9accad459fec,256981656
failed,push,746e1e0e2e47e4b515da7a17bf95db2a86dfb7f1,256966049
passed,pull,2194d6c621362ab71c0f080b107ba42a19812c7c,256145319
passed,push,43087a0250632d4c8264c4abf9c7e19c0de1b169,256145220
passed,push,666fce2a6252a4fcd5682cdbe8485559f6e17688,255882775
failed,push,5984638d0bc19d7816c6fb02294acf3809445762,255882768
passed,push,11d581f5add3b1b81690c38f65e8fad78e8ca4dd,255412390
failed,push,437f01aaa33eab4562d2ef7fcb92ff551caeee78,255412385
passed,push,38e9edcf7be780c69fbee0c7c4ce353f50ffffa2,254669299
failed,push,9139964deca54a25ce26920ece9cf1289b5b3b4d,254669288
passed,push,74ece2cb49bcd10a1187db38cba477b848dd734c,253803924
passed,push,ea51db2c579589c190fdf70620ebef8a95e1f86c,253803917
passed,pull,ea15d29982e6f4fcae1121860a92bc1ca192af4d,253629980
failed,push,917faa1438559d5c23402a0adf8e2b995819460f,253369354
passed,push,1c6aeae999bfe53e2e1210bdb980e80a4c532e69,253369349
passed,pull,e932354fc9ec78bee8709e85aa9bca01cd35fbcf,252995353
passed,push,580b4e0a37eb68588d4a8b9b20945d48002b1ba7,252961094
passed,push,c4a2e183507df629ecd743fd138e34d6908e580f,252961087
passed,pull,b0c4efa6a42e669086c486143dc721969baeada2,252415935
passed,pull,f432c5244085c560ff574aa5cc33cb1d8af76d11,252175294
passed,pull,21dba0e736220d73458a32d6b1ae505ae9a5143b,251301798
failed,push,08207c0d96cd2e532d544a98c984545c77a2256f,250982326
passed,push,2645800a14634d6baa8e4ad9a6667c0739316b9e,250982309
passed,push,4fda611c317d3313395c19db5a41977d8f116a7f,250559185
failed,push,e1987dd9bf4d9a09f909f2c4f5fb6b4d8054fe9e,250559177
passed,push,30e33c7d8eea3bcdce4b5dc33e230c8f03b0c35c,248957475
failed,push,951d26e0bcec54598f5e655edcffbfd6f93e406a,248957457
passed,push,c3eca211df505dc21bebb41c8788430692a0307c,248584909
passed,push,1aee1ace580561710a5c346d0d7ad7136c20a7cb,248584894
passed,push,d6e768267aba8e3e72f33a0ecf387b5aa6441054,247757747
passed,push,53e6d1f68fde82f75aafe7acb2d584c5b869f0e1,247757742
passed,push,72ed2f85034aef17c3ecafb13fe535da05b119b8,246370079
passed,push,8139d7c3139e5ffb21195ec6e422cd8f07f9a0e5,246370070
passed,push,0ae20bd2b7e8d07fb07c64b79e732999d60064eb,246032062
passed,push,4f4641e3825bdb3b4b21c26a2a5d2b9306b489d3,246032057
passed,push,dec657486266ad08d799fcba42a745d83cb020e5,245592693
passed,push,4c56e0dfae7240fbbc611fe850473f9bc010defa,245592684
passed,pull,c87946c769be8d1472d2bcc834cc2880424cb5cd,245164412
failed,push,4a90256a02f2cbddb943426b4d427887a571e655,245162277
passed,push,5407f0c391e07cd1e6882159ecc81ed10e0cc721,245162272
passed,push,ba0722bc521cfe1970001d9beaa00269baa0e8c8,245052100
failed,push,f52b7f4698db4111ca93a802af2ce89c4f5ef41a,244677446
passed,push,472de173c968116db3d05e4d31101cc053b94aae,244677432
failed,pull,58c7a5555a2b34ff5ca3d7f3e2f6328b55a8fd08,244552989
passed,pull,10dd41e807dbf46b3e9e242ad9a31e42b46cd5c1,244337884
passed,pull,dc877e8bc7b9cffb3048c370021ab9a6202b1bbb,243997769
passed,push,2fe83f87d765166721ad5cc97827d8741d733451,243780496
failed,push,1684b6e424527c741199a3c6fe59d827d52e7a90,243780465
passed,pull,e33bcb7a7afca411708306eb50276becb7374e91,243488126
passed,push,48a6ee310c02ebbb122e2724b638317fd48b8655,243472701
passed,push,3d89c402b2f46ca2ae85097dcfc41267ae27dcb0,243472678
passed,push,6debe4fce114b66c3c533d20b0372dbf3eb32799,243428187
passed,push,b4d6c6562060894cdeee49fbf6a2285452a5cee2,243055095
passed,push,bef5981be8a59bad0ffba8169ada82f8168d6e77,243055071
failed,pull,d0b3362ae8d2e55516455ab482e905ff8449fe84,243049325
passed,push,29ab45c2bed4a6bc24ff33cb0a9afaaad2df9520,242570848
passed,push,34aaeb4ec476805ecbbd1988b116834e4b7ee916,242570823
failed,push,85648edece345dfa529901b3694b81a98fbf08e4,242245576
passed,push,b77cebdb88b25ded4024f70a5c89193d7b77e4ec,242245571
passed,push,b2bcc84d7bf93ab608993411fe24691ca348f8f6,241314600
passed,push,34fcc2afa2cb4b8c3a6240fbc1f60f0e2be77b56,241314592
passed,push,32c3acfc993beeedf13b38a7b5c36eb0caa5c18c,241011567
passed,push,02ebb41e3c828993142de7c6e662705a446769cc,241011554
passed,pull,15034dae59e6da0923c7ae25f3e2eea7b245e2d4,240615526
passed,push,815351eed9ef41e041929c8567b9cbfa558e46ca,240535334
passed,push,59ecd7bd31323bf9520c7b16eaa9530d2faf4451,240535329
passed,push,439906a20fa379e9040cb233dcf9b5bec8ccc742,240189075
passed,push,7ca64ffed6ce8810c0ad6e15b98f75c836450c59,240189070
passed,pull,90006cd4f78e03bcbb016a2d5f47c20e5edbd586,240017105
passed,push,62f40f97f3a488411c290c04cb2da1e69a456c68,239772024
failed,push,dea54b134a033db27d65434279ceb5ef5a6f92cf,239772019
failed,push,59dc84272eccc8e37c42dea9f84ad71936ca4c17,238941693
passed,push,d65733f87550d74a042e30f630c4b9033b6e3372,238941651
passed,pull,ec6009d710c3554ce984678b840c4411b43f373c,238913625
passed,push,2142bc1517af69996a9348409b48d7ee3bc3b6e8,238550579
passed,push,99173f16132b82a445b7d3fd59c1645498975580,238550574
failed,push,15b30315b0feb6c6676286cd72432d8635de04ba,238112447
passed,push,2fb6b2fbc50ccedd6982855d1111376955fe2f78,238112442
passed,push,f4a91c36386e16730e33f2cab8f83cce1e1693ff,237753535
passed,push,b4de0f3c0a697da0e0cf47ab7231bc08499fe5db,237753525
passed,push,b5ae6ce44f4b5053a9a0255c9648f3073fafcf55,236209017
passed,push,b3a55276ebb9197e543d1b042471875d4dd28152,236209012
passed,push,f11d648b62f2615858e2f0c2e5dd69e77a91abd3,235840685
failed,push,e8533e3af9fff9ba950ba5415ade0d89f5ed2322,235840665
failed,push,613b739067758463bae100902b9e77d972784ed1,235441641
passed,push,46868f50d9946ba1ff97c300ee4df2f6b61e5e23,235441636
passed,push,895d76c82113b35b60bc6e4c4271e44fb362252a,235036524
passed,push,01c03bb728ab5b7095c5acac8e05038f852c51c0,235036519
passed,push,f1ab4c66673209094e72e9a3f67ab8321ee36f91,234221554
failed,push,6395f391306c76e2c4f496f09569020748a3b26b,233847831
passed,push,c57c555b2b1103e50486eb8af9f01cbab83e9456,233847805
failed,pull,f93c53e15f9933488d0d0e50bb97942fc3236b97,233658841
passed,push,e2873d47d24019db75ecae76d8d6252c289915e6,233451726
passed,push,83b8b48578216e97b5ed586886533511420af936,233451721
passed,push,2fd68559388402bbb1101e1a85957e11f97c9fe5,233050266
failed,push,8a7a77bdaa5a7d0cccdfd274c88fd8b81e17dde2,233050261
failed,pull,e19df75d3601ee861b78988743f06b1bc439e2d6,232922636
passed,pull,bc32512bff2296c80a2ffa4b2d186b5b82288931,232922277
passed,push,f9cb02a71c749ede8826a880f88c174e6349d765,232669132
passed,push,bda83120ae92bf01e603561dc627ed878ab7df52,232669123
passed,push,0427eaa6957f90b8f1df6b510c59190cbd4303f4,231355285
failed,push,24cc54383526e91204626bc952f27297eaf827e0,231355280
failed,pull,5255d6b4b05b043945d14a5a3d9b692995826d5e,231288275
failed,pull,f012d706a4fce296d3b26cf674d94c74a772e28b,230728226
failed,pull,4d5f27f1e730f63b12e18b0c4a326940161b7b85,230562994
canceled,push,2ab961cdecd98105a73e7b609dbcb5c144ab24ba,230559719
failed,push,52c8d8e8d423e2b78fb3f8f000d0389e4d27feb7,230552002
failed,push,435cea15d74c442d2150b454aa48ced529a5e958,230551978
failed,pull,c887afb8ac1a4e55a6a9ae5db1c4a1ea37244fb0,229320980
failed,push,28341de60eab51f65c6d35987125b8b4f2525e62,228963105
failed,push,847774a399b037ebc6f1ac2b6cd7e69b6f182bf9,228963100
passed,push,3009ec5fdc444e4e3f991e2040f4b447e004fb60,227030732
passed,push,2a5fbd0904664c7c9cbd6c23872374f6416851d1,227030726
passed,pull,cd6dce797b6196b6b37810e5a3d8462c098a4a4d,227014618
failed,pull,6609b165e34552b2a3c767e032c144ef01d2e4d9,226957603
failed,pull,b9b553ce4cfa23cc52b3ea72e2d2d01a459bbc09,226891129
passed,pull,4d52a636720cd276562e91659bfb283aba1a9ec3,226888638
failed,pull,d317fac90157d8e5c2e6f9d13ca700f43e87a789,226887039
failed,pull,d45e8fe556bd4f5b98b4b051873414948c404cb8,226859905
passed,pull,bd674e3fa283b0ed307671a63964a44e387ec6b5,226828462
passed,push,75e02329492db471d552500d37f2351fd3154136,226167271
passed,push,54dfe7486099d0ce221be4eff3d990340bab9d0f,226167265
passed,pull,d1738858f7e5eebd00faa51e9a0bf399b588909d,225302234
passed,push,21bfda8f0697ef9055c400360e476f8867032288,224536510
passed,push,7e1474debeb03c60d3b566dde8255a04d669253e,224536492
passed,push,6859c03d978fddff9108c589c1cb4f42771f1807,224429665
passed,pull,57771a908833f3f533e1903782969ea7409030aa,224307972
passed,push,a239bcaca958c6ad04449c94f1dbe79b9ab6d669,224168545
passed,push,775946707b0b323ed0170eed89a863f2ed3860fe,224168539
passed,push,eb6da4e7f21c8b7933c254709d6084206ff73e92,223750153
passed,push,40d854037c5a8b426e93ad998fb01c751303dfa4,223750147
passed,push,97586b200e7adee9d4684a62b586b11058f86c6a,223660473
passed,pull,eb1732915cdd01961acb8bfcb652aa314f5e8ebc,223613160
passed,push,f64bb21d0462a9758d7e6b016d80d5c9d5b4f316,223325476
passed,push,be1561e68a178d095f85775df2af97b06eb10d75,223325441
passed,pull,2781d6dab27fd2174024928c58d2034766d411b1,221666241
passed,push,2acd102e0c4dc54dabf2afbea7451e511d077ada,221153083
passed,push,32ae06023b13cdab73da2943811e6b2564e7548e,221153077
passed,pull,b041c1ee20b8c014377e2bbc8b18f7db25318fdd,221080586
passed,push,2080d611579bee6cec493035ff072af7586f5008,219885023
failed,push,5bfb4842873cb9bb18ef66d4cf220a985f21bd75,219885017
passed,pull,556c160e30f16e3bb563e8f2415c74303e0868e3,219561436
passed,push,252f685d6c55366f7286531a1269fe0d0ff69bc7,219493484
passed,push,e7342f3a552554dce5e0aa12f77c25d99c55ae42,219493478
passed,push,564b6c7a4a11f4c104fcd3759444f90cec660bac,219129179
passed,push,6486b8aa97ef4960b88a9fd7fd59a43080b82042,219129173
passed,push,85e3bbeac397d740bb4bc5adba49f01c2ccf77ff,218636209
passed,push,729830bb5ca79ce81a1e2136109edbdf70433e96,218636174
passed,push,ad0383010f896aef1f26747060b70b827fea8a9e,218253479
passed,push,a5f00dc682ec58ffb1c13c9c0f8acce47c848a32,218253462
passed,push,2bf561f0a27e5b4b51c5fa730baf4c6af7c36fc3,217389992
failed,push,fbcf582cc49db54b30478a657a239787b858689d,217389974
passed,pull,61ba9b2c308135ce948dd65f896d3124534937ea,217262921
failed,pull,f0d493fef581b1d61e1a821acc7ce10863d6c36e,217042886
passed,pull,498305f3b7db8560f9ddd17d1fc79a30daaa5e59,217041625
passed,pull,a113e48404cf65f60f66db845ab48bc857127e7f,217039372
failed,pull,d386a2674ce557a80d8e7a9e249bedb188327c12,217032437
failed,pull,18a5ad2ad1d39c1d3dcafd3c1cef2d782523dadb,217030098
failed,pull,df94450d9b4f505faad2304fb116839532d2af29,217028732
failed,pull,9da5fde91d42522188f6b5efb7da03482e325340,217027834
failed,pull,cd2be917f2d85bdfcaf0410e713794a6708de94d,217024187
passed,push,843cbabab12677bc007182ed5719bf4dc6658286,217021841
passed,push,8f09cf600710699293a19d810ac09ca84de2e005,217021832
failed,pull,9beab5b457a7da59b98cb3245268b0bd9f1f37dc,217021151
failed,pull,b0ba512e52fd9deb2bee6499d4644bf11b2ce24e,217019842
failed,pull,680e0a4ede0aa6a745f1161241f506f9a9bc2be8,217018906
failed,pull,2d7f0ac36780abcffd54d7cb422d185801e32646,217016637
failed,pull,cae613a53bc1ae277709f5ad54cc33f7a6ca795d,217016528
failed,pull,0a3e4fe05e687f96be5942e1522aa8b235705c4c,217015463
failed,pull,d7e02df8c923457a2572ca7d7a4f9c6c7ff68299,217013398
passed,pull,b30fdad84d8c6808bf5536fe09e55e375424de79,216540134
failed,pull,5bccd0bc0994a1d590f803b98c74fabd01fa220e,216513978
passed,pull,510caa7c24a8929a413a0c2132016c17834aebae,216167670
passed,push,9874fc98d21ed526c3e69c2faf8bcf6c2aee13cd,216161779
passed,push,836983f8709d0e8b539d2468eadb0192946f26d0,216161767
passed,push,76ed7ee88cb4bf1b3f6ed623b4755049e7e39caf,215751899
passed,push,bc6a28ff5171171c74c490fa7eebfc47558d34f0,215751893
passed,push,b24e08f0137e3aba4a0960853ff02fad6594a355,214426027
passed,push,52fbd829f8310b9f150fe3be6000a8db2acceb3f,214426018
passed,push,efb743baf830f9316d343e40771873657bbcbede,214066208
failed,push,36c1aa006dec1a8fa94cc5d540a2c9258d8125c2,214066200
passed,push,b83013a8a9f30e5b847a7afb3e4171045f77e61a,213630913
passed,push,8cae96d507c8d79d65d9d1f939f6858549835c0d,213630904
passed,pull,2f50aefa8e7c720227441290c25a1017182e2dd8,213263417
passed,push,0b4f751e18962b4bff3587c8257655e5482814c8,213217599
passed,push,799319f670344153d588e7e42095653fabf01673,213217593
passed,push,757ca77ee53b9a86c9355d645710a8bef6fb922e,213122731
passed,push,6e78eeb162c5f51d2d03e77a66b2604cc35cb122,211530790
passed,pull,56c2565f9699660afb799d0e28b5221809c3a680,211093672
passed,push,4ec1c5fcb7598ec738983313c05b73589cf684fc,210816969
passed,push,0ec8839db663b7d57a842c407742501abd78df04,210816963
passed,push,33c481d59bbc1f1f07f05e95c5e31384b9508ef3,209926448
passed,push,5bfee3bea921433ef8299fb02b0535a55d7e89f2,209926433
passed,push,462476e4ebd5f9c2f83a07e721854acd3d3cf699,209595290
passed,push,a53fb1b00aafd98a22e594fe5a37a2545f3c0158,209595248
failed,push,40cc0610ab6a17a5d2f82c06f687f452699829e9,209231315
passed,push,f5ff7a00170f9855106256b978cfb3e7667e89b7,209231307
passed,push,cb14bdb55e750948a83d9a6c36741cf77f001c06,209200163
passed,push,da8a11676e4aa723feebac1c298309109db948c8,209200139
passed,push,9a3aa154b10b37d29baed2564cb7b236bd26eff4,208823459
passed,push,5494781b33e2f8b127f961a7f2f36057156b3dcb,208823448
passed,pull,025f96bba3809ef1b0d8c34ce07adcb5709efa2c,208594068
passed,pull,5bd2e8b0725628187cfccb19e6e5b9ccf549c83a,208576818
passed,push,5e16d65c916cde389a628d3f79bb97fe8b4a2453,208452084
passed,push,0774260089eec2cb87686410edaa64f9ce249885,208452078
failed,pull,4f09b119784bc05503927ab459337cf1fbeb5d3e,208357316
passed,pull,85191f7fc9e78ea19b0174b8525aebde5a76a21d,208301164
passed,pull,c1d4789f0971e73b11be21844587d29d4e539093,208207581
passed,pull,9aca6d41b8313946d17c8d6c745d334bdac32a8d,208198189
passed,pull,15c9bd98badb36c13b6c2d885d4db0449a95786d,207812466
passed,pull,7af4cd92245c924581f22b2e446bb565df5e7083,207812106
passed,pull,349e0135bfa7f0263a80d92aba247c86912f8552,207811762
passed,pull,13986760e854d0502b9df569fdb36563f7ab2a09,207456409
passed,push,c9c606ea36995dd66a4892ab0f4914d0411bf26c,207087836
passed,pull,3e20cf6f9df68dae08db0d71194275ae7ea80b3e,206956166
passed,pull,b40a9d6859386b4f4492571edfe2efeb14c200a4,206715270
passed,pull,27fc2eb36541b5f9155ac525865ee72d13e7ce40,206266362
passed,push,bc2e314195e8aafda1895d62c7af498de0998889,206051406
passed,push,3a65c8cf17f830900f51bd6b74a2feb0da1a3487,206051384
passed,push,b227717fe9c14a2b2e8d3e9ca656c5bb6cabac09,205180019
passed,push,366bfdf069ad175c3f7b03617d56e086027ce18d,205180013
passed,push,e0644a181a4230d8be677cc1d29a1cb40d1bde35,205120009
passed,push,8427776d9204ab721d7bb33a83aa7b7f8bd7ccf1,205119665
passed,push,978d7faebca2d0131537122fd0e532f622ad33cf,204854010
passed,push,39de45326a4ad9a2928abafe329403494db42bc8,204854002
passed,push,7a54d7aeff83ba0ff2345654c4d9e09e7424786d,204423900
passed,push,bf4fd4b445f77d262458342086a6607fafc62eac,204423879
passed,push,8976a3596d1be66f688256ce4907b8d286202e8a,204019010
passed,push,33d67a868f0ea30fb4906b43c6515345b0f7918f,204019004
passed,pull,1da0bc5bdc8f0be793de911a184dc56030e5ae71,203380482
passed,push,b96a7a633d7fe406ba5cf18bada504b74710a531,202792554
passed,push,a90a49d088b5afadba048efe52f7d57652cb11ed,202769085
passed,push,abb37536b39e57947bf0f32d18e90ffaa755eacc,202769066
passed,push,9fa52022216740ba193a77a09ee716e4f444d1fc,202470596
failed,push,9c889cedf5d278563d4c160966ba727b39114d42,202470575
passed,push,c9e24180b51f26c8416587d541b264325b1e5b64,202089630
errored,pull,593d3e0972bb6ebec191ba7d5441b377cbaeeb9a,202087252
passed,push,9e55bb1882c31dee6d9e4e16c170ad1521accf2e,202085704
passed,push,a3168a27c7cda03aaf22cf9eed894faacb98c7e1,202085698
passed,push,619730d739dc93e3077ec3486a54c757893da676,201711911
errored,pull,e698d7f2e7194875bf308009bcc2fe65e1e69bcc,201706730
failed,push,d9b38ff705a9c22d6b42b8ff89e3a6a9402b7a10,201706588
errored,push,e72cabf4c856601e2b00011cbc390bbc1d420369,201705290
failed,push,d915f13b6238418b5179b7fded7c0cba341372d5,201697120
passed,push,b81b4966f70dc3e3afc0899b8e91113210cc7e79,201697112
passed,push,3456b04c8b588462003231a29d08c09198bce522,200513235
failed,push,bafc5a9fb5679fe43a6284f8c9e354e7470dbfc1,200492261
passed,push,940d0c074a9ac2cd9fee8cf3a6700f4cc3f1af19,200492232
passed,pull,4651f9f02c455406a72a3c1ec2c8c0235e712c86,200490779
passed,pull,2b634375694cb8dec60943a0d55d643ba849e41e,200487990
passed,push,10664adeafb295f64338faa83433866535eb07f5,200190369
passed,push,d4f82a1768fa63fc9ed843ffe9baa4e483c68d83,200190363
passed,pull,8bbd03f7b654faef14a4724fa1af6db33e614785,199497361
passed,push,2ad82e2478e5c1f1f01646a8ba60a7777b9fa3e3,199466914
passed,push,7be01c22b81aa8f0d6abdf17ee35585cb4a2fdbd,199466908
passed,pull,98c5b535f0cf78bab3efdcc8a7a2c68281520e35,199378648
passed,pull,8442332d8eac42545a49c196ba1effa300f76914,199319887
passed,pull,cdd377d1a4356ba44e2b5c828114ee7b938a7aa2,199317509
passed,pull,5797c0d31f0679eb4dce96bb88e4df497f71ad0e,198139230
passed,pull,4dcbaade019ee22a315e746c0d882999f5dd3d91,198135118
passed,pull,3acf82e75cd1fceb1907fd5a20475f554d5e8546,197873344
passed,pull,d5bc9995be40ea433e853e84ab4dfc505d1aa81f,197871121
passed,pull,4660cc0e3aab67c7c7b5bf3663ba11196d0359fb,197833049
failed,pull,bf8ddb08f19ceeb53d6c0810b5a30cc7f3f25e6e,197825644
failed,pull,540f024cd361ed823062c4c2edaeb3a374d0ddc6,197825588
passed,pull,540f024cd361ed823062c4c2edaeb3a374d0ddc6,197810824
passed,pull,ab9ccf583dab2dec0ee2b227c25b4cc3f849e232,197530777
passed,push,2194859cc786b77701bfe41d7644d355ae37ca7a,195753281
passed,push,ec4c6cd1032e4117d8fdcae33532d5e5bee0b52e,195753273
passed,push,07e0a1fab6d8001dd102086b82cfd01fe82e35e9,195396294
passed,push,6a9a3d68f1fe03dde69bc574146da664ff8b9d03,195396288
passed,push,ef1920208743cb1bb78c4a47fd538a0a2efa51d6,195364522
passed,push,d4168c71d1d2867117bb9128f9e5db53883d1a98,195075359
passed,push,1c7134c77edd2f71e5cdc9f5774d4534bcb07365,195075353
passed,push,7844c64cf248aed889811bf2e871ad6b276a89ca,194583966
passed,pull,606023354af097de52d19255146d25204246d98a,194029455
passed,push,2dc9d1a9e6cb5292d5e1b7cee9116c13951788ec,193918875
passed,push,308100738986512661ae28b444587f73010cd667,193918859
passed,push,49eebe68aa13f1591a736fd9c8c30e30a6e14ddb,193563810
passed,push,a7057e69229610cfb048011820da7ba46eaeb4c5,193563804
passed,push,806e98ecd35ba00d9dc0da35ab962c7caa76293c,193267569
passed,push,ccc9457893b7673fe3b014ab29e599ba5a311ee4,193267563
passed,push,c9da1f9005e5dc2feb161ed48885d6b7c08bb048,192858330
passed,push,b7998b43932be82911a5056b5094613f9804acb7,192858310
passed,push,38cf0d651cb85964b1673190af4293786d499539,192556460
passed,push,791fbd56885637c2dfda426db981c07b90507f21,192556451
passed,push,c650dcde7c259f4b23aa608090a70b62f358504b,192532282
passed,pull,3cc737c6ecfed84a86c5c19de299178dfe8a8848,192517905
passed,pull,4e04a9b258e13190149b20df24ecdc082eb035b3,192517781
passed,pull,040bed49ee29b14f867555dd977ee7283433aaa7,192517281
passed,pull,832fb2ba915d3983b68aeaca0650ae242ed96a0a,192012457
failed,pull,7a1e4f511ff7bfe648d0c66108b40ffd5ad8f944,191549452
failed,push,b3127332399ad4d2dd6c047772027b496ba7dbce,191491291
passed,push,88329e617f8117fdf15c136322fe10e65e3b1997,191491283
passed,pull,89850b49d0f945ab6707ada86c2994cc381cddb4,191129768
passed,pull,c5096b8f309b23149ab185c6896d19a0eb96fc05,191071338
passed,push,e4d6e3aa9a9699c6aa2e31806e637ae3fa184f0f,190807093
errored,pull,b48c1ae98b74e2d77e53b8c577984d648ad09982,190806902
passed,push,b49d73276dd28e87b917ab6dd1e6ee245c5f13ac,190806808
passed,push,7a9b6e737c7000d5b2f9dda0038ed4d32320cb0f,190372929
passed,push,275235546ba24e869ac7b96bac01b951e6643b5f,190372911
passed,push,01d694960569bd192830f16c13b2d2e8a3ad2b06,190361601
errored,pull,edaa25c39f8d781c99d49802d542a19fdb62a9d0,190361526
passed,push,b7189f633c873d63cf9fc0c0cc785a01b13b166b,190361488
failed,push,b33693ae26f04d47771ccceebfe2673b83ec6d14,190358562
passed,pull,7216a7bc0b715333bf44cccff087b3ea0f85c997,189712770
passed,push,7844c64cf248aed889811bf2e871ad6b276a89ca,189009935
failed,push,355424771b951ef0066b19c3eab4b4356e270cf4,189009921
passed,pull,bb757b7a789d456c81dd5ca4b1c530d9d5fba8ce,187942264
failed,pull,6414867b3051c9af8f8659c1bc6e438b661919ea,187746966
passed,push,6d4c88a01e86793638feaf26ddc6588ac491f975,187607206
passed,push,684597159e2160c0eb16d28805de7ba40e347a16,187607196
passed,push,c0a0a862524a630531a6df4bc25a4041638d3431,187350168
passed,push,d07b48d78eec0fe597449ec00ef2723e20f0a66b,187350177
passed,pull,ccef223460d2b2008f94954f01924990f222e295,186588860
passed,push,6caeef80c08583d3f70d3bcf40ca7715edb906de,186391678
passed,push,6caeef80c08583d3f70d3bcf40ca7715edb906de,186225543
passed,push,fcb7ad1f63c684324d8fd74d752f6a37b7c12bb1,186225535
passed,pull,e286086d93c418e88701f4e3b9ac1e43af377fc2,186134473
passed,push,172995973cc41ef239ff59207b29a324368136ff,185957870
passed,push,c32f2fbadaac7d2e620c8db360d21e0613a04ce9,185957864
passed,push,790e2ee4816bb2483bbe25af41ec6fcf254e87dc,185882034
passed,pull,7e613bd65bae7abaceb2d1e006f45cee7a0bf3a7,185879286
failed,push,c3d27c9e7ee67a7009355bd4137359110703ea95,185868017
failed,push,96f3cdae817715c51c55cc19c1a0b81974e5e62f,185868023
passed,push,94f71f8dc5e95bea1541301f5c2de38bb3f00809,185672407
passed,push,98bc0c6d2ca55cc5135fe97645d61995984bc331,185672380
passed,push,578c5b3bcc4f073b33b8f0ff532907b70ed1f70f,185328767
passed,push,2463b0c1311549ebfdff388dde29dfdd928725af,185328764
passed,pull,786b1296183faefdd61586614e53e53af158b0fa,184666433
passed,push,005db50a80c825dc305306a0633cac057b95b054,184424032
passed,push,3ea38ff77733c125f5dc923e5f5baf2f96810d7b,184424027
passed,push,808c699c8c0aea7b6955a897524f4db51d75f4ac,184106555
passed,push,805da3750cec72011b77f768a79258a01438e716,184106543
passed,pull,c431558236d52658be2e6a997cddd4b5d661d599,184029354
passed,pull,5c203af81af640567591f93e10aa02db71095df5,183626096
failed,pull,bdfdfed3e31924188cc88d1c3fb0740ff31c3540,183508556
failed,pull,bf432987ab0cfe571f10dc116345cf3914ace96c,183507732
failed,pull,9d0a3d57d9c1bbf21ad946d454dbf20ec4099b73,183507247
passed,pull,9d77df45feae226476e078390f4f4cb6dc48dbac,183398823
passed,push,0c01977bb7afd5e0c3f6fb7552ce3c4a729e811e,182672701
passed,pull,b1330981152c70d5f3e2c30b29f4da5ac43c23fd,182642059
passed,push,5de577a3bdf23aad882ac356f02fe5cef7b29734,182635498
failed,push,52d042cc9a16120a3044cac6256d6175f53dc0e7,182635487
passed,push,0df0350c5bb7bddec035dba1e53e21f72c884b6b,182136422
passed,push,1d1c9fd1ba2ff4ffdaf61462303d54fbf9d34762,182136417
failed,push,4c3a968c81be439a56528f557f63bb71b9ce0d68,181824942
passed,push,ed3c3dacfbfaef5380ee5f8d6c0a5e7adaf946bb,181824935
passed,push,d9236b89d3479dacbe5b60c585776fc0f601ac41,180532356
passed,push,217cd9f929ca5feb6dac2fbcc54a26a298ac0b1b,180532347
passed,pull,580abb37faf1cb808cebda25dbc73f2899b24637,180200134
passed,pull,c10d544b052ca8de125fadeb64c73b22e1618d06,180198880
passed,push,e5dc6eebeefcd6f3b36cae216b83694f54a4d8f2,180192224
passed,push,7b33545910ae80baaf8584032990210a82d8622e,180192219
passed,pull,e14ef63992a9ff512cc3041b7acb6d260caa85bc,179978413
passed,push,920f3c50d186e5667be9613447b4eea7894b4cb0,179886005
passed,push,aced3c13a3af6f45bcac727f90d75aa00b1a7e98,179885992
passed,pull,cbdc757abda101006255a290e06f3b2b3eb8df77,179657713
failed,pull,cb7fe0b7c0555534aaf009a2f0925d59fcfccfe7,179621662
passed,push,694ea2d0ae7d1fffb02009b67f13b773d10a63ea,178173489
passed,push,8373cd02de9064a871861368e2e0690fa5ce98c3,178173484
passed,push,8af967aa0a274102311b5358bc54f7d0150c7604,177868236
passed,push,2a3ebeb9a37efa187ce0bc93c7934a34d4855172,177868231
passed,push,42a90df28067fa21eebc0920cedd86eed259f1c8,177192115
passed,push,18ad36506176207df18edbca6b2b1185bf67b954,177192107
passed,push,6fcb96189b53fb30880615edfe183d419cae3651,176908523
passed,push,770c501b0d9f5526358f4b361f35662b107b87f4,176908518
passed,pull,e12d08614faccc8b311da36658bf114528eb9e47,176573583
passed,push,ecd720c8aa03f67ec3a5a7fe9b9719bb45b5c3fa,176563569
passed,push,3ce1a570bc6ae57794929e395900fdc897d7ec26,176563561
passed,push,3e734429e9a8e0a1b2783ed244211e2e7e5ee41c,176259162
passed,push,f5da6435991f395d71737cf7149fda7943f28bb4,176259153
passed,push,f1d687695c19308de7aa9debef849f17cce78a39,175910313
failed,push,0c7f9a29b47b88c5c5bb64a4acf2797820ca711d,175910307
passed,push,c7f28be5f0861f3bc020e1a003472fa1763abf78,175174691
errored,pull,29cd05d919d81536290c6af588ed4ecd616fb27a,175174663
passed,push,d06b7c138d65c644338e53519f2e3550a0d84e8f,174955816
passed,push,a567926023ff624b81ef759c4dedeb695c04e3be,174955811
passed,pull,3e6745e3245c6f58d3c004d49cf7853a7e750ef2,174052127
failed,push,e4f081c76c8829e4a200fb113b4ef5029d9d7975,173131295
passed,push,18375b1ef0934347ea00f6b59abe280088fd6abd,173131287
passed,pull,379ad50af731b6b1db27e8f932ee376f69e73813,172819421
passed,push,f6f5bbf2424da1a6e3284592c63902a73255202c,172812226
passed,push,fdb972db77510ec25ca0c89d0381ceb59d5781a1,172812219
passed,push,fd1bd43e4373fbed6f0053e31d7d35171ee81552,172469509
failed,push,630c0f377a0aa005d9cc77a2e650d3601a1debfd,172469487
passed,pull,de35e1306a833b7dcca653ff6787fd464bae71e8,171536423
passed,pull,4dfcd7c7d1c7c0b90e69866a7fe6c9d496bba6c1,171535194
passed,push,aff64767a18ad39b07c47acde0ab62682356eee6,171533389
passed,push,8c0a537ae15dfa1cfe66da46852ba4af5feee8ad,171533382
passed,pull,8e5c91b95724d17fcab982283a8232b0d603f4d4,171277514
passed,push,d324f456290b672469603cd0735a3d59952b69de,170598461
failed,push,365167a926aacbc3da9947395a0f732323e4678d,170598456
passed,push,5613d13a728e6a3a43ef06f44af411b61a9be911,170307030
passed,push,a4eb598a128ca47c3747bd49826c1b3dff25dbeb,170307035
passed,push,a7ec65ce2778b0ee2f0ef486433d29690bd087b3,169406558
passed,push,8ea3d14a883aef8dbaf3ece370e3ad44e2f7a74e,169406540
passed,push,3b1bd410a1b25aede3e36431ab449488b83665e9,169288138
passed,pull,6b55e5a60e62add21a19505d7ab31d7613349f71,169159791
passed,push,e4664339d6fd38bffbfa9af98c3e6241d81c986f,168786489
passed,push,57ebec2b28878031269f6cf8c63c32e88738e686,168487382
passed,push,fef2b795437293c23106bdeb65c68b2f42a161a8,168479119
passed,push,dc5c8f2ce2391c448003139908843462beb3e473,168479114
passed,pull,dc8e8f4b9cf9cf847a133837b78b599ed543bfe3,167797515
passed,pull,99332435940ddecd7e36a10eda5a956aecf6ea30,167766256
failed,pull,b030b86fe15aac9fd8081ca8a36fe3a1c1e4fce4,167749248
passed,push,9639ccc914d6e1c2672c9812639f8570089510fc,167480575
passed,push,d2160e22b24ccbe029db658e1af7cc1bae69cde8,167480562
passed,push,b75dfbb92625f96139780977e13f83fdd0ecf076,167212358
passed,push,486cf2f944244fb3a7eef31847974854c1db25b2,167212353
passed,pull,633f74c1f008e6e70335cb4ebee781859afd071b,166919990
failed,pull,061441772d9bbefc6a894b26858cdbd48c5e660a,166906299
passed,push,f2b07b3fddbfc2d781891711c509be16a7eaf25b,166764035
passed,pull,706b2083d618f8707b3217ea611dbefe56fcb9ba,166730831
failed,pull,1ee3b6e8171875aafcf20d0559e38f34a3d66c9f,166628621
failed,pull,ae5d788984727251b500314e926a62b88d9a03a1,166612327
failed,pull,ed27ab3de56e2098a2ac3b2af028286caddbea32,166585049
passed,pull,ba21e3a125742dd661bc76d8efba753a902d9822,166575529
passed,pull,44bafd6ab75d76f2c70dd04e4050c37bf7ae6bc4,166574812
failed,pull,f598e7523097353694cedab513658c847d826704,166570122
failed,pull,9da7f6dbca6b1544723f1013a96c45c116a8e877,166566608
passed,push,381376375266c6b0a0b11f8e8cc4ee2720c88999,166512450
passed,pull,81429e654983a62dea9d48b9c10d1f6a86116a4b,165704720
passed,push,f883bd6c3f74143325a11d82e8c462f734c085ef,165689711
passed,push,9d07ea71779a7627d5278afef160e011884eddb6,165689706
passed,pull,a20c8ea43e1013f580cca522204e37437fa50c62,165335279
passed,push,3aadef0c29b1a2aef6e96faa5ef0d9caa4d82b9a,165111193
passed,push,f5befe9a5d1fc2a4a5290f0cadd52e1a32b6f088,165111186
failed,push,38a4b106b5609e49935816060e0986e1a91e6079,165074677
failed,push,38a4b106b5609e49935816060e0986e1a91e6079,165073422
failed,push,dea956732e70d52c7ba587c26b9c33c033a1c747,165057672
failed,pull,f310a60f4e273b9e14834b549f9cc532560fd453,164830422
passed,pull,eedcfec45d141a7eb2391d0a6ff86b4046c5bf9d,164830216
failed,pull,12dde4ae96519de5f7773c3eb63c0fabe1f0a99c,164770242
failed,push,67aff5855f90e9f04d0af82982c7ecb9ccdf8511,163892365
passed,push,5683e7356dfc2a052525a098966bc371ddf7e518,163892360
passed,push,c5320f9326dd3cd99f4398cf63504db55ec7fafd,163823310
passed,pull,0f88bec4c05c9dd4743986c8db9404f6ba62dc91,163744175
passed,pull,0560ff50f7416e156ec04004113bb98c705f247c,163447627
passed,push,5e4d002297a943ed97a4d57e4ada1e371ab6cf3b,163284219
passed,push,5d1d4260f9531d2da094634dedf3b2009de38917,163284214
passed,push,5eb6007d5ae657027dc46cade0da70336a34f9f8,163191208
failed,push,afa46ab45c708f1fc713b53a0d73cbf671c49f43,163140416
failed,push,afa46ab45c708f1fc713b53a0d73cbf671c49f43,163140411
passed,pull,6af0059095d5911c7964307dabcbab43056f4b49,163134292
passed,push,8b2d07337f838a75b4275e8a5eb89f035ff0f06d,162914048
failed,push,e2ee14284d56a346d045d141b5a37e0a91694cbb,162896881
failed,push,e2ee14284d56a346d045d141b5a37e0a91694cbb,162892763
passed,pull,fb4e84ddbd4029ad5bfb72c95fad2ad136abf34c,162738811
passed,push,d0ded8473c4ff00f8e19818460fba9f4d8e39f7a,162317309
passed,pull,20f04fae6380b3b1ff578bec3f11d1906c133ed7,162278060
passed,pull,42fde636240f41924ceb0eb2b9d354e270ddb078,162196114
passed,pull,370b740138b012b1d5c8ad7f3d853df8fb8cfa88,162153954
passed,push,9e6b7d630b6a7d864f36f74b1b60604224bc8a59,162035907
passed,push,b11a8c0a4015b0c9fda6e1e58e554f524346d2ed,162035860
passed,push,6200f04ecf5da51f298f5838d68b8c8d62012166,161675071
passed,pull,c1a541c2db93733d07738828250a954d62fa9853,161560492
passed,push,6a99dbb26472f18c7a25aa97e2bee3eee68b5750,161497597
passed,push,47b2e4b794a7943ed591641c2ed2ca42b3b9cd25,161497592
passed,push,c242933f0b356ec10a2589b756ee65c4f0179d8d,160577591
passed,push,6201d296ad6f775f29755873765762b0ece3e33b,160519701
passed,pull,dfedb50f1bbc2b366e5ed247ebb1b219808b3a88,160346627
passed,push,5baae328327c723e5a7ceedc7efb936d71ce415d,160345931
failed,push,c27611c3a0ce585aaf85aca9b9dcba05ef486f10,160345926
passed,push,69f90164d3d47a67bb0a0b45e69aff35adea621a,159773929
passed,push,8ca2018dbc4a7958c3626171e28ec467bd4a32a7,159773924
passed,push,47c675c4090c965c4630d4cd5c89c40e125fa5de,158603591
passed,push,f00bbff23b767a6392f93c9fa349379e61436e99,158603582
failed,push,6a6d5586dc948f16422161c5de78a4aff51c6748,158043615
passed,push,fb1d42ee0e00dccf8a3290e04c367989ae5664fc,158043620
passed,push,5c1ba30976a73f60dce12c0d98c07f7f4518c952,156967618
passed,push,689b4b5a48c56d8b98ca63a67a5aa32d72e145e4,156967613
passed,push,f50b0713f3ff1fe57f126307de8b12459e5c9b34,156380611
passed,push,7c0a027d693f67455ecbe970821319e2f3285254,156380606
passed,push,00b2a4f2cafb4f5d242ce77d3aac71faaec21cce,154618872
passed,push,c9b6b33e7406b7dfb0701a4188f900924c2ca898,154618867
passed,push,494ccc49d10190b68fe36cd8c0b6beb7129e0e1b,153473479
passed,push,e1d9ebaaa39fa82c69956764e8fe08a71980fe9c,153473474
failed,push,cd1db75741e3bf84c0c763074ce0a9944f552376,153438513
failed,push,1817a50b82ffddccf4709ca053fe92b37c5c8481,153347379
failed,push,10eb06d4b170ced111496d251725b4c0a9fe77b1,153338618
failed,push,ebd165684ae3857c71796512824eb850d22d8830,152845090
failed,push,c33689ad2824302794592d42f1767d141d5de42a,152845066
failed,pull,8d30834a15ef9e0aaf683f6dd9e48b92a4343bc7,152738240
failed,pull,ba9db5d1c3a137fbf96ecdde9bec95ce8b10a438,152311557
failed,push,b32710d49d1ce701f570fed821352e5559e7e407,151563925
failed,push,784c5c058be640c5929da0d685e3f12d7b1669b7,151563919
failed,push,ba089583da7ae1fab2789f9d8cb3d7b6745cdcbc,151337434
failed,pull,b1e99fa030dc7fb53e40851a992b11d4b4f63276,151324755
failed,pull,b1e99fa030dc7fb53e40851a992b11d4b4f63276,151279662
failed,pull,8cd3e522797dec1411e05f37c96c48df63b3ed89,151090361
failed,push,d9915ed4bd74b3d2c2d02bafa872fe40d6033f6e,151086165
failed,push,c1bc7efc276bb7fb9e78e2a7eafa4806252ecd93,151063098
failed,push,73f47459d8986e1aaeee72118105f18a995d7396,151063093
failed,push,737737add5f8dc2f78f7db7a9f5070dfef8ec779,149904737
failed,push,37d44e04d438d59c9da025133ce3a9fc7a3384bc,149904742
failed,push,257456481b272e13d04ff04ae0f6d73ec45b6f78,149373139
failed,push,8d32654ad66a5d41346f107e38272ff291d760de,149373144
failed,push,a79bb9d9ce2f95a29965f6a7853363922ca7121e,148392916
failed,pull,05beee20bd669fbf02bc136c6928ba7f7e2635f0,148391639
failed,push,0a8b8b58ac6e073df88c0020f46b8d87916500ed,148195438
failed,push,5ec8907a0342bff23e15fc290f715c66cb9bad03,148195443
failed,push,cf8422ac37418e9f9f0c2863463d2bed2683503a,147625004
failed,push,3a516bbd96e4f89f893e9ae04c2819c1156e5981,147624953
failed,push,9bb73fcbb0fbab4f21cea1fb06d3ca54add963bf,146531898
failed,push,7880b1bff54960a4ff3ab27ed0fc47ecb4637551,146531891
failed,push,698362ae734a616da6bc1ba160d7658c06558d7f,145945945
failed,push,24f1bf8a58fc1e1eb01ddc54c41f6db3ac8899b8,145945930
failed,push,44fffb2f62af32e6146bd49576c385e4e81a00ce,144872284
errored,pull,9f8b31f961a0f6efa8903d3ed1dc1bb524a53f8d,144872273
failed,pull,9f8b31f961a0f6efa8903d3ed1dc1bb524a53f8d,144867434
failed,push,59890fbbc0eadf5141c16c3d81c4d0aab52c7ee5,144646371
failed,push,205f91366066500e944a45f6c2503bbc13241e66,144646366
failed,push,3a10eae96195efd902b30b3b7abdb13c2e52125d,144617832
failed,push,11f46cb61fc19ede19c031dbdd9245efa1eb696e,144617827
failed,push,34f4dddc16f1caa1ab773d3f493d621d7c18484b,144585604
failed,push,15ca1bb2f92d5a84a11c2bb2b48002a88ea9caae,144585595
failed,pull,39b9b51ce0fd9a5fc5f487783fff440d3782464b,143918168
failed,push,5b688f038b0ec5efd23df3fa2e48700af56361d3,143204336
failed,push,786bc588b48f39f2dd9cb9cd370388ca79dcd7d1,143203588
failed,push,635eabf1493a05c7de514b1a4f1d96c16e8e99d6,143104797
failed,push,72c3f11355189ee56b2362d5c9847d025a0458fd,143104787
failed,push,69823a817650ebb0d4b96b4ba5b4f78c9075f8d3,143104777
failed,push,1eecff84c96b89111f2e2f111ae3633533a245dd,142626879
failed,push,d4c48d9c82094bc346c9cf86abb6df506123e952,142567510
failed,push,c43a3cdf62547ed70793ea2961f82f812688d5ae,142527538
failed,pull,63eba2bdf60902668883bbf6672f7513b07bfa5a,142016294
failed,push,a5bb6fc31d14ffb32ab1f1cd189548ad7e37b3b8,141470430
failed,push,d7eda84fb61b37f9c5e30fa3be91cdeab1a4da7a,141233605
errored,pull,2f33f689c06ce7120bfac769b071a1e777ac9599,141233547
failed,push,7210afa21370fa7867b405bf7f3a6e662efca531,141233542
failed,pull,954c58a64c79b0070d7d2b665db0b7255cd26425,141215448
failed,push,75f77d3b7a9ae9559f2b967c5979b943777ae9bf,140967269
failed,pull,d03929a3d158e7f7742e2f57c226ef3c367b19ba,140924648
failed,push,36958157f5c684ea11898ee4b1fbb8dba3b7b973,140898607
failed,push,5e59c5704247e275d49293a74094c281774dd06f,140892310
failed,pull,7abb4d2b97379d2d7a6803f7db4df8cac9e05ec5,140848924
failed,pull,205dada18ffaf53c3862eff1991fa68121cf0362,140847874
failed,push,51428ab65a35a309c7853e91401f40f456d5b159,140686449
failed,push,1d3471d831d07078739b06f5f1006c990323ab4a,140686444
failed,pull,9a7e830ed21b7c442df0bf7a6fa5014a2df2ded6,140663632
failed,push,cafdbe14587d6d0d1d532d67906617d5adc8c721,139934562
failed,push,dd3524ded669c7d67d25736ddf703d8627135551,139934557
failed,push,b5d42b55c4a05a8b6e542ab2a3649621997b0f43,139915950
failed,pull,a54e602746be9d2e15493b93ee56f36531de0f55,139616851
failed,push,56c175730b32c60f95339ab283602b128b3a7d39,139362157
failed,push,e8fe9d1d42d077893a15c6ccfb195ebe482a13ec,139361190
failed,push,f2d2cb57f780744a280a550525d7b90ad960eef8,139361178
failed,pull,0c90a8f8da113d6295030e2d39a990b87ddc5cd8,139360356
failed,pull,02f12e6cba0834ce08c21039be785ab9c6609f4c,138620688
failed,pull,5c04ad2e787c29c3a1a3c9e5197a0a0c657ca885,138416512
failed,pull,6754f6a2af1e54f1897fc17da3b782f29606c9c2,138414206
failed,pull,bffcf7d272e3db165deae0b7e96b2ca072ba83b4,138221117
failed,push,5e350c011bbda0af0589a3b27731b94d1da2210e,137855919
failed,push,5f85e838d3925eb3b4cc9c4e2f5457405a63b7a9,137855913
failed,pull,7b5bcd2b921d77dd55fa036d42a955c167bc16b6,136953895
passed,push,7fd44b0504f86ad487a753cc0e11e3066622ba68,136768789
failed,pull,61d212d293dbb83f68aac4332bc9a1d3db8e020f,136614110
failed,push,ee498f33dbf87938deec6f5933ed3fbe1b86baee,136015183
failed,push,b27a6a6e9bbfa55aed4f4176a5a97dd106444ba4,136015175
failed,push,ebdfabf87208d5cbc733b7b020b82dedbf0b8c7a,135637078
failed,push,3cc34bbe7180250712397086d8e89fa3a17b169c,135089231
failed,push,8cf9792052dd2ab44b106218347f20f8b0fc3aad,135089223
passed,pull,cdff5cd52732ea30f1518e83105cb8a18a3f7c7d,134831509
failed,push,7f818412c8d3a64582d37f18faca8865cf3ff59e,134279061
failed,push,4a9fe1431178d256c712c081770c35904e46bd52,134239641
passed,pull,fd1c9f192c684c2849572376edfd8ae1f9d1a7d9,133942024
passed,push,8ae28020f3a47b38fb93313a71b3c8c64be93674,133465556
passed,push,9ca6f67ae2b9f0131499f93015481186f6973711,133260491
failed,push,d694351979591ed76c8cb0bc7d2d782b8c9881e9,133260486
passed,push,28f4ff86e00b5f7cddffb01883e9ff794656c752,133218492
passed,push,ec2d26acae3802914f7e2f6b1f4a8f2c79f8cc70,133032922
passed,push,d3a7c6742622032c84eef195cbb88b8488218918,133024488
passed,push,e5a8e7e8562a94d055c402960b72c36d7bfe3a17,133018983
failed,pull,3cc1f2460d72507c98ff46a9cd8e090fad40d9cc,132910166
failed,push,99427e791789cf0b8f3c0f0e8018089e62dbe702,132696059
failed,push,f671c0fd19b060dd391d2f871d78a56238590e4e,132696054
failed,pull,b61497eb58e733a221927263a1d767ee06ec2297,131603471
failed,push,9883b981ab5103cc6944fbf8f3b973994777350f,131588993
failed,push,dbcf750ab4fa45245cf84af1421488f71e867c38,131588988
failed,push,77f6cd3293fdeff945982ba82f4ed77d0e5c0827,131580077
failed,pull,29eb4e4d1e3695cf18c233287d90ab946469109a,131578630
failed,push,4530b55b4f83b20f67803e2e40921dc5fd2e3368,131577582
passed,push,cca1ccdb3354a22dbb230bd3aa180e678ae48c9c,131570462
failed,pull,8adb6fc2c84c414aae9fa55768394c31d0ffb8ab,131555306
failed,pull,07d30611d795b0ba3bb6925468ff0ad07e55451c,131321639
failed,push,3b29f3fb1deccd8f47bf492e5da7e5c8c7746a99,131275373
failed,push,a49147fdd69043f41e3b35e473bdddd3b19e22e9,131275368
failed,push,7543f7528c6c1f4a524437b33f370e74efed52fa,131013194
failed,push,b01f872d123a0a4f33505d6f962143fa758f4639,131013186
failed,push,b26560b306d1e0fd1eea7843032d0a51d75a9aa7,130133774
failed,push,9243e0716bc2a649085480d3a4fb7606b6541da3,130133763
failed,pull,e34490fa9bf14ddb194af5be2d031d97d07cab7a,129577173
failed,pull,ab624f004ac0eeea4c3e1d1323b8a4a9e176eb06,129569428
failed,push,f16d90919931ab3bfae5f4e28ef8bbecceae828a,129296825
failed,push,c512c91051068ebc23c50d42f85daf7312e24aaa,129296820
failed,push,ce1de00b97ada9f9e878baeb4119f87967f119a4,129182969
failed,push,4156f65328122bb6a1568c3df7746b5c7668c752,128168364
failed,push,78f478ef8320ec48bac79128c4d23ae1292335a8,128168349
failed,pull,d51d902c3664a8d1b3b8fae4e4d574b7170975d6,128133661
failed,push,5f5810a25d49e28bd202fe8e97209356f77171ba,127858343
failed,push,b71d08ecb2ed6670ed7cf53df47b0365a8113c42,127665717
failed,push,46f1ad69aaed7d9001134dcb7a5ac7735c894593,127665711
failed,push,f667668148d05770b74f1d7a12e05ddfcec50921,127590969
failed,pull,d1ba2046eb07c05ca8ee0af8c654a4c4ab74a979,127204155
failed,push,5ad7d15007aa7bf5def12ae2d840bb0e813cbc6c,126522035
failed,push,c1d69bf9e004bb8a84112ace3c88d36479e24c5e,126522028
failed,pull,10141a7ee97dd21d3acc914c9ee597fb5cf446c0,126514817
failed,pull,f4949b431f2b664c4a07e15014dfc35126994025,126207062
failed,pull,881de1ce0eba599991f6645f32095049ab225b15,126097057
failed,pull,a8f63e7af2444fd059b76f7d0e752b06efcb1475,126096399
failed,pull,5111208fc72e0ab620e817869ddf78cc15b43148,126095831
failed,pull,a29c3937edd3088f1c55b52bdf0dd388033d98db,126093658
failed,push,bbcfe4806a71c29fadfedf9b25aefc877f445af3,125977081
failed,push,2e3c0698886b08b1f380cca3b666cbf890facb50,125977075
failed,push,6de3b2845bd0c718f456334e769e8b612fb0ed49,124886474
failed,push,7d806e96f77239d84be1c70165bcfc2d280944fa,124886469
failed,pull,e1967078eddebcb9c2dd8a37cf0e349f3a6877fc,124815586
passed,push,5d1ba89bffef2112aee336866c69df3b4e90f884,124631452
failed,push,7c4331e8fb5dd8c8888613f050c3e6e74f7619fe,124284387
passed,push,7660f6ad511ecf72388bf2834b967a74e2822a2a,124284380
failed,push,18d2d604b0edb925f42eb1ef7492b87197ba9a58,124264420
failed,push,df08589ec2986d3da5e6462c6a3262cfd5c3a505,124264395
passed,pull,7b7083881bb878bacfe115a858b551c7ff46b9c7,123640622
failed,pull,31fad43f99d9162a32659e100c7abfe3617ee011,122842727
passed,push,f5154b157568ddf33e71c2b2b68580646a073b58,122359655
failed,push,5ff8754e762bf4db503e830defadc697a3ce182f,122324862
failed,push,9e3bc0c2fefcd713ecf099f3233dc20d3c6914ba,122324857
passed,push,5be3b014b20b113965142c9887fda47968469f1f,121570063
failed,push,5fcb5fe8a3986fa15c75df576830bf68517cba58,121570058
failed,pull,cbbc441992a79dfc6a81c9f5c383cab7520e64c5,121555419
failed,pull,d5e825a8f55633db33514bfa8017e524c3712ae4,121531854
failed,pull,a8be4d1df76c2625b235a1d72b13c74bbe438bb1,121394859
failed,pull,2e88c2cc07336456612f937f5ccf8c8f8ca1a029,121391630
failed,push,a80d45da4cee396dad843b4ae40358244e94dc49,121042535
failed,push,a2c231a9a0e3b3141c53db09f8d653380ce34764,121042524
passed,push,f7fecb75012a34678e3aafd3ccfe3239b6eeb151,119979396
failed,push,c3928513ef8b10aaad0a93f4d7a5e790b7792c0e,119979386
passed,push,2df03d91c571cbf88dfc8a846970ff32244ccc55,119908711
failed,push,2b221c543eb304860474ee007816e8390b54e5fd,119398017
failed,push,042ce68f4e5c8bcbfea30caeee3047874d1340e0,119398003
passed,pull,c789ec58cc7649ec61c653c0afc5b0c3d6a03e76,119190959
failed,pull,cb2c81cf7edb09e43ca850f9edbb357f72e34a3f,119151489
failed,push,28dc8a8cdc37a6cdc01a28a279a869c54c2d1d83,118375502
passed,push,d1e3ffcfb0801ba9930572d05cbfeaa0f5d573de,118375497
failed,push,44acfa18403497174fcfc60d15f9e3324f602043,118041765
passed,push,b65b6652b994b3b230a03c9fcd60fe0e8f54d3cc,118041758
failed,push,a2567c698a92abf1347885c82634e3b14e436b01,117829150
failed,pull,f340c0d2d5beb386239a8afed6f251da95c1bb61,117807872
failed,push,d88852a9444307a605c95af606c376480ebfa35b,117746164
passed,pull,4c6b54136073d7995c3771b7378e9948c72c1cd9,117735419
failed,push,64a9622b616f2af1399e123aa61dd971a0750392,116796687
passed,push,3bc237cda33f0041d93e25052ef8cef084451abd,116796657
failed,pull,ae3824348ca2451d80539a3673fcccd85a0f3da9,116455701
failed,pull,11dab156c09780513612496239856978a09659e0,116389181
passed,push,6d8219807827a03b107fb74e21140e9f882ddddc,116287248
failed,push,a51792ec9d34263c12de5231131b42bd7dc544d9,116287243
passed,pull,b44132d290eed8a3d1be2213f796703e193361a9,116232830
failed,pull,f496cc1ced2795602968773e2e63a4d864a589de,115978717
failed,push,18bd1cad209a4e4ebe8dd20219149ec30a84b5b1,115226731
failed,push,26c4d529f3a482b71ed357a5f968e4ea0634692f,115226724
passed,pull,f466d8d087f241346bc67e1cf4beba1d7c685655,115070267
passed,pull,6f82f01efb53837fca9eef13d3eeff42e6dd8386,115067917
failed,pull,e1a057fb507a8e2207321b5f8ab18dede1a63924,114906958
failed,pull,c8bac1e716cc7b93290ec7059028de8094b49c89,114896245
failed,pull,748fafc54472ab9893630e80bed1ff3f3b44fb68,114894519
failed,pull,ec1f206cf2a7488ff03a57dc5d66d1b7191d11e4,114890631
failed,pull,54c271601fac0d658b5a0db0612fe9dfe0c94e5d,114890370
passed,push,a52f46f3a86fea176d6d6845261414a483df9db3,114859692
failed,pull,28ca3a6e1f141c74df272817937c33af0d097bba,114858883
failed,pull,b557effe6d390dc257714a870586bb20811af7d5,114803167
failed,pull,c9e9d32c3b8188df712dbaaabb5b14f8afb4248a,114802671
failed,pull,1cb8ec982c56c184f3e5ace39080411d8d59653b,114802205
failed,push,199fba92dd0cdf4133f4aa5b08cfc10a11c27b31,114667818
failed,push,f12f53e38b09cbbb0c3fe58defa1f79ca747d8eb,114667808
passed,pull,5fcfc60c2c6076938d3f1ce14ea8b06b40c0616a,114607613
failed,push,f982142a5d61fedee30e788bcf921d6e246576b5,114569502
failed,pull,050e14f21657d09a3a30d49a8792f32c28e2fd30,114445066
failed,pull,c9512cffc2d2c7f857c4076bc4f48ceb39d4a86f,114338234
failed,pull,249814e26ae6c7baba6be36ea2cff0b0533f6818,114333481
failed,pull,4977ecdb150b004babc479edc324e5d7ffc89700,114332869
failed,pull,31838e750597d94edaed967740b7e0c72dc26a4f,114313857
failed,pull,cd34d53ddf84af944495f6fe7589adf1436b7845,114309703
failed,push,2e8fbbc648f62f3de65cb62c96c154f2826d6935,113544395
failed,push,e17e60c2e12440fa871834ff3d9695d56bb02e86,113544374
failed,pull,356e1da8bd1577d7dc8a12fb7a674ae9811b16b8,113445770
failed,pull,aaa15cf68fdbf350a15e1f3fbe746d8daf5e63b4,113445536
failed,pull,2d529e687eff08c7f7579f29933e0d7173f1fb48,113323460
failed,pull,d2625888d729322854dade2b7971afc3448b1203,113323275
failed,push,5fc6580c46d07972d8c3cefae249058f5a862006,113001782
failed,push,1913ef59a3a640c04e5636800c2619329ddf33ee,113001764
passed,push,d1790c78af50488f38d758fd1f654d035b505150,112127705
failed,push,16f6c8471f46850ef8cbbc351cd18ff48f3972bf,111858753
failed,push,c65ce010f66feda4f9bdc2953fef28264d6cabd4,111858748
failed,pull,119acd38904dba7b0ca6458663cd74b1119ce12f,111696876
failed,pull,1338fbb6dfbe799426bad394c66f6afab79dee87,111613176
failed,pull,efe29a4bb654017a3ab40ed59ef931c9a3eef1a3,111606376
failed,pull,6d85ae47174f35400881e7436ca77ce7ad22388c,111605267
failed,push,d2b52eb2c7906d1e784a484dcd71688e0cfe1543,111542216
failed,push,f2b2b73a1b566be543bfd544b2071d28d59fcccc,111368971
failed,push,1b312f8bcf1a232682855b355dd57fb8fab5db3d,111368966
failed,pull,5e1f97ce53387d234c6a35911e06f8dc4399fe9c,111323087
failed,pull,72f701ab4a45cc0dc40d4920803fd16dea52a679,111049610
failed,pull,ebf41817171e3a013fd72f5ec903b6dfa3fb80c9,110739623
failed,push,24c69fa48288ef3d7e9400435230207d1fcc8ea5,110293891
failed,push,737333b39462519389193bc83799231b78d28ead,110293871
failed,push,18182af43e9fb8caf320b2998608df7130d16041,109785379
passed,push,77c162f4ab9765cda3751c8eff1f8cf625fc48e0,109785374
failed,pull,426c8e738578c1b4fe91befad85533a154740886,109476886
failed,pull,749f513f76aa2ce9d2602a156d555bb3cb60b251,109461802
failed,push,8013ea0ba09707e66592f18d2b3fbc12f361fc28,108682893
failed,push,b3b5db103a856587176bc326783209c6d202f65b,108682864
passed,push,ad02174ee4d5f1ec9b5f2568624f82c2d9a17532,108151380
failed,push,1166eb755fccf7d0aa3af43c18cd823ad0223ea5,108151367
passed,push,909d2a2cd8816dd48b15a2e79a8f0dfb65cd2356,107336201
failed,pull,ff3d92fa6de3c3385a32be7a5e1f0c95c1b82c59,106592801
failed,push,3a7c4cc660b80ee75046bb98c1edb90b26ad5138,106282346
passed,push,3facb6416a9892b6dcb9e39d7a480e22c7f4ab48,105741497
passed,push,5d52b926f69a7488b64d77651ad850da17ef02ac,105738580
passed,push,74c1e9bd4a847ac2559e0de7a846468c2e0fcbb9,105581788
failed,push,cd8f0e25394cf21458ed9f0f71467190dc8b8171,105581783
failed,pull,3f7d20880afaa0ae3c513937ed733c6ba1cb58a8,105555172
passed,pull,d8686f3e06e12b545270c91531614818f4dba97d,104926504
failed,push,9403ad7ec27a075fbdffbaf2d30d3dce29a15d82,104148509
failed,push,6638de12881c0d553d9b47b6ad33c1c16f552ab4,104141476
failed,push,a70fadbad47a1fa4e6c836a23f4b2be94d2f09d0,104141288
failed,push,dcbec074f4f5bc6bb2928b066a296e8227f52368,104001977
failed,push,5bac17bad8e8c59c56f2ef0b404953aa123a64db,104001972
passed,push,5b46c45e6f3701853e65c4dfb5c3dca9ef90f30f,103902772
passed,push,c422977d8cfa2e6f650b26182faa8592e6c287dd,103710838
failed,pull,02a8ed00bb59bd8a93edad73e42fc9cb35aa49df,103598122
failed,pull,459df2f1166829f1082188da6f5d7ca5f706e87d,103577333
passed,pull,67e3672da20536ac7b85c900108b0a3fda7d44ba,103574916
failed,push,45bfad38a40180505c35ebcbd42e56bec8a4ede7,103489624
passed,push,8401b94d964eeac11f4d3fea06128cbf6caf59d0,103489617
failed,pull,05dccaa456cd69ef5abda01cdb2f95bacdd269ef,103410690
failed,pull,aafad6b41047b04b2e0ebc83afb2a3b061b9c416,103282345
failed,pull,c322b29132fc42e112d6a93d41a271db5df75c0c,103015189
failed,pull,03c7b3cee613fb8910f504f04a77c5596a67f86b,102633718
failed,pull,4dae9b32902a4ea155b6acb70e7120092d40f7b4,102632069
failed,pull,1539e29c8dc70606e06fbfe074bf344c56e3b3a9,102623826
passed,pull,b4adf1468dac31f093d13856d041fe28d41f3ba5,102513511
failed,push,606154a5eb86e23ddc3a8a8ac0cf5419212d9ea8,102507714
passed,push,a9eb31993815a5a51de3be1b20661461201a3765,102507678
passed,pull,afab5f552dd76dd284fcf9ea1179b58caa150cd8,102260432
passed,pull,67995e3d1017745e8b701fd58f3304f2f78ab5a8,102247476
failed,pull,c99eaedeb1438b303aed87c36378aa1c8fe09c2e,102245537
failed,pull,629139b55d8348c239c70b00be4023eab81dfb12,102221717
passed,pull,bbeaf4c5c0a22d81478fb88e41e59244547bef8f,102219740
failed,push,1d39b273049db7612293013c6fe9152f780b90c1,101988106
failed,push,1027eff91c309d103b8b7cc43ba9ef9fec947575,101988091
passed,push,fdbff1d42a73081035fa7b0f172b9b5c30edf41f,101708165
passed,push,110c968c34e65bc904b487d95d990beb352fb549,101700469
failed,push,f7ce7e9221b5ad04e5eb648c872e50977eeeb650,101668830
failed,push,3cb271c1e9849365329f9812310890d2070a3436,101661395
failed,pull,eb691a1a744bdca0bf6750c27e883658e69d3c9c,101637084
failed,pull,ecb1aabbe0a94c87d427a55191739fb28b850117,101191110
failed,pull,a6c6dc6f558503024b52bc822122c26285b83e6c,100972309
failed,push,42d2587360a3ccefc0f082c9d7ef3b4b9ead793c,100883762
failed,push,052cdb984b57f90615b9c40f9a743cefaa76cfcd,100711832
failed,push,fa4d0f73cd2bee11117c6baec9d492a0ac51207d,100711809
failed,pull,d30b3514b29ecb1458d9cceb24ad246718d2ea3a,100697266
passed,pull,1cd7ec517c1db609d1df1648388fb8fb86285aee,100553976
passed,pull,86c583ccdc4a9b7b99a457f777b9b564d8323d33,100258900
failed,pull,5f81e4c06b08f7c4691a686c4dab7f5adfb54b11,100119468
passed,push,747c50c1312fde969a8434465f5afb0ed135b282,100003923
failed,push,ead5459648b237a60a67ef87d7e11f2e77d288af,99651056
failed,push,43bd53f306458280acfb7402a3e45cd5e42e043d,99547514
failed,push,0d08bc14a249c071fb30b93b3294ee6d2772774f,99547504
passed,pull,ba4a1e94b3d601690186b73a746d02c133c4370a,99420248
passed,pull,3b91eb6f8b21461439cdbd8d0f4511c669229369,99332181
failed,pull,1785f76213466d82678d58b1314bc06d2b84d851,99322198
failed,pull,c46acef3ff2ada33ae71aa7ad07af7fd46bca1ea,99185176
failed,push,3c6b91f1427f85173d683bb9b11cd122a00038d2,98248762
passed,push,1d465170fb16d8ec0033431cee4fabb41932ad08,98248756
passed,pull,7d86011e2a941322da95d622040448eae4624a7d,97790153
failed,pull,ff2ad1638f47e878bf672ade36e1d83c2eb12373,97786950
failed,pull,0177f8d5d7f4f15d8e597e286ae92731b28bf1b6,97773952
passed,pull,a9ce06f4dfe22ce41adde0ed6d3c834ba094c3ff,97749347
passed,push,eccb2e3ba06564f994debf89566cb07adad35223,97597828
failed,push,b33283258a7903ff28eab1ede9a4eb7f89db05d8,97597791
failed,push,13efb3a3389241c51287f9f8dfa9ddd19c4b7b1c,97127768
failed,push,f66e270f7ac4b5db5eaef15acd8e3c62cfbac9ee,97127734
failed,push,a0294bdcd74eedf021e7cdb70addf46ae6056d9d,96819822
passed,pull,1972047fba1c60237be3d718ba050c53929b1eb1,96819179
failed,push,b433c97d1bc2e4c1db68384cd5c9ff5ad89fc09a,96329203
passed,push,65a29c83a4f2d336cefaa2b3615f9d425565369b,96328622
failed,pull,d2615829c8f1a86d3dad7933cf9eab4738ef80df,96238442
passed,pull,9506afccd2c88591216d1451ef34a749fc5c6680,95863641
passed,push,ab506cd3c2bdd4817fa5609c7028fd872fececcd,95719975
passed,push,15d2fdcc200885cf2d7e0fee368c757e6039bafa,95719968
failed,push,d80cb559303168894f14b1455715831dce884026,95681446
failed,pull,d366cce02eb823c30c1976168c04bd97557e1476,95679774
passed,pull,229625019636745ad5f5efa0c09904a9428116a3,95605785
passed,pull,b217da5cab324d8d8447e8124f09e872d93b02a8,95378867
failed,pull,9c7f06387495d224d8cde2bd7c74e5dfce707f95,95352733
passed,pull,ca05e700760e65735d1eb6c2243d9c6fdbe702d7,95283559
passed,push,81ab6d94ef9c3d87668d942d6e55896bc0ed33fa,94798956
passed,push,8e89db00da117b0114e7fa56fd10da6b97e6c8ba,94798934
passed,pull,35d9cb1e1c55eeb66313b51b0a649d10cac31f97,94527646
passed,push,0cd702901ffc8fd7d0075dce1cccea2aad7267dd,94282574
passed,push,54d3f55d7a03581291b9225b069769d9ff39f47f,94282553
failed,push,cc755dd39df8bc8406bcd8c0203220ed63e0b0b1,94053162
failed,push,a0e906122cef23c3620ef2f9f3fb777c4c17bf69,94053115
failed,pull,c8ebeaf8c1a13f44bd19598ca35a11531dd70e78,93621274
passed,pull,28c7677c20aa97f9cfde37b8476e1faf7a443c09,93281421
failed,push,541bcd0f62b2965e29a710b7ae549586ef1971fb,93081465
failed,push,028dabab3bb44557e0e9509521a72fd451b6cc28,93081460
failed,pull,1d380c4dbafb5a59b232d5b7a3de2b28bc5cd3ff,92995441
failed,pull,5e72b8d0dda72c1e16e2099aa1762e9bcc24b54e,92993004
failed,push,0de371d199a6d116c74153893855633bef0e18a5,92843104
failed,push,9b2acdd93a7689ede72f79118828912d7d59a91f,92843080
failed,push,e58b0b0e17e7adc9f171dde6c38cc9fc1141b18b,92179293
failed,push,62358657d7dc658116705feb0d4de0cee0d56a26,92179261
failed,push,432000747ed90ed0a644ed1c24cfc3b04a0562c6,92124725
failed,pull,81ce9365d118cd3295dc4f2b80a94487db415b88,91967378
failed,pull,e2777a73cdb7516f1ef79e4ede038e5bc0778073,91967335
failed,pull,cf413229f426f7bb6f960b2bd1a916c161452b62,91967020
failed,pull,ea19556b01d5942d80e808431f4928e1ffcf8283,91938356
errored,pull,c50117d290e453f0967268c5f56208704af3f385,91935841
failed,pull,323d6ac051c5f35710e6adee43a00b765593ff0d,91872172
failed,pull,97b7abcfbfe7e8449fc3a6d194b176d70a669d69,91761468
failed,pull,ca3bdc81ea877fe30b8257d3c8dfdda96c4a6ef6,91753932
failed,pull,7f1acf13c1e01a29341985e67fc1c271f578b559,91597316
failed,push,8a70d376a43969b789c50241fad70ae3462a861d,90862871
failed,push,83b94cf5bff779fa979a9809e577e7a15635fe55,90862827
failed,push,3f9903159d8282f42b75c152a2f0dfcb2538c7e6,90441008
failed,push,96695784ca491aae9f6638204b0fa8ceec801b61,90440998
failed,push,d4405e036d02a18a554fc8b2dfd2fb9319be1922,89107421
failed,push,867c516f65e0e69dde10f26b711228530f39a05e,89107406
failed,push,45be179fd6fa719be346a8196c9588df5f40df27,88914770
failed,push,7786f409d66252e139aa9cc45290b1504a64b3e3,88914758
failed,pull,172d2ed24f2096bf3d17e00d057250bc6dee1340,88370980
failed,push,322c47e28c55b01104e8a67673c477de7e05973a,88002030
failed,push,91de22ee8bde412eee47a41f79bfd30e41d419f8,88002022
failed,push,dc506704113b6eac6f7c06b62b8a5994d3c66771,87577941
failed,push,22eee20397565505fed34f1fa6b4706933740751,87577930
failed,push,07da997c6b05ae068230401921860f5e81086c58,86957676
failed,push,1eac9c598bf2e7fc8c2b0faed17bf9e07ea1bccd,86957663
failed,pull,8971b859a6db5a766e5f7e6926bafd0ac3b1592f,86883555
failed,pull,4b247eedd711e95494673127bce572bc00c9cfa4,86878880
failed,push,e210112824d698402f14f52c6939793a9e204911,86452083
failed,pull,b52234f0f9c2a4edc9db2099bea5097e969b33bd,85842651
failed,push,86de452d0bd515b00b21d4cf938196e8aa2df945,85648768
failed,push,dd74a38c414c63306679e5d67152932be4c8f145,85648756
failed,push,5fe96e6d0072990c8c9c33cf28251be4f73d1628,85381951
passed,pull,7d16876a1f8842aa1df5a6186bf5f4ac54d4ad5c,84965520
canceled,push,39df4663d8050c0888d170fa95200e16e829d3fd,84407127
failed,push,bb9e0be441afb5658f0edbbd19bcf27e2fac4105,84407122
passed,push,6c24bfa9b76e3175b0baa442713594e8ae469730,84355497
passed,push,e4f30130b1b9a741823857a5c9b719b6db58489d,84355492
canceled,push,eeb7bb7c0489cf06fc898e400916ad9180321d1b,84163923
passed,push,7e6a194b3daef8c62f7a1c0b8b0dab95e286ea76,84163904
passed,push,d0a83ded38a3b9f13385f8e243194e1908453cb6,84132702
failed,push,d2bdf3afa71772871885ba3a023ef4a6ea01f936,83986281
passed,push,4ee6a6518887fb7adb0388e6cc3d9f79a7768a69,83986264
passed,push,6dcbe36e56ed34deca8de7beb84267ac540d4f45,83227928
failed,push,dc5497212679ca6b3d88b785c08c889bb84a0ca9,83227919
failed,push,997e5f25aab2a9f8b3913a6c6d9cb753ed9899b0,82862533
passed,push,d120aeb090f24d1abca15abfb0589fcc44eac2b4,82862528
passed,pull,605d7a19bbb4bd9d4268bf90988205c949d6c1c4,81793914
failed,pull,0462eab282aa6adf3f1302e055dd68b1da2cd2f8,81763146
passed,pull,504f981fefcd8d5b96a2c1cab0f120d0cc084517,81468311
passed,pull,0370dd28a2d54bca88787025076521fc8acfee0c,81431927
passed,pull,fd050045f375a290c23dc434c60c28f154a5232c,81231036
failed,pull,d99d75a0c3e9e4cba90c6a4f12dabe3e68e66a9e,81227034
failed,pull,85b5dcc1f40f7d41e64d0264a11eb4b375d9d436,81226874
failed,pull,2c2b8edf096453f49454dab540d1a97e60382f23,81082814
failed,pull,6c88b2234df0bd8d21e8c2e8f092750f66429914,81076676
passed,push,aa7e08c87980deecdfa834d1821566ca942014c7,80910518
passed,push,105b4d2f155737404b27e65e58b67dba11c18e19,80910512
passed,pull,2dc420cd334ef8684be26b53096efaf1aeff0d29,80789422
failed,push,b6a6068e181e40527e63b02e7920eace3cf71a31,80742164
passed,push,54ef17635a587aae7db898c71bd38c1989c825cf,80742146
failed,push,c67e5406274866cf6441fd61cae4e34425cd9168,80533074
passed,push,a80ba3cd68d101d72dd72032759b3bc410255b88,80533069
passed,pull,2354d132ebf73499685defc9959ae083961469d1,79920085
failed,push,ae9783f0e32a2ee246cb294e572f5e10af1da598,79720415
failed,push,10886dffbd77d23b50f5d014c9dbb412c5783f55,79720390
passed,pull,9e566d12931c3bcaaa77c94fcddd4b42c00c183c,79373398
passed,pull,8e3bcb22115a70d7b389ab993f8b9db6bb4be405,79264105
passed,pull,0ec0f24b438cf21b036c2193cf74eb93c2554cba,78802891
passed,push,e0f103ea4ce6ebf85be73f94bdab584946d38ba8,78683115
passed,push,6aeb609cc3179cb8f55ce890b792d8575fef0dc4,78683104
passed,push,0475b7ad99400acec4d9123962200b68002b8a29,78674025
passed,push,3c42afd5a1677259ce77ee4e49ecae0657cec63a,78267798
passed,push,2e48f9985e7e71f8ac6074fe288057adbc001cae,78134029
passed,push,38ffbdb2fc8cc9ae0b9ab50f03eba7d27a9fac89,78134014
passed,push,55540f8697e401c52baf287fa7c2b9d9193e4e50,78095503
passed,pull,b7f410bba1c8488a6c39628cb755f2778dfca09e,77654003
passed,pull,223b9c732799a95816bd142f4509f76d66737cca,77630948
passed,push,cafd19255d2b1540347207136ce4a8040af08246,77606443
passed,push,05f60d218fec33c56ec52c5a386d9c0237a66384,77606427
passed,push,935184af47a3a1569e4ddeaca5cbb41ee34d9ad1,77235304
passed,push,ffb6f198e14aa7c412d676c05f1674589c14d033,77235292
passed,pull,ba2484da0bdd46cc69f4532b851e2520a04aceee,77023080
passed,pull,0e1674960f86ea0e4bba0080a42907747d75e2e7,76727337
failed,pull,45c871588ce048bce4f08381b0fa2653eda99ace,76707425
failed,push,81f227ae870ffcfed31f1a06c2dea709fda19168,76545240
failed,push,4cfb7e8d7475c3835b0d94695a59530d252f9a7b,76545233
failed,push,b9b549e22dc9e90ac1117393a87ee30f79bd472c,75354277
passed,push,2c580fb638ae509c2d7a9acbaf56a21c3c0c3f07,75354269
failed,push,5289280d8c8e7000d450c4f1ae3e3193dfb0d14f,75303660
failed,pull,89f038127690354f127c8a26f30b3da961aa19ec,75150441
passed,push,a190ac3a97a0b2cbdc0a9fab9a4c9a5ad97670de,75144647
failed,push,d13567d3d2a2bf672af00337fbadf3f4aed3f879,74974392
passed,pull,dfda03e996ae71969f02a4d3a3848043d12c6934,74906723
passed,pull,75c4803d2ea82d9dfb6019aae10dfa55678b05b1,74845369
passed,push,eb8f0a03bab42945d6a2a2f6b66daf7023cfc52e,74457409
passed,push,6f22effec4337edab75fdbe5cde0ed81d2e6d5fd,74457404
passed,pull,01497af0b1a5fec658e98ba217b070962d35a74b,74327386
passed,push,238f6a0e6278f86e9347774d5ff164babb7800bf,74319318
passed,pull,eace0014bbea82954770d306a2172af4f6eca3ad,74249917
passed,push,98c9aabb70a377891a64788ae84c5210fe207e27,74149358
passed,push,70c81c62c6f4238ca3105002151dff5d78652786,74149349
failed,pull,df8c04a7f0144d1b59779f4858731ddae45f082d,73921744
passed,push,00837d5c4b101fedaff22da6b56062921b7addd0,73645061
passed,push,e898419d0f29f7260aca3623b3b11bead767fc63,73621023
passed,push,9f7a434b92b1156f84924523e2dc1ccef1359675,73464911
failed,push,b4fc081aee9ceb9ba94060efbe41b6de4161b4d6,73464891
passed,pull,8f80a20ce6702831e0bbd79d883e8790395b3076,73410697
failed,push,acc11a228f2bb8979b7a7e160d621af309f4a0ce,73408162
failed,pull,655de101a2cde1b7f01cfa3cf1f1c0e896d17dfb,73389603
passed,push,d3f9d13904b88d3ef56ab92d3d2d0c583514e4c9,73297302
passed,pull,2035f05586bb92f2d558d77996f3c699db54a81d,73247840
passed,push,16f770a837f6fcac6bf550058cc75ca20fe4b5bf,73107911
passed,push,7ebd55fa100ebb7f6023c9b7f60f069106b01d45,73107897
failed,pull,fcd25e9cef0af63a768d5957a6d648baabb94d26,72634174
passed,push,cb4fa451e98099dfeac6f804eb72e215c04bd240,72390084
passed,push,59a3b3717ca08d6084c148fc318708f0f57234ec,72390079
passed,push,c65f8160476cc454e8874598aad55b67e9d93e70,72345222
passed,pull,bc8d51f28108a965d816a93b47309a37f58f607e,71968783
passed,push,4194afb21451ccde5ed403771228cddcfec914e0,71966037
passed,pull,d3762897313321d07b3fbb8d1bddb96c7b80fefb,71861101
failed,pull,83ea0db012e0a013a0a82516715c6257df8bc50d,71859576
passed,push,4194afb21451ccde5ed403771228cddcfec914e0,71856297
passed,push,55dafdd96ebbb1c22433190df366a25f383d740e,71038030
passed,push,825a6f835b825d319d45e5f57346a8df9a7d0063,71038025
failed,push,cb6d3d649991cf9e032b0a287f182190b94d32dc,71001490
passed,push,a5349097a8c243e631c4b089e9c5d377d3d23787,71001483
passed,push,fd22f912a8e31cf1b18f6ba3d963c3338b1a0e55,70784017
passed,push,09b3b844fd299ffe260e5ad47526ca9c56498e74,70783584
passed,pull,474ddf6d51c8e5c1dd935367f0439b9d2b3fa378,70782257
passed,push,b4e891e15ed145f7db8efd52907268aa82baf9f2,70251846
failed,push,ca64992cf428932800e086a627e42a32b76095a1,70251832
failed,push,ea6cb27f37b50275282850736c085b506e4266b8,69944769
passed,push,82143ecaa54b394e9c0b33e92522f8c461848d81,69944742
failed,pull,9c371e806038db2e565bb9e8ed7c090b2b9f97d2,69808328
failed,pull,3e5d37a9e62d87e5437c00bcb7fe0a3e0c9bcc2d,68504446
failed,pull,f135abb2b2e373d66354a95bd2888bcbd7cbaf87,68493537
failed,push,1286816b3333332de9a00f39f74ce6b8ba820b58,68250786
failed,push,4e3ebb7148659abb26da97b8083a88f81b6bd94b,68250777
failed,pull,72868ca80be2a60ce6d49436f07573a6aaaf6d3f,68168248
failed,push,967c63989a6c8b6b56ad6377801fb0b34bd1b752,67445583
failed,push,26f551afdbf35d0e253620944cf1714cf37f20ae,67445578
passed,push,9ec53d260ac57f479fc74d883e3a477322a325e8,67226306
passed,pull,45b8a61e75714dad07749bd09a3f21394cc3e9fd,66932389
passed,push,989dfae55efee93840137bfd7ff7ad14f2934b5e,66464534
passed,push,04ea743936d1fd1a4e0555295418b3148c834a74,66464529
passed,pull,6594958d6f70a4d798037b775e9370aafb40e1ad,65736881
passed,push,b4b2044b6e084ae8d13ce8209fb0a7e64c5c9be7,65470987
passed,push,968ff2611d16ade9b53e7e2a591f2885c8de20c4,65470978
passed,pull,9204dc6fa25a627c2a3255685b77bf0c0a41a111,65327684
passed,pull,bad27f2e68b4043eec2250e499ecea60b0f81919,65325688
passed,push,0d1c473a28f5cb15a68191ce26b5c5650e237d2b,65314911
errored,pull,f97634e5847d252b536b09e6ea49827f4c438f6b,65262464
passed,pull,7f380cfdd84968315844eb44c9d304355401f947,65253888
passed,push,42d77653be0a2387631470d3856de3e70ca89429,65158085
errored,pull,0975f1317eb989ccff14ed9e368263f6fc24e648,65155898
passed,push,75a34d164e4e9eba496087f5134bcb96accd4b48,65152092
errored,push,9ba23d813b65c952e285eca4e79e73011df48a99,65132800
errored,push,99bde08e241b505c83841a7c6cbdb34e15f0d01f,65132067
errored,push,c7cd9cb3d2df52c07755a3b8e2e4e533ec542989,65130785
errored,pull,a86b41010498b3363d627d9139700e24473521ef,64719449
errored,pull,a86b41010498b3363d627d9139700e24473521ef,64713884
errored,pull,01d5fa86a8849b040659d8a0bb9ddc58226a8e90,64509207
errored,push,e53b00f6efd1787371440f1f39dfb7274c6f2114,64505350
errored,push,28e0e243873908fddeca1ca2728c06c4ae072e03,64505343
errored,push,6ba8e1e805c267419d3914735694861de7f8ca31,64160885
errored,push,8397ef2731c9ea57de1a529a2e3991eebb96b257,64160869
errored,push,1f6bc4c7ca32f5ec1f72134eb83df8c8ac53c450,63553709
passed,push,6b7a7b67dc6f5bbca7d6b60069d4b6cd327e49f0,63553704
errored,push,59ba8460edb86955b394599f73f04d23c7deaf98,63236610
errored,push,84adaca80ee2b974f76816f5d4d9be90a5aa8543,63236548
passed,push,6a204fbb7c733fc15c9e195a875c462cf14b60f1,62634895
passed,push,212249dbbc2d8a340058fed3c35be9f6a23c0dd3,62634874
passed,pull,53fd9755618bfa901e6dc78cff85591f276531df,62335637
passed,push,482034cb6d3472df80039671a4c01615ffbf4bfd,62116816
errored,pull,6380c5ddac50183ea8ce157ca72d676ef07e9d8a,62116789
passed,pull,6380c5ddac50183ea8ce157ca72d676ef07e9d8a,62078778
passed,push,97d6694d9b310cf3a57d62f36752f36757f6b849,61697130
errored,push,8f0ce23d82184449a67d60eb5d3a97447c2acddf,61697120
passed,pull,94f43bfa123311d58ab5642cee0cc688f55f9869,61183061
passed,push,c8851c2723ad654a6e46ba09aba0435b8255b84e,60469713
passed,pull,fc4aa02724bd135b9a73fa3205ec8ed835b5b12a,60404344
failed,push,3a9c7c3bae08241f9f930b3d96ffa88e0b2cceaa,60260439
errored,push,248efeeff0842991b74e1a96367c7ad6c8fd1e2a,60260432
passed,push,47abf099b8f41f3145f3033595dd1c8147996a7f,59776724
passed,push,eb574b87abfaf53a0b8d99437cc5503363881742,59776719
passed,pull,1643c848a4e9821d0a96f15b8417596f85fe91e0,59665254
passed,push,58ac2224a78c85d2cce6097268a8adaa46171a44,59294185
passed,push,01d5872e52db13e14a8c57e8a15c5aa022411de9,58991878
passed,push,ca8d19654f32c3823956c0096a5af8c7c4c1949c,58984460
passed,push,b883bbe26e970cd31687cba46de4a1539d0efb9f,58796133
passed,push,e925ba8defbb04a1c5f8af7860d4501186bbfeb7,58796121
failed,pull,e5b5a382207cc495af17e96613e9b5b64c25be79,58426886
errored,push,0adb8ab9a4e73350622ff4938820b8dd2c26dc07,58346123
failed,push,07f51ec8cfe1600e7dc7f6b4a08b9311f32f9cec,57877015
failed,push,d0b5aa6b54b3020beb516c8b700862ea0b35ea33,57848834
failed,push,c4d15d5c1642340bf5c3299bbbb7d9087de68be7,57848818
failed,pull,3c9c79ac58d32d7bd42b17b493eb21f31d67b575,57730055
failed,push,97122ffa87743d6314576ee22a6629993f1358b4,57568967
failed,push,cf8174ab5fdd9e5f012b1657835fc30456622598,57568962
failed,pull,d96c8bb80984483756b5825a640bafccb68fbce3,57438983
failed,pull,b5f6370a917be262f4f2dfc78f8925174fcc49a7,57106149
failed,push,1a8cdafc793fbf3b525fa27e1a5c78fc10ee0c26,56983264
failed,push,c48a6a103f4324f338cb12b496b45616c0aa9819,56983259
failed,push,d60984fc9c4f5fd165eb82c61f76db24fc155aef,56973063
failed,push,3baab096839f6848eed40940fb7b6f519a8e0580,56973058
failed,pull,f57eabf7286854a469566f8905c7fbb4d481e6bb,56650281
failed,push,183e0ba8cd5c1b5cafe026189fac47673f6627e7,56026735
failed,push,c98e126a608a7ad592df015ef7e73963fb5afb6a,56026725
failed,push,09a92971151798aa01fda5002cf727a3a15e945a,55720877
failed,push,e54117b206772a492839714e4f809920f2422afa,55720871
failed,pull,aa709dca24d80b43e8d383a04e83222d001158d1,55709655
failed,pull,6dd9b31a3089cdb35d2b2be4e681a280a8cc3b35,55708449
failed,pull,6ec2f7cd7e5e07ae762943ae461b9257f15721ce,55703661
failed,push,98d4c5703ec2c517347cd227630218ece53489a4,55103534
failed,push,7b9c029a35d279733d156d3ea0842f47c6dd0b80,55103523
passed,push,1be23519c2a662c511c42c5a9fb9857a2cc0bc28,55074766
passed,push,1be23519c2a662c511c42c5a9fb9857a2cc0bc28,55074729
passed,push,1be23519c2a662c511c42c5a9fb9857a2cc0bc28,55074708
passed,push,1be23519c2a662c511c42c5a9fb9857a2cc0bc28,55074698
passed,push,1be23519c2a662c511c42c5a9fb9857a2cc0bc28,55074688
passed,push,1be23519c2a662c511c42c5a9fb9857a2cc0bc28,55074436
failed,push,43ef7062de656941173f0bd889aa8e3e05ed3288,55052933
errored,push,2649845bcfd45ea8b04bcd82c4d2586bcac705f2,54792855
failed,push,fee2e26ee1b464a344bb27140edb0f3b4e5e848c,54792652
failed,pull,4dfbaf0e6b61cebfcb6c3cd8a8d43ef1b0cbca9d,54706446
failed,pull,515e8e297f5a7fce856c2fd6fde0c996bf9862dc,54670463
failed,pull,ac8250bbcd89f3d9fcbb66c869aa5925ead3c5d3,54669824
failed,pull,87ff9775e8eb597fb9c46c79cbb16fdde947083d,54667739
failed,pull,3cec22289ed55f7c9f2433c8355d95ad6be6d042,54635651
failed,pull,baa4ccac305f50143d13d5e12c05e77048ff4dc5,54619119
failed,pull,d63aab7c075b6b41e165f2eb4e309142d6a09407,54281737
failed,push,5dae4aa63eb4997199a301cba2081d12e3ac6cb1,54159679
errored,push,2491f516bf571b3b7c0c63e99bf7b48b3f894696,54159670
failed,pull,daa619e371a1089806b88f5664def6d786c0c2b3,53689366
failed,push,02a3e8c25531a9a33bd46033b88b11e43482af44,53125734
failed,push,557cf674dfbb7400754827e7adacaf433a9026a5,53125729
failed,push,6066e6cb57bf88291373fd431c7a79bd62a9902f,52847441
failed,push,59afde622eec7d3192319b3af2ba4e06398d6c5f,52781163
failed,pull,a949e6736658f0ae457b3596c798da4d1b239cc3,52648616
failed,pull,15b1d64e9f4d8fc19bb25f2777c23327618a0396,52502553
failed,pull,d994c92119c96c7b38d1dce6903137008d908771,52146822
failed,push,12d6a9019c1507fab104af286a04ebe96839bd36,51912552
failed,push,cf21041bc0129512cd30431fc4a960f9e73e6cbc,51912542
failed,push,dbfa6d6f2285ca088e60cf5c01ba8d93a26d1c2c,51549837
failed,push,778fa2c25fe05a322bbb5f8228a42ac405afbca6,51549838
errored,push,50bc85842f727b5febbb8ef86662b86540ebcd97,51161937
errored,push,f503d2e7f17606ad59f6fcd3d73ff34aab4fb0ed,51161936
errored,push,c34d81c905d3d7454b5e12478b4319ce17b18be4,51131953
errored,push,609a4de6948b62efa1295734b3127a683f952115,51131942
errored,push,95be4fede3e4d63a9604c403f50e35bb3083948e,50995002
errored,push,7ffed7ac4ee372586b78829fc9e62aa2a968326c,50552678
errored,push,cf8343ff5b12dac8cbf17afce76b2e663d12f121,50552671
errored,push,22474af252f3401cb8566966c53015db297280ee,50284930
errored,push,aacf535c7b1f918a80c43ecf12cfaae47cfe12a8,50265368
errored,push,e27bc65cf33239e0508cae040248800b9106b82d,50265369
errored,pull,b4239719664e5b443dbea7276c2e2784ef5b09ed,49560376
errored,push,e30e97622147ef5121f4fa986ee0044f8bf13bf8,49497572
errored,pull,8f32c837e6f3c7aa1cf12bdb0dbc60b7c66caf57,48999415
errored,pull,872af62bf7db7f06d66be1c23918c568b7beb195,48915273
errored,push,e3b026ec2c01b820e267285afc8adea875d285f1,48535760
errored,push,7a99f7738d7b4e811e7acfd39b8be7b051941a41,48535756
errored,pull,6b1008c42a81e1653c5ba53bf03b183fba0a9f3d,48354261
errored,push,fae4662503fb668587daf7d7a3de7cd7c371e91d,47710696
errored,push,40837df7f0568f723e04b1768bde530ce6e7e13a,47710692
errored,push,cd3e6d01ca6f942cf1ead573d2983901a1006949,47147533
failed,push,a97f96595e19327142eeaf4e744f6c6b1b766bb7,47147524
errored,pull,19b64353508324a6586a50830289c89eae7a685c,47036725
errored,push,fa725b3ab84ea4510e21a33673d1edf2305e10e2,46361386
errored,push,1dfaca1d27f736df52488446dfafb1008e41d326,46361353
errored,pull,31def9f42a2d08be8e6da1da89de3a825b167120,45653950
errored,pull,e65eb77e603fb46253522914082872475a10b9b3,45035934
errored,push,28375541f8a4ae27417419772190a8de2b68fc32,44529087
errored,push,a1c8d85418f287ecbc853425c04d57cb8d2b6e9e,44492957
errored,push,066ac950626371ff08a0928fe7628cf7cc0009c2,44492923
errored,push,481d2c9d8d2e24c9d51882601eb0a3a9d3086687,44390064
errored,push,d229397fc20be1816a2a65de7c8ca3817d37c5c3,44390051
errored,pull,199fd621008f6b280a8c1db25b9f08bee5f4e0b6,44145462
failed,pull,54645c83541c200ff9c7d3caea8d11ba7b42d48b,44128281
errored,pull,134efc1f13aeb4c8f91f7bab56b378e487a9d236,44099565
errored,push,c09869eade36e0bc5292be083c15f7cdfadac106,43878025
errored,push,d50d123139677aad0b896ec48823ce249138bfd0,43878021
passed,pull,773ddf3b88c0da76d8e521fd8c962342fc16151b,43692676
passed,push,496a57e92864be6013e951ebf9fc6460caf0fda3,43420425
passed,push,c339029741c15ba13d53bb196f7f459d1f9ef5b2,43420421
passed,pull,9f0f557aa4a5cf1c7873ffe5ec6e6e02976ade2d,43409590
passed,push,b005e9efd9349cd35e4fd97ba8054d16336137da,43041248
passed,push,7156d84f88f76fe4054f79f19d10d77264d530c5,43041242
passed,push,d6cc9981a35882dc3d73618f54082a0e28384d2f,42772256
passed,pull,404cad2d20274a304d526d597c018d04c6ae1386,42720661
passed,pull,56ee4d18ca203e94971895d1c7cf337446342ec7,42205758
passed,push,8b6672b3ba08fa15db56cd5e45ba7a1d479dbe9b,42152719
passed,push,a3c759a7c5e975300c68dfe42a4e899e031a7a45,42152715
passed,push,e758d31842028fb296ccbdbeb97daa712ccd6c3e,40918929
passed,push,f4ea0e57dd01c689ffba80478684975aa3fadd88,40918925
passed,push,ae594ee8ff0103924b1e8f4f9d8eb4d67b6f5eb1,40818893
passed,push,ca00049048ee7058348054cc0e8ef9f887ee9302,40818892
passed,push,8efbe019f511d009f273ce590238c7d14f5bd640,40254169
passed,push,133d6f8cacc836a70428c5d156242d01486f951a,40254159
passed,pull,98a9d4e88498a1c912c1cceed0e03f64fd2cd1fa,39995626
passed,push,021b8ed7ac47b5c74013a63e90056b151124dc49,39989874
passed,pull,73e266d8f71e37f836dbcfd72bc781f255815f00,39942423
passed,push,18cffa695e3fe7fb8956eae616c6966b122e5da5,38969178
passed,push,1c30eebd13a609a094e48a78e049cfa5f1a7a6e2,38969164
passed,push,d1948965a5a41197f81768bd5f59fb9f6ab43a05,38854913
passed,push,be93ccb09f4a0c0fc0759bcf72b350d95bae3eeb,38854909
passed,pull,fd5e86bc9e80438d11bdfbb3ff503c43ddb0c3af,38257214
passed,push,896456884867ef7ea361135d4b0bb40d269fe173,38210342
passed,push,5a94ee588a432561bf364ee1effb9afeb3178608,38210334
passed,pull,5aa96e35b358c91134bbf82b3c0b78ceeefa36a1,37738944
passed,pull,8b0a663c6121c8f6008ce22483c678a65831158c,37738388
passed,push,4f00a9bc9b9388ace48b29fd838e6d17826fe998,37526419
passed,push,1736f16876b4833e2de06a36d380998e51bac6fa,37448136
passed,push,85a907d7b73a4c6e262f72a284442144524e9106,37427708
passed,push,b12c539a663e025ed15da50bf56a25a237c25104,37427704
passed,push,4c16b38b6909a2e1e3c2429e11c5243d418b5ed8,36621148
passed,push,1eceaa16dd67288ab55615ffacd8d1122bf7b5b3,36621144
passed,push,31549c7f509aa99bb966a11d8c70067c7f482998,36277472
passed,push,059b6ee5dce6c3bc4169c3562c95c7c4c9ef445c,35600710
passed,push,0c9ceaec0bb30fd4c144a1bc9d87c7566f440c47,35600706
passed,push,1ae32795c8631941597eadf954bf200bb4fe992d,35173361
passed,push,34cf0a11900fac9cc9e8055d73784be4d39b609f,35173357
passed,pull,a2689b5fab22500bdfb8ddbfbeb569cac922d026,35156542
passed,push,467092778e1970a4cc12a8743b9092f8271c73d5,35072512
passed,push,8d1cf00d8ca141880995f02c8f74997fe8289f7e,35072472
failed,push,5569edc5940f218539bfb1588b4a481f7ac61bea,35035577
passed,pull,1d6972f37d411b529d323711dfce974bad473e60,33537500
passed,pull,cce9606d86ea711eea28e58bdf4a1680d40e6f3c,33533208
passed,push,4c10a9c68516d8d00d8cf871e2de771a97f27777,33333772
passed,push,4a67bca8f1c6d5cf80a112f82d5d3a3967ebcdaf,32690654
passed,push,4a67bca8f1c6d5cf80a112f82d5d3a3967ebcdaf,32690650
passed,push,b5cbb95d2d4cb17f08001354d170cc10e0f572e4,32583084
passed,push,a46122de2d09c7424a0937e20aa014a7de385bb0,32583079
passed,pull,689a584c1da5bd1d7110741331803c0ad92a046b,32530918
passed,push,0d8d25492e274cebd21838db6fac5646650e8c06,32466269
passed,pull,e286f41297337ac019d97a6b0d06a1611844f439,32455465
passed,pull,de5bd4937038f1b25af7a245168db11819f367b1,32404002
passed,pull,4c85ce03b51f0e0b8a4761bde50d156ba7c12dbd,32304639
passed,push,9cff4046921bf08e0cc7bec275a65287f3862188,32288767
passed,push,7e7e5014bcdb45d6c9e56c410206115a491f0ad9,32288763
passed,push,533d81dca1c58776a1c07cce6da299707dc70f5e,31463919
passed,push,17daf3d1b2dea245e43231df73191a1279c511f5,31382912
passed,push,9fb660f70476ed2b3cd6e6d90af8b97e224346cb,31382906
passed,pull,aa4f0a501c7f26936f18afea061c464fb3419265,31294347
passed,pull,e7591eb3f0a6c7ecd5f5bdf458884d93f40c8fe2,31291248
passed,pull,0ea5743bc09393d4efba2fbdeca8ba846a7c3117,31288834
passed,pull,4a137287fca983e7ea15632da5469e846d0775b8,31209908
passed,pull,a6beddba9b00385443fd936747e1d2ba3db816bb,31135240
errored,push,98de190d18e9960e65cab612d300052f24ce6f5b,30802670
passed,push,e6328275867bd64b6a245354c5413ccd4f4848c9,30802657
passed,pull,39554547abc0f1cfa612001f94df0d9a33a711e3,30473354
passed,push,af24ee26010e05ad2a6edbb14cb27fee3ebbbb14,30126322
passed,push,ce763e20e28201ebe1c31a17e09f940f3a640df6,30126318
passed,pull,a8124a90a0fb5c9ff6355067cd16563f601827b0,30100168
errored,pull,70c39975d1bd68abcf27454657009890155c58f6,30095434
passed,pull,9be7d2d59a2a8f98ca421fc280498095a54dac36,29683972
passed,push,1d327a5c3ebf3e4d41c77dab1568fd2a546d8dcf,29644164
errored,push,e6bb9947e4022348ef4e92b5a24bdb84140d2b63,29644167
passed,pull,6759c0f80d23075063d56a1ef4991049cd3763c7,29577853
passed,pull,ae173f68dc5e292715b68ad3cab1af7e7c0555c4,29488404
passed,pull,d94507444b5aacb531d331e29536afce117b61a5,29146936
passed,push,aef18496c26029c64dbe514bccd9bde02c80572e,29015359
passed,push,82a3a279a94aacd582e40aa8eb74a8dfa3016b63,29011717
passed,push,1230cff1076de4dd424c998411f9ca052fde8fdf,29011711
passed,push,5ccf8ddbdf00d21b5debbfb8179d9417bf099cfe,28551134
passed,push,35299b66a7a5d55ded81f5f5c4ecf89430ea01eb,28551038
passed,push,c5dae86a72547ed52302dd273c8b358945c86bf6,28551034
passed,push,a8e776f277fa1f051033f3208c94dbbd5b0fca24,28541264
passed,push,69c991e5fbfa4e92f2d182acf8a7d74829ffefd3,28366822
passed,push,22432eedd79bfc16dabc511beeb03d43532cede6,28365921
passed,push,dfbea9ce9b3f80106ac70320504f872992912436,28365912
passed,push,9d820df75bb7bab69c67522328b814d74e4d3413,28363564
passed,push,1868f99cdc4d5b47e2ae821254d24f14b0341ca4,28354610
passed,push,bafacbbcaa3213ba5ca510a3b2346fbe755eba1e,28332695
passed,push,a405a2e73611841a910615f4204fa587605fec1b,28332617
passed,pull,fcfb9574d3aa8399295692b43750d275ee1feb9b,28208396
passed,pull,501b8dd468f01f9d2ddbdde2250206f9cfee4703,28173167
passed,pull,0fad43e97c7b3cef9499046ef1004125184c7a28,28064507
passed,push,c7b4faab53ab69dcbca4006cfc8c7d9f454703c0,28061949
passed,push,257dd4908cf99ec1982feed247fd2253589c222a,28061945
passed,pull,dacbfe39ac572e97eeb8edaa37b51da73c4a38e1,27957907
passed,push,4194afb21451ccde5ed403771228cddcfec914e0,27434357
passed,push,f9d6352a4c3f376202b8951e30b319794ad3e2be,27434353
passed,pull,6a87b034d1cdc42400981d7fbe57c4b27f7b5e13,26670940
passed,push,ca1d940f11922ca4a93d0e3f5ea7d778e511bd26,26351324
passed,push,86932db605564767c1064843381a6d4f6ed8929d,26351320
passed,push,9dc515c60c61fcb68e69ac0d17143ed511f1fe1b,25827446
passed,push,91471bbd3e2ecd6c73434262a743d61852bc2442,25827440
passed,push,bc0dd5691fe5fb0ec4020b33cf06316dbb6ba4f1,25646768
passed,push,bc0dd5691fe5fb0ec4020b33cf06316dbb6ba4f1,25646754
passed,push,94e33cdb370bb3ae38b6a4a5e0706422e6d6358c,25195727
passed,push,f6fbe5302889fbb2c1502769bd096a83f29e9b00,25195694
passed,pull,27186fe208bc4e75dd465a5e4046d44175e7b8af,25125253
passed,push,29d41f1dd7b969904c61c8c58edffa57d43eed7d,24830625
passed,push,7281d478f5c89597bfc1a2ce32f502909cedf2e3,24830621
passed,pull,bc1066fd3a239539aa47d791ae553cba318bc0c4,24606702
passed,push,256992f69bfa0248703c2fefcfb5b934dd2e3ed2,24580957
passed,push,d4b637187cb63d706ad72af99d7af3eedf7e1550,24580949
passed,pull,aa0eade1cd4c822d4907e03533e42c75511e73ec,23758687
passed,push,e5b02d4324b9b6893eddb767a95ab4ab23ce1bf7,23718319
passed,push,24d1a18a0a3f0842c5331acd46fd76f5cd102116,23716905
passed,push,dc2346926c3970775abcdc1e3df12d9ce8643949,23707500
passed,push,ee9d2025f2c0801c53a1c21a03ef01a43254fdf9,23707477
passed,pull,b840c6f05ea5c8106bdacda513f96d19a535ce84,23249738
passed,push,3d94e3ad358ea7dd3e5dc80b31c2c0125500ff0f,23242142
passed,push,1cc5b830fee81a44825570a4426b15843632a4c4,23242119
passed,pull,703dfe82bf995cd8e2fdd2f92be8aab60d5ee049,23017271
passed,push,f04beb908018dcb0ca58ac6e00f2bd66953efe45,21716319
passed,push,04ea8c371d2a9fd76820f3dcc567fb13347402cb,21562187
passed,push,8deb49c600ca05a6098f42e887bf49620a31c058,21562155
errored,pull,9cc6045dfb3aca9c5d64367261c38b1bcb6594be,21382976
passed,push,d1790c78af50488f38d758fd1f654d035b505150,21197683
passed,push,d1790c78af50488f38d758fd1f654d035b505150,21197679
passed,pull,26df14d3884ac4c538049297de44e1f727e44ce7,20505483
passed,pull,93666c4144ad3961c3910d3f814da1f6e87eaaa4,20454357
passed,push,6e43fff879c9f711237feb1173a17be062214313,20246141
passed,push,6e43fff879c9f711237feb1173a17be062214313,20246108
passed,push,c647a312fcd08fc4f7d0466751dd4e234a19df99,19765101
passed,push,c647a312fcd08fc4f7d0466751dd4e234a19df99,19765095
passed,pull,bd3b051776d1d67a3ea38ce33f83d35d7d0bed74,19095474
passed,pull,3a22b530553419bbae80e0374d08d40b2e445648,19095029
passed,pull,a32e2e389be50cfbcbb4e26871327eba8fb7fc4b,19072898
passed,pull,b694c7251a27c12bcfe42741ed4084363c5d93da,19028071
passed,pull,86bd73387e9f8f281c81b468a6757a645a2f7feb,18972627
passed,pull,697ad944eee70b7410b9838a68aafef4565ea1dc,18886499
passed,push,cc4a6635baf6fe13ae470b987522274e928bda8d,18368579
passed,push,6837d3ba3faa00c79be5e83dfd0eab8f513216d1,18309057
passed,push,6837d3ba3faa00c79be5e83dfd0eab8f513216d1,18309041
passed,pull,87d6ee230ef5796d6e6028099da3cc38b1f2c818,17968800
passed,push,82dd0116b4d15d5dbb0a66aad65484fa76522a57,17875004
passed,push,82dd0116b4d15d5dbb0a66aad65484fa76522a57,17874993
passed,pull,69d226c58cd1def74fae612312bee548780d81c9,17807578
passed,pull,07ff81b6a679bb7de70bc67a7e55dbcfde1bbeba,17710487
passed,pull,c1edd99e3470fa332b88e23acc874d5fffac6d85,17568531
passed,push,7b93e463c9965c9a4bbef89eb4e1108aa4440006,17429128
errored,pull,5c5a7a40cdf8f7ff0e53954747cf9a9b2a79139a,17296139
passed,pull,5f6c97ba5b375eafceeb9bfb12052ea926169661,17122455
passed,push,0eefc63fb9f2d5769b346645c71d78fa896bdf1e,17001543
passed,pull,4b71b803bf6bba054cbb3ecac938b9dba9090875,16995400
passed,pull,a3812f4a3686f12bdc3490a711f608994cbf18b6,16919097
passed,pull,43562e96062d40eec7d35cd5d0e7b1eb69f5ca83,16909440
passed,pull,e36af346bce69875207a9a72159955777f86f639,16697831
passed,pull,a2cb6c419f077aee9a5527c318d0e68df7894d0a,16697214
passed,pull,5aa2b4cba81ff14074bfb58bb6717f6d6b9de347,16694369
passed,pull,8dcd21f2dc376f1e1bf32d35d1e487a39a7df91f,16645457
passed,push,f12db8d20f7cfb4674a52c1e1510b6004dbb3a47,16618632
passed,push,c87d36dfb65c2030090017066dbe6f0ba2d7a818,16618615
passed,push,5ae40bb48cf447956f8f16ce07a1cd6700ea1316,16278896
passed,push,5ae40bb48cf447956f8f16ce07a1cd6700ea1316,16278890
passed,push,0960124b08bd2598e9a76535495fc0bcad85886d,16017684
passed,pull,639334deeb837365c9e802e035ec850d5537e826,16007965
passed,pull,ed5846e1f2169d25e78f5a95d7f0d0d32677d73a,15779376
passed,push,d1aad5a1677bd39b430b4a824cbace33436e33f7,15743651
passed,push,990f06d23ac7ebbdda617bf01189518a889a9cae,15743645
passed,pull,f87ff58df13544ee14a3db098deeaf91c44293a8,15689974
passed,push,1c5772a24e61d377e747d4c9cece2c4c24137902,15607718
passed,push,df98bbf2f5174e397c093eb74066a0a70cf42b3f,15360996
passed,push,df98bbf2f5174e397c093eb74066a0a70cf42b3f,15360986
passed,pull,bddb2f9082db725b9f5f4c2d2625ad700dacf373,15126335
passed,pull,957d333dd8680ffae925a53dda2d8f9bece6883c,15122104
passed,pull,a49151948850eb1cea9b8c00bac26ff46b4414f5,15049110
passed,push,d5ec1bee1e540ddf0a58db7cb01469fe71b062b4,14996958
passed,push,d5ec1bee1e540ddf0a58db7cb01469fe71b062b4,14996954
passed,pull,df2b6024f34edcd6ce8dbe2f1200ae9099eda8db,14996591
passed,push,9d698b63661bc52da375f03de9996c8e289e2ee0,14397198
passed,push,9d698b63661bc52da375f03de9996c8e289e2ee0,14397138
passed,push,85d0cffc3b243db9f5ca9da20e3b1298bb174c0f,14384569
passed,push,85d0cffc3b243db9f5ca9da20e3b1298bb174c0f,14384551
passed,pull,067785bbf8efb54706a86fc27c747ac2689c6a49,14204053
passed,push,1be23519c2a662c511c42c5a9fb9857a2cc0bc28,13998881
passed,push,1be23519c2a662c511c42c5a9fb9857a2cc0bc28,13998793
passed,push,d5659b31376528528b005e5d35d366fd28ad997b,13704405
passed,push,d5659b31376528528b005e5d35d366fd28ad997b,13704398
passed,pull,5329b601de65d2df154d454a70ce48ec160e3620,13577025
passed,pull,3dd5fe9bcd26f3de071f2326e15741389e81b8da,13497011
passed,push,6ae2c7ef335ade36bf804c0f494044121673b3ce,13490029
passed,push,179d8b9a40a54aa1fb2abf670dd63171b43ae654,13483601
passed,pull,ce4c767b0aa3f050f8c7989e2cd3e74b0f9e2899,13440455
passed,pull,aa1d7c2d80a1dc8037fe7d97b14b883f9c3238b9,13419435
passed,push,f07abdc0d3993e14d378619b8ac23ec98c07c69a,13335052
passed,push,f07abdc0d3993e14d378619b8ac23ec98c07c69a,13335039
passed,push,ac6013502e68cf6eb39fc460556efb78a145b9e9,13333580
passed,push,e00eb7ca9445719e20bd591f52b27526539e0e6a,13009420
passed,push,e00eb7ca9445719e20bd591f52b27526539e0e6a,13009406
passed,push,3c7b62e95a1d742fab7a3593f9c9f9fa324ce739,12906777
passed,push,db10015e9eb438cad6b56291e27a38dc73d98f42,12700220
passed,push,653574ec94cdf70df26d4d1755f4bd7dd48cb90c,12700192
passed,push,30f83776c0fff03833ee8235f0c9d23cffa0d8e2,12343000
passed,push,2dd166f640dc18e124b848431d96e669881ba859,12290679
passed,push,68aa8700908e41c43eb9157fda13f03075679101,12105420
passed,push,e38176c642f548c614af7adad2db38b5a854b3dd,11885724
passed,push,d26ff1f5bb03cff9201510968941d670a56eff76,11608330
passed,pull,f819e1e465224dbf8113d784e973e97cc8820626,11600996
passed,pull,dabf9245bc1c1fb392e3b850dab8440ec43c229c,11577481
passed,push,6d88d2ed9c5ed80619a3397fd484fdc1f8a221de,11288553
passed,push,ef7a63b07dfec9e9cc051e24b56a72e207daa30e,11068658
passed,push,a48ec097c98abe77ba1d289d29ae8bcd29737c58,11031496
passed,push,76aa01d49e9f53dfa3cd6e21d83576703d37d706,11030994
passed,push,172c614e8047d921a25d136574047131ea2e7c8e,11030540
passed,pull,034d8969c7bf5ab8b7e93ab0b9b3a471cd41b889,11008486
passed,push,5577ce3219373903e1c0cf12bc8ff341901fcdd3,10995320
passed,pull,e0802dcf3d4fc0555eb4fcde25c9cc33a1654b0d,10987499
passed,pull,3701c059c4229ae545d80a92eabd836a98b42722,10987284
passed,pull,269468bc0bbd5e2185563010f46cbccd1ff9e6c2,10977674
passed,push,44af5e951b6853cf2c4e437fe378e3245170f691,10471197
passed,push,379f8d59a0ccc8ddfce705e3f47e5855a148d491,10469693
passed,pull,74a8a3ab792cda9a15c3cb0b3792bc797e7514ef,10352367
passed,push,6d56fea6102d05d109c3b24f1936b55cf31f8dce,10290284
passed,push,26bd0f3ecea9bce00f1870474130c625e2704141,10288840
passed,push,cd9cac6ab75b23d446d7aca2bbaeb6bf6e428fa8,10151825
passed,pull,50639ff809cd4a0bfd5b168a1dccf20eee23724f,10146307
passed,pull,5dbf0bad376037aada69a952943c292e187121b0,10114369
passed,push,2bec87523fe96d6b423c1915b6f0387773695352,9888539
passed,push,cf49d27c323981b3868949a8f2061a7a51ed0b06,9785153
passed,pull,e5eddb93785360757c24918bc751ead1aff2b532,9490322
passed,push,495ff100e125c8eb4eb6913bc684540bf9921338,9455247
passed,pull,280d84cbb473ed4114fb889181d48c410f35aab3,9295999
passed,push,858a98c024e9b7b7643a57059cee0ba86dcb86cd,9237556
passed,pull,fcd3c95aafb33e06b706eaa61c89c799a9b19b30,9095882
passed,push,3463cca2971f5fe8f0e7be1c8a41f32ab7207334,8875449
passed,pull,a27dc6d02b37eca017dfdc910bce81d7f896072c,8597132
passed,push,e2883be4c92d58df1b9d1869e22ec7c91be552ca,8217737
passed,push,003e91a4a9716907ef97ffa708e8050217887948,8060388
passed,push,e9bdf1205aabdf53e56e2a304293690ece08264f,7588355
passed,pull,b6c5010b93272450b46f69dfb0f5699155dbb88b,7498319
passed,pull,00e59590bfe72131c131352abc7327c099aa42e5,7384019
passed,push,745a6b223835d59deb27aaec9433eb6d4c36e320,7369923
passed,pull,5779f2bc4e87ce3ce0af87c423e1a91389740d46,7221905
passed,push,c2f2e516c324247938f9b8ee7adf49526d60af79,7205946
passed,pull,394724d6ae1cba2f10548247f45c1a694437bd23,7201705
passed,push,c02db444264a719468ea242490db07b883f85271,6798246
passed,push,ed85bab7f85ce5d493fe2d7757409132ffa38172,6797906
passed,push,eb3be25b7c732cb568d6ae3017ff4d06ade0b01d,6797777
errored,push,009a7e5c88492258e552f5f49c30a6d975d1b5f6,6797546
errored,push,87908e3a0bcd6bc04fc2234db77b8bb5ec56fc0d,6796584
failed,push,7faaea4f19124f774c2f09abe7201d25e627c845,238872590
passed,push,7ab10af25bc8a019651a33f6d19579558350c761,231253161
passed,push,273f01cee851cbaa6e6e4cd70908173865198d20,231252148
failed,push,e84962e58f052ac1e8e46424c85431583dbe4d3b,231248839
failed,push,a46c59e724460c354bfb26dc8485ccfce5faf106,231229095
failed,push,3f245abadd21266921c56442902cfecf896c7cb0,231222410
failed,push,7faaea4f19124f774c2f09abe7201d25e627c845,231218738
