Status,Type,Commit,ID
passed,push,cb70d2bd3b5312bb05078af11f3613406d356768,296577092
passed,push,cb70d2bd3b5312bb05078af11f3613406d356768,296139718
passed,push,6aafacfcd608a2e82b27af1ead054009c608b06c,289800757
passed,push,cd961ca93a73568ea858b32a9373f03e49bbd149,286339554
passed,push,2d4249d5f08976b49e37e86fd37de0976b649bce,281675532
passed,push,2038672bd9a61b658e8d5aaa54d9904fd875f500,276194018
passed,push,35463a65f93b52db5522a8dc8ec281289b6ac4be,272781264
passed,push,936dd6443b11d19615d793dfec95418f15c66b16,267977736
passed,pull,5639277c3c77994f1a7d2d020b6d2e60b1501e76,266692219
canceled,push,e5c332f699596f87e05a6898cbe2db4bbd79c1e9,257258708
passed,push,8f92fc333314367f097b3f965cd61bb5790e7610,257257674
passed,push,5ccb36fc5c60f60ac02e2feb6f60b0d63c5dd903,252685341
passed,pull,c46719344802866091aefe6b1a9bc6c54860f88b,252067761
passed,push,86e4d57e9ac0bc94f0b836e0c08e3a45f362148f,251718089
passed,push,c4fa2c1b39c327312056c4198eee6e2fb849f0fc,249001766
passed,push,f105e88ee53b9d36b78fe51faeb82d41705cb58a,246391210
passed,push,6952a0da106663ccf0030ed1abbb408648734e29,245372589
passed,push,1797745bcbc2e32233c93107c5729696d4930187,240743563
passed,pull,239ff1addb19409462f622f91ee00698fe0976cd,240355848
passed,push,d570d7bfbfa12bf9a5ef705d2375d6009e44251c,240222945
passed,push,35638476646b0cd5fd1e4b066c1694781cf5a8ab,239995684
errored,push,0a6345ab7b3f23c9063913e2ef64a4bd0a1233eb,239991622
canceled,push,e4e44b846ba4020053868925e2299d7473c214f6,239990172
passed,pull,f2e2ba0c4fce8e97ed53820ff63306277ec67f82,239508466
passed,push,997201fb56a4d5005ac227ee43759ed36637fdd9,239088495
passed,push,c6760df4cac68f83d5dbf61092ff273beaac1dfe,236889279
passed,push,b5378cff5d0f8722bd92a43d05efa9c59cecab96,232127563
passed,push,89e91f1f67491396c287e2dae889143e5076e9a6,231552814
passed,push,217bcc235a22f4e465224cc8b87217e339b9e954,231423594
passed,push,d206b2fe71d028ab636f077d01ed0c09aea14aaa,229948053
passed,push,ee96dc65fbe63b9925e03ff3c5af01ed9770bd00,229664346
passed,push,afa7b7ca40305c9df7b4260ea8378361aca168bb,229125384
passed,pull,6882df0df96353766300b1416368b8fb322cee0f,228203650
passed,push,de98ee865c2244cb427f12e4748a92580c2fe49f,227039915
passed,push,07b98d2f25cec10cca1877f4a5e16acba113b7a4,226338478
passed,push,87b5f8cd46102562dc4d4e29a5529c6a42c4cb44,224900393
passed,pull,eb86f9fdf74511a2835beccd176a444800343342,223262438
passed,pull,e30c0e2460e5d4b424aaa88644e40475614dc963,222729769
passed,push,2802bba7ac48dc6caeedcd14d3a6935746d239fa,220522680
errored,push,e87b5bad73811bd360247b96a51bb5479fed0995,220520193
