Status,Type,Commit,ID
passed,push,8143743d9ef985fb10b3fcb7635bc869bb514610,297253344
passed,pull,8cfb5e30ab287278d633f02401f1dcae754cef26,297062278
passed,pull,37539fc5333cc4b4a71e3479d6909dbd15ea11da,296556937
passed,pull,177d563b1adf41ee27827f88b31564da17a3820d,291926603
passed,push,4e7e2b3077cdeb810d4f9981d1f635734c7331ec,288876017
passed,pull,1e0afb36888ca0d5b3c55339c62dd3cc3c0885b1,288153931
passed,push,7147ccb054790e557fe37f9b5e7136dcdffeedfe,277227478
passed,push,cfad8fe71cfad8a46955f2d3c785c5b825d8775d,274974995
passed,pull,83173547c79df99ddfd77a3947195e610ccf8afc,274857600
passed,pull,bd5006fa3c94390be27a09dfe5676ccf0d4af7cc,274833993
passed,push,137e283885f05f690cdeaa58aefc1468680c3e36,271217437
passed,push,d35c1505f2e1297e88842f4081bfdb9262ecadf5,271211265
passed,pull,5dcf919c3a4984db3f939d4809e2a65e3c07c4f7,271104786
passed,push,d35c1505f2e1297e88842f4081bfdb9262ecadf5,270762734
passed,push,0a029fc9dd9cc5aea9b1f735c7b30f5100ad064b,269752429
passed,push,0a029fc9dd9cc5aea9b1f735c7b30f5100ad064b,267853291
errored,push,ca53e98eb24e7b5b71582b926410aeaddc0b0cc2,267853212
passed,push,3dd252d90a03e87b256c200dc32a0d4ae523e47b,267848702
passed,push,fd596efb3dce0d68b767ed601b6562c4e2819842,267738151
passed,pull,83d0af9df95ef87387068fd50616766622994f6f,267479004
passed,pull,b4c91abb3acdd94fa663f1560816ecdb32509bcb,265466283
passed,push,32b251291774d7f47f2645151b315b8d931cd8a2,262307055
passed,pull,299d756b75d3243286ff50a1356e2df286ebbdf7,262212362
passed,pull,69f24dabee677c288ade0eb738d5cdae19facbee,261350603
passed,push,3d903b19c987cccec0f472b53fc39f4355c85ddc,259090905
passed,push,230896f0a840371f65a1c2b2ed56dd9b16ed106e,259079697
passed,push,230896f0a840371f65a1c2b2ed56dd9b16ed106e,259079280
passed,pull,af0b9d1b07065e6ca42277d7ec75771897144651,258697339
passed,push,69f85687bbfc8bbf69cdc6aa6e8cb7bd5d157e60,257387689
passed,push,7c3130b4453f56a1a22348b5d27a3efecbe46791,256954534
passed,push,2848a637f19eff2cde483d70ae8617b2c020d892,256651136
passed,push,3f02e73f0727472346cb1dde34c7ed1a2270bf9a,256632594
passed,push,21082226904b0a4e651bb0ba9daf94c7029b4a9e,256630305
passed,pull,956bc970f1d010c1d1f6ebd8b40b6e416a23d488,256605492
failed,pull,3989dd309ad72b2c872633b529e48acb18fa5cb8,252362723
failed,pull,7c8edeea426d89af2e0b6b1b2cf3ca89d1d37dbc,252361298
passed,push,6d5b0f373e6b926437d01b10b266fdf7a98e40aa,250442263
passed,push,3c26eb9f7f32955a110fec73439e70d811a44432,250436025
passed,push,87e12dde84bce255eb36059240b47bf49fbf8565,248548615
passed,pull,2f4cfcdba00ceb832feb4c183bf18b4e9a8d8a96,248433206
passed,push,b82480a854002904240d9507450fece59d853f79,248368713
errored,push,98d74a1acda9dbe2f47e2142eb26ba91561aaad4,248368073
passed,push,e5754cb4d56a62cc62382a99f15118d70ac59f15,248064397
passed,pull,89ffee1c70a8e50cce96d11e849394f32c2bf88c,247831335
passed,push,650dd7ed4cb0a450eeec2e678c1fa99a48f15549,246747322
passed,push,b94d1645afdb7b2461036c268cace4bfa6b9c2f7,246740611
passed,push,b94d1645afdb7b2461036c268cace4bfa6b9c2f7,246740380
errored,push,a92150d446297e44ef63a909509ba4d93c3de785,246738074
passed,push,a92150d446297e44ef63a909509ba4d93c3de785,243570799
passed,pull,e97be824ed21aced69de7e29b979f2f6f9852d78,243564387
errored,pull,07c9198d6d716236581b8b68cc8405bc2fd818f8,243562766
passed,push,82d707e6fc3a77b07880d566110c0478265cea71,243557096
passed,push,1430d941d1e6a1ca0fa5c3f0a76db41a8bef6808,243556831
passed,pull,d993589b67fe00991d9a3fd9a1f7a8b543142fa8,240951548
passed,pull,7bc97b8f38022ad8f00b3faa05c95f99ee6601fc,240938877
passed,pull,efdfdf76a93e8068fc6af53952a80fc5969c08ae,240932341
passed,pull,5ae65fd4b6d291a8c77eb4dfa196fdfcb5ca2bed,240929065
passed,push,f6ce44cdce2516536959d381d9e18b320da89fa4,240024198
passed,push,f6ce44cdce2516536959d381d9e18b320da89fa4,240022813
passed,pull,b589242ba7c4599c619e7ea809ac2290f95e15c1,240007043
passed,push,24ea99c45af0c46d7df3e52024a74e947377954c,237808083
passed,pull,a9d88ab5fb85bffe81e0e4e9d9f7c18cf7990e93,237699981
errored,pull,52f4017142b3ad8fe3b007835814fe4e28079ea1,236445541
passed,push,77767bff3e45d8656bbf90c9449f0dbdcd33512d,234133697
passed,pull,9fcd248f787e5bf3659de5e7badb2de2a5830252,233011941
passed,pull,3a80576b80eae1e4b9e74a211df892016baac040,232999622
passed,push,98769abe8899dcf22882acc78fc6a622581e5c7a,232905782
passed,pull,1cf4a60ff0d630edc41aa25b7bc70b494a3ef81c,229635918
passed,pull,3e26d80f39782608ef99d624ffbcf0c766c36800,229634320
passed,push,6f129e74f3c64510ac1d32332ee9801218707379,229633000
passed,pull,97198e2c726def6db1b09b8f3f0f2f8fe7206624,229631750
passed,pull,b30ecf0edf20e3e4e9b57fa93e1eeaff6baacd16,229169031
passed,pull,a47ebab919313497153f1dbf284278388521bb1c,229163327
passed,pull,f1fe8db2707f40e492edec0fd42d0d97d175b0d8,229161493
passed,pull,ee7bfce8e87f9fd7e09ddba59c9a8daaa239e335,229146201
passed,pull,04872cb7209e08658d7189709afe2afe623aac49,228072540
passed,push,2eff7af44123352bdee516e4e250cf03865adadb,228001198
passed,push,865d8edce044b9ec2212decb727742e188340dc3,227999336
passed,push,4b0b99d13e46c9ea21397a0e3ff5375479aa008a,226008918
passed,push,028054d15cb5992b047ac89f76dc6bad2cfdd41d,223685288
passed,push,e6b3aacd4e905f568a08caf79b48c0b64b9179d5,221752414
passed,push,418c31097e498ba48eca005476dfdd9f1ffcd963,221509626
canceled,push,783299eb6942bfcdc5c6608ce1e3f270ec1fdc86,221503594
passed,push,65041496e105e0328e3f96bae8d901ea5de0c488,221480747
passed,push,65041496e105e0328e3f96bae8d901ea5de0c488,221474348
passed,push,7e0fd6383e7ba2f2eeddd94573f6c1f4724e9434,219561314
passed,push,141c6142c18ff6db44be7968adf53b92ab23a181,216300227
passed,push,d880eb85dc3633ab69c1d9e0f0680bfb196f9515,212873729
passed,pull,b6f46c79c45b081c952bf983d7f1b5a9e20ba109,212857169
passed,push,08746e55fdedd78a508c15f7ff608eb89ba14388,211787692
failed,push,11ca47c62923b9db2c589d8e551dc2f5c26e591d,211505461
passed,pull,4ac86c2653fd5e2e595025e6896d60b5e16c3b8d,211114544
passed,pull,7132758a39a62f98b8f8237bf832c1e4b53b0cd7,210925973
passed,push,71444a1503e406ed399e22df150430fe89a31404,210307609
passed,push,625e8dd731bdc528dba666f03a6a64b11616cfcb,207908753
passed,pull,baf695829a6e4c3ca2f986102e8435d5f4ae6161,207232613
passed,push,a205e5b8b957515b66691ffacfc8f9068c27c659,206494995
passed,push,764bf72071e86f4780d4b3475604b6f489130709,205533891
passed,pull,97bf6b391c39a239d3f8df9d3d4fc92a0828ebd0,205290656
errored,pull,a9457c1e85adc892d6349b523cf9ebbb8f2c759c,205288694
passed,push,6203e62ae3b0c43b250f35868ccf0b590b5f2b02,202600547
passed,push,6203e62ae3b0c43b250f35868ccf0b590b5f2b02,202588518
passed,push,4f80a48956c567cb4e8e387bd74a6fb67cb92ca5,202588507
passed,pull,92e85d965951f6f0822b20de0bdac1ba4b13804c,201770673
passed,push,04e84ddde0a74ffaf8befc956542d25f08547f56,200443523
passed,push,d8d478fd96766bf8c627f0f66511fef9d18762e5,200443519
passed,push,8de56f915716df52c3ed2e86176f9a6ed13b37c2,200345952
passed,push,adc880d564155400a6b23fa0b195e18e3d3dd238,200342841
passed,push,3dbea6bf14cea276122d8ef24d53409defae3263,200339214
passed,push,27d239716f9e787d43d42340394ea75a035cfbf2,200328075
passed,push,9ea178e41cc94f795515d40538e5595e3abea25a,200313510
passed,push,3aea230148044f2df5dfbcc2dca04a506fd304d9,200126853
passed,push,1ee2203065eabf4a268eba62b09c0ed5c1cf40f4,200125634
passed,pull,9ccf687e474017ecebab4780aff6f323d79169c2,200028331
passed,push,94aec760589f6c82d581909128c5935b1b16e80e,196661597
passed,push,163c9f13784a07c7fccac69473a6ca95dae3a944,196659842
passed,push,7f605ff0371a09d19145858bb7f5e48aca5a22d6,195238976
passed,push,f75f9b64ebe68b5a5f37aae2277f91f12905bd2d,194935604
passed,push,0fe2d9897d99f751a9f484584f4739c36e348f4d,194915790
passed,push,a5b821639be8aa02b4c17775ba38552c33d7b4df,192437977
passed,push,1dc3d9c2c7f0402b5a43a899eff1217219a99ad6,192145146
passed,push,17d7699d3874bcfe5619724d5297d98f6f0d21df,192102798
passed,push,5c90f4731e4b259ce9536b2e147b0b33df065aa0,191225446
passed,push,21aac376455397026eb2e3ed139974b9719d2b41,191214185
errored,pull,cc0e0cfad4a2336ce0b0e7f2d7ce155dbc1d7431,191048505
passed,pull,800253c14dd8f24fd7ef5ce08b9af70ff2e5d059,190154615
passed,pull,01c973781e726693672de50e29269f0633a7cf0a,190143710
passed,push,f6bcc8786bd68c741e016c4783b5bdfd79804f00,190081826
passed,push,c4203e5c6ac2fd8f274540c71213bc43c81f90dd,190081229
passed,pull,ba60c85845c41ae76ee7d04b0a665cb5ee38a3fc,190069692
passed,pull,ba60c85845c41ae76ee7d04b0a665cb5ee38a3fc,190068813
passed,push,4bc9d3a93553b83bca87e0fa2b65179dcae606bb,190068720
errored,push,df8b1e43420103168e5eec3e53d8d7afdef5023e,190063299
passed,push,85cea18efe35d47c5ed96a394bb2c6481c4fffef,187812898
passed,push,e9059795c556670467bb2a11baa9cb1853c1cc3a,187341945
passed,push,1d8d7cccf5232e1d4e7890b526c245ed573d3dda,187077216
passed,push,14d8c01bdc74f326bf9ac9eb9eeb94e0ce1cd01e,187061372
passed,push,3bddd4eb65ed0278944e29bf63c17232dd230eac,187059803
passed,push,7602ce3a812ef93dc14434f7e105a3bfee718e59,186967634
passed,push,901786d928b02b5b705f7742a3ba99e8aacf5242,186833357
passed,push,6fdaf8c181d4273f4a2f2c86a77ced1a79991887,186824030
passed,push,901786d928b02b5b705f7742a3ba99e8aacf5242,186701114
passed,push,d49f16a0af5c84bf15ed43a524609f9b6dfb19d5,186455077
passed,push,8f6fbd0120165a7a470dae573dcd8311d940598a,186454484
passed,push,91b925d0e731c962a70ca1ae35653d49e50ef85d,186449275
passed,push,41882f0b413e375678fb5a90534116de72572dd4,186448913
passed,push,48de83ca91e52421d09eb6127f3f8b0746b31236,186431188
failed,push,a705845290fddb43f41384800f0c15ac3c1400e3,186429912
passed,push,900c53a9b230db101ed11d27d9302d04a90f419f,186422251
passed,push,f7af1179e88f09ab4c59114cbbbb423b82d37912,186089569
passed,push,2a26043876c80312995e378ff9ff4f380d28225a,185862737
passed,push,38a5cb25e067200b5fc887809eae3b4a5509fd36,184809566
passed,push,d1c1b0da0bbf8611685ede3f9f8d21f5b6639aa3,184809495
passed,push,29fec399fb7dbc6af9e63cf4d1f925057e7a4cef,184372710
passed,push,ccd73ea0bda2d10433198fd8beb9fc8121d6da3e,182899542
passed,push,cdcd15820568894bcceabb494f483f46d4d9a583,182899440
passed,push,b2bee48af83b904a25d41da03b9be4d7922dd3dc,182896490
passed,push,34b2a071e8adfd407601040388e1827e423cd2a0,182880983
passed,pull,5f191f65e82a743ff81c3a4bf94a9ded9ea617bc,182327257
passed,push,6f3135c648f71193bba9d10a0cfd9c590ccf2487,181118747
passed,push,b3e07520d77fb5ce4e5a03bfd7bbc82b6fa8a801,181118742
passed,push,e8dc463e9548b72b1842705b2538609f6dd8d3e0,180957652
passed,push,0322f0254855825bc6734a4532a38a339f1955f2,180957648
passed,push,32e1d9ba25635940cf4c333a26cf6b56686b6952,180954508
passed,push,a0cc96c72b4cf4aaf46709563cb8114feb7cd900,180954506
passed,push,8d69cc6b484dfd67a6b7695334775a663c8263f8,177778277
passed,push,cbb2dcb48e43715512faf089a64ef80817f2ac1b,177778272
passed,push,948bfc9bfc34e28f91458ba6c67e7601eddbf26b,177499315
passed,push,08b16417c56a7c93edf3bc836c5d1d4f479eaae7,177497423
passed,push,3e16bad15ffa31354be5016f897f4e9cba90efec,177414095
passed,push,60c027e2a337df61d591bf620bf360188c39e2ba,177414093
passed,pull,4c1af9fbdd8789e7ba8dc897ec80840809d795fd,177017665
passed,pull,57afe435d466009e486ce30555ea42611be4f80d,176633284
passed,pull,4bebb6d8672cd7fa9c7a68ecbf513650b477b6b0,176631429
passed,push,8c83f31a62713cf661d29f76e2b94ac96297a1da,176528922
passed,push,158df2b22625e44b121ea81d9b66f2c249a237cd,176528607
passed,push,70791577176461bf3b61a7ae4b537306d236048a,176527099
passed,push,2cf29fd6c9c58dac2a86c5e19e8a7cc95fa358f2,176503523
passed,pull,b5f900f6f082ff9971223edfd264776a36d8dfad,176491873
errored,pull,0f89420df6941341aa4f98209137a9846a2e53ee,176486708
passed,push,accb52d1eb872acb30eb285592af7a9abed9bc4e,176476477
passed,push,68173d875fd18b055893709e271164bf397d882b,176473835
passed,push,79eb9496b739bf2a28725c23da79df03600b237f,176450181
passed,push,79eb9496b739bf2a28725c23da79df03600b237f,176448523
passed,push,c8a1ae9e679c0b1c843bee07d9ca9dbb305585b0,176448512
passed,pull,5f46eab36d6cb092e10e053449782fa89781099c,176394895
passed,push,a99a889ab7723a00dc5ba7e4abfb82f79a5a26f9,176174667
passed,push,40e8f0d0922cb4f133ee1dc5871095bdb9913af2,176174391
failed,pull,701683bfae8aa73e60a0dce0cff386ccba80d66f,176110661
passed,pull,89c13ef126f2b3f610a329f8ae28714806f59d13,175710246
passed,push,d6cb259c2a5d469ff512ee599c762808fab7256a,175345163
passed,push,79c236c052ad218bf8464138b99323c4b977ee2c,174848704
passed,push,30d76a739418525807890d98b1a6b86a1d6f0ace,174848693
passed,push,28a80e70d25909a18b23bc337f5e5c094d3b3cdd,174314306
passed,push,ebd94f0c91bc94dd2493422fa714ff1f19799dca,174314271
passed,push,5a85affa8e31db9d11dce4fb90f580cb8fb2653e,174013102
passed,push,813aae08f7538f401f076f3202bb216fd7586657,174013096
passed,push,41808985da85e5b73fb9f013b2817483599474d2,174009138
passed,push,0909ade45b6004e6c45ab9f1905066a6f34f3795,174009136
passed,push,fd1b66aa18d10ee7ba90cd59659d84117315ca1d,174006010
passed,push,dca3e2903d1051a9fedb4091f9ab60c3110e3313,174005819
passed,pull,a3ac1e04d87568e41b93aef377df19e3426817e1,173930200
passed,pull,a0d5fb50e8b01b72240d048bffc4785de04d7f12,173928700
passed,push,6b39788ca3265c91a949b88074a52565a0db5d86,173107591
passed,push,d6c97130196862fa8a33899d45570223909107b7,173103647
passed,push,29567a9242df1c502ccdab38b8e98df498009302,173080513
passed,push,495b631aefaea2a3429ded3134bbdadb81634fe2,172780606
passed,push,c2810d947db9c7ad2485f0b185392c562d9fff97,170833050
passed,push,e81073a51f90f21cdc57b49aec02e01622aa08cf,170822958
passed,push,caf24d8da3d9fbc6da07e0353fa27f96edc76ebc,169045199
passed,push,6216b3cf0fcfa997a9e1f5bcac6e21e8abc6dd9b,169044242
passed,push,6216b3cf0fcfa997a9e1f5bcac6e21e8abc6dd9b,168993189
passed,push,d53102698360e4bcb81bb3453d3c8ffeb9cb3307,168820048
passed,push,6216b3cf0fcfa997a9e1f5bcac6e21e8abc6dd9b,168378759
passed,push,d59653e2e28e7d491ba422ad27bb383c61ad4d4b,168377856
passed,push,d53102698360e4bcb81bb3453d3c8ffeb9cb3307,168369797
errored,push,661a0faa15ff8cfff2df66869f149c274cf7b759,168363681
passed,push,e59383fa560267b75e4fcc46128abdb9736291ac,168122549
passed,push,3a994d1be23174bb9f5401d385a72047a4ddcd98,168114898
passed,push,0f1bd5a3fc37a05e91e3c1be8ffdae86e59a567a,167970356
passed,push,535c5a65b01aa2c00f1c2b1b57929c654dec0267,167967374
passed,push,a52ec8390ac32ba669f2ecedcf1bf953ad69b310,167856497
passed,push,5e55293bc55fdae870f082d27db145f5ee324584,167772306
passed,push,e0bd77bfbbb402e0151b92fd85705aa0b0da79bd,167474682
canceled,push,16fa86bc041e2c2c61120fb4867738aa652e4f5b,167122468
errored,push,2c19554100bfc98dc71712ccf7b6f1418940aaa2,167121687
passed,push,6c721d095fd03d64846ce67a16d356589f19b0c5,167116119
passed,push,880f10f01a62fcc69addbbfa358fb59fd6fcbf15,166858781
passed,push,91e79deaa087550452156ea7d946ebd43b654e9e,166854698
passed,push,0362426602eab98e451b976f65a445639cc3e164,166811824
passed,pull,674c9cb4a055e537012d9a34632ddaba2d0e5906,166730161
passed,pull,1d9e06c5a0b8bde7a3730de9eb2887195f76fbb5,166729013
passed,pull,10a5dc2b7e5304355f928e406c81fac398ce0a94,166683552
passed,pull,efbec99a3752f63d275574e16d257c3176fc1680,166683522
passed,push,c1ff8c4b32a23ba2b9c407e02d6f987a1c8a4af1,165006743
passed,push,5b9f721729dbe35ab8596292b2ce6ae8196a0c84,164729683
passed,push,cc53a1d085267a36599eeb4f1e11c01ddbbea553,164685689
passed,push,996c9de31d0f0269bf85009fbace8ec69b863953,164226900
passed,pull,a97648261945f6a8fb1ead722a6af66381c32aec,164146869
passed,push,c564c898bf489686bd3628fa76b0cf5dfc08f935,163302055
passed,push,cf822d979124111cc77440030f11d55f2f4d768b,163208618
passed,push,e7514bf92224f3b243a0b183dc8ff3baa89ee442,163207319
passed,push,cdbefc666c4b4ee8bb19ae09ad398f039c59254c,163194812
passed,push,9304e6a4c8941731f1a0fef8c2e5f71ede3249c6,162860546
passed,push,57bae5d1668486d4f557d9320138bf0bedb7d884,162568355
passed,push,925798cc11ffd9426f1e74b69da299f145f72250,162227881
passed,push,251bdba40f35dcd6377f02e66051ff87243920cb,162019395
passed,push,251bdba40f35dcd6377f02e66051ff87243920cb,161726185
passed,push,af951b0627902cce4bbc1120eeb6d0e442b4ec00,161091317
passed,pull,12f494f4463affb2a9d3f47e001d0cccabc4165e,160969658
passed,pull,d656aa4b09ae47564735d4f7fc8b06a26754f384,160969346
passed,pull,4afaed4071308f44134d993a27bd82991abd8ac5,160968763
passed,pull,a30aae7df70a33369aae417e1b172d1b646a1aeb,160962932
passed,push,5ebb3a395a2ccfb7d0815c2a32bab757a5a697b2,159648230
passed,push,1993bafdb31b747dbf763279ab79b5ed1d90a3ee,159369675
passed,push,58d396f9da01b3e5a3be3024d498f7c57c1f12e1,159025258
passed,push,57f2d4bcd868196f9adcdde16c9015b65e815cfc,157993480
passed,push,0e9581fd2fd9cbfc49bfc26016eba2f2e2640062,157473557
passed,push,c9c67ccb112ca2d29fa79256ff09ffc2ca2759b8,157469876
passed,push,e9bf3cc7fae31209c3cce3f69863d65b8639b67e,157449759
passed,push,a7bcfb9bdf19410e0dfc073b1d65083bb2369d59,155762497
passed,push,add518ab53f1dc5762c4d062692c9a1d3d8c4902,155593153
passed,push,d6478b2a02d2db39c5dc5a19233dce306d9e777d,155361678
passed,push,c8be9561fd44ed323ff3707b4d5e94e7ab15f4fc,155326104
passed,push,99369f27aec0a9f625be8cca454fc526bda655d5,151260488
passed,push,46bd004e88fa95878cd3b632306be75aaf1ec733,151259123
passed,push,848d77bf1b6701b8116f4a40f45e0fad2009e452,151258573
passed,pull,1a62627beabc2e6429b81047b944247510519044,151230885
passed,push,70921c51794f546e4592429c6d70442b05e77e12,150666176
passed,push,a204453db96495ba94a488bff2881fe2b5e044b8,150665504
passed,push,a204453db96495ba94a488bff2881fe2b5e044b8,150659153
errored,push,b7e1eb8689e0bf9b4c5cf7af9f325d6f2e2590ca,150658252
passed,push,bad6c53435c8e86709f344663e9023cf2264435c,150477556
passed,push,ed45e91d5504dc2b11fe146610ebd50bde8930f5,150470580
passed,push,93be4a6413a08a62236df808c37a4152f72a5277,150470582
passed,push,93be4a6413a08a62236df808c37a4152f72a5277,150469429
passed,push,ed45e91d5504dc2b11fe146610ebd50bde8930f5,150466776
passed,push,ee13bc20633c82bea938831f88005de42c1dfcd2,150464215
passed,push,5d925521891c87b228af21a5610b13823c5d98f8,150330576
passed,push,6fe926b4db3ac89eaa5fae93054af940a46c014e,150305107
passed,push,5338f8f164c2c922e658d886d7b1b18c1a06c5c0,150251138
passed,push,0a721fab7024a5ebf17c5e383243990fe1f90635,149877638
passed,push,c88bbad0f121f4706a1c1a4579cb1a621f65fb81,149877574
passed,push,e0980209e68d847c7718387c3a621ae13d32d676,148429353
passed,push,c2e972b65222f34794c33a40579a3dde4f248169,148427264
passed,push,f21cc60e3561347ea15bb9161c20bb8977757a65,148425938
passed,push,43d1ff81a929e4500db31ad5d17214b22b7686ab,148425635
passed,push,5a8a01b0be28ca13a7ef0a49e410629fb187bb36,148425614
passed,push,8358eb3c11ce0f6cc7476c2026d6a60d309e10f2,148420831
passed,push,2d45fb4b34092cd87976f424b14ed0c2d55bc228,148126619
passed,pull,aac5bb47d98e06df7879110de9a5095c27409335,148091007
passed,push,ba760e2050b034a91b52b3ecdc56eef0dbef9e8b,146433390
passed,push,39afa3b840ea2a983811cafd7232be2b0967d255,146432563
passed,push,911f8e83727d748969defe68d34e8ae45e971ffa,146220791
passed,push,05dc085372eab836bc90fbfa270ae7ea1615d887,145195053
passed,pull,6c875783465ef4b8a527d44cb820c03341bc0275,145160282
passed,push,b0330cda6e8c61450c8dbeec91d1e56361c9f5a5,145094099
passed,push,ba760e2050b034a91b52b3ecdc56eef0dbef9e8b,145093408
passed,push,be6d1d41625d6c9e8126b1bba2a233b046aef6b5,145077896
passed,push,c6e45d74f4ef1e43d092f3adf7044f9acd668df5,145077878
passed,pull,1f013af50a189f598d98bda6238e7663aee8a129,145053348
passed,pull,0faf87bfd99bf9ad3788d383f1bddf2248a38c8b,145052428
passed,pull,32ec4311cab462c3ef9e34f4f869b3485d26866f,145051952
passed,pull,ac647a3a2d720b0c7422b5b9fc3985be26141f9a,144872152
passed,pull,b635c3c7c51641e78308ac910facb6fcc86a6658,144871745
passed,pull,2c694813a4edaf77086c0626ba9a9c9c50425023,144867830
passed,push,918201c2664895a526d7ae9b824e559690d3bf3d,143759190
passed,push,9733523720ec9afdfbd5bd79bbc4d6ba670c07c1,143569751
passed,push,567daf412d820429163f2d49839c43f5bdf1b5c9,142846501
passed,push,5b63f2d2eeb14c1347b06634cacf04b82254de12,142844390
passed,push,2b9353b00fc77fdafc77b5a7a415d0d9890d30c1,142812429
passed,push,de6782eede5a737cb1959e5558a9a660c701ddf7,142812208
passed,push,5400c46c3ed3c099660bbd1417e0f9f676551e5d,141250101
passed,push,9e545d583851b5b255a2264e20f941cb450a8fa5,140889359
passed,push,5e9c6c5e4e7ce8b5c4a408cf676a1c0383a88c83,139860565
passed,push,52c8fe851c73449bd2cef90bd3e98f1fa1ec1184,139592618
errored,push,b0e049c485f1b254e0294864a13fb60459a6801b,139592151
errored,push,91bb7c23de39c41013b30415b3839703efb27a11,139591675
passed,push,f95f7a517e3f5cddfb1e556c9ac9ad7ff774ec9f,139590965
passed,push,9086e00c5c8264845ba4e608cab3e22fff43bd90,139570160
passed,push,5a61088593eb3e5b02179e9227184a3a426acc9f,138773751
passed,push,d4f521caa5ece222c2517a7b0d6ba3e02c2152f4,138631875
passed,push,ff4fa3a04cd2713f93cc6160df62770cb076d678,137875120
passed,push,895a9094b5f2a6b70bae09b1140532cd707959a2,137874330
passed,push,5a61088593eb3e5b02179e9227184a3a426acc9f,137638251
passed,push,d20ebd228c40963d976ed2f5271c44c78aad102a,137638195
passed,push,c23974161b377b98ff7243f0a756976baf20fe28,137636990
passed,push,39ffd8bcd4cdd03b972625a9e8ed7796b51b006c,137541609
passed,push,2ed43bae472a384554ba05925b47d0e83549c82b,137541514
passed,push,4040377c804bf451f3d9a3d6654484703591bfe8,137091659
passed,push,d1879b19cb36427b1cd73595701230564c36fbe9,136971950
passed,push,991119e9457fe4e3e7ca046ff76cf61f607b9af4,136971939
passed,pull,c59525244b5081391f0a7f989d210c044a972808,136644369
passed,pull,17c4e8f8fe42521af3eb8d9226f63337f6d45d91,136642730
passed,push,fcab9a09f5f82d954e213fb950e9f925cf656da9,136473482
passed,push,c9226b46d30dd3b99877149febf4534e458a2274,136473444
passed,push,f1088473aaf68e48594f3dee3308b77a4b452883,136264838
passed,push,534f7f3e3b01dcc44b8a5741565f3e26f07d78b7,136264101
passed,push,931ab9f970010403effb71b9a78995c504c4eb26,136228793
passed,push,6aac13f156049df20e76056fc293628f4b3ee180,136227506
passed,push,1de7d9d3657a7a9cde0b43b36de6f9d0c050038f,135506180
passed,push,cfb99f72604765c5df76e4add4d0cd14a0258095,135506125
passed,push,d3343871d0ef67481b3b5d35445ad2ddc0c01431,135423300
passed,push,37343d6c3c354420c708dffd2d463e16a60bdf1a,135420237
passed,pull,eec6a60481447a1f4339596ae0bb8a506a15bc8e,135105045
passed,push,2f0a896b9e58bb4d6d37da35d70b00881be73b1a,135034897
passed,push,90405067d41afe85eaaa7d9822f40f5ec74b7881,135026504
passed,push,6e3a6c00426290300545691211faa79281c62e6f,134803146
passed,push,46e319eef4a1ab10f8048529e9b3231ac60921c2,134523139
passed,push,e1eeb0387f420c7342d086925888396dfacdc831,134522739
passed,pull,a31bac0e107a646ff1db7e577a2c7229e62e1066,134343221
passed,push,778ca87ce46b21d0a50327481e45b7ccc75e3757,133949657
passed,push,6b55c5119c2ab12b1ffd14e4410453bc9da15097,133949593
passed,push,6ecb99e091de1778a3776122062e34c84bab340e,133925923
passed,push,281edfb40544b31e09e2ff839df957523e5bd43f,133924461
passed,push,f3f4698c8e0c13239faf0f2e33928f464d03a796,133922967
passed,push,2bb883042d393996b3c8732ead11120ab1b3d152,133921529
passed,push,3f8ad69b67495964f0564646bb2e7232008e0272,133920987
passed,push,7861033b00c3e7ec5dc235a7afe69a345c7231b6,132895796
passed,push,70c336354612c38cc25bcbc9c77f23ebff79e8ac,131229767
passed,pull,48a9c7db32d002b64350d42e1b6f177d156ca101,131227490
passed,push,2f811aa8424e89b84a874624b30572c3586ef560,131222370
passed,push,71b18c318fdecbc23ae7e7f384d5ff5c5e85cfef,131197145
passed,push,71b18c318fdecbc23ae7e7f384d5ff5c5e85cfef,131196591
passed,push,71b18c318fdecbc23ae7e7f384d5ff5c5e85cfef,130086297
passed,push,9cb0207f5db0832073d3f00bd132846a33a672e9,129791223
errored,push,631f51ae8c156d53ab5a404f85859f548c5eb259,129782768
errored,push,9e644dd87c6b57c08f62a169b307f5af024d7ebd,129782519
passed,push,9eb7fad1b5eac593d10be06a54eed614e6930597,129535788
passed,push,17d0bf6e2157922362dc1be58cef61c744e4295c,129531523
passed,push,b3b746afbcaebe23ae65670eb66415b31e0e4fe6,129494502
passed,push,3c6e71cb53502164012f4cabf1668259807d7028,128410389
passed,push,ea5b25de9ba355ca251280932f9a771823bfce0c,126012743
passed,push,f8b9d82f1adfaafb4bc6e57341a3c273101a406b,124236892
passed,push,e630274db125886171b73578071241b832b307fb,123885375
passed,push,bd48357ec3372170b4431443808e4ca9cc5a8e99,122876809
passed,pull,e1c878a3613ce3d6d8d2e4348269c91a1a8be641,122719782
passed,pull,ff60f8a0db03d23557d5763bc7025365b09a90ef,122634110
passed,push,de4c510ad26d4030b840bfb174883b11f00921c9,119871436
passed,push,62c665a00a6d954a3534532997aead8c51212e7d,119620685
passed,push,167bb3d9a0a0f68e55cfbd2fd5d2edf7ee604474,119620373
passed,pull,829af9dcb32f261a1699d926ece07c302c9b2ba1,119527144
passed,push,9c142aa26d7ea8c07523dc9e460fce5f30fb23ab,118462927
passed,push,582185a8fabb8652c6af49d3a5d6fce3aa93fdd0,118211440
passed,pull,127238b88d71b33d9a0ba08dddd834159bc4f59e,118200665
passed,pull,84b263961908562ecf3a42e3bb42f477fcb41f3d,118191633
passed,push,e1aadeb2f231b69cb8c10e6b1cf3439ad4723e7a,115912844
passed,pull,48f5932e25b6ab42c6a6420fea40f779191116e3,115881586
passed,push,c40cd36bc8e6188dc215f43ddd82f06eeea846d0,115580367
passed,push,3b1aa8860225d5ae1ca7a4f7bc8058cce12e036d,113895688
passed,push,bf92987ffe421be2b85dd210198e456caf3024bf,113507703
passed,push,a1e7108b5d18ea2c755524cdaa8a6a3327487b2f,113228025
passed,pull,d6249d89a069acb37d8fa33356645b876628fac4,113224275
passed,push,84cfa693b1e9bac0b555ec3829e3b985fe379d5b,113220378
passed,push,fec2dcff431979cadc4d47320b891f35f6c7972f,113220104
passed,push,762e24ef50f9a9a48487edfb402e74a95f9bc4bd,113176995
passed,pull,6fab096a771e0927fdca207b48949b974a2bc449,113064506
passed,push,2becec3e558988bfd924f6661e56802e9e202931,112412419
passed,push,79c850ac99a31e08949642375a823ded07994635,112407752
passed,push,02f842c1ad39b4a14bf24bb22f8542f74c6a2db2,112005001
passed,push,b039f2a907aa59b98025223f635157a4a14bd6ac,111870119
passed,push,44afc3d7923eaad883c798f326c68a6061010788,111298744
passed,push,d92fe41e04ec4f0068b1c604a3406178b583a1ee,111298413
failed,push,f881668a202cf094cf56439b043b02a16573fa6b,110488765
passed,push,45a19cd40df316b0103b4c2d5943821444c7074e,109684706
passed,push,4e5bbbd90662ee8267f542244be70bb7accc1d8a,109683855
passed,pull,5876b92f1f6c7bd37ccf9d0b0280a3b1b417cf4b,109577013
passed,pull,babe5b9c3b0da54f11d38b9d733764511733d021,109561837
passed,pull,a776366446ca175d8b42c8113b0cf7ae1d7c4a86,109555456
passed,pull,9106a9c79e77a51a9db594053e01b69253f75e9f,109323876
passed,push,8f72ad3d3fc0b5b6d85d0f0f89db2c6814128ca7,109171626
errored,push,7733bcf6897c4bd301a8544bddf0bb67fa512505,109167108
failed,pull,209d9056fae178de0b377d108472d4264ee59ed0,108800288
passed,push,263744757486184a125680bd5ca2f84182f73e78,108647526
passed,push,a1febfa5c979d19e07c2dc14640c9e7aa4051b3a,106584813
passed,pull,6da6c753ade781884160c49199cf6cdeb1275348,106447945
passed,push,25b3e509bd8b94efba80befc9ba812908887727d,101471000
passed,push,9250b263409ce47ae6d56cb733bdc28c4c49a810,101273323
errored,push,c3d3bd003d19c952175668da8e53d80a304a538e,101272614
passed,push,7b38569aa851835562685c1770efaa6037623ed5,97760877
passed,push,135f1445d0de189ebb82d54f8e8421472398ab88,97760200
passed,push,87efc0187a3a62cbda7c189f1a2e9aa0ca801e9b,97759414
passed,push,87efc0187a3a62cbda7c189f1a2e9aa0ca801e9b,97755412
passed,push,2a1a26bd6f7d4ede4628519fe902a53677a4d97e,97754990
passed,push,2347a405d30b592ee436d69a4cedb853bae068fe,97753311
passed,push,78c9f0b2f27f29b304eda07e11fa067a3b4d7953,97750494
passed,push,78c9f0b2f27f29b304eda07e11fa067a3b4d7953,97722671
passed,push,4c3fa92abea3104e44f617ce9d30a8d5a4100862,97092077
passed,push,44c839af0e90dd188e6af7c117d7f139a94d3187,97044055
passed,push,82c8d819a4f980ebd6f6df5f6f9d337c4eac24d4,96810215
passed,push,e50ad9de42e522fecb9e1dcb692aae26538c167a,96609908
passed,push,bbd51513e97696096a312c562a902e1d78dd056a,96145112
passed,push,075bd93d76ae0c350576afd23cda2dbb7e360e75,96134173
passed,push,a0ffe33a6ecc73c0e02f7b82d223171a6f5affff,96082145
passed,push,1923b404bf96135f7e2b92d3b9f82038c59bbe05,95262339
passed,push,ecb3933f10894048821c86e5b670c1d46472ea0c,95260003
passed,push,1c4a0ecb1896854c6aee2b2222c9a76215ce0617,95257329
passed,push,e3673c1ba5658a332b05d135987b5f5dc1ea6c43,95256588
passed,push,fe804f789cb31e20f26859600ae4cbf0d9485050,95254874
passed,push,54235c8acc4b6efbe9e40ff381685a94ced63f06,94622974
passed,push,5a7fb1d1c12e610e923649e9713f73429b88a4b3,94622751
passed,push,1f16befec0186cb9ede6769606dd991111768bd3,94622665
passed,push,a98973c4e3308eb7042710b708159cfee76d96e1,94248791
passed,push,9057c2f8f353b2c02174d13babbe841205c29082,94247747
passed,push,e6310b753244220e446af802cd07c50fa35c8131,94244021
passed,push,b2d435f2713c76e64f3d39118f83599ad085554a,92593512
passed,push,bfafad937c8fc5fe1dbaf48c22a7b3f0b7ba2e9a,92563111
passed,push,bfafad937c8fc5fe1dbaf48c22a7b3f0b7ba2e9a,92562490
passed,push,cebbf73b75d0704e5be1703a7018277dcbd65ca9,92456132
passed,push,f6c256e5b867f61d41f245fc4d33ec11ad48a5b6,92451008
errored,pull,768e4499dc5a6699ef61d0bd8d1cf0455852c22d,92306915
passed,push,f4b2c3808c0b3e204d4f215d3897be66ad5423d8,91694339
passed,push,18f128164eb0f7c30d97ebcc7eeeadee6206e3c0,91673312
passed,push,ad48e8ffeb4a71a6b4daeb52f205d1e9bab861b2,91541636
passed,push,3f1de78f41392cd8158e27f5704d73506a6e7cb5,91467567
passed,push,440a342af6711fce8cddfdd5b8949c8eb04c4117,91443110
passed,push,90b3136dc47fd70031a8aa1069c8c20978866792,91439956
passed,push,8427bce860de42fc3f54488e268bcbf6a49d2f1f,91282237
errored,push,6289d884ab087d15bb8106662e48a42455d26c39,91279238
errored,push,89649d880c67e580a4cfaaa2c6bdc29e0dc9c9e2,91279163
passed,push,8e86ed0829b6993240349caa3fd9705184601c42,90602960
passed,push,1c5abd583e4c6d1ec6b4b9822b4fa4b27ed7bdde,90598551
passed,push,8a6cdfa9361a9b2ba9851c30cf47e1d46910b7c1,90414173
passed,push,a84f581eb25f95cd02b772f9ec6ca021c65bef19,90252037
passed,push,8ef1319c14b1e3f91661ef8559be92e6891d670e,90143922
passed,push,01fbf73d2e0dae4a32501cd9abe38aafadbc0291,89964148
passed,push,006145274fd91f41d21ad4c9c6d93b4066ca2abb,89704568
passed,push,daa2e31eff2d499c515f5d4ac627c0f294aa2d0b,89690124
canceled,push,d90e664a2934c29a7da26e2ebae84c01744777a9,89689672
passed,push,71c1f1e61e01296d5f040555fb6c24786a3b5719,88677511
passed,push,b04064503d9e980f2db643a3f51aaf3a833790a9,88495244
passed,push,6967ddd54444af097663990479100eb67593f294,88494647
passed,push,215f2a1d9b9c5ae5cb6111632938cff1faece9ef,88438892
passed,push,06e1423fe6a45eaf4db4e510b1d3956999439084,87536723
passed,push,dc940c12922473ebcb123f5e6a471516fced2b8f,87533356
passed,push,1eec10c558eed8d0534c008232c0ecbc3e7aeacb,87091133
passed,push,b107544a299332b7e221118d1de4c2af8cb66269,86675314
passed,push,47262852a2055c5b27b4ff2b68b25687212a67c6,86673311
passed,push,d5c62af0d2d0e1af2a27a8eea9a0a257ee7720c6,86673085
passed,push,d5c62af0d2d0e1af2a27a8eea9a0a257ee7720c6,86672884
passed,push,c539e627325a19569a59687e67a5bfb4d7961905,86672214
passed,push,c539e627325a19569a59687e67a5bfb4d7961905,86455487
passed,push,209756b9e8a98bbca65367540f8cb19abcafa21f,86330575
passed,pull,ca183a24148c23d736f4689d92eb916870582ab8,86330315
passed,push,de3bea3ac05e2529acf57120756d32f398ebd184,85740621
passed,push,4699ad5729fe021a619059266a9d19b5f01ee0b0,85739875
passed,push,d1b2a76e5f9d470f3f49538b63273b41d02efec0,83436001
passed,push,7fe777dbfddd457ec3d258f521c93a26887cebf5,82979444
passed,push,8bed0d182fed19e8c8ef61701f10c423c5cf14e6,82626116
passed,pull,441a886a3637549475e7a76ab15714a10b8c2710,82252733
passed,pull,8fdda9b2a0928da6ab419dd54b4db997cd178a2b,82228062
passed,push,447379a5a22f88e3996197b695c5d32eb4ed4c1e,80266875
passed,push,3cb0378f6d0507e8f6bcdd2d13a65bdcc970dc23,80113399
passed,push,a36571b5cc130e18f8547a6df3d57bd186b00940,79980635
passed,pull,cfdbc68829a8d85d1aca336167962f5b919cea53,79960747
passed,push,16144a8627cd4cff7a2c061f574097c3177c00d8,79927780
passed,pull,12671b9679b038a670de3b97367eb4dfb21c5164,79773338
passed,pull,d412b658889f861f864fc2dcc0852bc7a2861061,79772602
passed,pull,688294dec2ae08b98afc5c96f4be9145db7c200d,79772363
passed,push,e7fd7a53f4333ba6e910e26a64b1e548b78b62ec,77783104
passed,push,db769e2aa30c87b9f26d5b5fab78366c7b37df35,76465640
passed,push,037b4d1649bd844fcf6e6c341d2fc5b8b72eb67b,76361795
passed,pull,e51a704f6662795198616760a24a7465108f9a6f,76322008
passed,push,3ef5c86faac2109d1c32c6fddc527fa8c3d9751d,76153749
passed,pull,a76888edc766ebdc13e5e1b007cd3036c85575d4,75436764
passed,push,3ef5c86faac2109d1c32c6fddc527fa8c3d9751d,73935802
passed,push,fd9725cc86a229402d4930be3ccdbc898869bc78,72010615
passed,push,e0768a00fee24719316e0561c8225811d437684f,72007757
passed,push,946f3bd63bb661fcffc670805a9cfb3998fb3277,71403998
passed,push,b910b19e14e90af15e544d5fe7dd50e5d0a7b44f,70951453
passed,push,507405ac0e37041bd56c8fc97c08d93c06cbf843,70872504
passed,push,507405ac0e37041bd56c8fc97c08d93c06cbf843,70610530
passed,push,3ffb43ebac5462145b0139749d1eade62894c0a6,69340985
passed,push,827f603834237314f13c0da6f4996bbfc65976da,69327782
passed,push,9c666b6763ec0920ee406dfd9fdab1d37927601a,68763604
passed,pull,a49704674bba0b1d482087aee0edb0f0b47ca3a0,68744937
passed,push,5f1be5305f99b1ec65c8fbb228aa7374777c1c84,68708382
passed,push,cc6f0bbe9c41ca03369484193a83eb22892f26d2,68706625
errored,push,10a2a8d87e6d3601ad5001252b426079f4ea2695,68706444
passed,pull,9fe4c34ff988c50cf5351949f6bb33ee9ab64aa4,68685520
passed,pull,dc9157107ba1246f510a969e7f02c0bb4df2ad89,68684313
passed,push,a0843536ccb913bb44a670070428fbd5cec58b2d,68599099
errored,push,410a64d51f7eed948e22120498b6409397174b7c,67099097
passed,push,f08744d9f1788883bba4496db2d4f034fb717309,65610586
passed,push,5a360fc2972b9b6df3f892bec55f11b91f6498a7,65577582
passed,push,8a4d3e6d959c96c4ee1dd87b3562ae22fdabb00e,65529079
passed,pull,e8aa2bcf8c37c64b9b2c8fbf01848a5fbfb8f721,65512589
passed,pull,e8aa2bcf8c37c64b9b2c8fbf01848a5fbfb8f721,65499251
passed,pull,5c05ae783130296fa891199053c350d5e3f94898,64727981
passed,pull,024341943d6c4b7ab58ae112bf64b8390ce321b7,64650533
passed,push,ceea2d2d20da980af8cc777327b2dc4589e9a32c,64126741
passed,pull,3c766d71c2bef53241b5217445e64d7e93a2bd23,64113836
passed,push,4ac7ea82f9e7ea00cef5529234672d2c819fdb46,63750455
passed,pull,6118ee05f05ddd40b5ed027a2a4fad3a1bf27338,60786845
errored,pull,74e83c4340e7d818e0795e1a8a04765520a12e27,60786438
passed,push,621ff8d7a330fc743336012c776998865b8ee503,60594534
passed,push,d92b66f3c22be893a30ba50346e3f7a5ba3e620b,60429743
passed,push,742fa8a0d184ef0653bcc596a461e62dc700a48f,60428174
passed,push,e1d81acb9e80da6a62a6807bd1e17e046aa1e779,60420591
passed,pull,7b745e5a8513a887999094a460c1c85a8b4a5dc5,60112052
passed,pull,84ccc6d8051557e1fb1f8f13a4a8ced6fec0a2f6,60111668
passed,pull,c8945512a64f6a45ae51a65ffc59b3cb1bc27182,60110061
passed,pull,1437707fc6ced0537a9a9082bfa98f367825deda,60107538
passed,pull,5ab621502be20accda8d9ade39fe4022ccb017b5,60107373
passed,pull,b600798f92bf40934597cb659b4ee261d59ff333,60106582
passed,pull,5a02a31b91ce2e3a29663f37f539b747f7d0566c,60106485
passed,pull,83f2e09ee0aad4eb4ac50380c5ff19e29085d7a9,59408944
passed,push,0c2cf04b9a415e348564f07c684782f66e4bb22e,59366787
passed,pull,3804ee630455238a6cf6c399e0b2836bd1b5de6e,59366122
passed,push,b7577fdd839d58af354e152fc6982ba7bc8b9062,59239505
passed,push,d66e70f3e795995eadf6c88ae4ef0fdce4b569bd,58939984
passed,push,321843656d0b430f476df473c507143a94b61492,58939479
errored,push,7b52535af2546c9796b4fce3466c75d5916850e7,58938910
passed,push,15556a44d95865fa7942c50f057d6f690d0fa9fe,58937386
passed,push,7ad114215b5ba828fe6faf43d709200f1efbed26,58771904
passed,pull,0f63db0a49ca4240c7ff6c38ec5eb18da4b22a78,58768009
passed,pull,0f63db0a49ca4240c7ff6c38ec5eb18da4b22a78,58763700
passed,pull,0312ed099598c2c51190501311a26319612daf49,58758156
passed,push,d3f9728a800aa3dc89cae767131d9e35d1da1d24,58715203
passed,push,014e11a8c0c59ed4bd630f4bdf73085690564656,58327886
errored,push,45d44aa89bffaf9d2e03aaa59a6b622f89c3f9b9,58196258
passed,push,273251039e15eef0ecb760e9a010d8d6200d4e77,58111356
passed,push,a53ba390eb474cb34df0d0849a1f078c86f9ccf2,57851502
passed,push,967525aaccfdcd877193ac885e131a1365a1d9f1,57842681
passed,push,3bc1fa6ec5517c34e68aa39e54224c8dbf2ab19f,57840975
passed,pull,8c1b6384df64060a415d9eed1852d44582f1c91e,56752776
passed,push,0346c9a5357f8dd330792d13db63fc42d199fed4,56063490
passed,pull,2f2f19d3b554c94452501e209ccd383d5981fa7c,56058316
passed,push,98185074c0c83864ae4b41112d5384456e16a83d,55383108
passed,push,01cc20dba8aca6a855b3cefda633be5b581b8278,55381566
passed,push,c6b7602a39d84952c20d545050e83a93663b992d,55381419
passed,push,21559fdba1fe64c60e484277c9387a371836fe9e,55381115
passed,push,2020824ed6b6eaec73458b007ca2d8ccc6e4e002,55380771
passed,push,66173f5e76eec242debee72a1f7435b5093ae6d3,55134789
passed,push,66173f5e76eec242debee72a1f7435b5093ae6d3,54930380
passed,push,d370971f9894c1c6bee455b6c92892146e3cb646,54916355
errored,push,db40605b5629fb1052d33842d27d3d112d22bfe6,54916155
passed,push,bef593ce105c92dd485b0781e0ba61ccc448bffb,54629920
passed,push,6236d2df7149b7b6f765424703daab0882d02526,53473088
passed,push,d443b6e3a954f925899b72e70e862eedae9552e4,53341267
passed,push,bd11afacfda79a3baf6e0456d0247ed417dd5c93,53106252
errored,push,4b880437be0f9cd9440679f5073baa2a5cc6533d,53105814
passed,push,8e2ce75d0919336c9eb1c1a598d48974e658f41b,53087318
passed,pull,bfede3aee3aa0f13d90c4218c413c7caf41cee0e,53086249
errored,pull,eac3e98da186760d0abdbf9baf21411dc709751f,53083809
errored,pull,6c595db58d950255eaa8cea9c6c4ed80f6ca0f3f,53082803
errored,push,06c5088d918345f4dfb9fb553fcbd2ca47de032e,53082739
errored,pull,eeb793221c88c66a29ebea48619f4db78e61fadb,52934981
passed,push,4302e92d54daedcb86614c977f105ff2f248537e,52934039
errored,push,b1af9f53ad029bef6c2cc296d726452974307acc,52933960
passed,push,baa6d4e14f4d4fd5e9dc54ee3c1f36d456ef4ead,52927955
passed,push,62b5eeaa93e776e7f385f9c30a1df880bbcf2acf,52801464
passed,push,62b5eeaa93e776e7f385f9c30a1df880bbcf2acf,52800413
errored,pull,8294440386353e2e4e0deacd96a4dcd684241e59,52786384
passed,push,e667c670f48339cb840b9e2f8d1f6ecef9d1674c,52631484
passed,push,cf224f2733c081539afaadb7d2ff370b42334fed,52410734
passed,push,c943f168a24e6c9bf8d84b8a491a6a0453c02266,52410524
passed,pull,2e741f9e8b06762c52e563690e3cb313cb9b0064,52404066
passed,push,9751b2f4da827d833976bc9f554ad9e56bc5bc59,52402829
passed,pull,33679583f1a6b5c6e33f18e91db558d075f11791,52279453
passed,pull,b9cf303fbc48171002c977afe83319275f488e6c,52277708
passed,pull,93987a865d449dc7df698866a84d3aa1da5f61d8,52268688
passed,push,a31522330ccc32b5a697746ac9da8ca11f2670a8,52170546
passed,push,5e0c6d7be0300a6b19097df6d3bc057c2081a21b,50642729
passed,push,38407eff04249fe0b9079ae86f41095cb31f0284,50631126
passed,push,753fbac4213b4733d01cffc9927df7363fe83271,50631056
passed,push,bf6cb1fee5d8de1df28c8fbf03fa0430e7a38122,50622647
passed,push,bf6cb1fee5d8de1df28c8fbf03fa0430e7a38122,50622014
passed,push,e054e8f38bba3fd811f080520c06198deac177db,50117958
passed,push,d8395c206b0c060f43fc33c212f7a6a7ddda79e0,49370610
passed,push,d35a01b00a658b3aaf25e94b3439dfa6f217313e,49222945
passed,push,31e46fb3aec375008e743722faccaa7388d89cee,47897669
passed,pull,49e7f598a99d4e9701f789d36e0904d1e4bd6b58,47895794
passed,push,434042bf443de547ff84573ecdd61758fc0d49a3,47680283
passed,pull,46a03c9c7e530cc5a20e65f6c7e126eceec48f4c,47578835
passed,pull,bee4ad9e78915e74daf7497a85e1e0afbcbfaa37,47560560
passed,push,443e1067b4918ce2868476834c30152e5e8de93c,46466324
passed,push,6d76fa3018b6ae3db7884dd58e5475bbb6b1c3c8,46463416
passed,push,3aaf30a3d81b608b21feefc9e77123e18092ad74,46462863
passed,pull,33d1c11295757943851cf55fa39ebf8f80a9a807,46405300
passed,push,72b1b7163cd555047dad0518bd6eb0382c44f7e0,45975680
passed,pull,debf31329b7138978bd195157cc909d07d29c1c9,45975048
passed,pull,713de1b87ce60e53e58f335424b31a4cc742b88d,45974093
errored,pull,aa21f4178ff0ec7b90d650800f8a80a06d5ad9f9,45973072
passed,push,b1af967839b528016273585ff7ed89d663d1bc7b,44569021
passed,push,b1af967839b528016273585ff7ed89d663d1bc7b,44567405
passed,push,d8775abde570239ed1e3bdc626639c43a4cf1873,44564937
passed,push,2b8bc3fb3b28ed1380192db34a44879439cadd4d,43345181
passed,push,2b8bc3fb3b28ed1380192db34a44879439cadd4d,43340495
failed,push,a034e035e9cfba09a92b86bc70efc1e414307e95,43340215
passed,push,c8a27d0828606538bb6099492a7837abf834c16e,43330855
passed,push,6b0df5543691f5ccfd293684f58f4826cb537363,43330533
passed,push,a2929b5c93734dee3e26771fa8763580cef29896,43329810
passed,push,f70e0059d03b33c9f1547c5a879e2e2f734958a6,42957322
passed,pull,c2f95b42f7ff73414ac3ad99762f6ca76c6d5c4f,42895881
passed,pull,304edc07aad08a404be6d5ea1772caaabb5eb91d,42895039
passed,pull,22474b0e50e9a779133f5a6353aa7f9767b34fd0,42777854
passed,push,a52d347b4c123a7ce69ab872ce1a494301c849da,42776619
errored,pull,4e14eaeafc9be6f12653b10f8eb6604ecd9f52be,42776368
passed,push,cdaac66984528427b85fc5c90f83ae356720c27c,42775703
errored,pull,0b6f3fa72ea3aeebe0a806290abc65722d8e92b6,42774149
passed,push,a114f8b97808f059463c4839946ad605f4f6009d,42465444
passed,push,c17a5d53a99d55021ae6c944201e98f2fcd2a5a1,41977565
passed,push,b9dd16326819e1b54aa4b0289a07973532a182b2,41946929
passed,push,a881b8edf574d59c63dc8f36f3c22b0aa79ea9b4,41940193
passed,push,8e7753c9dc41b0a161715d15b159aa6a71678e3c,41937931
passed,push,7f8302bd20e2985bb31c813d96bd4b8f366af467,41520325
passed,push,67347869bd73bbe3e1750a0e51bad931dbcb7fbe,41512926
passed,push,da6cce7126914e7759319b985d6c88b2f0212980,41271710
passed,push,7eb4bafc5def0fa0f1a3b0f3b3a59edc18ac4ba2,41269354
errored,pull,e4a7c237d189ace3a2ff68a4fba5c9dbee04485b,41183592
passed,push,24a36a69c33ae5b0f67f8f76de1acd56831314df,41183494
failed,push,4908cdee9a5d82306361646ac5c0e1d8086d8873,41183201
passed,push,b7d88569e862fe3736d8cd0294bb064a39781daf,41166761
passed,push,7b1e69069e8d987be96936c56041049f6adb6a49,41102561
passed,push,47e108bbea860a24363cd3dfe22090b174d96a3e,41025124
passed,push,1d703dc223b2bbe9b2b4386df15ef66b147213aa,41023615
passed,push,ea9312485f6b30e91f6470ed6907256e52950f6a,41019789
passed,push,75afae261255d975c9acdb6d0ad522fcaeb95ce5,41018652
passed,push,5181156d8f7f90369a97aefe674adc3920b92301,40820611
errored,pull,3d1e512a79dcb7a4bff3faf4b16d71a6d1dff815,40820575
passed,pull,cb561ba415ee0663059b07cbe17e1d41251bf808,40779274
passed,pull,d9905ff3dafdfd3ad434d065258c1b6785dff8cc,40768596
failed,pull,d4e244b5c95c072f1669eb56e6d5797bdecc2a75,40768284
failed,pull,a1fc4ff88d6916c647be580b9396a91f3eb7400e,40767193
failed,pull,a16335f0eede20ea4aa45ab8947a7c0ca3c52456,40766873
failed,pull,a86f31974560719687edffa9d1ed2a7ba842d0ee,40766681
passed,pull,b049855f7a710229ebdcb97ef8eeaef69506c5d9,40756017
errored,pull,dcc371d719b9d1e832bad915343c4118e109a898,40754828
passed,push,d5471d188cf0575846abff3953e29e8561680056,40635992
passed,push,073d62cc12dda2a15040de5ccb32376e6961dabe,40630108
passed,pull,69a5d6ca5dcdf50f0329e505b05c8e5b326c6807,40574834
passed,pull,e68d8fe8de964478d61df8126d1e7f09dc035ed9,40574202
passed,pull,ef5fdaca0da6d2e16175fe302eb2496229d3f5c5,40573855
passed,pull,c31c6d823690c354b53baec72242ba5c35ad005d,40572567
passed,push,620779a6f1fc0a52e5c9f3137eb53b3c783841b2,40539012
failed,pull,01872673c6f3cdd21d0039d80d7db8a2f6ceef88,40373699
passed,pull,72542242910ef265bf50b79eee0b3613934630ea,40328485
passed,push,78243e1587dbaf02ec38794920b9e3f2852d4068,40295566
passed,push,97898e05966288e10ae3df31983dc66bf08f771e,40207882
passed,pull,239d4efa3296db643f0f585f57ae052f0f75395e,40206192
passed,push,d10b5bf3b5d29b9ebc36b3a217869d20c05672c8,38064341
passed,push,d95e2744e9c4c7d40d164cfe95c4f8f1d8588284,37808346
passed,push,89a2e6874318b497589016fb674b907a80f83d07,37588555
passed,push,8498bf08b3397d40f4d13df1729458fea2818cde,37588059
errored,push,7f81efb6783d69db48a0de85079b82e29fbd2bf7,231145130
