Status,Type,Commit,ID
passed,push,2b9a7c8eed39ec43017639dbbb44175cbd953572,296963672
passed,push,2b9a7c8eed39ec43017639dbbb44175cbd953572,293860764
passed,push,2b9a7c8eed39ec43017639dbbb44175cbd953572,291766253
failed,push,25af952c6498b2d3f1b35e88e566338ea42b02fb,290620390
passed,push,25af952c6498b2d3f1b35e88e566338ea42b02fb,287721374
passed,push,25af952c6498b2d3f1b35e88e566338ea42b02fb,285083055
passed,push,f03d7a34534dba4c31a5456ac8695e1fd8c3eb2c,284385650
passed,push,f03d7a34534dba4c31a5456ac8695e1fd8c3eb2c,282028270
passed,push,4df7554f855d74934af8562e944c09873455bbec,281633889
passed,push,044679455bf0d3d775e89230224fc64f649ba0ea,281631618
passed,push,012a10cf0f0b43d789c2a29bb5050d91183c7627,281448555
passed,push,012a10cf0f0b43d789c2a29bb5050d91183c7627,279312926
canceled,push,faee0ee6d7a43e1677963ee80a6d802b28ea162c,279301434
canceled,push,49c62d322b4f197da3e5c4ed3451f954c48709e8,279298003
canceled,push,e7fbff19e5acb96a6d6c7c8f2be891f2a0d23b63,279286437
canceled,push,98bac9ba938eb38f43c6658009630136d002e949,279170060
canceled,push,47b2dab72387c5ef3e066241ed28ae69d9f70113,279165670
passed,push,8d47463d4d6d151403035d765d3fc4a59c309668,278767869
passed,push,8d47463d4d6d151403035d765d3fc4a59c309668,276896500
failed,push,b1ed02dad17e3fe1b48d6cd6a2170c7f8f10bd0c,276045326
passed,push,b1ed02dad17e3fe1b48d6cd6a2170c7f8f10bd0c,273440001
canceled,push,b1ed02dad17e3fe1b48d6cd6a2170c7f8f10bd0c,273429167
canceled,push,4ea4ed892f8ef4acaf94f963c464da53b7835921,273366737
passed,push,b00fb483037d4c24b07e3491d2ee91e1681a3b9c,273203616
passed,push,36b4c747b6356c98b80f5694870d697992a509cd,273056032
passed,push,f35bad7760a13ec50a854b5c1c93db4fe429947b,273048083
canceled,push,e3dbfd8061fbacb3cd7bb60a241c666f996dc26e,273041129
canceled,push,da895dc1c887a22630f0dcac2cda949db554d473,273010839
canceled,push,dfed92b6a43bac41f00d96ff9832b2a66fc42c5e,272987102
canceled,push,091d674307c7db68891b2d0cb3cdc0927cbcd785,272372939
failed,push,f1359c618765596afdcb941466925e29fd7cea0d,272020407
errored,push,1a1831724201395142d9065ccfa200efc3aed9db,271948288
passed,push,23034641ff1d73cdf982df409de7582e99cdc0cb,270977419
passed,push,23034641ff1d73cdf982df409de7582e99cdc0cb,268444973
passed,push,3dddcc4cdf4a74ddbd4607c6aaee5bdd8ac46c27,268037330
passed,push,803d8c8677ed27a39ff17d201b447590d82a90a7,267677422
passed,push,12b36f48d53276c56a39376e51406cb1bb33fbe8,266885326
passed,push,717f3527a1ff2ac82b1cd535592a782565042af4,266571578
canceled,push,d700f874853b8e7fff0e011bf502ddf7ad787f4f,266568885
canceled,push,736e5de33138ac82369b536f36efe606f9d282a6,266565348
passed,push,087e6ef324f895e1ccf8fe8f894899392190ad90,266538297
passed,push,8cad2f240f397028f3c4073ed7fb2d418dac3532,266507838
passed,push,57d481c32775623977ebccb538fb982db071740b,266502264
passed,push,94efc08b0d691fa8365f8c1035743c8765bfa7d5,266313464
passed,push,8f56d49d59b5cbc096e9372b25fa1ff1d1278e12,266112429
passed,push,8f56d49d59b5cbc096e9372b25fa1ff1d1278e12,265708981
canceled,push,beacfeec109b47230f56c5621bd172094ffc9c59,265691196
passed,push,0fe0dc9508941721e887945f4bd53bde43fe51db,265685497
passed,push,be1a3a169a3da495f7954e4ce97ffca1a8eb76d2,265258662
passed,push,294ad89438add4bad09c82e31367ab476db7725f,265221146
passed,push,eff553f746eb8e0f1098adf17502613539322f21,265139513
passed,push,ed3de4cdd620bf67ad0f0db459206551e4329e91,264883172
passed,push,c3379ae4f6a8ff478ea21971356ef0bba25c8357,264862071
passed,push,ca2dad2696515aadfc5aea1f84cc8dccaada09c9,264587579
passed,push,c3a0abd2e4d8b7a57d95c9645fafffb5774a69fd,264575154
passed,push,d00d6863e89d75772afc1468e3f1a4f2440e438e,264568614
passed,push,7abb96dd9892074cbf4c65d48fe949fdda1e0890,264555177
passed,push,925c5c0cad6ed45960c25c82c65a1144864507b8,264532328
passed,push,ef045159a847b7fdbe247465abf02cd9236ea8e0,264522712
passed,push,7621609976e56d36b734f01c46da06656ecf348a,263910700
passed,push,e5560c172ef6ba15be5dd24d588138bc3913ae04,263894331
passed,push,a4a99577e4f975f9103a34b21025bc3ed353b132,263873467
passed,push,a38fe146ddfa411a261b885ad03b8b482479960d,263860501
passed,push,ba9d691f688b2d7f141d713f7641f403bcb608b0,263523907
passed,push,b0583596d9ff200bf17c85454ce74c924b7651bf,263221363
passed,push,0d3caf75cdd88887776b89fb24bb7450ef85f131,263202538
passed,push,5b736ad62398701aab426c9d08cface468bbc645,263177342
passed,push,7f8f7fa87453f565bd8d0a58bb090fd535c3d8d2,262284954
canceled,push,35110751a6781cd517389046a6d3b715354cedd2,262279495
passed,push,53cf9368146ea8e11ca5d4b9cd38e71f6d55f067,262250818
passed,push,2a33cfb2983ac06523156c20aaf5ce544d44707f,261149017
passed,push,2a33cfb2983ac06523156c20aaf5ce544d44707f,260725054
canceled,push,9ab746dd585115e96587a1eda517fac1aab935ba,260720986
passed,push,297792defceaf86e07bb4668c06ec2f3b0ac08a3,260716275
passed,push,426c55bb90dac49db082da1798da08450ce1ec94,260677662
passed,push,befbde4422b513efd422a3846b1e37d128aa472c,260668817
passed,push,316e14c1242bb17606e3d47fe5afe9028b2c59ab,259171073
passed,push,d88b7824789b3ba326620c41977618375f1ba3ab,258704553
passed,push,d88b7824789b3ba326620c41977618375f1ba3ab,256204773
passed,push,d88b7824789b3ba326620c41977618375f1ba3ab,255299056
passed,push,c15d13ea9e975eafd30069c22af330989de2b33e,253751696
passed,push,c15d13ea9e975eafd30069c22af330989de2b33e,251799477
passed,push,4f519932af953209c4408435b5c54db321d2012c,251780712
passed,push,719461a615d7b29bb61220fb161c31a2bec6de4c,251324283
passed,push,e07c32b2e6b3f50ea54f3810b0750f90c6843ced,251317428
passed,push,e2fa9e88d60e6ca993224578812ca041c5cf7c02,251313834
canceled,push,539295acde89162670d1852f528ec93fa51cd582,251308314
passed,push,48232b923e604daa62f293618ab273e8ed1fdc3b,251295772
passed,push,48232b923e604daa62f293618ab273e8ed1fdc3b,250501055
passed,push,c29b0e834b51492addc13818ffe40c61aefbac58,250484126
passed,push,4a5ae9d81e500ac8b85339b4778ad48560387fd8,250476265
passed,push,a1c7debfc42ea29eaca1e1fd16522c4d8aa201eb,250119488
passed,push,c0ad4e7479723e8287818faacb92a745720af9f6,250111957
passed,push,9fc73ffd048cce92443b0c1077bdbc466ebd3116,250105925
passed,push,469ea15ac7323a10662b4fc81bb1a10e93edf54d,249786521
passed,push,d9d6d14a51a13904ac3c7343dfed2380625f54ae,249764434
passed,push,78eb5c8ff31c42a1a7330d5b1794da5759ed5ac7,249649668
passed,push,eb906b24baf77936eaa9bd91bcc72c644dbf13ce,249367352
passed,push,90a5fe6fe3f07e50c6095a4209eb6cc56de574d2,249336674
passed,push,95e861460356176f57b1871c60f9cbf600d4f31c,249215258
passed,push,840334810338d954afdbeab4880069a039394705,249120535
passed,push,ed3ace5be4c17152103b6bba787d7c9b3b4a5e26,249116995
passed,push,069be3fe86283830b106bfc05f0acbd3894a948e,249088754
passed,push,5328c34a74a0bc75d69ff8c68c713eb61e709598,249085204
passed,push,acf94e5df2203f10c5b2318e1de09602bf179a83,249083115
passed,push,1dd46d1882ee16f4c44469811c18d2e6278f0439,248971719
passed,push,456c2c2d73e7f72f16489ba8b3389fec34798474,248962101
passed,push,ed12b787d3af7257e43275edeac3b70e52d90c8a,248933823
passed,push,bcbb530e02c02fd12c2822ce40252f0b5fdc0fba,248892865
passed,push,ffa25a16143e3e3cd9d8bc97fff10b1063dd2d6c,248520088
canceled,push,532bb85470ba9a615dd0ed2020d84ef5799b2e51,248501480
canceled,push,8702ef91e2ce086f9a32c5c0fef797bf364ed6d7,248496864
passed,push,54a5a39792cea8b83915ebce088f4b3e1df3327e,248482934
passed,push,135aa5a8084d2fb4856efbe37a43f9dbb5fa4a5b,247271323
passed,push,358d6b450755c327e69cf0d281ab8f4983eb92a6,246349778
passed,push,358d6b450755c327e69cf0d281ab8f4983eb92a6,244975643
passed,push,7b253ec77b912a7fa3e3572de58118ba2f1bee1b,243811897
passed,push,7b253ec77b912a7fa3e3572de58118ba2f1bee1b,241337976
passed,push,7b253ec77b912a7fa3e3572de58118ba2f1bee1b,240527081
passed,push,3439055a92a376a75281c7535bdf7ed34362cdaf,238896210
passed,push,3439055a92a376a75281c7535bdf7ed34362cdaf,236562157
failed,push,e3f11fe425606d0c53c7c16cb2304c5ddfb40984,236384994
passed,push,d0721dfa8bd14186909bdac3dc80b1351bd0234f,233799455
passed,push,843bd6d9a1b7fcc366a49f705316f4f584938518,232819603
passed,push,49629277503a3962646a86a644dfb061fe462a7a,232110890
passed,push,d1901daa29a58a6fdf28d2dd8aae622761dbe3a2,231859526
passed,push,9626d2fc528e11755eeb3345997521fdb5173256,231699036
passed,push,9626d2fc528e11755eeb3345997521fdb5173256,231246434
passed,push,df05398dd456cf838777d48d5ad56abe16e7047f,229268937
passed,push,df05398dd456cf838777d48d5ad56abe16e7047f,228514506
passed,push,8a6a47c4cc30dd86cf6468860840feedf7e7357e,226953859
passed,push,8a6a47c4cc30dd86cf6468860840feedf7e7357e,224902721
passed,push,cde8197b45633af5067dd738eccdd1c85d1a7a32,224888469
failed,push,9eaa9a0059d886ec233113b1d24794172234495c,224277986
passed,push,c6927adf573cf718527e5c089a28a25ab2ebfa52,222371757
passed,push,d51e2775249a0d35059bcfbde00762b62ed47a1e,222363609
passed,push,0bf38ae031aafbe9c9158a68e78ff87977d2c654,222193966
passed,push,0bf38ae031aafbe9c9158a68e78ff87977d2c654,219838051
passed,push,0bf38ae031aafbe9c9158a68e78ff87977d2c654,219302813
canceled,push,0a6812f17fc8817b342da59fe3138ffbcb5cb4b0,219293744
canceled,push,7e6f581406dd4041fd2f000ccb4949b0b02d04f3,219284072
failed,push,3c31b4e33d644f3bf13287f569b1e1c99ba5895c,219276227
failed,push,4c371e021f223b705dcb1b85f2f44ff096510393,219224363
failed,push,c30ddfd8173bb8ef7377c78268b78b203cf07778,219221722
failed,push,3018c9b8b2cf478f25b95e34290ba52f86d4f86a,219211446
errored,push,8a4cda3968088ba66b0ed17c08e7497837176ecd,219051627
canceled,push,3906ae3cf189ce8f06ef5477b5863a3d46e3983c,219042893
errored,push,4988f756058797c5b779ad5f74b749d0dd4a967f,218934950
passed,push,26d74c4f006f7e0ba82ced21ff219e74b051ac8b,217314863
passed,push,26d74c4f006f7e0ba82ced21ff219e74b051ac8b,214787042
passed,push,26d74c4f006f7e0ba82ced21ff219e74b051ac8b,213382876
passed,push,3ce702cbd6eeafa4c7bb7c1a5adfd98af65f4bb9,212167040
passed,push,ccbd94dcedb3c54c00d03f058feff044376c2d49,209879568
passed,push,ccbd94dcedb3c54c00d03f058feff044376c2d49,209130000
canceled,push,8466e735030bbf93282dd220f8a08c27b6c95914,209105766
passed,push,e8dfca3ba59dade45bdb3f8998ce3dc82ca7b9fd,207489295
passed,push,e8dfca3ba59dade45bdb3f8998ce3dc82ca7b9fd,206715031
passed,push,7cb6c073ad0788a8ad9bec944cddb42203a5fa81,205844000
passed,push,8dbd1a6d9d11a33f64380815076daa87f975db80,205095612
passed,push,8dbd1a6d9d11a33f64380815076daa87f975db80,202749052
passed,push,8dbd1a6d9d11a33f64380815076daa87f975db80,200474209
passed,push,8dbd1a6d9d11a33f64380815076daa87f975db80,198133341
passed,push,8dbd1a6d9d11a33f64380815076daa87f975db80,197452745
failed,push,d9f33f1b350fef74fd1ff2943bc3eb0fdfba09c1,197432656
canceled,push,fae4cc669d9b91a0e32e8ca74618c6e94e21440b,197426651
canceled,push,3155ba43c00dad0f92538ac6f4974c8e4890998f,197425697
canceled,push,0c4799ef1a4a1297e07c7da48ce7fb1055f9b066,197375039
passed,push,b1631e7197775680c4b547174e1d15c8e1bbee64,195989303
passed,push,b1631e7197775680c4b547174e1d15c8e1bbee64,193851067
passed,push,b1631e7197775680c4b547174e1d15c8e1bbee64,191746424
passed,push,b1631e7197775680c4b547174e1d15c8e1bbee64,189614223
passed,push,b1631e7197775680c4b547174e1d15c8e1bbee64,187752248
passed,push,51d995daa2c37b4774f50b2648cfe0ac6d638118,187329063
passed,push,0166ac585cebc503489305bbb9f8907b09c9f700,187323510
passed,push,b6b0a7efac2bee459d6debbddc38224d2ce18e9f,187216270
passed,push,aac2da762b1b24441efef427eebe4fd7acc6cd57,186985962
passed,push,04736d4e8c0f0e9bfd2ac6641445a9d63dea098f,186948628
passed,push,577e2ca8f1e53ccf2a2e6e470256855699bab4b3,186836459
passed,push,35f2582e0122a1fd1c031da73286740f469065b8,186814828
passed,push,d3254117dd989f22ebd2942ecf571625756c9106,186420320
passed,push,d3254117dd989f22ebd2942ecf571625756c9106,185558330
passed,push,893eb49fe2615417e486f7d09c0d938089974c68,184634838
passed,push,893eb49fe2615417e486f7d09c0d938089974c68,184083725
canceled,push,7f1ee43fb15739600c1db1bc3320659889399bfc,184076693
passed,push,11addac32d018bc57d0517671f682c5efe876c36,183433926
passed,push,b72e19212b4abd8c6359b8ec413268fc962afe91,182703047
passed,push,b72e19212b4abd8c6359b8ec413268fc962afe91,180980120
failed,push,86b1b57e8869ddee880a38c9071b68ea1f63d3b6,180810343
passed,push,86b1b57e8869ddee880a38c9071b68ea1f63d3b6,178923715
passed,push,86b1b57e8869ddee880a38c9071b68ea1f63d3b6,177125236
passed,push,86b1b57e8869ddee880a38c9071b68ea1f63d3b6,175168125
passed,push,86b1b57e8869ddee880a38c9071b68ea1f63d3b6,174044130
passed,push,c3512a5173d3bf83bf85b65033ef4f192780e647,173511269
passed,push,73b69d9edf6e8f1b0e0cecc7285f1b1f14ed9115,173380690
passed,push,73b69d9edf6e8f1b0e0cecc7285f1b1f14ed9115,171647783
failed,push,d58f493e9d1b21aeff4f1118d981b6aea7831a09,171646807
errored,push,67509aec88078af74235c3374865764444ac74da,171646416
passed,push,b2ce904b26a90d5bc39a90abf78f19ed74bc85e7,171633044
passed,push,5a1da8a0799de693ba8299f9bd2c9e34600646b7,171624036
passed,push,de99fafed779321dc0bb35c126a511c30074f7a8,171619628
passed,push,b40b776db3c40101514b81b42857784b207ad582,171603619
passed,push,4fdb2d738f9f84c6c4ef53124fe0306bf9498825,171389613
canceled,push,fd7ec250f3f2deb753c53aa23d6e63fef43dd7a4,171365369
errored,push,e581b182d2a3e274b6a8ef881bc92e1ea5cf7585,171246415
failed,push,0606a8475d06d63d84eb6b5ee9ca075c08d2ff9d,171239127
failed,push,0686d5d73ac2c6b4a2c855ceb9c2fc851951c892,171201508
passed,push,437d2ec09204cbede0dd98c072a4e195b3a1934b,170917670
passed,push,c4a1a81eeaf32c9c120e56cbce7469d4b7b3da9a,170250177
passed,push,72c1dea761faaa8086f998ebb51f934ade102c57,169926270
passed,push,398c25daaf8108b8c7911cab8c3e93a1d116235b,169888724
passed,push,a44b679b9a23fe37a21e0a322fa821d075bc5ee0,167764449
errored,push,d0e6e9401891b8cbae31b35d2927d692b7f349b1,167764389
passed,push,1973f2f0f89157aa7dfb812b242bdfd018a9883f,167764029
passed,push,2530d1712f182b58e2627924455330c590cb7746,166197831
passed,push,750d5c3693896084cc786915a25b8f487b05bfbb,161921381
passed,push,6efb108718fa67d1055160f3a18b63edb4ca7be2,155749919
passed,push,a77de3c77667b9fce535e0d26a393d0bf6caf4a4,155749012
passed,push,d62c7b3e6bbf43cb9cfc542acd6eaf95fd2cf885,155707046
passed,push,494bbaf0d83b20548247e84091859cb2d06a5e31,139995314
passed,push,42061757ed15be4997d113ad648c0c2a13bd5146,139794111
passed,push,47c14a021407899e365e77147beccc9d0bbad615,120074963
errored,push,5ae5ae3f69df8e2033eea6f21bc91382b8f7e652,120065665
passed,push,42c003ea958a3a6dcfc232c8addb612de32193cd,109452095
passed,push,66c5f0018acd1f72010d3b9f87f4266e82e85f7f,109209263
passed,push,eb1f44b510b287552afbb6a75b0d7c7c24c88f0f,109196598
passed,push,fc3bb6551ab4616f7d6b42b40927b66a3db08f66,109191072
passed,push,61ad2b46650716416691064def089969461bf531,109184729
passed,push,e18345aec1666c7ea5250ea60f7aec946e19242c,109184615
passed,push,56ced196d69113f1033ceb5fffb002325ecdb29e,109172457
passed,push,cafdf5e53a50b66fa33a8b70595337cff78d21d0,109171090
passed,push,374dca577b39b766967828827477ff5ef9c094e9,109155754
passed,push,fe4eff4a05ccfbc359af8190dafe7da0cbb8a7e7,109150756
passed,push,0a16a98cdfcc9fc8e69d49dd2bbd96b32354e101,109149453
passed,push,211d12c368e84b0c43783b7bd8e0c4d5774da2ae,109106270
passed,push,98b43156ed391a873b036f9e698f03fde3fb1a52,109105860
passed,push,ad5a2a0815a532274447849eeb13182dbb612c53,109101868
passed,push,cbd68ce0caefb23dedff94b75298ce2e0edb275a,109072124
passed,push,242261134afea9414215c0a6fdd41c0598299cc6,108398250
passed,push,1f8de3f9d7772f245db26d1ff9e3eb12cbea01d4,108083853
passed,push,5421860147db6cc6b345d299544e931c1dc6a429,108077750
passed,push,570f240e2a513ab9a9eb5aa7b6fc689b4c62f296,108070411
passed,push,71367444d59a73245388136848d16703482fc469,107988787
passed,push,9fcd51a9f55e5feda1b5b7a4c42e2e7c0b0e2ccd,107900035
passed,push,ff0c12880d6a3d3ee0b34787e7a2028e174cd788,107895842
passed,push,e7fddb1fdc55c5b8b9dbfee38857016587c85701,107888988
passed,push,b17609137ae508249571c3480f9d00c8b7dcc199,107676634
canceled,push,52b3ab4066a791c8da66f704739c52053958a49a,107675879
canceled,push,8730bc4bb98a91a8bf7822c17dd5581c042310f6,107675196
passed,push,0f217b1aec6d8eecd3f18ddd95ec9918bc2ef104,107598692
passed,push,1f912e3c32e8905e69ac35f9edcbb0754950a35d,107597661
passed,push,38479b6ffae51325dcfd35b0e9c1cd255379fee3,107595876
passed,push,4ade327666ead2ce098646c157ba603d222857eb,107588981
passed,push,a0b45f91745c2a61a37651d9f2f5410f52a54973,107572167
passed,push,9ef4d4ea4ea1cb34fd1636cfae87367dc93bd86c,107568014
passed,push,12dc8008a747483a775e47ccbf9554e030f1587a,106965638
passed,push,142658f12074a2c1d81a21853c845cbf8576a57d,106308753
passed,push,89be19a8e81116a220e51120688d2c9e0ad3ce74,105916323
passed,push,032a8ef165679bc9bcbb7c40fafd632f3c39c21c,105394100
failed,push,c8c9354e6820f0f49977d92ade2c9c43b28e1250,105374339
passed,push,38baa2546c1efa51d3d087b94bf41837c6881ab5,105003516
passed,push,d58d945bc0db8f046d4c388a325fe9428e8a336b,103475173
passed,push,2985805db8830d0097f1cbab4bfe336ea00969bd,101448848
passed,push,209f55cf2d5ba0a61f16b8f24d65e0b0cf999631,101446260
passed,push,e5506301e8a8008c8ecc5d0e9248f1c2a1cca478,101445105
passed,push,e80c2ff7e57bd822e13d61bd29688e9f1823fc73,101444600
passed,push,af1828d837c89a1b36f92582c700fc900143085e,101443295
passed,push,46a0a1699ba05892dacbb6783be846e6c87572aa,101436508
passed,push,02e42fd0724e637bfd98d4a17d1320a1c293792d,100629711
passed,push,33f3416690998902b8dbdd24e210fc1e3d702bcf,100613463
failed,push,e5f387e8628c7d123550cd168a284ba608df8069,100011524
passed,push,28fb149a812eb81787b5c6e04592d5ed8867f0f1,99719754
passed,push,57f80021909828accfefe1cd853d14574ae35406,98589990
passed,push,382cc9269437487a84c4cebf4cf26cfaadbbed8f,98406258
passed,push,e9d97895868dbfca9639ac068acc053b264e3819,98208756
passed,push,07d69fa619c9041bbd372c9ae67c32d08b1c6f99,98187616
passed,push,29e7e53a9878e795335fcbe3a5251a58753805d9,98076775
passed,push,64f3e1fef1010ba5b00e3148b1ee8fb4ef2590fd,98076653
passed,push,360c41a67c08c8ad2c4cd5a64a4ebb51e8ec49eb,97997587
passed,push,688b700eb020e0b4c7ebba9fe3507ab577a4322d,97990832
canceled,push,8484f26761cce0365586d5c019fc0aff5b9350bf,97986121
canceled,push,b887e14a4d020f9eb07fe7d3be48b57fb506a5de,97981153
passed,push,e9127f884ec8e5cc96b3d37b8916f91d6d734cd6,97973168
canceled,push,70863290b40f7387799efd4d14ad5f4744ca4dcf,97970604
canceled,push,4687780bc63c58f1eb250cdb6f1377975f545bdd,97970021
canceled,push,7d82f566ae6877fbe2c95ad8a4040b983a4a1ade,97967661
canceled,push,ade12a0693fc14e91e5787ea39d3b72ed7a8149c,97965515
canceled,push,c95207541b117f5881781c3a6579caf2379856fa,97964415
passed,push,4abac7a8468572190590e6b1b2fedc1f0f10193c,97962971
passed,push,42b590538908760a6557793c31c9485a4fb79b5e,97961465
passed,push,45792c987813c8b743cd09e1e11563f02a3a79ab,97960175
passed,push,f0d0e5e05a6c48e4da7d779b63ead28fec1fb121,97950237
passed,push,cbf6dce609b7fe03d5b73cdc9bc89e67556b4b5f,97943705
passed,push,0fdc4988586add9bece32e110d032a67fdf96713,97942965
passed,push,844726cd793f31e25a3888996964dab0b0d06245,97862477
passed,push,330c05016b60a708e9b19cfb161253e586be5b75,97858983
failed,push,89fc3da09aee72e469aa1b725774512d305b3d48,97854932
canceled,push,83739310bbad32dd74f4fc5d0c46955ce909fd44,97844884
canceled,push,1ef2c254a86d3239818a7f0314df4778638ecde5,97842409
canceled,push,bd9a8e40b8cf01b022774d748f9650022892b568,97840627
failed,push,6455b561d447e3cd4cbbfd799d12e08d303b107a,97840107
failed,push,58ad57d58a21dd93307860e7f124995c25958f99,97836009
failed,push,4bea8ff38cb86eca77155a831b4a71bbb303cf69,97829241
failed,push,4897f84beafbaa32ee2464b1604a0db32a07c52c,97822670
failed,push,12873fccced752a5ce7422bb912d3b58a4943d6e,97820887
canceled,push,bff0ebc95021bef985720ed1d8fac100d2eac68e,97773691
canceled,push,ee07470965db7f1df545ab856be0b6afd9703bd0,97753515
canceled,push,bd68c575d727e9ae8a51a3caf8d6b30a1bdb50c6,97746906
failed,push,3463a3d2dd0dba3fe902a7e6d9748041c4d4bf89,97742969
failed,push,b45fa4e6e267660683306120c1a7a30c5a11f435,97740916
failed,push,483cf1a2d635b6fd6282fec60827604a8cd53f08,97715945
failed,push,947f2b8655be132eab996c122a0c9637dd3a6740,97705435
failed,push,c0dcfcfec2e6b62b9a18bf87eeec3366a93b77cf,97563596
failed,push,cbb025d6d058e417bfa505c527d1048c2ff1479f,97543110
failed,push,85fec04343df7bae84b8ad27de46c4a480d8f501,97537846
failed,push,6f02cbac96de2f48b418aa6b5c5b12cbad83a647,97421199
failed,push,eee9b3920b489c994062ee826c0acd3fbe9134ca,97394457
failed,push,bc4d7308997efd2162c64e2a733b422741106f8b,97346519
failed,push,f5d49ee1ec8af12ff786e421e2fa3b3ea74c42e7,97316686
failed,push,2c5d5cce2a7e8b3213e43ef78732b235dfc838eb,97316228
passed,push,b1ce043aaa4e4aeccfccb0ac3c8b7c30a5e1b2a1,97313704
passed,push,5cd896049cd8b472ae13a3a5eb7dbabac3b7c202,97244678
passed,push,963e25ee412513bf920f92b51056161a2b381616,97034404
passed,push,b41acdc5982b8ce3725659ded961f1e855c3f7d0,96983177
passed,push,a82debf7da8c58494690905d5d30378b231d9866,96973711
passed,push,2a0865a3f15d1fe035c3dd0096cec6b9d955c4dd,96963146
passed,push,3f827f781c9ad8b9660c70516c9b3048e6480828,96961602
passed,push,2be6f5c71406ea5114083f681d0b7ed61ee3f2f1,96934689
passed,push,4e6977f4c37c90fb6bd5523cb0f23e9a6ba7e477,96854478
passed,push,2ad732e713be64df31f26b1a79c3a4da2b54e6cb,96848387
passed,push,292e69faab313bf28810aeddfa7dd146c9ce3ab3,96835508
passed,push,0044a69e3f1d8c6173a27f392fb63163b6de53ff,96829258
passed,push,25f9eb5e1349d74a5940d38d09f6ef71c0564884,96827353
passed,push,7efb9c77a455d00ce10b04cb2f345c7258f78259,96822891
passed,push,7095e54250b6cc10a17fe4c6b1ea21a2fc8c9650,96643353
passed,push,a98bd06fd549338caf19ca9a32ce43d70dee4ebe,96631102
passed,push,0125591ec7484c25f1846b1a6f3dc9c76871d750,96500685
failed,push,2c198d3fcf308198e89faf91fd6bc16cbf07779a,96496012
failed,push,5585142ee0aaae49d7dc20f0c919cda76e654ec3,96471571
failed,push,d5ee9dc1cc189f86da8e5cdcc2db15dfa43fd68d,96469398
failed,push,8c80c2e1c0a28622967857192b942adf5cb4f504,96441039
passed,push,cd5fbb371001dee894f888bdc701926b867c6c7b,96234233
passed,push,1f0e6fbd195e873527a661741b3cd900e9fae6f2,96023109
passed,push,82e1c89bf61d30859e4f3d9f4cb951ecc0419168,96003351
passed,push,0702b6f3402fc8dd280a62e663642a54e3bec3ce,95881330
passed,push,e31407771a0b36bada81241737150243b6b4fb0a,95841879
passed,push,550fdd7ec34a80908466690daa1f9a99dd9e9a4e,95826850
passed,push,dbb9ba7cbee3cc4d4b577ef0ea83781bcefe40ba,95805371
passed,push,266e567fc2a9c5e7ecb87a257425da5db319ddee,95802343
passed,push,65b3de0696d1357564bd8ccfc7fb62ffccd3ef27,95791638
passed,push,6eaf9e4696beaf5cfb1d0ef49cdbcf4636a1a3b5,95614460
passed,push,2479c68331977156508b2716d6b30ac7bf1e2dfe,95590040
passed,push,7ecd1a42d5a9076fcea1ec944ec0ea8269528b37,95468231
passed,push,6c6bf6a74d063c866b79447627c8be61bc5111d4,95464007
passed,push,a66686bd53f7ec65c79e1648530b6edf1a96960e,95175744
passed,push,03e179793cdbbdcafeff64196fb5ba56ff80c436,95165396
passed,push,49890e3743d2918ef4057153ee9ecc0ef8910a1d,94976800
passed,push,4a8ed1d37c3be66858e9f817ffa7bac11f6c0ec3,94966680
passed,push,4a6e698536006e6ea9b0680756d9390b96ba278b,94956663
failed,push,e46ecc6a11e58e0a9661f1f0b7326a22019f2b03,94863968
passed,push,b310ec65d1493890fa0574c90f75f95ccf87c6b6,94625715
passed,push,8f6fcdc3957615773a374827af90c9cc32ac48c7,94620945
passed,push,800b64413a3e6b3b903f659446c1143be2b28cd1,94479463
passed,push,f89c39f2370b87e53ffe73835298aeb188b550aa,94468690
failed,push,12e3edd447ee7fa553c9586c8750a03f01ec6da3,94437477
passed,push,bea78741dc19da9e88d10c14222dca3409a71da5,93826445
passed,push,a4341d2c5b13ccb76d5d5c8e4bc37e512a2e3b0e,93723609
passed,push,16dffb700ecf772b44588ae940a746016c6d837c,93721045
passed,push,f73af81351fd35c2b23d2544714d499e468d0d71,93713317
passed,push,452f74993d323219331107708c5762c0ba102c0c,93480792
passed,push,f02a552859307dfc0eb8c0a246dc49d10b4a132a,93435532
passed,push,c99751729648d5be90bc0dd2cc19c12bda347d4b,93357732
passed,push,2c079944193fea784e13cffc84103a377c4b82ce,93265015
passed,push,5f8477612b96aa825313b9895975120ee50753c4,93262955
passed,push,1d2bbb98d8d54439c3ffc4760c3ad631429e0cd1,93252349
passed,push,6dc904aa36db6a8a0d2feb465d9fa7cbbafe5f88,93245780
failed,push,91aa3b2ca0c43b66747d7926e34fae38ef030efa,93241835
failed,push,ad88b82e09f499758365212a694f4e1166214999,93238619
passed,push,2498fc4b127d4378398694d37cc37c8195ebe6c4,93235616
failed,push,d82891179d601f39d751ec1720176861687f02a2,93200632
passed,push,7346d12bc22f43b60e27b53e6f16bd4933178719,93037417
passed,push,77468d875ef02c3eb6c77d88b19e2cb967ac4935,92452361
passed,push,13b7071d7a98ab62f83ede0baf3c234edbf0a767,92414202
passed,push,7168adff454071a6c8594372aecdc66b18859acd,91910504
passed,push,f616241943cc6cecc1008fc75bce157b3db14a2b,91905858
passed,push,6ed4ad93cfbd7e9678ad3fd9e73385c864b74253,91695221
passed,push,bc94c41f1653c7f0f509e483be168ebe866d6328,91607794
passed,push,e7ac1933c54dcfdcb21c87781b8e498623035e93,90727739
passed,push,247ff7572965e4d94ae3e0325f922b15dd35658f,90495970
passed,push,692b9c61131089a7eeffdc0fd7960ebff3fba8fb,90208648
passed,push,5633f7d1ac71b8b6cbd98a3259b4bd546a81b954,90203760
passed,push,42765948b47e67b1452a751bc267cf81f3d47fe1,90020072
passed,push,ccd49af2beeab08eb308d3fdaa5db34bf94475cf,90016264
passed,push,7459d4d93a7d1812f05c4daf154011fc3c6950cd,90012443
passed,push,975d32274ee471ae8aa80208abbe7e6773b97b96,90007681
passed,push,ca21e1339555ebd328453757c25ea725fd8eea00,90006409
passed,push,4458d42ce4246a285c2a77e2cd9e931b2565cef4,90001627
passed,push,233c0314d302dee42c8870beb7b8244a01080915,89785378
failed,push,bc57e3a83b56c626bd5f6e1e3f5479c62ec21da2,89784706
failed,push,b05fa9ebbae8622409f8e9b7b9210dc53b2c7854,89620745
passed,push,eec005ca0b0d93151e2e853334ff16dff80fc78c,89607548
passed,push,b9465c6a0e4db0cc5347687ee2c72564c6755eb1,89552466
passed,push,8a691ae1909d6c1067305e476a3ad5505fcb42bc,89543059
failed,push,e9b4adf24a11855da0b6ba0aab595ab572856d26,89533948
passed,push,47bc94dec10943478424d3a8ab164793b77fd109,88779586
passed,push,7f8a52db90df653e83e1e2bf7c351eaa3e07de4f,88779097
passed,push,5f65af69bfd947b26df5134f57434a9d71b55839,88717869
passed,push,3171f90516a1bfc98ca64ee20b5fb6f00ece5766,88683748
passed,push,003bbab0dea5f2e1a54a97c49a695034347d2dd1,88586482
passed,push,07a862ba436eaa4f2f0482d556ed0f33a75f69e2,88584516
passed,push,09e888f75aab31dab3f412e0ec33635df49e6a18,88582802
passed,push,c2e071776690b874a75b767f041845b78c5fe562,88541492
passed,push,5aeaa17e6bb0de2eb863449f5f4ecc8fe4a5bd99,88533042
passed,push,9262c079c835ddbd561545c56c122949edbbefa2,88290354
passed,push,f3d14883df1df0fd3ca1a867ba541b2474d887aa,88126856
failed,pull,daa1ec148c1409780affad47c9ee69affb9ab6f2,88125190
passed,push,e188256541bc0873038364a804c6c6700c272039,88119683
failed,push,3c77b6ef611d88686fa6baf1578081ce98b22b92,88113918
failed,push,61f27be5bb8e2cbb16fc3085c64fc4aaf4922acf,88107460
canceled,push,7ce4a85508c8ed2f5aa301ab2e7fa89b82e27a89,88013248
failed,push,e88fa33752cc06f62dec22511174bc054dc0c0d3,88012166
passed,push,58f788ba04c0b61df66af5794198a455a278324d,87999114
passed,push,b1381de33fa2a4b5ab4c024e88d01e63da5bebb1,87995577
passed,push,18db0b05207f3b5037877d96de43252430bc7b59,87896727
passed,push,e65cc394f369d3b3f8d04c512ccf87d51432a6f4,87841135
passed,push,1f9af048abf0d786b0b41c8ce0720eee6f7fc30b,87769032
passed,push,e40068f78ff851ad5e7401a9ee5207e9f718ae0b,87765287
passed,push,0081b79ecdd183a766bcd3de41cf99cf0ea0d09d,87754213
passed,push,30602cf3c8b70757655466eb8e338ec3fbd2a535,87708934
passed,push,9f9095917739defa2d9b9af446652a665ae74eac,87693000
failed,push,b9a02cef38c3cd57415bd5766e556612e70357f4,87676774
passed,push,b61f1d61121f22b13ba10669fd0eeff824cf2f2f,87660142
failed,pull,94ad6a175c96ba82d836d3d9f25a4b47ce1c2582,87548849
passed,push,4864251b06293e0e07fc37d8b1bd66260c377730,87361345
passed,push,7b45ef33e98a856674364dcb5f69129778c4ccad,87111192
passed,push,ca9b5279e1eb3fdbfbf44500182e85d87ec5689f,87100395
passed,push,93279123d5c568b789046550a2912c727fe5790b,87050821
passed,push,10b68857cbd6594bfeaf2248260f34d41a11ec4b,86825958
passed,push,02255451790950ea4918388c6ab23e96f1240afb,86626056
failed,pull,ce2df480caecfdfd5f20e9049278b39fb1378036,86493526
passed,push,bbfd2a9c97c583d5acb784785e6bb644806e794a,85950655
passed,push,dcf0efae2461d36c01c72069caeb6a40b2dbe11c,85898897
passed,push,c2c7c36794b79e1bdf70bd886e00110b220d5e03,85897166
failed,push,5949294c8506145920f1613e341a4f3308c5c6b9,85740113
failed,push,527755bf68314bc4bae26a86ea93033a56635ab2,85613818
passed,push,df38e8969ff29885a6dab9e0312bf850ca0a1441,85550540
passed,push,78b4f7da99413a7ba698c7cab161979d3923129c,85544480
passed,push,c755744bc361c4b64f6c8f2691d31f066fa14f4e,84745342
passed,push,79ecaa509431955e68dbfa08b068d59e51d8616c,84697768
passed,push,8639593ad0e6bcbdbe8e6fe3263c9b2550169942,84324043
passed,push,1d96fb5e6a7c606f7b676111d061d90940fe6f8a,83544222
passed,push,a10a79f7de84c5fc2bd598e823c2d2ef91f57594,82322047
passed,push,91af55f12855db6a1fa9b2f4cc2b0e3b6c76d8c7,82231045
passed,push,fad3835ce634057a90797f2f4268776ac36e5f22,81966133
passed,push,5ebbc8aeee96e633fd73443e551848e15daa882a,81823159
passed,push,e1a4284f962b9b1905cb7d7fabac51bbdc836e06,80506178
passed,push,489fe215444b5ae669811fe31738649a0c7ee645,80478489
passed,push,a6165ea593e0d366d3d7492e07f307eb06179726,79908765
passed,push,142c8b58fc05107577720602391e4f608a5f3afd,79898022
passed,push,d67157710dd7af4de73afd523f305392f7c8fb99,79175273
passed,push,1c23735148453414574ae04250293c98a2cbdf45,79138063
passed,push,af1cffbbbee945b623108598015216c6607a9012,79126347
errored,push,89501fec9429b634659aa7426cafd184039f711e,79121699
failed,push,0f786d9a695928fa389d3af3a5b81dce9c3a0276,79120946
failed,push,17c2d487e5b83bcb7ddb3241f8b619b12442aa35,79114556
errored,push,a65741c5c3841bc26f7b1ea915630fc3dea625f8,79110692
passed,push,fa106120eb0c2e0e2a3ce2cde346e8d857c20ae0,79105063
passed,push,0f4fd499d359d508c60868299d7c1ce6c93c227b,79102925
passed,push,4ab2a080ac32426d057af53cef25756fca86db41,79097476
failed,push,535e581f09ecf3930cc3721bb138b12248adbc75,79095915
failed,push,20e6684abc83ec236827a31bf89b1d94202ed105,79094011
failed,push,97c1915e8d65c6279a93a6891be7f5716cd6bdcd,79091677
failed,push,e8dddd3ac94c328b7b8a33de3f06c83dd840505a,79090207
errored,push,6896bdb4677c62b021def13ccbac459ba5f26adc,79089453
failed,push,91e6b2f2e3b8c7326920fd63bf433352560e09fd,79086197
failed,push,f4ca86539a21264ab565292827aee2b857bbb660,79082960
failed,push,320945264ce113aabd4ff2ec73dd5c225273d38b,79077244
canceled,push,c75f08c0d11d49647993eaf98e7352a690f98841,79048879
passed,push,4a01763613fd077a77722ed0922828ad7aa86fc8,79046152
errored,push,02c2d0e19e32310bf106d8a22421cb423e1e945f,79045867
errored,push,6ff87eb49887a28c7835508522be293421f2cdbe,79045609
errored,push,f78ad3048525b81647b91827b99331caf2941f26,79044744
errored,push,ab613df2bce9da44d8dd212183c0f5da7d2b6bb4,238806132
errored,push,d9346172e42430e89348ebb7a438d8380b909354,238791922
errored,push,4e1f25438fbaccce614a1345f3cebfcfadf11401,238777071
errored,push,f02ac409cfad67aa3cd9980b0c1d173304dfd7be,238761375
errored,push,9d8073dc46a4729561153be5e63828fec302c6ab,238759835
errored,push,3b410d0ed8183de923e5f37bc570e7ad7374c091,238758212
errored,push,93b5c1806689315096d9fd35579b31bc37559088,238756206
errored,push,f4926a72ff71967a7cc6f4e576912ea5091b6a2c,238754650
errored,push,209f55cf2d5ba0a61f16b8f24d65e0b0cf999631,238753235
errored,push,ef4a8b8de6b6ba096aee16e6760a1b770fb5096b,238752050
errored,push,77d6b08285af52bce0a3007d7feb165cac4a5ec9,238750682
errored,push,35990f5e871a0c661df3fef4c9cc4718c3e4fa13,238749342
errored,push,276d76284271be9ecab1d5deb083b86a1e83a7e2,238748154
errored,push,0c12c16bc8d66246b1166ab976ea14651326862e,238746753
errored,push,032a8ef165679bc9bcbb7c40fafd632f3c39c21c,238745472
errored,push,4bcdbc2feeab1ff6716e12b1d91209b3d5349e32,238744278
errored,push,016c8c0ed36dedeea36cba8c07fdb2a0de2d5acb,238742746
errored,push,26039b4f51fb4ed55186dc96b3715419375220e4,238741585
errored,push,6b041a43194e45fe5478bd2a6e004c890ddbbd1e,238739603
errored,push,d91166b76b37ef5722e1f4ef0b373a7149eb20fc,231183511
