Status,Type,Commit,ID
failed,push,8c07f547cf4fdc7b4bb48fc28078404946a1a20a,75942423
errored,pull,83b2ea86faf1ec37b54e2016d1f273cc57ae958e,75935892
errored,push,31bfdd3f5c0e00a1d5e405394eae09f4389a5eb6,75918772
errored,push,0cb7363fddad00765d9ae04a81c33b7d9924d3bc,75918129
failed,push,7680c389432835d423e0c4490a0c46a90fac15a1,75851687
failed,push,9423c993042921676eb249e39b024f531a5b5306,75851566
failed,push,7a64eb61a5273694072579a23dd8bbc87582b6ed,75247703
failed,pull,56ce4ef7146309899fe4bf45377b876127c9890c,75246594
failed,push,1f6dc30d441c6bd6f868c939ab15688e5a0386e3,74570146
failed,push,1d1c3abfffafea9ff2ebfe60035960404ab6612d,74569692
failed,pull,ae57a775efd26b9c1574ae60a19e9f434750d6e1,74551773
failed,push,f122b8d7a4667c932c614dfb2e1d4ba05872680f,74071818
failed,push,7f807bf4a8450113afde671b2ec3fd2194dd145a,74071536
failed,pull,27323f873e2dd24c2c28ddf054bd4c2175f9cfa4,74070954
failed,push,38a76d7e11e89af95c2bfbffae1694104a7fde99,74043675
errored,pull,82ed764068e8f7888b5e01f15088d2f298c9a2d1,74043666
failed,push,2fffb6ac3285143ef4b3d6a862ff3b01a8328630,74026093
failed,pull,3c5af3c909570a217428b09c058ac63e3840d1ec,74018203
failed,pull,0b54ac0c0303a8712004746d5dfd405f09a9d9c1,73747612
failed,push,eb1b5007d413878ac39355d89feeca036182f7f5,73536367
failed,push,4fc07f4ee9ddfdf7f91a9775c593dffbb4007d46,73168423
errored,pull,4056c116dfaad381107a91a411f19cbab6d77160,73168408
failed,push,63fa1a24695b6e9c9927fb9920f234d54fcf3f82,71740379
failed,pull,50812297074daf47b0fbe17c86c3eaefbfc0ec77,71736968
failed,push,f283572789585f3fe59c0e25a67c8d30a6560968,68213736
errored,pull,ae83ad969f90adf7b70a8cee7bd27b84e558245b,68213536
failed,pull,4716696e0da2e8ecdf107e78bba3961bfccff64a,68209844
failed,push,f39351d942b58c2516b20aa3ca781619cbdcccde,68207948
errored,pull,47d63a1e9749bf54234e58530f21e292b859c7a4,68207563
failed,push,7fb7fab39c814956999d5d4ee56a91f72ef725ef,67883706
failed,pull,d55ca40763c88faecd08586508abeb3e85332e23,67866568
failed,push,4c97fbdf8af889f2ae984009bf23f38f305683fa,63103941
failed,pull,d59d904a0b34085bf07bbef53d7cc40cb5421779,63095100
failed,push,a008f34192d49f4c228433c9d9e13f2ba693b2a8,60551077
failed,push,bcc1c16800d68a446a6acc56b2b964823f9ae7dd,60529258
failed,push,fe6261798bcc87bd2e5ddfde995638a167e89240,60528981
failed,pull,7b1d165cfd3710de1f53768b3eb40a1bb9b5bef1,60410915
failed,pull,37c6ce64120091878d7ee55e91c44c9aa874e18c,60410391
failed,push,64f5cf2460da4c823cf6d7723b2fcdf2614444ee,53578033
failed,pull,5cf23f701ac64853d4a0ce7766c0e284dfd6cbc3,52382736
failed,push,c8df9230065e9e42bfe7d429b78f1f98426a1109,48572598
failed,push,4176b65a0f6fa71e7887f5fe86bad29c30eddb0f,48572504
failed,push,2afb142033363d0fcc3f90623bcd6064a52fea28,45985204
failed,pull,938ecdcdb12865b515eadd7918fdc71455917ce7,45978057
failed,push,d4eee9943a02333ca8e597e4661ec72229fd017b,45726548
failed,push,4d95c34a61b501398b98864dfe8912a1d858afd2,44748742
failed,push,9d2aa9c4b5145b151f743f60b6aee3c43cd169a4,41369808
failed,push,9f520483b14d343797dd2f827edde27d4139ec35,39137495
failed,pull,62d5e2b4d4eadd0d8d1d56330a3eaa3dc998ffd8,39112155
failed,pull,0b45a949df89a0eeddea6cfe4a378c912f3d99cb,39110972
failed,pull,d03bbd4811b288f70aaa75f4ae006581c322dd1c,39108449
failed,pull,c497dba743486d8a29981c0304ff9b80ca249268,39107033
failed,push,fc83432e0dab1eea1bdb9f4a38bd1ab981f65bcb,39073949
failed,pull,5e4f50c2a1d38a07584dfe167540c9b76af264a4,39071927
passed,push,1ae57f3a41dc9262b5bf51d6b99ada28ae4bbb0e,34108987
passed,pull,ba0ec4aa812f6fe656090a804d62bd035a856404,34107778
failed,push,0fe6cf573656d8e5b2c234058a0e0693be966d52,33564803
passed,push,da74436e9e710cf4a7125e1b597066216f48bb33,33564797
failed,pull,3b96a5b3383d924868516d2bc7efb7bb46b99d1a,33552176
passed,pull,0298ea262dd8b751395957990ad85b1daf0349ba,33552032
failed,push,ea9f7336665d997c713fec3797afcfb2c473302e,33351033
passed,push,32c5187e64089550c532d939408222a67d382ac2,33055089
passed,push,30228dbc547507ee1c5b99408f0dc29079bfbfef,32937646
passed,pull,cdf7a8477af7199e37cd44326fb6e1e0d642f4b9,32918012
passed,push,ae594180a05b9c4d040d4359d00bec6830724356,31575275
failed,push,3edca160217f1b8dce984205d0582d20aa084cfe,26840268
passed,pull,d0edc5b54e58775dbb2043abdfe0e883021b7f93,26814310
failed,push,d17ec64566170a38610726810b413cb69b23f17d,26690948
errored,pull,a478ff25e86c760056da21a3b611447e280b40ae,26690825
failed,push,adbd357ccd9149b95b68781757d134f20f92fe6d,26307106
passed,push,047215b188772289db3109d8270104eafe135c70,26306960
failed,push,144bb5ae0af6d17592eff33bbd8f9693578747f6,25543684
passed,push,1dc292378c821175a5e299a371f658b9fc0f1245,23195892
failed,push,16f29f18b88aac6c2987e4eabe56d4a8508a11f6,22172098
failed,push,785868ac104cce5a09c105219ab4a0534b80baba,22127571
passed,push,deb56f40ae418bfded8ee104fd5bb16bf24dbf08,21937991
failed,push,57b957e451d607538888d57dd401d17aeb865c19,21194944
failed,push,5c85bb3033e6a55d2518a171ffcbf07ae8e16d79,21194857
passed,push,f694dfa572b519501ecf5292f3d5e9d8344b5fa0,19864139
passed,push,f8fd87f2d355c419f8a0fbc87276835d46157f74,17271572
failed,push,390106a51d9e5938677171c839969765d1fd1c72,17270602
passed,push,b3ef1336cf1986aab6992126906891894730f7a1,17267283
passed,push,96695603fa0d989f04d13cc85ff30956f31d29c6,17120054
passed,push,463c2b482b8bf00168479542bbb1428ec07d71d7,17015150
passed,push,5c0bfb16fa78c6ecf9bb77cc72000895beefbab0,16519133
errored,pull,ea0271078b4a7ca4b415b605fcbd43acbbf30640,16519077
passed,push,27df5ef15cac5b0bde5e7bd92c176453fb97f2ee,14660255
failed,push,7358fc4678cfabb1db4094deeb759a38457787fd,14621629
passed,pull,dc2d49cd761d7bf42f819d1e4ebff90839410618,14620383
passed,push,73511e4c632803566d41c8be0a5d3c096ac318fd,14496429
passed,push,0b7fb86f2356a662a5ae69915fa0337af8cb241f,14353839
failed,pull,66c54af4bfe1a05b265c4d08fe29d1a32cb3785a,14347944
passed,push,2eace3e91794f7d1279b68685081e86ea46296bc,13703434
failed,push,2d9ee11e9fe3fc965f1cdd6765a475e091461a06,13595123
passed,push,a61e0fec7ceae76ac1089322aa02c90d84de35b5,13495573
failed,push,e0aa03a1adb87c87f57a47c8b23208ceddcd3d2e,13495547
passed,push,be85d7d1923fbb850008308c9a2da761ea685819,12965655
passed,push,8fa90cb2ab7e210e01c37d55b7d305932ab6259f,12780727
passed,pull,99161b75105d29c262b98de095fec6ff37f01d74,12778441
passed,push,f47432ff64fdcf410cbd45b3ddc1825dab6f27d4,12687116
failed,push,68975e86998193875225645b9c72b31b822eba4a,12687059
passed,push,36e116e741d221125f97f384930169fe3eb74eca,12686315
passed,push,5e3bc31b6669d1c8974ab889a11a9ba514329ec8,12685921
failed,push,cbb6c0288793844c1ea2ea77abf53860092b7758,12542357
passed,push,b4f0219e8f8ce9a02b6b947da874c86084002017,12196263
errored,push,1d1390725e09c4ee6e9bc513db80ebe41d21ace8,11188796
passed,push,a864a54c38e67489bce6da63b0f0234ceedd3aa0,10604589
passed,push,c2c2e9fa8f5b434393de7137bb70f903bd02750a,10588564
passed,pull,ed94ced87f61f3969b68449766f6b1d8e2194d54,10584415
passed,push,1e524f6fb0142ccf2721a11e148fb2572d8b0ac6,10312839
passed,push,0aff91f2a055eae92493c55cb5a5a7fae89c984a,10274118
passed,push,da4fc5bdd6082a47424a52896b808d1b299e3f10,10144995
passed,push,92ab1de70550bdee3c77e74f206a0c7710f79689,10111121
failed,push,35e4cc200f1115e7f73542a6600507621c30ae54,10110079
failed,push,b5dcf249d897f6b5dd21f3eb4a4dbc581b4f5d2a,10109419
failed,push,a1b5065bd856f1973a633995c8d93dba25f279e0,10109249
errored,pull,c715196fc65c451775a9cf25b6a94bff33ba64b4,10107640
failed,pull,772593131d3a6c4d0cb90a815d0ac39697b7ca70,10048343
passed,push,25fa9d5efb78d24da48f6c0cc050eab693f462cd,9927414
passed,push,e566a90a23c296c4520197fc57bd1ff7c2faa6bb,9842015
passed,push,92b7d9b4e0e3b30ac0e221ca6ba1411667850894,9841529
passed,push,02fb43f44cd32431afe27b32eddee8a112d1b220,9839045
passed,push,7782ad07b5213428f8b31dcac921f27f0ab9713a,9831892
passed,push,ac4762c718d58b3eff8a7838eb2fefdf0b4c4882,9816828
failed,push,da01838cd31bbf2ede609467aa612c782396d6b0,9699391
passed,push,aa8e81c17627abdd8772b74020329d93b0dcfaa3,9616850
failed,push,e23fef3f7b440f25b545e288a68fac61a55878b9,9614057
failed,push,e23fef3f7b440f25b545e288a68fac61a55878b9,9613972
failed,push,4ea627ffc12008a8417bac674faccaf7bd94919c,9612842
errored,push,2887586745e06b3c91183df8430d6994ec441cbf,9612633
errored,pull,7814c8036405cd3598e1aac298b5fbbbcc82b031,9607161
passed,push,c1aa2d8e78e57879d9b032790e86038274c47d39,9584424
passed,push,b6c7fe0797bbf32fac98c402d2845bd3decee13f,9488592
failed,push,b6c7fe0797bbf32fac98c402d2845bd3decee13f,9488588
failed,push,b6c7fe0797bbf32fac98c402d2845bd3decee13f,9488589
failed,push,b6c7fe0797bbf32fac98c402d2845bd3decee13f,9480727
failed,push,b6c7fe0797bbf32fac98c402d2845bd3decee13f,9476912
passed,push,437988b2b1fed0e1eaede4d28dc4a3ce16c892a7,9463855
failed,push,333748c0fdda18d52eef0323854e788c2406ba0b,9463715
errored,push,5c95e69251c0d23ee73091340ae2e7ad231a5dff,9463633
passed,push,c5d62d79d3abf513dfd60fa6315bd6d8c5576cf6,9463263
failed,push,c69002d3992f9e22a0f14017ab1c28305fe73637,9463052
failed,push,957d2f948a681ae787e8559cb44f85e406709679,9462958
failed,push,efb8d46e53b8374ee09e62cb6420959d02b49722,9462804
failed,push,780d456d5bbab3901ec70645ca3539c65318ba90,9462652
failed,push,a11085b8b568ff7c2604ed9904ebf5aab60ba720,9462513
failed,push,5e0714cd1dc8c147a05cbcdbe61da6b0177f7089,9462319
failed,push,5170434b169492bb5fd45175453405238d1785de,9461868
errored,push,ef6d0a1c191ff5b46f87a774cc05e4cbc5c60ccd,9461858
errored,push,768868ad7abd86a806784d83b9a23576c06256e2,9461834
failed,push,36afdae6a650db48fc2a93884767c95a32d660ae,260839514
