Status,Type,Commit,ID
passed,push,964a66fc1c57042a37301ec426ffef266bfc0f56,253493850
passed,push,65daeb2369bf6aa5aba983a2c443423bbf16361f,253487916
passed,push,45fd4fbdd8401ea63c30f6bbda266afd99df751f,253487901
passed,push,45fd4fbdd8401ea63c30f6bbda266afd99df751f,253487893
passed,push,05f6a2afd2bd2ea8f811c818d4099246b5fa1f32,253479956
passed,pull,5a7227ce248375cb8ce32b478f710882f77edcbe,253479881
passed,push,eeadb50aa92bdb0a25b3c39b145b62d2cdd04ef0,253479875
passed,push,ad4449bfeeb2a3e7dd60db2301bf4691d0841cb7,253478012
passed,push,2ec4167eb89d7b6c8c2cf7396ff650fee3c369ba,253464879
passed,push,9b5c68434933b7fbcd9a28bf0af85a26f702a34d,253453404
passed,push,9d24cd00c7c9e5e10ed9139c854383e5af34e245,253436594
passed,pull,b6256ade778873676b873fef6b8a9d7a798e1326,253419129
failed,push,14c7877fa26725017c1ed03c32018c1a575279d9,253101532
passed,push,111b9b566fadba5d559e76f41e476a1eabfe29fd,252509277
failed,push,dbd9553732477424114ea1ac20709bb85234a00e,252509252
passed,push,dbd9553732477424114ea1ac20709bb85234a00e,252509197
failed,push,b031572ddb5400f9fb71fd6bc9e77078ea3fcbc1,252484318
failed,push,4a05786563a1f723992575c04071edface484dd6,252482638
failed,push,f3e3c7446c5f35e44d00e01ecebc14e744b04dc8,252479810
errored,pull,9243b22cd5480fb1998e0d2fd24ba7f9168bd0ab,252479498
failed,push,4811368854a8599eac0bf798ce28fa262cce210f,252471469
errored,pull,260e16968d4adf2c383aa8b28a0ff2acb17ee938,228045889
passed,push,8f8c138a6152c6cc6b9d0c60eb7e8cd00d17963c,183192050
passed,push,fcee9964188de49752923816114a3f9ed990c429,183192025
passed,push,fcee9964188de49752923816114a3f9ed990c429,183192018
failed,push,a40cef698506d7168160c6527758ae4e9b394d2f,169678639
passed,push,582fbe4a7d2f68c83f1737de4e1cdcdbac08f8b4,169678622
passed,push,582fbe4a7d2f68c83f1737de4e1cdcdbac08f8b4,169678615
passed,push,2510bab8e9033216eb8bed6e09f65b66e7db5b3d,169677857
passed,push,a42ec862b6427a67be62333a72384f5e48c0d8d9,163134027
passed,push,e2e51a730fef20b8588ab8c24e899120c1a18bca,163131371
passed,push,b94abcaf6634ddf70cc83ae64fbf0b6c7fc4c44e,163131290
failed,push,b94abcaf6634ddf70cc83ae64fbf0b6c7fc4c44e,163131182
passed,push,78fba0dd71d069a4855d8234689f5241bb537b12,162152761
passed,push,70761771e45f4ab60fb23f78f907f0a08aacdc4e,162152733
passed,push,70761771e45f4ab60fb23f78f907f0a08aacdc4e,162152717
passed,push,b08aa7d19f84fb987a811ddd6f6b1fe0fb292b26,161029310
passed,push,13c3ee01fca06e8a71f742dafba93102bf0e8faf,161027508
failed,push,14e6267a2ab37f131d8695b999dc2707880722fc,161026704
failed,push,c10f7bb1674e1d4cc617939dcf534d28a51bcf0a,161012729
failed,pull,ec0116407262ea2593c1ba2f1b3796dd15037112,147948256
passed,pull,4cf507cb5744a22c627d94cd0ca182604fd6b422,142952334
failed,pull,3c5b07547f1f74c8a49b6cefeed2df4eb6233951,140725165
passed,push,e7cc10808cafd381727076bacf1fdb0ccb74e7a2,137245460
passed,pull,749193a01cfebd30a4a7372baaa07cd1896c6ab1,129944169
passed,pull,e1696d342a112bf1bd189e1e79abf5f70f4c3f53,129925318
failed,pull,dde4e2952bb8a193d5b8fe51b29bbccadd388554,129922934
failed,push,1244d1124ee7aee281ebe974e28c38daaf6810e4,117111378
passed,pull,c9a80b2a98a9afa7cb6c5d5e3b378349a2ddfa08,117083431
failed,pull,f6c458d5afe71980ae159de5ab4d01e15ea3672d,110545575
passed,push,f58d5640b8f06907c76ef1e5f8878eb693a8e4ca,106167982
passed,push,1667fbf16e0df1fb787a5d935434be3ac74d6189,106167975
passed,push,1667fbf16e0df1fb787a5d935434be3ac74d6189,106167968
passed,push,ba723d04607025d3db171560ec47b3b51fa711d3,106047200
passed,push,f7810c19d37b310f19f89afecaea80765ab51f05,105994371
passed,push,6173222006e3f46d2fd83ef0f291e979354432ce,105712457
passed,push,4aed6c68af83acef3599798742b6315538a64474,105690008
passed,push,8591b0eb4fd36c56bc93478eefc6901fb9d45766,105682767
passed,pull,138abde82464ff8ec986c9e250488d07d47a1646,105188284
passed,push,9ed41954ae9a8ea01307ab840b6370ee5436d41a,98463867
passed,push,b8687f98c1d0c0e1e909c55736814da9aeae1a93,98463851
passed,push,b8687f98c1d0c0e1e909c55736814da9aeae1a93,98463848
passed,push,8691cf4ee409de5c6b22f614f956ac599dbd9640,97605025
passed,push,a3f2b8cd00b3812c9cb3c9b3e209cbc3be9b2b7f,97592902
passed,push,1ef3b2cae7aa17f8dc242f392f324bb53c42f9ee,97592703
passed,push,669696fee4b014697558d1954bd5ca42cb2b189a,97592610
passed,push,57d8e5ebff045f178581fdd9e273932645669bd3,97592372
passed,push,9b33f2387540007725b5501733d4256f047ebae6,97592186
passed,push,8c29b2ef9c68fd524932c15ac7851f80fdea47cc,96665050
passed,push,fc3002237b76505342f523d3777a5b4b809415bf,96480321
failed,push,8538fcdca3303633020c03dfab58e6e2fb043976,96451874
passed,pull,621ae1d6a7d87c17d2d193b148154e1bc1d31a87,95155477
failed,pull,6bca8c07e3c78d731ff9b15e692d1470ea318622,95155180
passed,pull,b37f728be32b98c2e601b930719f0f18bfafb06a,95154588
errored,pull,a0c4b9d655850684aed06d8c6a4bdcf960391cce,95154352
passed,pull,1e6d5e4bee6589946400a4a20b2ff4b605e3af4b,94569809
passed,pull,7caa2f5ef997b5956c414e5cb4c3c0d95a227b59,94569610
failed,pull,0528a33ebfd28fad6e572d9078117ac828d3dd24,94569429
passed,pull,d040b8398d9827e55c1c41f191fc4598e4213cf5,94569255
failed,pull,802d6203ad0f367d2bb355a68ab102b8379829b3,94568897
passed,pull,0add154e313416fd6b4925fee452182015ad5ba9,91139159
errored,pull,4e5d0a026b345795251755cbf3b68859a531c1c4,90557710
failed,pull,9ff91cf0fbc064f890ff90475ef06db5bb028413,90440219
passed,pull,1c17dd34af7db781d272824454d787406dff7e4e,86128941
passed,push,86898db7b19a6d82098a50e57f8c89db4f77be37,85369632
passed,push,fd9b0c1ad1e18ea6aa0bab947bc838264bc88eaa,85352214
passed,push,ee1df0110f19bf3388a2e890ba8a3721d9f5f4e7,84740557
passed,push,3d6aca79793cc4786eb8f5bd263a1408a8f99eb9,84740554
failed,push,3d6aca79793cc4786eb8f5bd263a1408a8f99eb9,84740546
passed,push,0bdb65dabe1701cafdbbc1ba716c05f33a22bd70,84740064
passed,push,ea96710ab7f8e1b022022319cd009d59bbb49ede,78033037
passed,pull,51d6ed34690594e75108ea60576b70f11db8c4db,78032211
passed,push,ddd2cf07b263ee09b9138735f895b7019aabdfbd,78032147
passed,push,528c619d641ef24c5444a6bcb5e19734e685dcdd,78030825
passed,push,a0660467909ec9d2994613a7ed9ee53920dc04a3,78030816
passed,push,a0660467909ec9d2994613a7ed9ee53920dc04a3,78030813
passed,push,33a47da3f61545405edbb4189d52e2e4f3445213,77979426
failed,push,d0039f79102f4bf3a5b9c11450a5e1ae32840278,77942139
passed,push,742e824a49e0c6407decbcf70778517ad5fd4ba4,74738492
passed,push,b2015ccffe349e75f46ea0749ff8ff12de09a25d,74738489
failed,push,b2015ccffe349e75f46ea0749ff8ff12de09a25d,74738486
passed,push,6eeaf6a6e3e4b0c1a13a5d1a011056684e6c7563,74734525
failed,push,92dcd143e3c7285062b668d858ea87d9ffcaeced,68658463
passed,push,79f88b0e11e5e0e573f3f2e21a1b397e2268630d,68658457
passed,push,79f88b0e11e5e0e573f3f2e21a1b397e2268630d,68658454
passed,push,589a9e21a75599125c48b99e84a20509353cafb7,68617973
errored,push,f8c723289e006f91a7342f9372e72c5f2cfc3f66,68617278
passed,push,acd7426a48d31fae576219f7302428795fb9fb75,68011840
failed,push,dd5593efdf6d2b71d14766dcee7b1cc062fd2400,66971225
failed,pull,5bab6ce11fb18afeb274800510f252eaff1607bb,66922506
passed,push,c2543899fcbb6401fe70d4d5dbb1cd346ac38de8,65898528
passed,push,521863d4a63658e5fb0134e76f3493251f11aa83,65708841
passed,push,4bc78b1631c03273d83f4e4a19cd7957c33745b3,65707768
passed,push,69c9431e21c3b155ecddb2c6243375f6910f99e8,65707765
passed,push,69c9431e21c3b155ecddb2c6243375f6910f99e8,65707762
passed,push,beb0a53d57ca962267c6056499c7aa3c313c2de8,65707431
passed,push,e9bf27a4ae08726024b26befd3cf8f7d28edabed,65705414
passed,pull,a5bf49d29ab084e1e02fb2b153025c9b59196b95,62733979
passed,push,8df9cffbacb10620581d287204efbaf686535c11,61038625
passed,push,7bce578b07e46ef29668f93b0ca779186ba79f37,60970629
failed,push,8cb9768d80c20215a952334bac7a127c49e6177b,60970621
passed,push,8cb9768d80c20215a952334bac7a127c49e6177b,60970612
passed,push,d72e7ac4265cd5c249d775e113d6a9e2fb0bb3e2,60967403
passed,push,2dcc6a686700e79e45ccfc615c75b0a7dc4b45dd,60368608
failed,pull,5f270e48180bd7749ac087e27da8687458528d41,60342986
passed,push,2bf706a211d9016a3434e80e35a9c7cc897b61c0,59588239
failed,push,263c5231b7fc25d71e0f7d0ee17384a7664c9f4e,59582326
errored,push,d86c2e926fb95f9fb63577b39c92bda1fac900c2,59581583
passed,push,5301cd36603038ed1e5b8058dd02bdb58fbe8395,56222973
passed,pull,dd683365c119f065cff8e76931cc8a41e08b3f8b,54643346
passed,push,148608b2523421b4c7ae99106852ded75a5bcfa6,53463625
passed,push,308cc694a7777f2b630900aaf774b1144e2be9e3,53463616
passed,push,308cc694a7777f2b630900aaf774b1144e2be9e3,53463609
passed,push,3ba9dd15b494b2c9165eec2fe3dab5fbff12c9d1,53457149
passed,push,d6e22703b82baabf0594b7c47fa49d25af27400e,53454441
passed,push,13492ddd07aa9802b5dde2faac1c9f6242cceffe,49926001
passed,push,0eebb698e90c71dbf09fd9a8e509caf066eb0aef,49925996
passed,push,0eebb698e90c71dbf09fd9a8e509caf066eb0aef,49925993
passed,push,90ae65d4ca5d6fc4dccc2be2acfaae1b17caa4f4,49077503
passed,push,8a768805dcd10273fdd8627280cfde7d5093a704,48631582
passed,push,1411539720b2fe9daf82e6f6352d14238d09ba8a,48631579
passed,push,1411539720b2fe9daf82e6f6352d14238d09ba8a,48631573
passed,push,8a4ffe95c5ae0d81beef37a3a2626554a24d8cd1,48281635
passed,push,8eaebfaf973f7e2271f84e0acec54f76e4fc0a20,46576336
passed,pull,9c91b47064fad1de1b7b3a222affa592f3e68465,45675394
passed,push,b9e8f18b260c7cc7cdf5110c7aef0c558c1e40e4,42033601
passed,pull,8f1a489d9d4a0f3455d227961da329225a0c254a,42026189
passed,push,6f56aa6d67d68768db2029c68c2ad1666c47727e,40180821
passed,push,4e4d0ded67dfd22430b09f92d0f196a33cac9b37,39854372
passed,push,a40086bfee9897424a0cbf4de42c0a0e9cc56044,39853700
passed,push,f8a985ca3fda83d1195f9fe0286b37ed592abd0b,39853697
passed,push,f8a985ca3fda83d1195f9fe0286b37ed592abd0b,39853687
passed,push,78bacf277c9fbddc0b50dcff702a977957f4b4fb,39853329
passed,push,685d4e9f110a64fb7dd5fed60b1ee255a6affba5,39852871
passed,push,03fa3a49cd0320d4ed12fcd6e53d4c73391b9c54,39852707
passed,push,575fecc2d8cd7e733cc7d2ef0ead374ad7e0901c,39849811
passed,push,cdafd9e04d0cd22647d365ba8dd4cb6390ba1830,35864043
passed,push,fbe02b6f0a6aa79e5e1a079fdf0f30165fb71300,35863863
passed,push,128cf59f6eba43e23f404620058242b8c709e23d,35863859
passed,push,128cf59f6eba43e23f404620058242b8c709e23d,35863854
passed,push,5d1db45b31b9ce44c0ded0a1c1674c712acf5092,35863799
passed,push,75c6cc7a87f8a14942f4460409840404d274742b,35863183
passed,push,5f609900a01f831f20a0d26e4c4bddb1bcf4d770,35862111
passed,push,96d295aac2b64a52636fb01867e1d2ace13a7824,35836063
passed,push,7ff661e4e7830fe82d6d08a22e3b3a389ba2a979,33593764
failed,pull,fb7574a98df8fdb2498bec85743696f35b6daf4c,33580036
passed,push,e55caef0b7917b8b25ed484880adc5effc70eebf,32760224
passed,push,b1afeaec1b724954328d3863ebae5eb3c2ed9af1,32760219
passed,push,b1afeaec1b724954328d3863ebae5eb3c2ed9af1,32760214
passed,push,50868ff81990eb9661328f28dc5cd90894aeb867,32758302
passed,push,32909fa069050599592a34121e4d229e11ff48c3,32743724
passed,push,026f363707c999c8d7b49406c1f6e405bcdce10c,32740766
passed,push,65813b58597484fd57e58cc7588684bae30e10d5,32729540
passed,push,b07856e927324e42c3cea839dd4252542ccb4036,32728799
passed,push,0c75224b5ac27109c6f44d61cefc5f1dea7cecc6,30949094
passed,push,9edb6f59d442e3553e18510cae203d212c9eff55,30570865
passed,push,ba3a311e69af62064957845feb51ee5e588b2dcb,30177662
passed,push,724a1dcc3702cf2e7cb93204e5d4537ee6455907,30075506
passed,pull,b17fd8bc592252488e3a65bbd043200737daf1fb,30074161
passed,push,8e125d6912b6bfcffb9bf22cb94f3a2d552ac63d,29812204
passed,push,54022d8f1e92658fca2bec0a0d94abd90b48c3fe,29812201
passed,push,54022d8f1e92658fca2bec0a0d94abd90b48c3fe,29812198
passed,push,65baf06eaecbd4ea89c1973c07cf25d159557c25,29812010
passed,push,98a3eb8777c3c7c42988a0c740f84d0a125a968b,29798016
passed,push,289b282a769501fb76e461bf1a048d0a54a014fe,29797634
passed,push,d070baa1b628304165d09db403a5205c06453e32,29775083
passed,push,b7f08059d7f7f6bceeb94d26c7d0033774dfa227,29528293
passed,push,02bda391877bf801287a5803db9d08beae3644d5,29512670
passed,push,85591d23cd31f3869a3a06ffdab2f1c3a544dfb4,29444490
passed,push,d15d013e11e4279710e8a753c7f2f666050e63e7,29371773
passed,pull,ce928b0a0db6784695fbc8ffaa60517261ae7e66,29361853
passed,push,ed6bfdf78673c17ccbd34126b71c139312844a9b,26512595
passed,push,9040d93561c4ceaab155d55ba81e2e358002c8e2,26512210
passed,push,44af0d6a9257012a2c0f17747ab8ab1b9de737aa,26512204
passed,push,44af0d6a9257012a2c0f17747ab8ab1b9de737aa,26512201
passed,push,e2f0af98162d902378ca87f26415083e57907395,24255295
errored,push,a4effe91986c974e9004a35b233914f678373791,24254964
errored,push,0b5056671ac8c1f72869409a7841c09ca8d7994a,24254961
errored,push,0b5056671ac8c1f72869409a7841c09ca8d7994a,24254953
passed,push,3f67693ca6f45a4881e4f5085778c8867372a58c,24251676
errored,push,03f4028b0fa45062a369f56b1eedce62b4ad379a,22713924
errored,push,933861574536839cf0e78ce48064c2723959f6eb,22629095
errored,push,527a3c640cc1a49f7f7972cf3b1322e5bcc0ac48,22539028
errored,push,7c7f4fefa68fce98ca7d808cf1209a8de99b11b6,22463783
errored,push,f44cb0a9560d8cdf1b493ec711bae8e8e168e333,22324151
errored,push,f44cb0a9560d8cdf1b493ec711bae8e8e168e333,22324056
passed,push,d40601020acde6591dabff6afcf3ccf395235251,18463074
passed,push,15c7e194600751e32e050e6b87dffb4e0bea3d4f,18462891
passed,push,3f7730ba306c119b4f80dd87d0f8a5f952c5b3d2,18363223
passed,push,434063004d34df22c77c6172b7d9e37537aca853,10587139
passed,push,2a7841b587d68fbc3b853db9b5ecca41e857264a,9823469
passed,push,9bb5d366cec3b6943dbc8fc21b23d18c50caf591,9778751
passed,push,afcfb3a7e851391cc2f1cf7b2b95bf0f2fa9937e,8331984
errored,push,fb876dee95a3f478401a844f039431fb4b5b0c6a,8331753
passed,push,40a13b7882f7a6a0c0b975f4d5aa9d71792b0855,7304043
passed,push,7d407f443dcd9eb67de94c0afc7654aa11f07622,7081380
passed,push,0323cf7cd2144a81aebccd7b2b62d966e83f2803,7054736
passed,push,2e2da922450c298c5aa152d7610cfd5b2fd22c2f,7027172
passed,push,98331452664cd939f2a1811fb5768c0eb1ee0b32,6996670
passed,push,36e9f59b4454ecb2d2370214a746d8df1d3969c3,6991316
passed,push,2f4ef44d18a3c2f9d6bc071fbc85c298f50e7667,6963949
errored,push,8257f68bab8716c585676958caaede402ed9873b,6929065
passed,push,ee4f0622e2a2a25f4721eeb03983b81e108e6d53,6924479
passed,push,894a2ba7f03173f697170eb475c8ae5bf042a5fd,6899059
