Status,Type,Commit,ID
errored,pull,b37e23a052933a7f2930d6d3b06cd2d4136a3130,292929764
passed,push,1ff2c7ab434f4cace5777442cc3f5fc34feb855d,290446321
failed,pull,3edba36112e9ce62a6ff31a4fce01d76c60eb6b1,289613566
failed,pull,29863980bb1e67d2d1553da698440529c4892375,289525345
failed,pull,8b1f80b92969b88414e828fca331576ae2204137,289004896
canceled,pull,a1da48839ae165a53a93ee4fdabc118a44a5959b,288672431
failed,pull,8f9ecc1b17022f4dee057e84bdf0474afb071d63,288075745
failed,pull,aa1ac32e608593e43b449617c48ce81fc4472aa8,284567415
errored,pull,425d635b5997b46dd1255ca5fa0b349e6dd8707c,284566018
canceled,pull,e0541ba42b5317963b649c2f49c89d34a472edc5,284565904
failed,pull,9338896724b9a31698cce23d0d5312081f2db2bb,284419703
failed,pull,fe10cff331f4a18037081589ea9f4baae174719a,283307511
errored,pull,5fc8f5dd59298348400a95bd8d1580e039e57994,280444524
canceled,pull,5357fc6c5b83e3183f5369c803974cebfa46ed10,280442932
canceled,pull,a8ca617445f268f22046633d834e90c7cf5669c4,280442881
failed,pull,43652c7e9973c026fcf79603a2ab97c459f26e2e,280432053
canceled,pull,a7f5b7fe623007750f965264cf292e2a6dc72c00,280431019
failed,pull,bcfb2cb1c45f7a58e277598d4defc480fe116142,280332977
errored,pull,ff83596bdeea15104d17d1899426bbc1292e80fd,277207250
passed,push,0f732e48f2ec967756003758c6134bb1230671e2,276998355
passed,push,f8e163a29e6c46e4eec20941ecae0404bda67c29,276967082
passed,push,11f24d6470d5241d9d167e0fce6756190e66170e,276945881
passed,push,aa414d0c2d0393bad7da909aad9cdcf657414e69,276918540
errored,push,59b53d83ef2dfc8691905606a18095bbfd95ae9a,276913386
errored,push,97e26561e56ff659edfef80e09e8352ed2143f02,276908709
errored,pull,076083daf79769172058cda6b5c7b626c411c7b0,276713794
errored,pull,b19d32cdc9ecb8930e4a24c8b8380017ba936790,276711617
errored,pull,6c4ef3d0efa3aa2a08d0a4af90f7462baafb96f0,273665720
errored,pull,87bb3a780e7365800e6a590da489132b81b3b8a6,273640910
passed,pull,3cd3bab066b5151470e03889c0a737be17882394,269537876
passed,pull,8796efb02078251e89ecda9b488346251ac0abf4,267480555
passed,pull,bf66d5d65232d7eb7389d6e197b997f57c809f4c,265529383
passed,push,a59c6ca2440838315a38b97ba3dc729fb965802e,264498851
passed,push,8a1e2ebd4b936106506779f60c1ceffa4f8fc790,264495497
passed,push,1a7cc9d2ed188f76bd339b6551e0220f06f3f3c3,264482212
passed,pull,46f1156e44a32d1b23990043070e6d3ca85bc436,264286381
passed,pull,df8869030e2576b89bd919adf58e224ed9d6618f,262550400
passed,pull,06764513bc9ac08e0d6afecf1871feb0784a4418,262543807
passed,pull,d6488aabeff43fd732817b759691721bab2e2657,260409057
passed,pull,c8a53a2f72e1c75e75a52bcc1fc437c27c1a0d03,259819876
passed,pull,d473ad43922fd224b36e81ff221c99e8ad6d5250,259617823
passed,push,179ec57cb1be8ea9175ad3c1685cd1ff7a4ec631,258623025
passed,push,4701c737204017ddfed2e18069de9d77191a6813,258587758
passed,push,88c207d8e8287bdcee53501acefab022ef615262,253750397
passed,push,2686a039d4eb91f0f2079ce023fa87bb32aa134b,253715915
passed,push,2b99e652707125ddaa915724bd895ed3aabba496,253584340
passed,push,01500f22268663f64a2cd2f6d2869886d7792b4a,253368089
passed,push,b86951100ec45079b675710b27ebe215f29ae6a7,253359924
passed,pull,2b3011f6f526f4588bfcc91afd6a6e4a5bd532c1,253352953
passed,push,feb1f4051d78723c9e778dd78c59e7822716f6ed,253268955
passed,push,9b7d5767cb07a4e9d643d2d59843821a252f6fd1,253261564
passed,pull,6e7b8c74eda11696c69c8081fb3b62abb8905481,252560841
passed,pull,e8f871dca82084c4cd861e9443f11ec6968457ba,249309750
passed,push,8220da2c50228e0a0e1e893e2c341b2c5e5632bc,248823708
passed,push,27f9f1d616dc56b278414a021b54df5ddcfd2aee,248389014
passed,push,64d76515973fa7f711d5ef9852e1e53ae36a44a1,248376936
passed,pull,e4d626c5b1a05042a6f3774116fd2912b7f46770,248141774
passed,pull,44dbe15c2eba7844e4c169a505d08091410a2ce3,247705874
passed,push,0d38a03004aa3d3b5757cd4922d7585110f4db5d,247701987
passed,pull,f3ba7addfd08a34b5527f2a876ae629cfa38ff08,247476919
passed,push,0d38a03004aa3d3b5757cd4922d7585110f4db5d,247234759
failed,push,d713d8c6426adbc75eba8ddfafb8447214c98cfb,247205176
errored,push,f61f19c3628dbf70014839f1de10c08b793013c6,247187690
failed,push,a9990f4b818a3ac399272e85a4e52d20e165f58b,247158035
passed,pull,ce0a7e5585487b940fb2df3f73fbd4744d480e52,246679864
errored,pull,a8e89a93b57094038418251cd0551dec628f20da,246517706
passed,pull,856f4d10c870f7e6d3a1a5ea3319d4cbc5713836,245698764
passed,pull,29368dcffe3868fe00e76af21a416322c225d6f9,245697265
failed,pull,ead9002e166340b7f6b891ecb56d4df85af9b093,245662750
failed,pull,f972e9b78b4569151f0478f48547f802fe755ae6,245661622
failed,pull,653ccdfa3932fa071bd59980bc341877af958930,245629118
passed,push,695964f2b44f27e3314d64c37f1c89160c3b8a39,244555745
passed,push,65f54ebc8b155b832b24786317cf55529dda95a9,244544353
passed,pull,c013af2d3f3b2797fc3d9bc5cbb7a0d3d6ce9ca6,243184394
passed,push,064dbfdc6883792475dffe08142b19b309d5c602,237274223
passed,push,0d9036078cfb672726cf64f9c1e26845b9bb4e19,237263350
passed,push,d8eb4f4bc54d7c42aa63dc15b14689016d2639b8,237238702
passed,push,1cb6ce40d9d2a2524b1f8473989d7459a8e5bb81,237228887
passed,push,843d5965ef311e4b60db67e5287901e0d9622f27,237213073
passed,push,599e24db47d6b40eaa8af72dfda5e2b439b0ddfa,237191935
passed,pull,9a1bfe2e619c0fce26744a15bc95dca98e24d4c3,237120122
passed,push,a2ced3977de350bf6f7ad1ba9d0bfc23d39dc300,237011715
passed,push,f065d8d4d39e4113a9b58bba9911a15a668e3324,236501362
passed,push,e286111e4f6665f16eacdd5b781c5bf21a5f3477,236482843
passed,pull,8187fab30443e04013e0f4d14c5b639d93ed8ea8,236055816
passed,pull,7634ca3e3acc25dfe80c167c9cbc214dc7d4402c,234946185
passed,pull,a7bd5e8f4e14b4c38c7289248dd36e91ee733a35,234941748
passed,push,f1a9b976389672ff94dfe697d8315256eabc5bf3,232529037
passed,push,1cb6ce40d9d2a2524b1f8473989d7459a8e5bb81,231587448
passed,push,3ae2d7ee966406b8fdb6de33ca160e92a71aef78,231570806
passed,push,4c08c636ae6535b1a646b1dc64b261632d4f0c4e,230097868
passed,push,536de80971a74f76e9eebef921cbdadc5144d46c,230096555
passed,push,2d7d28de2c3508804549aaf7938b672061825f45,230054246
passed,pull,f4d8048b973faf89fe770c33a319cf105bf5f99c,229609045
passed,pull,5e11e0eeba95aa557880f79f837dd5b5b1f7d225,229208447
errored,pull,30d23c635d871d799f98afebb24083ff7043b535,229202166
passed,pull,1260a22eb00e263cc1186abaacbd835c6cbaefae,226750456
passed,pull,39ae068320f592bc3c9ce375c86c6b56e2763edc,223965252
passed,pull,b44db3018b46631d36a23dda915d3f0301a4322a,222276965
passed,pull,7a82be206c79c2ecf72d50486b8020631f1e81f8,222275815
passed,pull,8cb205dbf8dda48375fa7db58f0b0882d526c381,219190448
passed,pull,0b5acf210017558639280d13a3931ffe12ba52b0,218216536
passed,pull,b720e611d30ab2c3553073b64c6edefdc79209a3,212999263
passed,pull,c61f1a880bfee6b6c79ecf868e43ccf5dbe38ea6,212997774
passed,pull,b51b516175d2902ca38011f35de7b8f945a9fd40,211878857
passed,pull,edebc462594539d28d7a3792a095c9c7fe5ae181,211861950
passed,pull,20e449fb2ef8f1a747f8c211ee020acc346b3563,211857467
passed,push,0651688c5ef21c85a3a58576380b04870c47b12c,209883094
passed,pull,34ad1806b10e58908a7cc3d936b947d2228b3a4d,209786570
passed,pull,b95441d7bd452b5da26cce1386d2df758fd3676b,208875945
passed,pull,41e6a3a2cc91b215377ed13d6be3450ad5e73412,208006710
passed,push,5dbb8a220ea45a9053638d50975d1b41a9c6ca5f,207400013
passed,push,7304c27fc5fda2c44246bfe602aedd0e84c4e4d1,207399524
passed,pull,d6eaff629533fee41567599517ee0981a5ba2dfb,207355242
passed,push,758460435bb3e9d831d1a368b125ae66e89a2b33,207170274
passed,push,99d94d034dfe8367705a65246035b9f16bf373fd,207126921
passed,pull,ce4af6b76af82708062245683d8ecfce36d55e9f,207117932
passed,pull,282eb318353c8fa05af4fa6cd90c9e35fb9c536a,207111955
passed,push,55e33eb1accc806cd7c0a15565cf89ea0cbfa325,207082691
passed,push,6b0a15e140a61f27344e9dd03db77dcc7d6ce53c,207081318
passed,push,220183d8cf56860cddae2def4efdb1a552b60d69,206834266
passed,push,44c97375ce756a2bfa576f79c0da1f28879247d8,206767571
passed,pull,fab4e3b1777d8c94b91033d117cb43fc1420c67d,205261071
passed,push,2bea96bbce38ce1e764b6b23a7a00203bf49e948,205014224
passed,pull,196c3e599445e84fe6b4ec6532cd7923677960a9,204216108
passed,push,c9b2bbab23a4676cf909e76674b401b6d867e40c,203892881
errored,push,a05d14c9f15459483c6b4b07d1e43f551e63ec18,203892773
passed,push,df2466a9b78b5c6e9ab4cbe3ab97643c5cb6a244,203853403
passed,push,d15f6f6e6608601231786bf31f1823a4fc6aac86,201275396
passed,push,f66a16581f860354cb5323cc4af4eaf781edf3ba,201268226
passed,pull,22123373027917653f5bfd5fd91a2e8a1a9ca765,195536009
passed,pull,c5db6e2cd2e3acf659a7c6c97bb46e1bbd37b529,194830780
passed,pull,ff3cac9f153ce818945d1a4e995f292a4b3977d5,194167811
passed,push,6abfce20a70969873333ecde27684aab3afca64d,192473331
passed,push,a06049ed41a2cac993aa068c899cf03ff2d03910,192434659
passed,pull,9cf6d967b92917892d91023f9d63b27a32785517,192305322
passed,pull,1eb0d86e6172cc252cf0fe274cbb461326ea27e0,189599885
passed,pull,3b6729fe261f17c93b4556320dfe21a825e979c1,185874929
passed,push,d57ba27792da8b3915956db53cb85af7f3d05ba3,185725042
passed,pull,35195bf5d1fd71612da45265623c489c90ec12eb,184975820
passed,pull,495f1a57c7cdf3f37f8bad00d851bd961df296a6,184974937
failed,pull,d2539f7cd582e503c7897ee8ebf9f20945fb3db8,184530730
errored,pull,94d390f93f6d01b5e5c3e78dec7ca24a8d5260ef,184527051
errored,pull,4744997221c017bfa4d149943a7bb0e78c185286,184519898
errored,pull,68797757f1a4cb8f8b80ca54356147cea74a95fa,184515694
passed,pull,2da679a1bcf9ac63e8493a9e53dfed7cb59f88a9,183961486
passed,pull,7e873945950210f155aa16d71a950dd3a69d9ed3,183039630
passed,pull,5b1ed04488dfb94ca722af1ebf2aa9775d9a15f4,183039443
passed,pull,5b1ed04488dfb94ca722af1ebf2aa9775d9a15f4,183039361
passed,push,8d59682335c3feab85fb8ce05e0b6c93c49f9b87,182621860
passed,pull,fc6580531f06d3bd87c44095e78713d2c6f806fb,182309923
errored,pull,7796797ffe7bdc6525c57b4b41d0bee95537b389,182307026
passed,pull,eeba7f08b937ae399cf5ab3b1f0abf0502e249cd,182306476
errored,pull,1d45822bada2db2a163dd4898dc9112b10ca3ef0,181758655
errored,pull,0916fee213626a484242bd0d87f73258d51545ec,181150261
passed,pull,8462f90e1fcc33e6976d5b511c4aaf26d368fcbf,180665793
passed,push,0c52e75bee9ff4fe97cca29cd94cefc1027ac435,179346135
passed,push,a8780322eeabb8184cdde12d49f87e6deefc90dd,179346129
passed,push,552bac06cba2b191baeb45ef0dcb4158b40b6460,176719712
passed,push,a22757450edb64b92358f3009e6c3684d36ebb02,176424078
passed,push,8f037a291d548229d558c9aeca506810948e2910,176423914
passed,pull,9479927af20fa9e64f53dbef992c8e9c9b09a39e,176282331
passed,push,225cb264f3fc1d364ceaf48ff71db62f72627cad,175717544
passed,pull,cb332214446a378a3fced82922d0445b8528b7c5,175696128
passed,push,55e33eb1accc806cd7c0a15565cf89ea0cbfa325,174042668
passed,push,6b0a15e140a61f27344e9dd03db77dcc7d6ce53c,173999921
passed,pull,5f02589541322336fe298651337a0f5cc84332ea,171329006
passed,pull,ffc8ac93ccd963ff02238940068e378525703724,170129671
passed,pull,78915a0f3c95f64c9b96731e4b412370fd948ca5,170126525
errored,pull,e4c5db2d8451db73f4899ecc13a76e705a3a9767,169615890
errored,pull,03aa7cf8c89bffb6617e1e7547405ba21d2d1548,169611561
errored,pull,bf7adba6fb0dad3657b48140542cc731495e0601,169609163
errored,pull,288257b23ee166e0713fff8da2afc9c12a5450a9,169608342
errored,pull,921c7a394d3a866160f495d7504345f19860027b,169605324
passed,push,0f43bb8c0de8be261479dc5d88926821f55468ca,169535440
passed,push,8330bda726e621ce239288d3be526e28d2254ea3,169337015
passed,push,165fc6a6495b0ca1acda481cd125f551ffbae0d0,169220873
passed,push,de5f717e158e3f32e0a584b233e0fbc48c37e21e,169048051
passed,pull,086cfb179ff6821e43a8848d1589bcd4477b32ce,167841887
passed,push,165600b2f27360707569158f1f9873190386e817,167358542
passed,pull,05143c2d354562195bf36717627da90ddcc430f7,166996375
passed,push,7177f64a06081e0515500d10eb153a484ae75a8b,166860694
passed,push,12b8c1c6f8339dffdfb5e73a8236e71524d5351b,166785729
passed,push,f7cef65e03033297672936e4f5f4ce2dbb230819,166512464
passed,pull,99d8f5752cc6015f4f84484934f01ece43acb69e,165924297
passed,pull,a4f0d268367cbb68d4a84654c31423bf04e2e0a2,165414107
failed,pull,0cd8b36380cf37649ff84ad2b86c1281f022e6d6,165069348
passed,pull,117c37ce6dc4432d48d104bdbee2195f5fbb90c8,163716764
passed,pull,fc53ad22e7e407b93cadf244c170a5f6a9d37dfd,163283134
passed,pull,30d3c80c3c54202642d1f34219def1cd5d1e3a64,163135977
passed,push,c4c2a80bde3c9591b1a9810ce393171f468ff579,162630231
passed,push,f165cc6f93af697d773d4bbf3023aec671b3e95d,162150099
passed,push,fdb83727f28c59664b2b05aa7d90f9c6f1fc6d17,161903261
passed,pull,4302ea4d8925ea36b5d61451290a4e054c18d145,160326598
passed,pull,d77a80f7107d528190fb6e0affdf3a933fe4a8c4,159211998
passed,pull,aa3faef1a22a2fe93f95221beeb6f002e0aa0427,157130002
passed,pull,e8fba64f2e4a3e60fa59f38e6f0e36845bd28085,157125233
passed,pull,b52acecdb208358bbc80854cf75429a51dcb4be5,157109775
passed,pull,21fdc7b4975fbe8d079957e729fc4fca00447294,156920340
passed,pull,95733054730fb891ed3959250d3fc8f86c15692e,155523566
passed,push,ec215f79f4f73f8bb5d4b8a3ff9abe15b3335866,155254759
passed,push,7b4a5a4b8e65a3969bc4356f95e631c4abedc214,155092889
passed,push,e860129cccc0c92cbc1e2883095ddfa563122973,155092851
passed,push,1ed986a8486ab4e84295ee5d0260c790c573e7d7,155083781
passed,pull,9704b91ab7a08364efc8c489d6e901543397b9de,155073933
passed,pull,ee6c82c4e9b6165126b7ab715c7082a52b113c56,154856323
passed,pull,b0c329b6700940909e4f514c7bb508c69ef1bd86,154734177
passed,pull,ee6c82c4e9b6165126b7ab715c7082a52b113c56,154672873
passed,pull,6bce491603ded3a7b7dfe26359ad96d85911d131,154191177
passed,pull,36b13285478ed9b529f3e9477f46d770da843f12,153392474
passed,pull,7b176e7b971b8ea030fc1d60d329807825218719,152765203
errored,pull,8ac8128f2251ab2884c1c5c407bc06240b409dd1,150852050
passed,pull,032a226659a6190a9a4e6eb9c30761bc64ae2e6a,150179958
passed,pull,0e7f1e42b4a1c82c265fa038e6b89707458825c0,150005336
passed,pull,b28a41d9f74459d086ee26baf0e7349a53cb19e7,149755628
passed,pull,58b1b208fed8219d504d4ea6aa5cae688c10ee37,149755095
passed,pull,8d665785d23ca66bd0042ae6b606ca51f017694b,146221484
passed,pull,18091aa7d3c4b700ba588d81cf019a1f06c5eca0,141521932
passed,pull,3ca35725ec3fc6c8a63be1a1bb0af9c1c99d3d83,141521864
passed,pull,8e6145b5241b4026540f92d289547af9b1394878,141520513
passed,pull,24a35a9a58bc5084a17f48637b4672f88a1aacbf,141483209
passed,pull,b6022069aa881da348c84da63a85fc99bc9c4c10,141343015
passed,pull,2d774508c1c5f4f44cd3cff1eb381ae621a18874,140038538
passed,pull,eba803b1bd91af6d062bce7ad9b8b4f569f4ee98,140010811
passed,pull,d3da6f81aeb45860be5d7052cd68d286dfc36f5e,138367189
passed,pull,4eda6d2c24e58f9b0a53e85c904721caef0ede60,138359486
passed,pull,b2f0e481c55974fa33170a58859bc7f2bfd4bfa2,135997073
passed,pull,5f588757efaa0fea01ee98cffec7ce755d084f73,135989115
passed,pull,143952883e0567e4ab7aba116e8dde57291b25bf,135582676
passed,push,e91378b57c3e5f36871c22ae4920a7587ae6ee35,135004836
passed,push,a0352ca3d6f2c2a336ce5b1c442e812479cda8f3,135004817
passed,push,68e34250c2e3c541849bf8eea0921d4fe4226a2b,134995276
passed,push,61275f4f175c3c24ef522db8cf6a8240624bb38a,134989979
passed,push,23ffa9856062549b610ef4751da1d332e93a43a7,134951430
passed,push,85108824c074878cc2536accddfa1b6144d4596a,134951163
passed,push,dea14c0dadb493c766711989c2b1859c6cad8126,134951123
passed,push,b055772adbb9c10497b1077a0480bf2c2649fb04,133186061
passed,push,af6cab557b9c76160ed86428bce09a46f1a81959,132888781
passed,push,78f633f353f7a50abc9823ef6a39832a33906449,132638463
passed,pull,8861fd6cbf14467637cb7bef866ea2d963faacc2,131881192
passed,push,a0e2591163a9c2991648473b8f503dde11fff18c,131748552
passed,push,6f0abcf154fb4938678d2152e8c11b0b87b5baf0,131506917
passed,push,e8a8c46a0a25f4dd489dd55568ab4bf50f4f53c4,131210672
passed,push,877d096c9f325d621fb264d3c0ff04c4d810559e,131183628
passed,pull,eef5643fa3af9d6fa5ffbeefc739e6a5899803d8,131171938
passed,pull,7a12b805f71789e728fa84c36298c016014b1940,131151381
passed,push,b081c601989d65c3c26727bc6d31268815516a21,131131739
failed,push,1a10cf28ea05f678029a81ef5fa056eb93f180c8,130970748
passed,push,fcf35c1170aaa24797496878ebc07118aeada660,130852680
passed,push,bf48599637287b82bd3fb21d3b61e79fe2f5baed,130683339
passed,push,3b6a9d00885152ce30d836d6d497a21f6bbc2869,130097761
passed,push,bbf38c2ac2c11a25fc685c958b45f2c343619d53,130082458
passed,push,bbf38c2ac2c11a25fc685c958b45f2c343619d53,130081642
passed,push,51bde976111952cbbe1a3bf51ef9134e58366902,130034904
passed,push,3b2e212742adb14ffde4e1cdbb6f72f319385aea,129937618
passed,push,0e123f3f2298a1f3ec058eb04ea709a2ce096540,129936478
passed,push,3cc9b24ed6b75faa8384da8196231d753cdc79e5,129859737
passed,push,778f7758ad869f318008cd97bd89b22908002758,129838660
passed,push,3ba30c7c7c1db345102b93df52de461c58e345a6,129816856
passed,push,e30a7af8b1a98fe858fbf1c1448e4b88c3ea6c4a,129592337
passed,push,7ee390a31be15accea7ce1b65934606b6361a1cd,128172045
passed,pull,ecf4163f39e71d09bcd2cfadce218e182d4f52f6,128169793
passed,pull,3c1afaf95030e3d4e75eead970788947f59f589a,128165995
errored,pull,381515cd870c78e2952856e249e7b75d24184aac,128114519
failed,push,1d102f19cb4ce2a5af60a0fd6ec83eb207a3dcba,128093364
errored,pull,cb2bb9168029cc16137f1a289cd938fafcf886ca,128041575
errored,pull,4452973207cdd6944501845750144ee2aa392b78,128040526
errored,push,a924e1047b05960202610f05a48810242e54b4ad,127533863
failed,push,65d5f332e93ebaa2b11702a72597603daa4614d3,127529296
failed,pull,1d2e4b24460be8cbe8a20446f5944f7cde9f6fd6,122017436
failed,pull,639f5831b20d7e287f4d91af9b47584e1dca24c2,119828837
failed,pull,d2b24e4b89c627185976171e91b40102a58f23d0,118959387
failed,pull,09ccddd1ab354d098d6c0df05f6e3b0a12e5a17c,118847902
errored,pull,b86e72be4f641ed76be0a8de393875dc45de4f09,117815286
failed,pull,e5278aa399ed7c0e01d0ef5742c810054af14571,117208150
errored,pull,99a44949115a2e4b7a14b0ca5c35a84aa24b32e5,116149863
errored,pull,ebf463b8b7fc4632121f8a0167b54670cc880b55,116100695
failed,push,ac142a6ce0c948aeb07837f7e8704dad4d3e3134,115505717
errored,push,fff77d3fea477b566bcacfbfc95f85821a2bdc2d,115501350
errored,pull,f4a5ff2d7ac0d58f06c16f2375e994c850ce4c79,114454764
errored,pull,538a253a556fa2551282583cde9f5605e9aa0823,113066175
failed,push,4f01e4a950e6fd61d9e34981a6acbb5eb513577a,111957239
errored,push,3efc6b3b4885af9ec867085bc769ce470e2a5258,111956718
failed,push,8c9e8ec70eb50542ed86fd4e1d110137e6e8e96b,110617672
errored,push,f8c8e66fe006ecbe54f20b3b1e73c5dcef1a5867,110617655
failed,push,a39a0944451f091cfa5c962482dd7e2c87571edc,110615756
errored,pull,2bf1dead3bffb5b85e15a8309ca9f0b0fbc17a59,108788123
failed,pull,52fb65a0d40b256e512787b9a96d4718ac0408de,108591238
failed,push,13552734161085384de01721ca028b50da83c155,108538593
failed,pull,98028cc54ffc4b439cf5ec4a9b96861720bc6130,108510865
errored,push,9501b0d671a7d420734b764388f32fe170388b2b,108249343
errored,push,460e10ff1ddd24877af434b30aedff27eb9c145f,106506561
errored,pull,72dc065e65de9914ab909084825d39b8249ee322,104302716
errored,pull,925e4a5db6a61ee57cf7c709a991f5180b298f5a,102952788
failed,pull,5f2299723abbc3f274afc6a5136269be6158d830,102941147
failed,push,b3e3e4a31e8b1e3f9a9aff4ed58e0723c053c88e,102343935
errored,pull,aefa08708aa048d69bf1cc2f98b64380bb1d0f5a,97871854
errored,pull,d7fcd34f1ec263b008619f47ce875613fcad5d5e,96592423
errored,pull,293652d062ebb2278a36025b412cdac61fcf4c63,96422948
failed,push,e43925a31b9fca383cc106311857b51dcec4293d,95550638
errored,push,1efcf3b32fb4bbeba9bbde2e1685d1d4b5440dbb,95547151
failed,push,4ed56514c08310fcce421967f6279357e598465b,95546235
failed,push,3e1d0e0398ad2a24afe4a6d05602353a6c372ce3,95366460
failed,push,c4efb717db07cb8bc8242a650f75567f99f66827,95351906
passed,push,a9da8700994f1064c02becfc63f14d9b2021f256,95335130
errored,push,cd932370501f6b76698ad8395db620c6da6098c1,95334372
errored,push,21fce68a2a28794e7627f8e25500e760b352e349,95334144
failed,push,7bcf6ec2b63aa9bf48db2271f035e850d2e11b11,95333032
failed,push,5505f6ed3f0e59bae9b7bd6317073664f7b03b15,95316584
failed,pull,b83888fc3404643c8fafb666b9845e92e6d873e4,94833557
passed,pull,184f658bb0ec4b23ed6e8d1770567fab1ae9eaf2,94651191
passed,pull,bd12aa3aa61d28be19d8ae85040112cc9424b6bb,93347239
passed,push,3425e1d534b0cdee5a3c060abcc0233fbe74d4f7,93332516
failed,pull,4b5672078136f1c19eefa9b08a78f640493f1bee,92028398
passed,pull,a1dcbb37366968800f98809de7fb1bf7e62cb45e,92025620
failed,pull,669542b1df0822874c228bbe8faf5736664711c8,92025286
passed,pull,f36a5e3651a0c0aa8facac9053546e86f4187091,92020608
passed,pull,a74d8026b20e0748798a406bcf896ca03aa4cf91,92004871
passed,pull,262f39f9aa3676a64fa207fb3e94d6462ab42c59,91641310
passed,pull,9b920c6704335c8d7bb4ea001084d8387936b3ec,91587874
failed,pull,850b568e044d5957e81aa5f9864e77e5849df711,91583937
errored,pull,7954161ad55451df6225a7c5d784ecf07a0ed78b,91480467
failed,pull,fc24d8c9f77e32df58e759c71809dd2d12d408d1,91321307
passed,pull,c9de14f6ad49370d4a993949001e6462c3358b72,90411536
passed,pull,ef893324536b41405104495a5d107e761810a5e9,90115989
failed,pull,6343bd0457cb8913b834bbeeb89ff62b2f613bff,89504722
failed,pull,bb92e656f2cebbb3544acc91f7e0112f48e62ab9,89057666
passed,pull,461529fd94e8f2f6663eeb027a6df4b915041d93,87907476
passed,push,37ed413a4c1cd14018b43156c4f76bbb9f9fd3c6,87881795
failed,pull,d82ca5eb12a0e2381b7c91f3e1c08606391ba6ba,87166990
failed,pull,7cee621464791156cc8ecdcbb8a0c783632408e6,87045512
passed,pull,8a7a9d89faab113b2d99563edaea7cd97d2e678d,87041838
passed,push,00afb535ce8736f26a2ac270fabb8dc62943b0cb,86859604
passed,push,fe645eb1e75b70b5f0851d663da28ae25de70a13,86843700
failed,push,2e091f8fd3f692abef4f002e599d86651a848e10,86837948
passed,push,500856e1995bdc156dffbf12beb1d1eb6cc5f9ee,86834095
passed,pull,9a47f043ff30c9ec68717532af361106d88737e6,86821096
failed,push,fa967f0113b6001334d7fa1b9fad152c773dd40d,86816322
passed,pull,3167426e383c002932b87bd529279727aff9a020,86632537
passed,pull,cb409a70786f547048429447257d37fc1b2f4775,86343271
passed,pull,a42a7bd6896da8cc13319dbd096187a760550f5c,86342033
passed,push,234ec98f88f9ef5246381beed21eb7345d4aa82d,83882380
failed,push,6a436db6cd959d6244d4b5cde0582018a7d974a3,83874057
failed,push,7466dbdb9ad703689af01eff5ca6e88ce9d9f796,83867411
failed,push,747a0df973ec93dfb6ddde63adacd0d8795e232b,83865137
failed,push,4fdd07040604935e143ecb71573c8231c6d5d6d4,83863365
passed,push,c6ae35d5c52cb7453191333731fb94e35f82257a,83862796
failed,push,8e5a483ff3a575564e9b44f82984c3877585ade0,83862510
passed,push,d3c09cb58d3d8a05b424930e59038d9e27d96c80,83860876
passed,pull,3afac9d61903546b0e616e2eb4c83b623999cbd3,82192658
passed,pull,4312a97198edb30724207ae87a3cd3a8e5eb1ba3,82035169
passed,pull,23a428db811a142daec52949da0e8ae20450fd88,80803148
failed,pull,3c605aa1f3fe7862e74770aa490f1f213d5de580,79965386
passed,push,1b2ae987e9486a875b40424f18bb785baf0b898c,79446129
failed,pull,f81a46aa87913e42d242629e8e3b3524c9b11c58,78454095
failed,pull,d8ae8e7271cfd4e2e25da51c866d542bcd221406,78305168
passed,pull,b0c66e8321591ce3f2712d740a9dbfc9decccda3,77109872
failed,pull,7fabab1058afcb6b3241cf6caa77c3a304351788,73524009
passed,push,b42a51f1f5b91759fa8a06d4d3f8665a9f9b111d,66528288
passed,push,21c1584b9439d22244378f0264b6209fce383375,66527604
failed,pull,bbf72fc8520e7e71feaf9fdee310b692f2fec005,66333231
passed,push,4faa1812835f2744fe0f26c299ed0edb98a4c654,66182772
passed,push,045c16b1d485fc145083d801f404fbcefcfd4e3a,66182173
passed,push,19c33f227e0f760a046875efe47f4e8d86e7c4d6,66181986
failed,pull,efe72b5e485bd3ae17025f981502fa7d14191013,66109292
passed,pull,927d2b065956b97ffcd9519d16e57a933704aa4c,66094671
failed,pull,50c13b02c10ca007de80e9f22a15f0ee289c39ed,66049775
failed,pull,5019cff1f269ca208db2654af0157a190eb974d3,66047426
failed,pull,f333834ff64aa258a52e761ce72e53de7fcbb327,65914496
failed,pull,2549d862012a36505a740c92297e670c5a2d408b,65893943
passed,pull,f9ba05d733df44103e9179c009549487765d25d3,65885223
passed,push,4a0574fde141d2e3eda0e95258db19b709ec6783,65882798
passed,push,e66d068285f823837c0adfe6183b9d7f977d21c4,65880664
passed,pull,844a07772e2f39ac7ff7ec1c3ce85a5b21229e5b,65676408
passed,pull,b6b49cfbf413c23b3b27a650479547f90f3c9f41,64963530
failed,pull,154a93f980c3a90636a94f610b58d31bf6e5a6cc,64959068
failed,pull,c4108746992cb2c288a2605194b7d562890a36c7,64930414
passed,pull,758a127c07b78fed26a5c6cfb19639187638fb0a,64640972
passed,pull,a76bd44c94b15a81b2acbb0cb1c87751899fec08,64056107
failed,push,b5194b432746aafa5fb25431043142e5bce8130d,63190931
failed,push,816be6735573b6834777e9efb909f7cef7692ff6,62691892
errored,pull,5eeb70160b0dbf69bc3ebc030ef19592361be475,62691692
errored,pull,85d966ffceef762651bd1b0bc38ca5f78a98aa70,62691427
errored,pull,bfadafd8bc8fe8b8e46d2a221d87a4c1b6ca9898,62687253
errored,push,3bceb922023f8c6e82dd93cb9c4ba1d7d679bcf4,62686063
failed,push,39c931a7ab141333ec46c7ffcfadb46ab3b2ce98,279378397
