Status,Type,Commit,ID
passed,pull,c5158a19c5040bd71b44e986878ef3328994f102,145535893
passed,push,ebf045c373bdf59cc79d578b00ec09c23d4eb735,108485788
errored,pull,ec070e6cc3704c3c617ad38ac0a9fccb04dcc346,99741179
passed,pull,aaa1677a48ec7a2e9af1c22862805980a134b0d9,84046329
passed,pull,a57e93749c96d9138f632d6ad5afb157b1bb3134,83281948
passed,pull,a6083a40e50350078f563128d697efffd208914c,83281372
failed,pull,08b88ec944dfd9d28c294e9ecd43206111c49c59,83280876
failed,pull,67c0ce8fadec1230d8fe075a1db05eb4f8fcd13a,83271648
failed,pull,84dc9d5b940706942d316ffa247efaf319e4ad45,83270745
passed,pull,6fa0d3374e54f1cbb3f548d5e55e928d688c9d51,80135297
passed,push,85a95b1acd15e1d2bccf614cff237f5fd7d1e462,78094578
passed,push,2c815f39020974ceefcbaae0f05b74ba0da70cae,77955348
passed,push,2aedfeac5bc6e607f9602e9a4992ff78f976bebb,77954606
passed,push,2aedfeac5bc6e607f9602e9a4992ff78f976bebb,77954352
passed,push,0973af7906ab398ed788fc1681e52ba35cd59d07,77954226
passed,push,0973af7906ab398ed788fc1681e52ba35cd59d07,77954172
passed,push,a7874de5f347b348f07a02aacb1cb5fafb07a988,77953434
passed,pull,d4ca08323d469268a2db303da59340da1391324e,77952630
passed,push,b1406713a59ed984aa6e61d0f2540b0e38432d1a,77948138
passed,pull,902e3836abad48b20f37fbd6198c877a66ce9f64,77821547
passed,pull,0263c5edd7e8e3b1aac8df60058e61da546690f3,77817411
failed,pull,1aeb17ea6d63ef233c4baa9501327c2d2044652e,77817100
passed,pull,1aeb17ea6d63ef233c4baa9501327c2d2044652e,77816741
errored,pull,10ea43b43960a4c1725da0fa0b851236c2438eb5,77816368
errored,pull,10ea43b43960a4c1725da0fa0b851236c2438eb5,77815706
errored,pull,da2957e98c7faeebc265a433edadef5e2e2f9c74,77815408
errored,pull,28e2e36cd373fdb72da240e071ac6c1f51ef8b52,77814355
passed,push,36430f74119adeb5ffa26115c8afdf63f44e3e8f,77811559
passed,pull,af771deedc570335b045a0778d62ba49d0bc26e2,77811451
passed,push,8ff2b9ce358df4efec1fad0b8f666bffdad0be3b,77811098
passed,push,1692c9a1d809bb62484318a1a02b8e4f4d74a3f0,76936056
failed,pull,9349a3bbc85293cca1f04d5741b1128d7fdceb76,73344528
passed,pull,b895c5d753ca1a29317e3c0a2d2cba6229f1fbba,70236040
passed,pull,bef04e7d701d7eb1f24d918d0823f1b0b2be2946,69656507
passed,pull,e3c189348aab925b397c4d6f6e16dff745d2a4eb,69652273
passed,pull,d5f9fa8bafe0a80465e07136e40266d9dad2052b,69652090
passed,pull,21426892d8c0fa3a248ad1025b554e7dbc8b5d63,69647214
passed,pull,99abb3a99b4399485b399b74b88c4e111a7fce50,69646845
passed,push,35521ed421c968b9776dd25efaf3fdf487117dc5,69645835
passed,push,c49d5554a10d89e0d83d53db0ba99ee10e6065f8,69645564
passed,push,c49d5554a10d89e0d83d53db0ba99ee10e6065f8,69558011
passed,push,c49d5554a10d89e0d83d53db0ba99ee10e6065f8,69557655
passed,push,a3c8c0b210e222e05fc50b2c667faef1600205e8,66822351
passed,pull,e9c5ce1690d642083e4d3e6a9ae3186d09385826,66794499
passed,pull,047972efba448a5694e1141b3d269348d8cda1d9,66794065
passed,pull,0ff0bc1c8c3922ab7c03df1e1366168018141b06,64702198
errored,pull,57b4d18a825b77cb98f8f444e0e0d98614e81bf3,64701872
passed,push,b342803c95901f1601cd4cadf09eb0053fb7a165,62695970
passed,push,b342803c95901f1601cd4cadf09eb0053fb7a165,55633618
passed,push,5addd95903a185cb847be0b79cdaba3ba1bcb288,55631861
passed,pull,8fb11f18e71a8a363dfd087be59ebc9255d25ca2,53670967
passed,push,fdbcfeebed5fe2a25c05bda681730d4086438b0e,47574096
passed,push,fdbcfeebed5fe2a25c05bda681730d4086438b0e,47573896
passed,push,07782eb3c81c8f6b399ae7c7e5c3751978b01455,47572971
errored,pull,314b109b36cf26843496c14df22a700c37c69d93,47572547
errored,push,3a92feeebb083179245eeab129639dddbf022aa5,47572545
passed,push,d8f1efefb92bdcd1249692c74bf3009a0d84c17f,47572392
passed,push,0d0c547f67d38d3d7aac0a6ada232ad0d312833b,47571617
passed,push,68bc31b62f942802db4671a9bd9ade5328538bdd,47571115
passed,push,f16602e5df33233c5aaefb7c17c735c224eca60a,47570777
passed,pull,4ca90eb003fef862d4c24f2ce6db763964ab961c,47570318
passed,push,f16602e5df33233c5aaefb7c17c735c224eca60a,47570316
passed,pull,256655938926cd4d2ec4fc269926b6a4dd762621,44960243
passed,push,b27ae3943aebe97536819cc4395a9ecde84aba40,38249267
passed,push,ffaa4038ea8fbf722474c921b54c60de9bbe2948,38247975
passed,push,ffaa4038ea8fbf722474c921b54c60de9bbe2948,38247885
passed,push,7dc4496b438853b9799eb648824470f04a7842f8,38247391
passed,pull,bc53e1b7aa0171cbd62f12f0b247c1820f47a9ef,37391789
passed,push,08d3817eb26df659b3abd0c3021a2347d9339580,37391645
passed,push,79df08033cc577fb7b45f6b08999f377a7e854c9,37391506
passed,push,4caddbc27dcc369d20481b7fd434b47d24758bdb,37391308
passed,push,4caddbc27dcc369d20481b7fd434b47d24758bdb,37391008
passed,push,49e339e068c7a74b46d9d175f454bee9bc3cc39b,37390338
passed,push,49e339e068c7a74b46d9d175f454bee9bc3cc39b,37390305
passed,push,79df08033cc577fb7b45f6b08999f377a7e854c9,37389759
passed,push,79df08033cc577fb7b45f6b08999f377a7e854c9,37307405
passed,push,79df08033cc577fb7b45f6b08999f377a7e854c9,37307403
passed,push,5bafc90bc16ca3dea7f30b82e36ecce3a48ea2a1,37306036
passed,push,c2286d2e3b7889cf1617012b1b18b2673e80f8e1,37305929
passed,push,ae48fc173d8e9181e7186d399f94e0fefca1e227,34512542
passed,pull,a54ce989acab4514cbfcea35c3c810fce91d76fd,34399567
passed,push,dcafa18e6c7700c2e2b4be81efa6036289b424e0,34398742
passed,push,23332a38e99b5dfd041446fcb53e60beb2ce9407,34397108
passed,push,ff206b86cac01cedd1119394e886a753331ca1db,34395915
passed,push,f6cf6e111533678b2d4293e1b705759ed619bd5d,34395129
passed,push,9233d16c1472ac88dc7ab62c5ce43a866647d484,34393049
passed,push,d98c7ccea76661b310b009bf68d1b79d9f99594c,34309796
errored,push,2ef1b5c6c2965e48a7b8ecb900b791db7a8eb3a8,34309686
passed,pull,069cafd13144f7b85dbc43ce7fab099cf9bc9331,34308039
passed,push,15a9d549022aa6b2ef17288442aec3eca10df136,34308035
passed,pull,abd8e0d728556148d02c3782d992121079e317b2,34307983
errored,push,8a73ad44beeb2d3f35959442696a0d0ba6cb9fa1,34307981
passed,pull,cae829bff6524f845d9d4321d50adb286edbe28a,34306695
passed,push,2c2a0c37c9599219fc034a4e36b459e887c7d03a,34306674
passed,push,007421bde541bd0e29dcf2889925c815a3b5cece,33678844
passed,push,007421bde541bd0e29dcf2889925c815a3b5cece,33576094
passed,pull,a6656908aa7b041af495a39d86cae0fd1beac9bc,33050073
passed,push,df049cc2289b92b191ade83a47c7d25981f70b26,32626914
errored,pull,ec16a600715ff156e2fd12164cd7e4600973b12f,32139545
passed,push,10ba5d87232b35492b897dcd64aee61ac9866baa,31293435
passed,push,90621af441985d828747c05ba6511dc592015b6b,29915505
passed,pull,45ebe6f2329f01b2d89c62010008fa1309ffab73,29909151
passed,push,6baa32ba6b9b1b9f8fc19f12cdfb7ef89c598285,27738181
passed,push,2d077dcd626c414c157de191dbeb6951323c48b6,25919969
passed,push,2d077dcd626c414c157de191dbeb6951323c48b6,25919820
passed,push,070f2e2869793ec79eb92035597a4a106a00a215,25919761
passed,push,909643b816bec75e6aaf2e093437964f7719944d,24718013
passed,pull,899f0efa2a276b49f05f394ee278555a8e82a66a,24712299
passed,push,58a635ab77c64ed91ff03494841b7c1e872437cf,24712160
passed,push,390510586dd9f9fdf9e385c07703a68bc9412324,24711807
errored,push,c2a6b010065b1c8c6041ad1ab0d1033fe03daf72,24711684
passed,push,c9df6c8aa4ee1919d01b6087ffcc610302b7792a,24711617
passed,push,c9df6c8aa4ee1919d01b6087ffcc610302b7792a,24710149
passed,pull,52b17ff61be7d8bd65401771136ab736c480fd78,24709764
passed,push,c2a6b010065b1c8c6041ad1ab0d1033fe03daf72,24708876
passed,push,408d9e901fbb63ec654ec8b73836ce7caa6aa421,18673662
