Status,Type,Commit,ID
errored,pull,f78767bd8c5fe861e2aa35f10264518eb0995239,275525681
errored,pull,a302bffd7fc000b83c38ad43e8c4fd767d53b0e3,275517929
passed,pull,81ecfc29257892adf645813a29aa2b13bff8cfd5,268015101
passed,push,e334698ec876f5153745a957e1cbfaf41ad4bc28,254236062
passed,push,32322e259368dd0a8c3a14d04bddbfbd3065ac43,254235730
passed,push,d9c06ed4aa5fb4296ef6ca3c464e5392ae12b9a4,254235701
passed,push,d9c06ed4aa5fb4296ef6ca3c464e5392ae12b9a4,254235687
passed,push,65a62e3a3583edba08677e6e6ae52bd1499d7f89,254235115
passed,pull,62f4d993c9e67dff263ba40c7350c21ea528a295,253240885
passed,push,c4ce10fb23ee6f7dc63991d4cffb569370dcb6ea,242706554
passed,pull,091fec431e8f68bcc52e763caa9f2f1a817d9f1c,242634477
passed,pull,6b104adfe1972478e2f215e08eb6f08c1adad402,242633863
passed,push,a1e7989e7528566967e9d00b54de1db63c3c4207,198185113
passed,pull,8baf41434c7ee75538090b22cfd37f620035f74a,197951457
passed,pull,2685edfe9181c562d76c739dc6a9d4f30b97c96c,197246226
passed,pull,2685edfe9181c562d76c739dc6a9d4f30b97c96c,197245918
errored,pull,ff8bd4a170dd20a9666004d33045d9d9afd9c034,197244322
passed,pull,0a6b38228f69e1e159496306e0bb239492bacebe,186639393
passed,pull,40e1799719deb15206fc34173fc457eb0c9c95ae,186638900
failed,pull,73e12f0d08778520e7a50d507ffb926b044272d2,186638594
failed,pull,9f0e5f6badcb5a7fd20ffd64f2fcd99d7281a197,186638310
failed,pull,0e87bf01f00216a96107c66a8ac920edb1f98c6f,186637909
failed,pull,45e2039ff158f5ca12d4cb70501218c08a9566a5,186637316
failed,pull,5eddcf90f7a5412d01cbd8422067de1d8b35ad32,186636816
failed,pull,775f5846c8aaf1227418695940ad2f0fbcc9c97c,186636473
failed,pull,8190b41422b26af4102f5479b6a09645f3ab3b4d,186636152
failed,pull,30113c9c652b985c9722639486a7cf36960833de,186635872
errored,pull,a2c8a4d7677ec8b7bfa700d2b6eaf7189c678697,186635605
failed,pull,0997570aff814a86b09f9b096c9680a179332b47,186635247
errored,pull,343c0b4d6ff05cbafcbf7d91ee571287e3ca241f,186635220
errored,pull,20c4b4697217a4e5576c63899d67116740821205,186634387
errored,pull,bc2dd57f01d2596b517238556094ac769ac3c371,186633867
errored,pull,eb873dd13d653546c32597e192cf1ca7328706a4,186633657
errored,pull,93bf45e5430bc179076b8fe1c09dd64781fb9982,186633567
errored,pull,0fbcfc60033dd0c0bc6005b9487a7877317410b3,186633149
errored,pull,db5c5dd0d408ea784c3bf9422317f374cc755ea5,186632578
passed,push,d34f6f0eaca693c5ef3c0daa436b666b5679d9d9,165658747
passed,push,7cfea0c2bce102dc1959997eda2fd085fb236c83,165658096
passed,push,ee0166db6ef90910fbfe68b1400c5742c7f1a79d,165658087
passed,push,ee0166db6ef90910fbfe68b1400c5742c7f1a79d,165658012
passed,pull,a97d2c3b441da4cc5f5e1e789db4a6d3b0c491bf,165481668
passed,push,f65557147e971836ff2e754d5ba32912f388221a,165440083
passed,push,a2d16aa4330cc067402178119dfb967842efc17a,165439361
passed,pull,752b4848e6bdb0bd52b3ec0c5421f7e65243df1d,165438543
failed,pull,a81bf7e1bd64057ae23d5c14bd4353e005e419a5,165432406
failed,pull,62a56d0aa37d42ca969651640b91584979bdded0,165432147
failed,pull,9955e5b9d49fb1fdaf81ef58a9a98130398db0f2,165392353
passed,pull,076402f4f8bfc91374c3c16048a4e4a4ed4d678a,165391739
passed,pull,90c8b83a66ef7701ae74a1cec850ac203f0c67f4,165386083
passed,push,c29d105ef21670d59450c0709d3f8e190dc4c5c8,165329240
passed,pull,fda5339b6888b5e562176bfac3d5389d883d83de,165194438
failed,pull,d596d0970b73673ec8e9032595e20dce82174398,165192096
passed,pull,6e5b858ec86aeb40f13db28f8f13b51528fb52be,165189038
failed,pull,6cf642c3a08a22e164b23f90f6a78abd1df2ea28,165188998
passed,pull,595d242eba8f92a33df696356d0ff50ac0e30918,165188909
passed,push,f0659caa2fab326103802d5c4adf007611499d46,165094384
passed,push,c71e1c9ae47d95dda71ebc036090c09ff8cc351a,165093056
passed,push,b8b49f6333e712d8b77743d7124b6e10b8a0bcc8,165093043
passed,push,b8b49f6333e712d8b77743d7124b6e10b8a0bcc8,165093036
passed,push,e2c27a0aefca914667fe218f487e92547d862a74,165092647
passed,push,76a657ef7ea414b38938c7b6679fd4e83e4e63d8,165091455
passed,push,9b038ffd7cdfc4586b69387d890fab436a9899d2,165091443
passed,push,9b038ffd7cdfc4586b69387d890fab436a9899d2,165091434
passed,push,37ab2ea655d8de2c2eb6aff3cd40b02f5dbb1931,165091274
passed,push,db8ad4bfb1f37bf3235c07c2666e46a327eb3c4b,165088806
passed,push,7c09d75632631386049564f4d10f9a87060c867e,165086628
passed,push,e1ea3152e322f424f1bd22c15676e66d4430d98d,165086149
passed,push,4e68b86b910f388987751293445f0ad495d8ec11,165056858
passed,pull,73bbe06d7aafdddf96ee9cfe8b03ae0e68c166fe,165054242
passed,pull,e40d135cff43ee276a21b994fb465a96f3d7fefc,153511598
passed,pull,3eac5f879a4794c610f1cfb452ca5b73df51fe2e,152425579
passed,pull,a70ccd34c04040af610cee617d9093b1274accbf,147152204
passed,pull,3d8e0d581238715100a8e40b172339f049b1c7be,147149667
passed,pull,30ff600572bdb12511ab2fc00b2242eff7a5c0ee,147147271
passed,pull,efbb13b9cf71ee265e9c299d6ab753c38ccf71e3,147145549
passed,push,9a4f71e8171a34586c644599d61614ac52bb4194,144258828
passed,pull,7502c11ae91c82af48acf725aa8be7a22deea8cd,144200827
passed,pull,a588a3342b3a8ba68667454efb737ad7eeb7b63c,143456509
passed,pull,0c090bf569b51e17675e8606f52cd9fc6440f3a1,143440271
passed,push,7a43c46a92002aca6bf76a28d3cc8c49a837782f,133048563
passed,push,a0ac40930c161c7b9a6da52056b036244a99cffa,133048157
passed,push,35bfffb9a49ad05e9a479a7326dc5342cd3eaf54,133048141
passed,push,35bfffb9a49ad05e9a479a7326dc5342cd3eaf54,133048134
passed,push,e4b43a219b898bba26870466eded3924e1d95fdc,132986770
passed,pull,f995a1b07c96d0a25c30b2c6bf274ff51020a9b7,132714966
passed,pull,6b62926e52db83ccb2e65f0b1f83fc162e081fbd,132713533
passed,pull,878163c58b3900426221919e2cdb865177615083,132713375
passed,pull,b89aa8a7e0c96116ea710bcc5892e30d18ac2215,132713307
passed,pull,962682688beb3bf1976d8b5e0f99e3b91ca975b9,132713003
passed,pull,5af93a65ec77206f016bcb9f568249ee0e504eca,132709401
passed,pull,6fcb6e9ebfb2a3ad7ba984ffa9270340203d8c0c,132709192
passed,pull,e8f6e31dd2a31771e2fc917334e5c616b06d2562,132708630
passed,pull,a9b0ad1a59f9c5c1bf1074ef5443a40d4ef568f7,128877740
passed,pull,d234b17f8db8b7ef82e05d2acc6bd6bbe91e8908,128876090
passed,pull,07b743c80533cc96c493e9cb984bb14ead7e29f3,128870087
passed,push,c1e6bb3c849adbabeea36fbea0670fd48656f360,106674552
passed,push,aff696dfb1cbcdd9784f323bb31287ecdc33bc38,106673814
passed,push,e243c9444286ceadce78c0c71ee1ec9d35f58f2f,106624303
passed,push,5f45a0900957613cafa351b9ea76e0f96d759baa,106621743
passed,push,c6b544ea64716b1a85735bc0133eb626f186a90d,106620236
passed,push,911c86782fd97e4cda5c87b61ce0c7d8c4913566,106616789
passed,push,91d572dc583a81d3056dddf068f9964ea2dc3a73,106614304
passed,push,11e827a1545229c1aa66ef30f6575c4179fc218e,106612418
passed,pull,3b805e4ce4dedf4b27b28c65b02e44e970577a8e,87273292
errored,pull,af38b1722b691b62662db3ee5ac190904a1cf0cb,87272862
passed,push,c44171785963bbe18f93a0d5a303b798bb4417e2,83792978
passed,push,4a01723a3411a97c18ee034a8861fd8a2897e400,83792421
passed,push,def6550f7b6116e58a81e3ee6b7ad5977a82f1d2,83792411
passed,push,def6550f7b6116e58a81e3ee6b7ad5977a82f1d2,83792407
passed,push,6eae84cb0cbc8e3654056dc5bf9b60c073d3a26d,83792266
passed,push,41aef244605ac08b5b199d51c923addf668d2e87,83791771
passed,pull,460afb8a521782aef81d33d49f1b52c367decf43,83673185
passed,push,886696b542eed333d4badd145999271f01c45a1b,74984234
passed,push,ed188d4d7bb6e0d78ff904988fcb67c17c28f827,74984218
passed,push,ed188d4d7bb6e0d78ff904988fcb67c17c28f827,74984212
passed,push,5a19d7291014ee3ed2db941cb7eadead59960729,74980682
passed,pull,ed4cd0b4bc7a1054f9ea0ef073be8c92899c4ec6,74454909
passed,push,a126b801f5668ae5f24cce46898910b09b941385,72753274
passed,push,f16c1f47adec99b5975bdaf9bf8a9d3a0c8979fa,72753049
passed,push,41a49471eb2c4ffb8d275b64bc2a0c820c47d441,72753041
passed,push,41a49471eb2c4ffb8d275b64bc2a0c820c47d441,72753018
passed,push,741b5023b292da982b954b788d16c5b309c11756,72752910
passed,push,7f984b77c12d135862453e1cdaaae2f952c1bc4a,72246450
passed,pull,78cd1ca792b7bd1149b76897ae6fb2b4ef3e6e4a,72100623
passed,pull,6b89b5fe1c8bd4470c9da94a030f8f086e5ff329,72070573
passed,pull,acbb286dee6962b3bf1747547dcfdfe465d4cdfe,72047580
passed,push,d8d4b269cdd58dc5e517774c6897e091ae8dcd29,72028641
passed,push,549e6e3226d4d9783cb8fc5081ce9bac2aa2c79d,72028248
passed,push,80782883a793cbafcb8fdbc4335cb36cd26aa6b8,72028244
passed,push,80782883a793cbafcb8fdbc4335cb36cd26aa6b8,72028240
passed,push,312c9805d7b17f976a51595eb43e43504b05bd2c,72025497
passed,push,f078bc1be160d9d45671426a133d9d62db819885,69189752
passed,push,080cd8053de441b8c8a1dc94c321854c1ff915ee,69189731
passed,push,080cd8053de441b8c8a1dc94c321854c1ff915ee,69189725
passed,push,b8756e77ecf0a59a3453877da0387343feb6d203,69189572
passed,pull,0899756d32c1dc34ce43e26a5d77188de2220405,69158373
passed,pull,73ab09dcc743d9106e58a34aecebaff4bb1cedff,69013844
passed,push,9db887807eea941363e5102a75c695b81f132122,69007356
passed,push,79c755a3d64ae8e97f9e1488d55810397b83656a,69007348
passed,push,79c755a3d64ae8e97f9e1488d55810397b83656a,69007344
passed,push,0e71acceec6b8bfc6541da81291466ef477433d1,69006187
passed,pull,4db96945abccc7ad682f67209787eceb9dee9352,68867709
passed,push,78751e77ef5614abec4cce3578a27c65ab51cec6,68732201
passed,pull,1635e6eefd088bdbc3516f60f78ce9e724546a64,68729288
passed,pull,ca045242abd7e90f23bd8c798928ed984d87970c,68646531
passed,push,fc578b42e061ca8355ccc394b327651756fa6d24,67682260
passed,push,69f445bdd7c7ffa58dd194ad750185d2997f668f,67682254
passed,push,69f445bdd7c7ffa58dd194ad750185d2997f668f,67682248
passed,push,2840a7d9986f6e624676e8f82d770a4e31a4e910,66448894
passed,push,e9e45e888a47b66c5946603e515c3f98b4424516,66448057
passed,push,4cef95d3d9dddbe8c51f2e244af940d1d9d601fc,66448040
passed,push,4cef95d3d9dddbe8c51f2e244af940d1d9d601fc,66448029
passed,push,799ed28226fb9699bddd46bb5807d59672f1b74e,66447864
errored,push,2263327e5cff3a40cea5d55d02d52f35ed73ae89,66447655
passed,push,a2d599f15cba89f733db8e8b4558db5f7d2f336a,66445688
passed,push,a2fde530390ba7dae04c5450c2b3839fe61f725f,66445219
passed,pull,5aeba42cadbbbd9103370be43e9d2ded590c235f,65677451
passed,pull,accd81d6efeea1427847d4b82247a01d7b935cc0,65248709
passed,pull,87ab1426f63a21f0e35a2011ffd2ce7685e5c37b,65242298
passed,pull,4bc494da971b243a4fd576cda594a1063998296e,65241208
passed,pull,9b81938206a6ed15fe524bd1d239351701b533ee,65160570
passed,pull,348faba886911a5d292998558a993f8f827e491b,65160386
passed,pull,08a31040122472c0a90e9d2c8bd5c716c919bab7,65106206
passed,pull,307aaf40e8987bac92f83371e325daa4ab58e98d,65093979
passed,push,91cf6068c816b9ef468dc137f4982b94a8a50b43,61392052
passed,pull,b9b69fee3e5c563228894182d920285f4d49b361,61378557
passed,pull,85b6c9cbf6ee0286f9872f81a21386ca81b1bcc6,57505201
passed,pull,686b824ea789a088ea0e4bcc51da01fa6909e53c,57365766
passed,push,e318cdfca9467a23982fe3fedfabbb80fec766d1,56032922
passed,push,11f5e7eec6b1de4a97842af0643a741180da4edb,56032671
passed,push,20b2a1843477e47ade2d085077608357320caa9a,56032659
passed,push,20b2a1843477e47ade2d085077608357320caa9a,56032653
passed,pull,4e62854fe6cb873a7ae697d914a7c5ee8446d1cb,54196485
passed,push,62008393aa004c37c14c4028ed4cb1a9bc43511a,48731765
passed,push,67a476a47c008d43d61d03df8a9203a9c914bbd6,48731490
passed,push,72dc2c5405b30bfeee211c9d34e45e2ffc6dcc44,48731486
passed,push,67a476a47c008d43d61d03df8a9203a9c914bbd6,48731482
passed,push,dab163eedcd0cf3759806a05c62a15748943950a,33254338
passed,pull,104aa0489a72904cbd418517e3a1fb2f4749664f,33251009
passed,pull,3fc1ca954078833a49798d16f049b109636be4ec,33243801
passed,push,896d4fba0d2daf2e124dd5d32bb5459abc273b09,30279294
passed,push,b2f2dab264c4ba977a2213802f17e8019a92fb4a,30278778
passed,push,cea12e7925bf236825dee3d66229a22698c1069d,30278772
passed,push,cea12e7925bf236825dee3d66229a22698c1069d,30278768
passed,push,5e380e357645fab7cb39c7f40569ada4b669240b,30208694
failed,push,09706e05316dc442e401966ffc9ea76266d60405,30119107
passed,push,e0340ef4b2dc2966b0015fc0f2e75682662dbf6e,18057557
passed,push,d53c30faeb58705cdab132be42de12845bbccabf,18057252
passed,pull,c841b3f67511cfb777aff31ae2aea28869e1c09e,18052731
passed,push,ecbc89eaf75d37ee22d092742a51a53ed174b19a,18013429
passed,push,4e309592016d06e79c059f1e974862eaab408b4b,17249043
passed,push,a70b34d6b39d98c72809a39e86920242bd6d0fc1,17248446
passed,push,587b8c666e7cd8f8ed8dda3e14c3bc3d1d036fb1,16516504
passed,pull,efb866f37d1e8d454e4c5afe83ed10f0a1b757b2,16516088
passed,push,9baf56caa8361c743fca93e7aa441abab76b5395,15223269
passed,push,dd8f4841b7243420941b90662db8bca441ccd495,14951615
passed,push,85a6f6b8a7c1830467f567741cf985ebdbc67b48,14951611
passed,push,85a6f6b8a7c1830467f567741cf985ebdbc67b48,14951607
passed,push,b6ae23b6be5dd2c8fe89f8ea33fbb9035ed61d94,14951413
failed,push,9786b74a4996c7c094fb90dec17eb8570a11aed1,14951242
passed,push,56b81ac7719f05a18bfc6adc654cb819f66c93d5,14762616
passed,push,7c156d73f31cd3871b7207ceb8cd21f74c9da24e,14709093
passed,push,3709342a5fb101cdb65bc138641fce096a24fa9f,13603192
passed,push,f2ea302bd9b403ab90e730b72435f3d5e59c47d2,13602800
passed,push,5083897204fe20ae5b3a007126d82abb48f83a25,12311048
passed,push,20e452f02dde2cfad4f73a80164d787783b2e8d3,12310933
passed,push,233abed750ab7253b1a31fbb6a84803fc4290900,12310922
passed,push,f67fcd96b0698de4a05aefed227fac69c31a2a6c,12295198
passed,push,57b88b5cf0e8936cde717e6683dc49c19f49c658,12100672
passed,push,58237249e4359dd7dbb968e4216ddb158120d440,12100505
passed,push,972f459bca9b35b5b345e3a6522f55a4e2c7c1c4,12100501
passed,push,4927a22a588ac94df7a0b3047472b00c02731a32,12100431
passed,push,b7e7c27073bb02ade2ebe0064edcf8b299ba8cbc,12100330
passed,push,014f52c9747aa7bd9e6b2e1f3ad7266677af3045,11942776
passed,push,8de5cbc901c88e61e837d6e74f5f43fe483fef2a,11942602
passed,push,228f3892b0edfd750f9beb7ea2f6fde1f7faed2d,11942598
passed,push,0af6e06de79086555bbf54fd7c3c7aa143380c09,11942487
passed,push,7114fc5a6db0263e6d4bbc0095d0acfbb655ac10,11941896
failed,pull,55ddf75d58f2538a3b41462f52ae5673c0197df6,10594614
passed,pull,3f49759c875f6ad7a3184097fcfffa7cf7d413f3,10362857
passed,pull,cfb57df1949191475da77135440466218ed57de4,9770112
failed,pull,f9de1aa530fed8c94e200a9912cd0bf8749e445c,9768520
passed,push,b1694dc2ca0660803091464cc1f2cb39b49fdb8b,9699399
passed,pull,c81821af0f082a637627c51439bf10ceb375cdc1,9377637
passed,pull,31644db945321736b85d3e68439422b494cbed46,9282634
errored,push,f28136989bec08ff819fa221f6dfab602e901053,9264940
passed,pull,33420c7648dba5b192642ee9337bc01170e6b108,9262798
passed,pull,5ca1e25ae2dff10a41aeec00b7f9606b0878c133,9261065
passed,pull,9933bb6f376ffa9257e302f1e6b2f4ce201d914c,8968206
passed,push,6d6fcd28d260f377a5c2b42ddb6a96902a173044,8309362
failed,push,97f6759e4cc674624ba0820eab15e9b61407087a,8309270
errored,push,9230cfc61dfded5df28d2174d542797ca7135c5f,295163482
errored,push,a2d599f15cba89f733db8e8b4558db5f7d2f336a,295163250
errored,push,43999419c6f3a0c22c765496fdd6f0d261a631bc,295163076
