Status,Type,Commit,ID
passed,push,94b02e5597e761dd8b22a5f8e2468408c2674f7e,143261756
passed,pull,46357e5842090808b4b12a19949231bbcf84436f,114558890
passed,push,1c3be722b88ceaf4943ef6b49c4200ae818e6c79,48625013
passed,pull,08aedb776f9eb22f116ef82deb8937870a131671,48568384
passed,push,81fd8fd137c2c3db90631f899bced3ee7c03a616,43076557
passed,pull,d67ab84a575e65d4dd69d4a7f8d71da2d3d45007,42799505
passed,push,509604666e42a5303d0d210f5d900c6d50b5da76,42786107
passed,pull,5d23e65062fc76c4cbe6f754be37f28da0190a91,42782984
passed,pull,8571835632548f46b12915a0a30813e6a0f28b41,42707079
passed,push,57167ae42efadb0583a061b258666faf0082bbca,42603699
passed,pull,9d5e1a842922abf77254516148ba623ec7a0404b,42594298
passed,push,b6c41073eb5614774350b224fed29db5a4427f6b,37323822
passed,push,9792ceb78736d710a6a981eadb5c7607b1c86cb1,37323750
passed,push,a4f8dca5b815f1969b20ecd696a6dc1940df746d,25090130
passed,push,db8470c40b8f3ae73e80f47a03430bee6857fced,25014855
passed,push,a425669c595c57916c08b491ed91fc571ac81b49,24286003
passed,push,f92ddf02edab7f97d41c69157568bef9415d0eae,24285828
passed,push,a92eb0fdbe6b85a630d6b55781fbb25110716eec,23868132
passed,push,59b96de896f89c6e70e02593a53e196c27c12fbd,23868095
passed,push,f8949be3d810e2e137d0248a1b718c62c5e95921,23700823
passed,push,d1fda8a17dd755fab5e128ca89f1e22b25c0f820,23696829
passed,push,7632be536fbd55367e52fe90de6d95a160ecadb3,23694213
passed,push,9d5da5874ba33a38a86547b8ea01c25e7b5f0b79,23504986
passed,push,e4041c062cbd8fdecd17ff904b1877cc51db4a86,23504882
passed,push,42f0c9b9ca9f2221ebee2e06ac97638dbbf9f991,23398528
passed,push,f181d078c78240202f58f38ae9f049a9fe4bbcdf,23395587
passed,push,60e7bad9e7c5ec3daa10af8aab09aebef750fde1,23395096
errored,push,9f251789ca47a6f54c339a67bfcf31681b716435,23393370
errored,push,15270db2c35a492bd80e846c97cf247e59113db4,23355836
errored,pull,1de2dfe39c287f444a798ee5ff6fdb5644633534,23291322
errored,push,c2894116cdfd0d71b53d05f499e6d7ac4d3cd45b,23275606
passed,push,973069aac877cff09ef7ae597d80ee2b62e71292,23275216
errored,push,e3aed08cbad2f61ec9e408521b61e5449be0718d,23275084
passed,push,37ef8cb4ce75bbb9c251617bdfcf3595215dd023,23211773
passed,push,e7a4e3a8a1ef37215e1ae1ce228cb144ae638159,22299697
passed,push,a3eae9534453a1c231c17af14b713ab5ac29f4ca,22049147
passed,push,a3eae9534453a1c231c17af14b713ab5ac29f4ca,22049058
passed,push,c58e0d3b27f80b3fb7ea2e72262ff7b3b117b968,20851842
passed,push,919ccf99833734b6966aabf304b40d5cb3a8337b,19522601
passed,push,7734047fd951a14a7cec8e793ce3af75447dcecf,18931724
passed,push,63b6c818edf7b8e89d03bb6e49f8ad5915590597,18613779
errored,push,756688b19081339aae47addf700a1d7dff7547d7,18613412
errored,push,d32cc50029651c789211f6ca75ab685300667580,18612360
errored,push,0bbb662b7c6fab04b78dc4066fd945b887664330,18385457
errored,push,cc018c07725f39fd10c0c0b6a2049c19d3086865,18384911
errored,push,020f08afbeff60e137ed4b83415dcb426a67e668,18382065
errored,push,5e8f8c21ee127c37be1a8716d51d4cc2e186f32a,18379980
passed,push,af3a3c0b0e0897b7ede511299e3415b27b84e719,18373509
passed,push,e7e9132c26832c99a099c5db191d568afd19c55f,18365467
passed,push,cc380c1dbb1a87cd212d30fcf303bf09c25eda61,18364266
passed,push,df26f79095cf79e6a344252b9fee405706e1d18f,18345673
passed,push,f6d95f61a308199b5ef8c3d392ec4c1b9e6fdd59,18345400
passed,push,a4540fba39d4c5f1a843f13bcda7cd505ed4c253,18345123
passed,push,05324ed26c36ccf7b93bf75e57460d65a2998c09,18344803
passed,push,71eb5ce9d73b22128cecd62711fef399b46ca3c0,18341023
errored,push,bb8efbe7f1a1e06b107767a8cbf933c0f5e64afa,18340849
errored,push,ffe182fe354f0c4779a8038fb662521d63194c87,18340472
passed,push,2bee5c312a97e3d3abd70c8f89444ba139ba18ab,18327923
passed,push,6fea4e5d51561fe24dbb044c320dceb4277168ed,18327085
passed,push,bc08529bac9953b83f956e8ac11691d9cce3b0ab,18309145
passed,push,782a79556eefad10d302d9866f7c7d592645328a,18308346
passed,push,f77046c6c855e30f66b963388b5831ea2e9794eb,18308254
passed,push,61bef7d0c702c339b497d29537248a243d63eae9,18305209
passed,push,bfc7c9e330645637b0d3e7330c8074b907938664,18155715
passed,push,95f2a5b7ddbeeda9087dc713e7899b32cfbae065,18153809
passed,push,08e2f2c5201463843ef24530834d268f5f4f9ac8,18152765
passed,push,52e46c00801dac28a9dd539d0e9e8c51b11b45eb,18054097
passed,push,efbf1b981b7f178b6c7e6e3174f479f28dfcd350,18015390
passed,push,17b7252a20f57e098d8d112ddc6bd7eb58db4987,18015064
passed,push,b6145a485ce50f498c77b430f1c4af27ff837476,18009720
passed,push,6dc587b0993d35391a909eef658ed79ccaed096b,17981453
passed,push,d31a4699398fec30dc3870e4b7614acf35e498fe,17981442
passed,push,7bbcab16c7900c0e136a4de985f182b580eda5d2,17981352
passed,push,4f1275f781ec885f5abd8c762bb71b5f2127c6c1,17975508
passed,push,607367c6296209baf94568e9225bf605f3a1883f,17975433
passed,push,f488b594b856af940ca67cbe7eddf8d5dbecb4ec,17975400
passed,push,d9e37aa14c6eb338886111f51bbcda586da94340,17975285
passed,push,9798dc6037809957c4bb41892d4d9c4715c9eedc,17975054
passed,push,3955c92337b3fc35859948d7ed864b3c1e2fa4b0,17974724
passed,push,ae9b6a86dae83450887c8079a540526d3a2f55ce,17974513
passed,push,5f67322b1e4b398aabd0a6e81bfbab1e5b823528,17974231
passed,push,4fc9e40f2e61ea45c57bb0e7a2f9aa6e17abd27c,17973868
passed,push,d1509f267b98e8a083bff64760ec61bcecf7226d,17973760
passed,push,685fc32d8885c811dfadc75ccb38aed8cbc6565f,17973744
passed,push,58b8501e1d50c133780b0be1ecc2f312d3e64a54,17945444
passed,push,64070359928406d461d800e6bc4f8feac03a2600,17945218
passed,push,a7a189da01bd514c77518323ef21fdf3fce4260c,17944722
passed,push,17bddb552c834da340fdc66da696ae4174bc453c,17939603
passed,push,f6d173e39804494b43667059c823dae4d83a31c5,17875648
passed,push,e6b2cbe8fd8b30cf7d8c5568ecd5b4b475b3830f,17729935
passed,push,8c88a0fc07ee2ee0210de4c287c0efdfcca077c9,17727562
passed,push,d06ab6feedb9fb17a6c7e4dcd12c7ced736e3af8,17667386
passed,push,6c2283cadcf290f057d50900e85d05cae1046731,17601207
passed,push,5cee69b49ebf82cc36bc9696d1f9158a54b152e3,17446382
errored,push,8d20f0f56ebd417f47c97e5b4fc5c87f334ba8e2,17446149
passed,push,caf9136ac439bc4f9e167616567496a2c95ca677,17437598
passed,push,eb89efe5a92c3fc40c166c023397ac87112e6aad,17433051
passed,push,eb1bab308656b0f43a0d48f97dcf6d6d65c62929,17368656
passed,push,c1a6782c80c6678b5bc45709371fbad3285e5d50,17365553
passed,push,fa82edceb23c4d8ba9b3e228c5594079caaccbe8,17294443
passed,push,b178ce2e84b651eac73d47251a8746acb88996c9,17198874
passed,push,71470eec1bbf201d38b3bfcac4d4db74ac146ebf,17197814
passed,push,3b2699ce450876fa96a9f92df2653da8b361b40a,17197412
passed,push,7349832c85f47ed736cdc1f2fc1967f1cb34ca7f,17196839
passed,push,053a4a3af5c6385cd96217c07b0124002190c388,17196165
passed,push,4121785047fcc52b2c75e78969f4a71282be83fd,17160477
passed,push,5a813c82aac2cb019ac31ebe5592e498316a94bb,17095404
passed,push,81287ea8d740a5d2620cca0d502e5e581dce830c,17067769
errored,push,af5a125c386b8bc753e5748f2a4ca5bd3d8842f3,17067754
passed,push,90d2a4ba57a9f6c249d4d743231f67136bbf8cbf,17029860
passed,push,e0185bf8c1b2576a731249268235f4d04e6eb5e8,17029200
passed,push,6abc3bfed1d823f657c119531675c6bad976532e,17027906
passed,push,ae45304ce281fdc7bbca78258eaa9fc80b2770a9,17027368
passed,push,b531bdc8baf4f5786f307599d130411b27497eab,17023890
passed,push,8780806d8293c912e87fe4a2a0fe2d70efb19621,16963680
passed,push,be7be518d63a9fb60c0eaabd417b993fe7ac3628,16961776
passed,push,d2609a3fabcfc3ab30eddc4defb59c5551ebfeff,16938811
passed,push,0a882fd29f575a95c4f3d1748e1eb14bf7ed3f27,16897947
passed,push,8c731091be6d51f20979ee50a77f5febe6c0bf66,16896638
passed,push,d18bc0f92209e5b3c51c113ae147a97fd6aef447,16851680
passed,push,8e964451d781ee32feae3c13c1c9d6b7ead4d471,16837464
passed,push,ec1bc04fcc9ab4d1ff939e19d2bb71ffb7748e6c,16774932
passed,push,b9f66bc57470f131e14edea9ea12e2383e6cc846,16756566
passed,push,a51f727b7a61ed64a170aad5aafd9c516dffd536,16756057
passed,push,19881c263654e00caeddf21d0173853bbf243bca,16709650
passed,push,1754abf765c25a545c172000960f4575ea752dd9,16689144
failed,push,d4e663a0eadd44403dec8574de4c359d79faa353,16688844
failed,push,bafb7894c81c16367124882cf11ee01f3a3f3758,16687686
failed,push,07d9c4a56a8425d454fa41896062d4c0dac2aaee,16681993
failed,push,85b9a276bfe15494f6e8257fc90a0ace2088410e,16618503
failed,push,6ae79be70f51d9617a4f8897e71d88e92a75b1cc,16616967
failed,push,331c9d1de9757fd1ea778ba512ce263f3c142b9e,16557661
failed,push,faea6c37871c543b9af9c1614d33bffe9f18fbe6,16555436
failed,push,6ab69f2ec9cfe8852d6f5280eccb69ff05fa2f05,16553711
failed,push,3419fe1c6c76a9eabdb7dcdc4dc481cc8edaef50,16545105
passed,push,d13e1e457a5b5ea22b0924ea34457963f11f5fc1,16499646
passed,push,91197c9270f84fa8e8dee641dd9fc3a7b471bc8e,16437204
passed,push,bc82f76466d7d3cec1035843711834272378cd4b,16436811
passed,push,81936cbd4653bdb36e57675ae8194748ecfdfcbb,16435540
passed,push,df3f7672e154e228ee456cec277354ac68610199,16432701
passed,push,8e2ec7c9acc8ad3b7213ba073a76c38918e1434e,16413765
passed,push,9ef7bf849c9926bf9d279ca36c888206cd13fae7,16392562
passed,push,4624e9cd1e1d086c40c797966cd33888be11f164,16390709
errored,push,4b0fd85f98d5ee1d511903b1a291adeb51865b0c,16388913
errored,push,fa8be2fcd5afd29b0b23bdd46a175f47dcf30111,16349926
passed,push,dad65447aa581345c7eee3aadbc7673e846d9572,16294302
passed,push,3c3c9dc77abca20a9150e268fce228b0e685fdee,16293376
passed,push,436ae2e43f2618626479579fcc78afa94068041c,16288194
passed,push,5ec600a65819e8b2d4795335aaba1fcb5d0c01b6,16287101
passed,push,542bce4c5f9436b4acee104d8276f3d54e878414,16280585
errored,push,49acd5bb604b94d27972e536d4a69150574708ff,16258183
errored,push,95fd2aa1467a870913d71220b74a9bb5d57770f1,16236732
errored,push,05891ff9adf21cc3d43273f12caafb388c00c45b,16236426
passed,push,37eb904670f593c1578c87ba6445c10c1f3c9f6a,16217491
passed,push,7e09cfac933de01aacf9dba6da958af60aaa856f,16187583
failed,push,67beb10463531df43002680c82e325477cbe7ccb,16185681
failed,push,a8d4c60d7f561802c7038656d7f4dc7510550726,16167518
failed,push,b7fb0c371f76fb00667dfc0fd6e115cc8f8413a3,16167398
failed,push,e2b42bfe62359dd86aa4ed9d346a5fe65fbf3873,16166657
failed,push,91d6cf7d2b7274252438c93626140ff1754bf37d,16164302
failed,push,7ccf5916ec13b78bba4fa01c48a4866853c84a3f,16156039
errored,push,c4e369556be1969ba9f94ab2e4e05e099632d3d3,16148395
failed,push,ee7df2e183bc3b3d044acbce384e324154530b1c,16147405
failed,push,5cb0dae9509bd7f0baa9156e43acf9696f3c776c,16143110
passed,push,824a504e23261df519b5e6b84f3a924e0bfa8312,16140609
passed,push,438885f4151fb1b44673bae48b9fca07a5e75820,16140439
passed,push,8c3ce53cbe6caf6d47a085bb37c8748091eab6b9,16123460
passed,push,6249669dbab5e59df58f9b453fba4470f7fd3a54,16122147
errored,push,e4c916528afed43bb159899180ea4ccc66647ae5,16122056
passed,push,6884abcb7e3a5418b63035c609fe272382bcb1c3,16121677
passed,push,4b87f6690641dc9afc317a2fcf7740c55a40ca8d,16118275
passed,push,378653ab7ccc38af8f4b4d760f4ecb683d48e710,16116342
passed,push,76a0378ba28e5a2f612b64130c8ae46b69188b2c,16103628
passed,push,a2b23f7bdea7af72f0a990d5376f27f417f64bb7,16102812
passed,push,d951315987280de8b9583b3ec92fb081f549a662,16102214
passed,push,869e19d17987357a2f723f7974f79fa68e397e31,16101948
passed,push,e3d873021f8b7640c9f986602451d04d182bd677,16100459
passed,push,b13bcd4392b1f64d41125ba91b3f8dd9f595f125,16088720
passed,push,a315eaa694d2e8a429bb7e445b263f18e9715aea,16086371
errored,push,e0fab351dedefb5a28169452708875e044538b32,16071188
passed,push,7a6b0ce21f3b7c09d5e6c52d449ced902a1628fb,16068962
passed,push,446165a9f9fd874067a797cd1bef5c455a05a0ed,16056771
passed,push,d2a8b17dab1a1b257c19375a12136d64c269ffdf,15907635
passed,push,845377a1ed0b4c3996bf91bdf9baffd537dd2438,15904333
passed,push,c68bb452c3cb8e7e00f883b5ae740e455ec98d00,15886762
passed,push,c31a6eb91e918a980171b9ebd0be66e3656bc1c5,15885110
passed,push,1635c4fe7ad9f3c6d0260f142f2159e30b575f1d,15864505
errored,push,267e854206f8f123c98b14acd09f70fb81194691,15862935
passed,push,953447fce440698a7739af07e1c8c941eb5307a7,15846776
passed,push,351c8d1dee929a9339df479fc351cabd4f12b819,15846536
passed,push,e3b4dc98cd53ae795cfb4629410345f8a618865f,15835334
passed,push,ae8b1cfe98701ac70e608e06c68c87a7c656c5e4,15833500
passed,push,a27785f1756685d1c81b9438d7c991a424a3ac76,15816400
passed,push,f787b078df992a1f75573f03763d3fa5ff2f0913,15815521
passed,push,7bfba26eba9865d4e0ffec615a321b46025862a2,15815212
passed,push,27e9fbe85a15b0d2f398ffc3eebd1c5e7fcaf2c2,15815160
passed,push,27ee2d2f0440ac0ebf4917a1c795c91d55d1247e,15814748
errored,push,e05036f418ca05fb5b7fd6fbd428a3ea8996ce84,15814746
errored,push,0c18b8f291033c9c5e016c1021abca8338ec86b6,15800058
errored,push,142e0d36c7de74a25803e6d38ab2069628742c20,15799519
passed,push,d27a4be2ffff5735273f8300fc18ea532c4acb41,15799439
errored,push,d8e7d2aa2681c7553a58c1956bc184d598ca8747,15797132
errored,push,3e801d45d9b34e15b7cc97f3027232830cffed13,15795133
passed,push,10e4fd25e4065d938bbd127b5cbc3bfb3d07ce9d,15772458
passed,push,e84e9e3eb8fbae8b962fd276e30c8d48b9b8b78b,15771731
passed,push,23416baa13cd45b940d76772cb6848863f65ab73,15771004
passed,push,f1b6cd99cd123d9e9c87eee6601974195ea460ca,15770955
passed,push,c10eed1de78bb5bbdc4f98c83be7c7a67da490ce,15770256
passed,push,261b87e685dd138ea6bd0f14beda219aa294295a,15738817
passed,push,926e53a3982d41cd5f086d1e52500fa4aded4bcb,15737513
passed,push,6d12fbc61731e12b82837d3b67e1e45c0422dceb,15736442
passed,push,9575fd49733c7700edf8587ed4b46d40d48a4bd7,15735314
passed,push,ab537dd055362d772551742814a3bf9412b2b42a,15725530
passed,push,23891fa50577a188267b30171a6c405ccea6f3b5,15694449
errored,push,e99ca9fe6d75de86d40ae459f09b3e86dfb96eb3,15694088
errored,push,06da77015ee40035091e64149edea4345e931014,15678211
passed,push,59f835606443b29fda5bf94ba690b91114e1fbbd,15672193
passed,push,e2ec0b6f5cfb283849fc4f029306e04de96da6db,15669997
passed,push,1de41ac274e867cecaac79d367158b4a41393994,15612109
passed,push,da1f419b0d1e6a2f6c6d36fd7e4564869af26f00,15610568
passed,push,12a417cf9a956d3856380aa83f1a5cdb57506c98,15602094
passed,push,df20b66277d703fb528759daedb54e9198545b35,15570766
passed,push,bb62e7c8b9a5cea20b9d817cf65e822879034f2e,15555633
passed,push,7e8a1f02842bbe886625499e557d61dd993654ef,15554214
passed,push,d35ee5b9d5765f9b8d9052f6778db10c8c845d66,15553568
passed,push,fc26f166dde526c41506bc7f7286b5373105cd85,15552193
passed,push,fa27528edc5ab4d00d8f40c0068d48345e7f42e0,15533040
passed,push,eb75559ae0c1771eddd3de83bc015242fe1eb08a,15532488
passed,push,b7ff590f094b15cdcfa6e69b494f9b94a1ed5d78,15497459
passed,push,17cae3795680fb68119470e906b1f11fc9f60b2a,15497169
passed,push,e3870aadce9cf821dac92006084e85aa6975ac6c,15489192
passed,push,a69294fc1394f23d3baca2605486ecd21b760715,15479572
passed,push,f331ec3a1694ee1ff516b66ef69167669a4461d0,15477313
passed,push,f2ca17ffd40c809e17bd059ba69336b53c60f0e7,15477170
passed,push,b8a5c36da451b0a1af59b3253849b0f5770e14fd,15463761
passed,push,efb54dcdd8065349e2e72a3d536384116a087668,15461139
passed,push,f41a3efba537fa6801c687ac118d15297fdb9fc1,15460689
passed,push,ba565313ce9043d75805db9a2a7bdc79b427e90e,15458348
passed,push,0ab1f4cdde9249b9aa1c60aa1c05c412d4de3c6a,15444803
passed,push,dd551f592a303973c5675933fb5134d0b98d75b8,15444275
passed,push,11ad50b48f7cfe7fbd829ee65e00d01ca731a059,15443964
passed,push,93230fe64e77139e950a4cd05b94ffd04ff2fd69,15443873
passed,push,032f46af4a23dc4e1ccbc4ed53069631ebdefe39,15441246
passed,push,b4c6a1a48b018184e926cc4af9c7222efdad9a15,15420505
passed,push,8de5dc7d696bc91d03a1f0f78994b286c1054d2f,15311275
passed,push,134e3f6b8e352cf8403e7ac3200991cd58c861db,15258874
passed,push,07581835b9909040ac001fc08ccf20ffe4aef97c,15258262
passed,push,5dafd8235cc1afe018b040a2b83a14da5005bbdd,15255431
passed,push,a3bd3e4e051448c6185d8a9f7e77b0e36b362dea,15254589
passed,push,5fe0a65c1b41162aa7abaaa592f62a3ff1490c99,15242844
passed,push,9a067b3c5ba73ca39951864a1a39a2492e8ae01e,15138114
errored,push,4e3a03f83000f0bbcc54a8aca7ac558f3e8d49bd,15137941
errored,push,885fcd094ea0326738e612572a3bdf3c3c08a2ae,15106917
errored,push,cdc3b9a300d3956151c1eaf674f96c696ebe4b84,15104913
passed,push,31932a6043cdb3fcbe25b525b442d0719c0407d7,15103636
passed,push,1acf5af94770cf68a756c51cc1a40e08f8a2802d,15103331
errored,push,ca4b3dc85dbc1bb1708a6e251a0ee52112a8c55f,15069764
passed,push,05e29aed1e616eff83d36b3c257324b2f381b374,15038576
passed,push,a04d91164f28467536d55eca5d5a640a15c6e8cf,15038423
passed,push,924c2dba26ab0d2e231b87526bfd1fcc4baa3d9e,15038215
passed,push,f004dcaa2a2d76221326dedb1b426b361ffc0704,15009763
passed,push,a8f4892e91828af09ab77c03b5680f86c36544f4,15005883
passed,push,d68b19bc4c4dd7c815ddc44aafc8b6665f3ccdf7,15005317
passed,push,18e92bc2228d3298edba560b928aebd8e4e2ba0b,14950977
passed,push,365b6f394fdd4f530537d481b289ef051c778ce0,14888086
passed,push,86e51064f89864c9d600797a1f5637fee8f0d532,14887955
passed,push,8ea9b3a8947a551be1897c9ed1bd7508f6015e1e,14862272
passed,push,68a3f411f658a55d5c43cc5943c187d1ed18ce7a,14861932
passed,push,761093e188273ba14180f42dda411d37e7806aec,14861287
passed,push,97685a1f0a44ba191aa3b01cab1365285667324e,14860497
passed,push,bf5c8058d8487ff2d2f2622a3fc1c400692a42c9,14850740
passed,push,793d4cee296d92f8310e6f68e1f9a6a69a20e280,14850657
passed,push,1a6d4e037f64fe8a3558664a893c831d65b3975e,14850642
passed,push,b21ece2811c51855282f10fc433ba79dfb3ace13,14850607
passed,push,6d086a0d413d7a332407d08ce66ab038ef7e58ee,14850569
passed,push,87c322ff1d775985a8ca568e028ed6b995625cd7,14824277
passed,push,87c322ff1d775985a8ca568e028ed6b995625cd7,14824198
passed,push,87c322ff1d775985a8ca568e028ed6b995625cd7,14824060
passed,push,87c322ff1d775985a8ca568e028ed6b995625cd7,14824058
passed,push,a68adba138e127033ff743f736c26b5e3b117aaa,14822948
passed,push,8a8a5838113d5dfbc9b0897d95842409ce217b2a,14822650
passed,push,2a2c83982572e45654d75580709fe8cbca9d22c3,14808378
passed,push,5fd12fc242315218eebb4b04567ebe7d2f23852c,14808322
passed,push,ab040383cdd6ceca5172c4cba0de121bd85b8130,14798021
passed,push,4a0fd4a8b60273be40639460bdaabefe30a78bd0,14780287
passed,push,71e5948dc9d14f21d06f47b1e2514f961ce0b70d,14748650
passed,push,b4c0450c598e8ed28f693ca01fbe01f5f4e5cb2a,14748427
passed,push,fdb90671ba6263007fc43d01b087544cb06bf781,14748350
passed,push,1865956b28b0fcbf7b96b66dae429c450f5e2457,14748256
passed,push,e6da0b4fff5759806c3537231ac216dcd746ec2e,14748072
passed,push,46141b922a9347f235d9efc25b87725da875dcb3,14747205
passed,push,fcfc52992bfd20e3f1dc7e15b334afba55c98e09,14718694
passed,push,60ad23bf8e51b27cdbc9cf8361f2e08f6ede813f,14695143
passed,push,debb7bef4438338631e28ded8b095adcefeda212,14695126
passed,push,5653ee103807ef32709f1f2bacc304b7b7ee8cec,14695051
passed,push,dea835a6b04f44c80b1d6365b91165fbf865bbb9,14694989
passed,push,d5048788b816ee048b787885cfdca372e5b21455,14694952
passed,push,08a3a39bce62aec1139c22999ce932d9fd3c94a7,14694911
passed,push,fc38499011ea8376d2ddecaab39dc98a377f63f4,14694845
passed,push,8e7cfca99654fef00974ba7de58d50a4f475376a,14694778
passed,push,a69864eb6ef99a16eba08763de9385a2013cf917,14676895
passed,push,717ab821a6c0bea84a1816c6498c8d3ff252fe33,14675788
passed,push,a5199e1326af480846953ca0b35816cae5c52cc5,14674990
passed,push,c00787e306c2b47e3f3f0156084bda0760422341,14673851
passed,push,d3736b4e277d17d9e86a8ee5d62b049dc158e458,14572875
passed,push,d72c2d114bc23d02222cd3380fa7b1c14311999b,14570449
passed,push,9d1cd27cbe01633a87ed71ae19616303a2aadff2,14568771
passed,push,19189ad63ccb13ea4ec110402539e61d79d48962,14564313
passed,push,f4b79429245770b4f9839714819eb3e5061767f6,14561495
passed,push,2b1d0d12e63fabc94f99124b62513da177b5b4b1,14561387
passed,push,30c29f084a56169ce5b90de4126e8789e21e844f,14516127
passed,push,64cf675de15b00b2bf442f7626b5c8485bbba235,14514084
passed,push,ef022ce83168c10da682be31db6f3b16ab570214,14513458
passed,push,c8db66517f960e2e112cf12583c4e612f1346b77,14496357
passed,push,6dd67569368695d574c24920ee3753d646c9dca7,14492997
passed,push,872186f254a868c376e4a4c6c3e99471dcf8b115,14492942
passed,push,51df327db0ce7eca881ab3ad7909207001ee73a6,14491971
passed,push,c81b33525de4b7ca6582a825429bc6058741a9c7,14488876
passed,push,30530ad291320f0aa631f59c1d332b2139afeca0,14488469
passed,push,b35ddb970093e8f1bc7f942b7f6b663068a9b3cb,14488238
passed,push,cf224e448ce74df11fd593ba223655d034a3365d,14484345
passed,push,c0703321481b18f9f445bc76ac1e29189bceb5e5,14459651
passed,push,a84fd3aeea0755d792cc7fa55cb9c352003b4332,14459342
passed,push,a3ed6139ef0dabde7ead21cfbe90b7ed97163e79,14459061
passed,push,0bee3b6358d6d20dd9a284342fbe774659f3798c,14447507
passed,push,18a254a28ad068ad2ef454c2409a4ed7ec3cd89a,14447396
passed,push,ea63288b69b4cb41007fa8d1140ec52470e7d84b,14447257
passed,push,a755a5155b50f8f881c5f3c48389faa73784d585,14447029
passed,push,1cd26d94035f938888a0200d3d66393eb30574fa,14445918
passed,push,5b4c65815629e92d0eadc09aeb8241dfddafb805,14432657
passed,push,e0b0e5e1b8b1d6a17d98657b5f0cb93f3076378c,14432401
passed,push,17f8b601072fec0c0c5f73126a572797438b94d2,14432255
passed,push,199a9facfe3ca4e64e7bf6ea50a1d48d3eb50ddc,14432046
passed,push,17f8b601072fec0c0c5f73126a572797438b94d2,14431338
errored,push,8b4df433fa46dbb31f423b816d9a0ed3c40ca635,14430264
passed,push,bbaa84d83c77c1387091e7ac50ae7b35f785b496,14430055
passed,push,5252941d4ab1c34fb1df777457c61d94e4250d7f,14430031
passed,push,3b36fb7ef09b41f70cd52bdca6ed7538d11ce8d8,14429205
passed,push,7758655c97b418a18233449b861fe231c374fcb4,14427636
passed,push,67d1d7cb84384d74fad97a275eef35f01c32e81b,14427459
passed,push,70a462b106f20eeea52ec3987cf8666079200e05,14413904
passed,push,96538c3a68ab3ec70a2463e5b188fd62d21952fe,14412822
passed,push,eed0f4b8015469772f09d76e8701d5da1fd3e95a,14385638
passed,push,5ed10c057841a8e025dd972dcffd80622aaac92c,14384847
passed,push,4a008092332880796ce38fa99e0374814e744ccf,14376655
errored,push,999aef8ef81ab36c7c0474b0c7487d4b79fe7235,14376622
passed,push,62b9ec01c7236ba4cf7715b0017a1b8ab57c70d1,14376008
passed,push,df5706dd49607a8be0230b4ce8c78cca4a9a69b7,14366084
passed,push,c177b62a223c980d48c38a99622043a9269a13e9,14358155
passed,push,b78d25ed2808a740698ad492cb8c46081b3df2d1,14358134
passed,push,c12577b6d880f266971a72deb8bb28c516adcbc0,14358117
passed,push,2392138c54d9d1aac4c033ffdeae827ec3d4f0a2,14354272
passed,push,9a55724bdea7d0b9d09ad863bc2930ca001f1d20,14341837
passed,push,006da2042a95a0a1cd20fbbc27cd3f07ca804f93,14341462
passed,push,83b306b36ac1be9c18cc6d945faf8ac9298416d2,14332507
passed,push,55480e9334229ca32b14d45b390fff9708226c44,14331892
passed,push,bb96f9e152ff810171f7cfbd6c19b8361fbffdec,14331708
passed,push,bd5335e5675fba68ee791c1045fdded33a317da4,14328708
passed,push,1c75deb3932b16002eea6357b361c55d056db7c3,14312438
errored,push,393c2a16315079a0e7fa7a4d288660bd3662fca6,14312426
errored,push,7cc1165c8dcc862ce9c2db7eede3fe43157415f2,14308842
errored,push,cf13d5bbd0fff095dd3b8b41557d9ff7389419c2,14308689
errored,push,1cf739a3cc30474723c7d5af118f7ae6ddc5c64f,14308679
errored,push,8a2a24332970900cd70aa2c827af169e6bfd0a6f,14308666
errored,push,541fb8132d9d9c5bcb1e98c8c7424703f32a38cc,14308576
errored,push,a96798de3d6b068bc92ed39904239afb403f2520,14308406
errored,push,c5dcdf1d9fd85b9f7f8f6a5b7c3919ad814febee,14308275
errored,push,1d6639f2d70538a18967f4b1690c4a3ac2c453da,14308249
passed,push,bae8babd9d09016049d8264a4ff81d80e44ae383,14308212
passed,push,24ce27fbd339a3da7b9739562f721281b365868b,14308118
passed,push,d84f16846abd64880432c9844efa7fedc6f23c96,14308114
passed,push,30c6c7d0cd0b6b7cbbf225ed11bfcc85346feca6,14307903
passed,push,ba7fb936c02d6e3f2b378d1c49abdca8933a0e66,14307898
passed,push,c08a2235fa5b31d4026211a0006e1d44828e22df,14307873
passed,push,a038503c273f87d846caa8ae1783ffd362386b60,14301353
passed,push,9fef4171dda02866b98c898cef74a9189786f6eb,14296682
passed,push,47d6062ebbbab4bca107f4018c201b7fcb1a165c,14283851
passed,push,3ed86fb726000d1ad15b0b850d2514b1da554b5f,14283496
passed,push,aeda74f3456965ed4d9f3aaf0246b2b9aad0be9b,14283161
passed,push,d26815546111c4ca00ca176c34fde0dc2b24c5f4,14282983
passed,push,e4580c90f9425c634caa5cf448e66e0fa92ae713,14282185
passed,push,1988125e6278be70a77be0b94de3ee52c1c4fbfb,14272608
passed,push,645805acad35709df355cd06e0936802aabf56e0,14166978
passed,push,e9fcc98a9738a0bbfd77574e5e4c8f6ec971ce7c,14160265
passed,push,189d0fc3c528eabdae8424400a71dc1e0930759d,14156542
passed,push,47ad360913b69e49326555048bd66cb406fba6b7,14113364
passed,push,ed3fd6a2e007a556cbc0dbee9a3f23ad3c6ef14c,14100268
passed,push,c1a2732a9f7c3d1aa374e6836706aa972fde7b48,14100165
passed,push,c9a4906aaff051df655e5b0dee0a9fd56ee39ec6,14099781
passed,push,ec2f8ac3c1a11c09079b790042c752eb0893c80b,14099782
passed,push,05a5fb9896846f68e59ea01b181b52e92c588ff6,13996924
passed,push,ae8067bc77b321494b863a3e2ae98c05c1de4c24,13996723
passed,push,816417ee8da54b4dd21d56eb91960e530edd3dbd,13996323
passed,push,5daf585cc3f7115014f936f78e0fbad10c0034c6,13995629
passed,push,7313ce8ef233b3e3843ae4af44280c1b094b074b,13994840
passed,push,4fae6f53744dd3997d8a76d215514001f89bd880,13993803
passed,push,ffc28c59998e478df310e167c38f57fe621fb867,13993582
passed,push,1dd94a8571a8eb1fa83eca1b777812a5c18777cf,13993356
passed,push,053c66eec3a9b9fb1886c5ecabb5b7f3173f596b,13993291
passed,push,9a0d492db1e6acdfe487c5d55b1092619bbfe725,13993082
passed,push,7e0ab5aeaba6c2fa860d967ad570c7e65311d2e9,13966442
passed,push,3e4afa02d0bb576b00fecc2307df40a8cc6b2c31,13966312
passed,push,d5fce507dde0068f22de451c91c268f9f2df72e7,13965807
passed,push,32852765062174f2fe64d8551edc0ef4c6761d51,13965754
passed,push,0a38dd9f3f6704375e55917112bbf71fedab8b52,13965650
passed,push,28e332503bf9ef4396629b8eed3f8f23f3cd02dc,13965245
passed,push,c16718aedb54de37a50b2a6a0572a53bd69bd214,13941884
errored,push,ec8309da911667605888e2046b51b870c43093e3,13941673
errored,push,b712a4eb74cc524f2d14aed408f2e9df83923d80,13939609
passed,push,80056e7c118b6944cbd1c0b125d860c3cc263908,13934734
passed,push,6d785863164ad8a4876d1baa9abb1bbf6f5b9169,13929975
failed,push,bff39cb32aeecfb278abf3286fa083808cbe0ab3,13929769
failed,push,e5d355ceec9e21502edf8b903e80a026858b3d34,13883923
passed,push,af5454464971952618e18be26f14f0085cea8f1f,13878373
passed,push,0e253e0b54de884b9d34cd4178c9a399694c3da8,13877251
passed,push,f0450ddb81453d40c9cc3ac00401a3eb11d68f0a,13877206
passed,push,84ad798d8a7bc2e5bb06823477782fb806334fac,13876958
passed,push,209cee629f7f4c712c4ff90f14a08f7658e3716d,13875093
passed,push,209cee629f7f4c712c4ff90f14a08f7658e3716d,13874497
passed,push,209cee629f7f4c712c4ff90f14a08f7658e3716d,13874479
passed,push,6d11fd4331aaa0714772260e34119ba4482a62b6,13874480
passed,push,5ebaf0dc4084535003a48e9ca82465bbe8adb647,13831198
passed,push,26fb1274bcf6d05e4725152f087348803b48bedf,13830185
passed,push,fb6c239d8e1b4319cae520fe362db269f2ba0a84,13777601
passed,push,29f643476031a25e51b557e83fd480dadf270e29,13750582
passed,push,2996e1055bd1adbf38ef50e96fb0b1203c1a089f,13750514
passed,push,e122e0b8797346185d3cdbd1663560a802c35f5e,13750381
passed,push,ca0d0b12df1faa0e9214efa62a9183d0412901a5,13749890
errored,push,971fe30a2020d8aaf5bc283ac1be8ccad539b60f,13749859
errored,push,d0d5b207da2412605529e9ca8cbf6e816a7b27f2,13748564
passed,push,16f068027cc6d52ca09382cfe3a19f295f86b6d5,13747200
passed,push,6f7efdc35227132b3d3bbee1e6a3ab77424cc966,13743753
failed,push,3c1116acc1492ba0a17e9e407e1b014292064e4f,13742736
passed,push,d6c99ac1884b442d86c12e390c124e31ace933d6,13726605
passed,push,0ed3f660cebaf51a7cdd88b7a46f1b7783419400,13726604
passed,push,01232df735731905073cdaf631d66e1499278333,13658737
errored,push,c2f11beefe2c1695802134b34f8e97deade48f62,13654396
passed,push,beb876ccde3b03096d9bb227d9a049edb0e208a9,13648198
passed,push,336349c91d4aee0f8a6e0634cfb3f79dde359dd5,13648109
passed,push,ee01678a80ac187a93010a316fc3b8aa65531cdf,13604956
passed,push,58f9b6556b6d1fdc0164315ac3ce2346d7765893,13604470
passed,push,ee2908ad0ee54f1086dfdb6594f9e9a4b205e658,13601543
failed,push,9d75986212944711f0ca1735ae10aab14fa2e19c,13601046
passed,push,8ecb5843a0e1a8a7aab0f147ebcccb6b9c1f99fa,13549509
passed,push,93a769f87b505087d874a2b8be4d97c057430f4c,13548820
failed,push,58122770993c3e48082c987e10bbffc0f35700e0,13546738
errored,push,e8aeb8353fd861fd12c7f00692e3209166f3e060,13545044
errored,push,36868849ed812767c248ee72c82147019cb85777,13545032
errored,push,3f94203c0ae40b1692ddc0867da8123fc22790b1,13544948
errored,push,e7a4183e3aa8e4f9c6717b871e8369a1ebb0314b,13544795
errored,push,c7da39eec5e3b8f231e55609ec4d1761349ae047,13496944
errored,push,ac499ff1a8a995af911d46bbdde579425db01cd0,13496796
passed,push,09f0dc132897fa08ce8a3bd33d0528b31b190b70,13434139
passed,push,4fc970e1fa0e595ec993af11a1307b5e1fa547ec,13433676
passed,push,e51d4dc59d39f2ce55ebbe353cf19742f7b39d06,13432451
passed,push,af0432ecdd14ae146632aa8cc5b80a1abdcdf821,13432176
passed,push,069d47b7020d858236df800a666d49f15def6787,13431018
passed,push,47457d37106622a9842ead99f29c5579e67df37b,13341256
passed,push,1184b2cf95d1c7f5c02b7199f7fa9015a01c13fd,13339831
passed,push,c772ac6101d8f868246d2fcae14a8f9e0e9e0238,13292831
passed,push,be1410ab9bd3a1546c86ded47874ed8e89272521,13291314
passed,push,3deda489c4e3158567c9113518c5726af0598581,13290152
passed,push,e7207b8da5c40886802260544e4a9ff7b6702b5f,13287736
passed,push,a690ba2abc4e1905230993fb0a2c6f627ab1fdad,13282358
passed,push,9f59fe280c0bf68191e95ec92bdd2a39e40b5238,13282284
passed,push,617d260fa013e4f7317fc93bcbef99b1fca03036,13281898
passed,push,41b9649ff2647fc00d32a99f7699a151ae787b7f,13279405
passed,push,d03883a98fb43b2964501e5526249b7008893eeb,13250924
passed,push,bca026d53fc8c407cce4446900095b6a14ccb062,13249198
passed,push,58a7df78c9fe2ea2ba7f995a731a690b6cb9b7cf,13238905
passed,push,6b3201dd6489615d6986ee130dfed9873d5a3fde,13238076
passed,push,39566876b3a91dc5733d4d7febc14f5574557377,13235956
errored,push,b6bb0769dde21f94554d1216044f38ff816b3746,13234818
failed,push,bb4fd9fc93b063ad766d51b7bfb7e0e57298fa8c,13233379
failed,push,abba11c2e73922735ffdd742f9e5d6c8efe4f313,13232691
failed,push,f23309a45f7dbc0bd06a5b8acc33e5f49a497183,13229274
failed,push,81ffed01c9cb7a2e39f32d93c4795f1b7f23a24b,13226383
failed,push,19367a531a07ea164cc775e27adfa42e61d336a6,13224172
failed,push,295f993f79bb549f6414a295c708e08e27c19c06,13218720
failed,push,152f473ecf042f38287cf97ac74b7c49dd3dbbfd,13206341
failed,push,7ead79bdc6f140db403cbde36c8c2f12f0a27562,13187881
passed,push,5eaf84458cd3015a71c05e5b6fc41f8aff702d15,13187692
passed,push,58d48f212f3446ca223fed3b3c2a7e17c6096ed5,13187196
passed,push,26855a77915c876a842ecd36189a5867ba157335,13187026
passed,push,535b37dcc1b323157fa0817151116d19448203d6,13186564
passed,push,db45372210c2b99cb8047c2174faf547e6811601,13183087
passed,push,8ad765fadbd18e029bc03ec41989fb3d071e84d8,13180572
passed,push,b2a69bdfd2a9a80a6d786760e58c807386414f29,13176221
passed,push,c887799726041fd155e5a28dc78aa565daa76f9b,13175175
passed,push,d1930f1defb800e2fb916dc44927f8ba9dfdf9fe,13172469
passed,push,7e804da431c47bbf59f1348f23680f92cf52846c,13172030
passed,push,b9eb90bf17d1d03ac31b72cdafa0c38d6159256b,13132350
passed,push,6a86ce7832827bd2ad5cdc19ceba3fb213db6f93,13131749
passed,push,f70f75eeadbc14f6bc70192d2e140b9de4ca706f,13130624
passed,push,cd72e3beff0aff7a969d478c709cf53fdd6fd0e4,13128803
passed,push,05b7c25f4c0dfd455914fcba43b0f891f4c983d1,13127720
passed,push,bd08369c7df677f886c6dca93a2690e6ad45432e,13126407
passed,push,5c90d9bc7c591227b46134ea099d98abaa36caa4,13116302
passed,push,745e455f22046179ae0b3af810c4a7d1636c428c,13116175
passed,push,afb1c13ebe3fcf65aec25584264cb5593469f465,13115781
passed,push,1715c6efaf757cfc8bca147b87287db919c720f7,13115684
passed,push,d35a76780e02df40011d30dcbd40b958b58d0a5f,13115464
passed,push,c7e4eabe728bd2f912e83ae969194cf7a5087626,13095248
passed,push,40642df1a8199014f6550903144a8ea4fc57ea05,13095128
failed,push,e8cf0928217a1f76bab12d754ba6908698960cfd,13082508
passed,push,b4c29b9dd01922e38cf4d1159c0ee9c564c90c4e,13010186
passed,push,0e5797f25b905abeecbba0028508397112f2f818,13009874
passed,push,ab20d5388839acb531e4e109645540e8f0dfa264,13002467
passed,push,92651cbe6445a85cd193413bccc165101861b07f,13002168
passed,push,46b7c12bf50d65489e7fd8c13ffe786c1a3ea304,13001747
passed,push,64ef2bdba775f3f94c68658c87ac44f622fd5731,12999123
passed,push,e1531a53957a36fc8a17e7cfbc023f72489da955,12990959
passed,push,d0e42f63c452e2694fc954758ff68ea8440a3bea,12983294
passed,push,47a6e67fe0fbc4009786745cbca5b2b714303166,12975979
passed,push,cf75529fdf2fbd56ad7fde8cd6c398f1330f7efd,12971947
passed,push,e609fa28b06d93b1253e3948641f4d8bdb1bb61e,12953398
passed,push,59236e83bfa5b9821750b94f1a0b1eafc3f6b883,12953282
passed,push,bb5d708d587a6aecfa2ce33ded4d2613c5daeaef,12898979
passed,push,a2ebea3b6fee8aa974747f00fde13e4f94ba5037,12897227
passed,push,a2ebea3b6fee8aa974747f00fde13e4f94ba5037,12897181
passed,push,a2ebea3b6fee8aa974747f00fde13e4f94ba5037,12897180
passed,push,073e6f92ab32c007a332bfd8e831c8749a9bfbf6,12897127
passed,push,073e6f92ab32c007a332bfd8e831c8749a9bfbf6,12897046
passed,push,073e6f92ab32c007a332bfd8e831c8749a9bfbf6,12896944
passed,push,b2a95840c9c9f57628fd8ce6c586838cc2044e1b,12887851
passed,push,907cb3f0e7ca6e87b6b6c6a56d4f968c8e3622f0,12878972
passed,push,834ebcf0b5c0b8c500e87d7f45d8145418b20a4d,12868742
passed,push,e38ec028e365e96cae5a6dc4802086086742ee20,12850672
passed,push,0991591ed1782372077ee2ef17fec4138da905a1,12849180
passed,push,6c82e9175bb79173f8aa1d22d7afea86d05b665b,12848542
passed,push,02a4074842cc145c082fb920dfd075b6d219f817,12830261
passed,push,5281a14014677cabb30a7231eee407751826594f,12826705
passed,push,2b7e5e1f357ce3683ab92c0f087e7b5f05cb1224,12825619
passed,push,10a4c7f18129f6080ddf786ce9272d8434ba18b8,12824336
passed,push,19ea9b466643e49ac63070158c887fb8162bd969,12824057
passed,push,3284dba60bbf0e54f0a5b92d3a8ff8d32aa4bcbb,12821601
passed,push,9b0a0ecc83760dbb98990ffd59aa01385f67c3e7,12819247
passed,push,1c5e663c8a29a6c7a98960ec423d5faacf164bab,12816228
passed,push,5c8608415a3a619c9a18d6a01ddbc251124ea03d,12815925
passed,push,f2eeeb891632e48bf1ef2013a17ffa15a3efaed7,12800149
passed,push,538ade62bd6efd6258dd95ea73395eba8ba53ba4,12798947
passed,push,08aea9650ff7c61346a3bdbbcd38b393a7d8cb0f,12785070
passed,push,f80933a6879148f7deef53a0daf895619616a0d9,12772960
passed,push,f2d671619e7276fb972ea40f2c40c6601410829b,12769904
passed,push,f88884cc4d22c748d32d93f58ab27671e2b19f46,12764336
passed,push,5c1efc03246523c081d72331206766c16a4e0ac5,12764147
passed,push,48b1352e193231781a6016784c14b305a6e32cfc,12764027
passed,push,9556b2546f36148218f6df01bee9a5f81ee48b75,12763708
passed,push,f61f5fd2c5459a54148005e18c122ac890a3af3f,12763327
passed,push,74fd2b9bdf5fbf238c60abdf5b91d42fdc72b0f2,12755079
passed,push,e9f50fbf14f6b1ba41fb248b100f45d86fbcc144,12754416
passed,push,0f7db6debd03db1c2dc4093189e72691ffcdae3f,12754410
passed,push,7ab7ccea489a68c3bfb7f7084672032d9dbd15b5,12742201
passed,push,062b61d80991745d34ea4c40cef3b9087c7a679a,12725444
passed,push,9d1f8114ea654c26547679262c9c0a53490b14bb,12721810
passed,push,b4df61e97dd0f9da1dd73698c4cacc91bc3caa8b,12721067
passed,push,44fac11d3e590e9e50db216cf740cca7f158c31a,12718655
passed,push,f160a5bb6ca1e760ec9f4cfe53713f36cd72c95e,12708577
passed,push,ef06efcb7a63ed456373ecf46ec636ce348e03fd,12707558
passed,push,8a862a851d3eaaae1925e6ebb99ee92caacf3e07,12671007
passed,push,fb818571ef001c9c05e29fe333f86cf1c9c6dcbd,12641902
errored,push,37460e294e07d50c4b53d0eb09275b801b2037fa,12640804
passed,push,540381e5f5682fc7d6004d2b98441c6913ca06b3,12622733
failed,push,9e130a53c9d05d295a43cba0ce88213fc00da1bd,12619677
passed,push,a7a973f255c24169c3871351d66904e4620956e3,12615586
passed,push,f196fdaefed043a4140187f00697fa89e69608c1,12614651
passed,push,52f9e2105219820f7842638331be1bb7c08efd52,12614569
errored,push,62ed927f0a190e70d7359b3f86112dd4bc7bd94a,12614322
passed,push,ad2d98b6be135f48125039115da5649f35a73014,12607404
passed,push,99f86cdaec996d7e127655453ada05e164e6c16a,12607090
passed,push,1997f89bd35b0ae7997071347767b113ce14040c,12606209
passed,push,b7c22a49a9e9aff88a8cce86e916114f12644007,12606003
passed,push,e094ca63e5da5f96ed0a4896cbb318dd72d09c51,12605732
passed,push,f7949e60f1a285344a241ecad4425562d523d3bc,12590321
errored,push,f134f826fb496f85034fac37d374240143e4cbf3,12590132
passed,push,d4b2414e827217eb64adf80f51a7c460e7948c6a,12588750
passed,push,70d2bff3bcf49fa30c86c6e365037b72927b652b,12586313
passed,push,f0df763d3d6b933e5c3a812457920b228c2744a3,12565352
passed,push,e79f1e732f55a5a9ec6a583b2405de40371c631b,12556013
passed,push,0ceab08db0f564cb8b401d93b8c8e3d67235a8da,12555880
passed,push,bb05fb6794aec080df26bfddb9a461182ad8d51e,12538465
passed,push,d939db91defaeb546cc4292748888151757c36fa,12534750
passed,push,dd5ed552f3f97121ab3e9a9388a472e635303f10,12524709
passed,push,5c981ae43eb36e5d42bbe0afe7fe74b3cb03ce05,12516954
passed,push,4257c052f6a154bc520065e8169563acbe66f3aa,12516827
passed,push,791e9f778bc4de3399c81cc910f56d17e3bfd68a,12511584
passed,push,df315d21aa5152c545f9119638b545b52ec1bb6d,12510228
passed,push,7c36b6208221094f449ecce327c434af1babf4aa,12509941
passed,push,30f74a2889043adc0da8a6de719c18b1ceb52425,12496536
passed,push,30f74a2889043adc0da8a6de719c18b1ceb52425,12496375
passed,push,75a6ab77d79e1b5f57f3e203ba25fc023265a6ac,12496209
passed,push,41b9649ff2647fc00d32a99f7699a151ae787b7f,11563529
passed,push,bd1f178be5acd59f477a141f60e781a9cd20d43a,11550104
passed,push,88f23f7a4a435eceb75a0050ebfd6516768fb1bb,11549041
passed,push,c89db05a70e29613393c275154ad693107b630c8,11478013
passed,push,fd1952b83077c49341a86f9d84143e69b93a61a4,11476351
passed,push,5e8d84290d50bdb26b07b8c287768c87df4d087b,11476299
passed,push,6abe36526436af23c4b5e795d441f9f3a673a677,11469199
passed,push,d0240245ea3ce0563bffd657429850583010701e,11468912
passed,push,1e70495aa0ed12a7428befc319ddafaebbb8fed2,11438751
passed,push,b325620d37644f5535e49814c84286f6b447e926,11435375
passed,push,c324488089f1f6ee86af5bb9c601819777f60edc,11317067
passed,push,ed6c90e6061f956312f0f40afff1360df62112c3,11313566
passed,push,d7d224d58e1a018b5d9513177b6bd697c38a07ad,11313505
passed,push,3d66fdc39fbce4bb92b527691502305a41be8efe,11313489
passed,push,a85605b30c7a2780b6c3d41437288f03094ba2d5,11312875
passed,push,2190739d2134e0874902d3c49587c1d30f170b23,11312255
passed,push,7283c62e32d79dc12cd355dbb3e898690247f955,11255754
passed,push,5a216e89dd89ff7abf502725b84477cede21e6b5,11005350
passed,push,ee5331a8be1c039de658960c43b1ce70f0f04691,11005258
passed,push,0375fd27abc2eeab79bcd2ba26382a25413f00fb,11005132
passed,push,0b69301c884ff15c4130b14209f7024f71cfda44,11004991
passed,push,32ecfd0288adaaef4e9901377e3a704246cfc398,10978841
passed,push,eff41a3ba099e369eb78d3836dabc35c5d29bcd7,10977627
passed,push,3d4d75295457f8539ff648c6d5ac7ad77ba88a80,10976463
passed,push,e27850bfc21add9ed2b091537c67117c6649578a,10948990
passed,push,c142fa33e40a1795e38fbeb0b9238e3692323815,10342547
passed,push,2564b124133e6b23b693d7ff6a7549d08450b337,10318147
errored,push,8604de2989feda9c6104d0ec3471aaaefa0c1b5d,9605523
passed,push,8aec058b731b5cac2f7ec3a1417cf390c5e00fe4,8742392
passed,push,8aec058b731b5cac2f7ec3a1417cf390c5e00fe4,8742387
passed,push,d2444d914983f3c42dca25208952c44f3784e4c2,8550383
passed,push,e689e481bf2dd44540b67cd8c4d54914ad878c17,8495534
errored,push,b27d374d64c4f133d6d6ebc50dc1ba4c16c6bd1d,8485066
errored,push,3b882d80420b1caa103027f728d652fcffd11e36,8481811
errored,push,da05fc8de094eb22f43c827eb104b7e6f38433fb,8481706
passed,push,16ea684f0adce9d096761cd19417972c079eeed8,8477661
passed,push,816f439ff44bf1728983c422fd68973a3b753803,8477191
passed,push,f3bcce48fcaa1e32bd516ce640f712604328cccb,8460057
passed,push,d6177366b8744a44b6e3f359325a9e7db9ae3568,8441131
passed,push,a62c98d11f826ad465f1184fabff64cf89f3f44d,8441113
passed,push,b3b96da54b7b941941fa0e427e486e736c1758c5,8402550
passed,push,808e94b379ce33c00c2699d6f102b19a5189e3fe,8369721
passed,push,f0b01298913619824b42727fa25dcda94ea2ed5e,8325487
passed,push,68bca68c4a73c6135ea4d2070c89931e8f01f56c,8310084
passed,push,f6ed84b1b759f5e643fc8687beb5259510187e60,8308006
passed,push,dcc28f0e59df46382f09dc2ce77b05291dcfd546,8307773
passed,push,6e11bbc56bd8553a34d3f48ee6320dcf0bd195e6,8307571
passed,push,715c565ab2f4ea3cac9c1408b996fab7adb4f647,8303098
passed,push,9d74c73fa384a59b9df241e53c918543cfce39f3,8291924
passed,push,e97c72503d89d21d2b0b01081470c8bc440c0f5f,8291906
passed,push,2305bd690c91b06cd8f048b43a997b90fdaf51ae,8288432
passed,push,8161d78a7aa910e97876d84fde89654184d49b2b,8287904
passed,push,08615270daa6353d54228fc5d17de10a289cf4b8,8286740
passed,push,82a949b26cb8d679a0d8b08c3beff1c42fde94ee,8285711
passed,push,c4df112bc5fa0e42af549c019d1d11a7ce3e5373,8195003
passed,push,030a8c8cd7f26728836212dcb8a9a7acf29e4910,8174934
passed,push,1b6ad65fcb240aa2127ee777129d30409f5d62cc,8174389
passed,push,cea3b85e7d1a453fb5abefb899e3f1642272db64,8115085
passed,push,7d1e6110f90abd9c686531fff4cce62f93d70f16,8065783
passed,push,f0ca110e7570a90981110c3d0a3e9fc2cfe81b54,8049162
passed,push,4685054bcff2bfa14ed3e6b91e5e9a6b4806c8a4,8049003
passed,push,776f38fb2c50562bd6dec5d67f5f8eb33e749987,7913035
passed,push,d9a0519223357468af0da3c7b0e6ac6019ab5722,7795962
passed,push,cb3f0185855a5eadf8fd337054408a06c080183f,7777382
passed,push,4a502a0176ce2691f98d2ecfe721439c6c224205,7763959
passed,push,7b5ab82a56a99e9905844af0f5515ca9d889cc21,7752607
passed,push,2092295390a56839fc51701bc598f257c5e14552,7736252
passed,push,922b4945e48f02bde84f4d5471f651a64901eb3b,7687224
passed,push,510e2a165af7b09b6989e55c9a1635bf40c82f44,7201859
passed,push,11e41960c45636a6bd28459f79e513496d4d6b84,7167334
passed,push,acb31f7e12fed700b6564ea3be574ba64d4d28ae,7164231
passed,push,1a1d3b884ab8fb6c4c2b6f05f5f9755629c613c2,7163983
passed,push,22e643ef8dd87c4e0e0207dd594bd5bbf6d42e92,7107153
passed,push,ef77f9e8c90e923b0fe93447c161f9776677bcd1,7078273
passed,push,271a5f526be6c075d7d829c8dba7355c15846883,7078133
passed,push,e914dec8b12e827678d018335ef031b152e808fa,6691253
passed,push,a33ad99605ffef574a46ac0606c3d454eae33110,6690395
passed,push,eb3493f1e0086c241f7593f650c8d2e2c895ba6c,6680566
passed,push,2652666c49db20ea364ea84f8bee1e3c12be0cbd,6672119
passed,push,c8c22eeebed15cab8eff6fb7b58f6c4aafef7a55,6429867
passed,push,de3ced27803183024e38a0b542ab64a2616ac93e,6417233
passed,push,9de51d0ff795f7fce0e848641427b0d2e5355811,6407169
passed,push,0dcd9afddf5e2de7795c9813e5e6a3a713d9faff,6407047
passed,push,b23d7a4dc58357c5edf73899d7468f2b821b4b73,6406989
passed,push,ac5f32cdfd7cf6aba50d34fc0460f359a0ec630b,6406612
passed,push,688ff62d6a60112e0474ed2c9f9387edd3953162,6392875
passed,push,427e0e9e3611eb15dced00119231703da7fa8b54,6123404
passed,push,0abb39e75a1cae9fc13b199e3d65d4041777757d,6091116
passed,push,af37a658289863550e2a50c98d2bdef3817c4b5a,6000510
passed,push,a89ddc02dcb81f34d3b0b89001fab371dc1e5f98,5999606
passed,push,c9efe65c3bd36e15513e65b689bde86f53e6c656,5998567
passed,push,9de1b032f6fa11b7ff152dc5d8738e97508da334,5995659
passed,push,39bf5ea07e5ab3a8e960118bf433a9a32005a1a3,5995172
passed,push,fd93cdec2f294c2ad50405d601bc5d3e18bd69f9,5995148
passed,push,21d161e9848e8daca06b644f98f9e9b4e9f9114e,5988577
passed,push,099b8ea922323ddfc2651baba0614604035a0cc2,5969722
passed,push,d5d62286c41e0ea1beaf80c627e8b80399f1f5e5,5969394
passed,push,3441b4f016f5324e2d403993be23dbde3b226ba4,5967475
passed,push,5a00c2bc6908b54105a0f4143e8fbd820ed206aa,5967079
passed,push,6cfd350d12b543e8bd4f9ad82f55a77410055f05,5920155
passed,push,31bfd5dc0e6b4b1609e969baf51a8dd5c777f2a8,5885183
passed,push,468251aeb323bd00fae26c5ef7415073a65ca96d,5885123
passed,push,d80017892c8055dc93748051e9e4d233fa07868d,5885088
passed,push,edf7f7509ce44240c4c4c2de31d6de78a3097ada,5884894
passed,push,e671087ee04f456384bf5549aabfdd4c6ec00f1a,5826559
passed,push,e4e653e4224e4355f88e9228fddf5b365889c715,5825060
passed,push,f04dfe0451c6b7ccac814b8714ac6ddd4b8b4d93,5823859
passed,push,849382bc279633af973dff61e9a005d88f4b5f45,5766766
passed,push,dc97ec1cae74342a333a9ad3cbbe9aeb035e277f,5546572
passed,push,c2fc39889dfeef1680f7b62d351a401583354935,5539516
passed,push,7950388d3661c9fa2f7e43d9f80dac035937a50f,5539363
passed,push,2c414c9a2961fa83b7cf15482a34004f15cbbce0,5466570
passed,push,f0987c2aec33796cfb6d7aac6fbf1cf1639b0817,5454032
passed,push,083c93f8067a60d6f1db8510be9d066fc2481f35,5453135
passed,push,1c6f93ad59f4ed7cd7acac6e09e76aab10e0ecc7,5450712
passed,push,a0190fb2f534de1cdc1a2cf1c00eacda1a36b9ba,5396340
passed,push,e3b149169401cccb119f65db0d2876f551389839,5396259
passed,push,72e0bc91335d27635064a63e4f42d63391394f4f,5396174
passed,push,c4cfb63f609f9e62d0ed47fc4b076e1dc039b99d,5396110
passed,push,c8979d958d0dffa93c1348a669b7424fdd086d28,5395933
passed,push,9d887c0cf9c4bd015bdb139187c2134166c47dfe,5322178
passed,push,f7408f61059d1664595d2bef635428e42bccff03,5321375
passed,push,81c9682e356cc4b8e6380e39c654a51bf07d8f96,5285258
passed,push,966f250b22f74cc3ce27710102919f04ad66e3c6,5284227
passed,push,da7618958f000936f498afb77158cee00c9da48b,5284213
passed,push,a23f9b84be986efe65180e820da5df5f1b2a105d,5265611
passed,push,0ba4db5e2a133fa1a933efec80107bd448117ee0,5263286
passed,push,9889930c27ddee21243baab8548676128ea428dc,5262412
passed,push,1e798dcfa99aa3ed3c3c0063780fef56dbede2a0,5257342
passed,push,085f834daa2cc44662ee40d4bc6c9b3bc1018911,5255368
passed,pull,67f10e2b295b318211463de4ea2cd1c68c66edc4,5233164
passed,push,9575ad064d6440827ad84cd29ae6e9c8602b0845,5219877
passed,push,79f8b8205041982595e56d90920316567a885bef,5211191
passed,push,00d4fa3d00af92d73c82d1e27aa9aa1bfe24ba5a,5210607
passed,push,297a54a47162ce4ebe29cd6766f2870cafee5482,5209429
passed,push,863e6648c9022b1724871d624ee3935e6a9cf034,5194985
passed,push,139fb487877e46328d8ec1b6d4c7f48a2b762b1c,5182618
passed,push,dc3d2b80c387310628c28868b82910cd45769fa9,5181964
passed,push,b513a6c801748ebd92b8d92374d5a22da6ce4570,5144319
passed,push,bd9e38f27987e287c0b5c37e340c9f7d37dad6d5,5128761
passed,push,054e523b1e57aaba316771bcea8a5736e9b25d65,5128732
passed,push,bd610ed80cdd1e936208390e10d466a005bf8dfe,5126331
passed,push,6671b7af246a2719b401f0aecef847023c2cb7de,5085547
passed,push,cf838bc95dcfa7aadeacf9aba2f38db7a1bec558,5084484
passed,push,8bc58c197f1f497fef63b06a4d7f969e1b40f85c,5083783
passed,push,97afcb42f04dc09ecb668ddf09ab687bb291e720,5083257
passed,push,65dae89b6e133f2912eafd24e032a4f9235fe563,5080215
passed,push,77bf2396b2c84e40d9ac612e2c6bdd2cecb32d68,5080135
passed,push,5e28e12406e84d557816ffed61050e21b1321c62,5080089
passed,push,2a06c24dd4b9515d8fd5106d0c9c7c66511284ec,5079912
passed,push,e0318c8de8e3b7915a82d32bfcdbf1fe1453cca6,5079835
passed,push,61b6e1ebe1c6bb007ba022a2424a3519f5089f58,5067709
passed,push,fc02d0cf7b8aef2eafe272c132da1d9fa4dd978c,5067671
passed,push,d669b2c62589bccd61fdf478d1e5ddb8c2c99155,5065510
passed,push,9be286faa16a738e4f2317b52cf6edd95ce2bf20,5065371
passed,push,ae510099f7ba61e3bc0965edafb7c28188d65256,5065007
passed,push,69c7f2c43b1698b815d839592b2d894b6434feb2,5054361
passed,push,406246dbb63db7cb22bb2eae4ddef2911d9756a9,5054327
passed,push,2349485a56fc569d85c707473f30cfa026d69693,5054301
passed,push,2f98ccc976a1b219881dcc58037fa3d4f34eb379,5053871
passed,push,c6c82ced7d52a04bc2906e87b85de2fbda51a0d0,5053847
passed,push,41e25ddd7d2e4f79bacdcd8406e22ff0d515f96e,5053631
passed,push,a962f1ef69e402435cb112014fcc552e46683770,5052775
passed,push,c447d98891f01dc746727746f89df7cd5e597356,5052764
passed,push,2a725a568b010b04a36488347596b9f430f2a1b8,5050926
passed,push,5ba43c1e13a0bfd32d88714dda731dadcee1b24d,5009877
passed,push,466123c523be515e5237de69b477615291b0e51a,5009853
passed,push,7b7b075208d661a9128dbbe9aa57dd6c303f3c39,5000566
passed,push,deb0527ce1db09ed91ef5a469f26fefb510ce7e7,4999871
passed,push,450a7d29ed145967684f5ecd9a4438218db43d9e,4967994
passed,push,2c978ef4e66a4ff2229ea3dd56a5deb5478a53d4,4966769
passed,push,2d34b464c3675f03dd9a6aa50c8c2138da6adc67,4966745
failed,push,925630f84e4f1f1b7dc7bf573e039e4703041a09,4942908
passed,push,0e0c1404905f99ca66d9fd0cb71d06961ac0cd7b,4941742
passed,push,8bbb667369ac99662ceb0e17e03d8acd3c7ee806,4941227
passed,push,f4c709655d83f7a0358c4d0783255969c2e47a01,4940992
passed,push,29e3c94f10a8810c77d9938609d39759149e485c,4940953
passed,push,0beae5495c2e510a205a01da3bf2ba8eeb3914f1,4940792
passed,push,0c5a634e305d1630ab6f57258fb32cbb9e5f26b1,4940773
passed,push,7c557ee7a104b5645f98c224721df1aa064ef26e,4940692
passed,push,41ed293914c6be861d4cf91da59682550a0b3990,4940606
passed,push,bef8212162952c3c367aa39d4a5400defde067d4,4889499
passed,push,63b0291ac10c6bba13fc2f47773fc3c321a37b69,4870356
passed,push,63aae975b43c9af90a91c044b77e10bd27afdba8,4870296
passed,push,7a78a2c4bb0f599294608679f4e41b995eba99a2,4864415
passed,push,a270df983599b29d8bc7f88a69a1f44d3503e286,4864388
passed,push,32202c827ccca966ec76e56ec30d0d28fa31fb23,4864377
passed,push,678ab1f9ddb1a588f568482aaff2904344898392,4863917
passed,push,a32af605525cbfff68e2e134f7f80792153a3a95,4863856
passed,push,3b5111eb01da34f2c46743976d68627b12a4f512,4863548
passed,push,2245302294964a8024faef43cabd86f6a2fc9ad5,4863516
passed,push,80bba2232ce86e11a4632019c7d3aa96079a2460,4863511
passed,push,583997917cccb847c2639d4c7d8dfdc3a78ffe99,4863488
passed,push,7038dc23963dd2e16a2bcb86b5a2a509941a3949,4862695
passed,push,8d410819e8372b6b86288d5d4ede7aa5830c009a,4862665
passed,push,604e0874f18c2a900b4f6f4036458763cbfa013c,4862425
passed,push,05e3bef57460e7a3af25243a30cd43b76ee00e1b,4862312
passed,push,35fbcd6bfef929833601cf998b955a3a7ae1302d,4812681
passed,push,18430adec76d6acd6493b910638e189bc330f1fb,4812650
passed,push,f80b25092e2727055842ecafc32452a5fdcc852d,4803677
passed,push,4eca0916528b50dda8946e88ca3909ed42be895e,4675018
passed,push,d23fc812b594cbd5c5134dd72fe33dba123c6fc1,4674916
passed,push,db527ae1206e8b6c51e2643e9154d2044a150bb1,4674152
passed,push,ef86a8dca27182eee2c79c8aaf3e14b73de7c5a5,4674145
errored,push,17ec6fae4b10ceb67bbfa220983db2ab32519cc6,4674101
errored,push,86466118f01d616f3ecaafd312301f95ceda8103,4673999
errored,push,089ed6d0b7d7dc8f5d83e2dc1a7b7b8fb310b6e3,4654066
errored,push,3244c901655c1647395c36dc6f961b91bfabcced,4653059
errored,push,4b3425b35df94f4c8674177964e660cb2dc841f5,4652798
errored,push,5bc61ec37c210b357a1e15855b8dee05d98a7a0c,4631519
errored,push,9e0981e60184af6f23abcf5e8fb90238588bdea5,4631222
errored,push,9fdd04153ac6217f04e15e679271ab491494b5a5,4628996
errored,push,910edadefa594cc54db3ae8876b1ac004b279e1a,4606131
errored,push,4e8696b82fa4b9f540878d8e951917347e710fc0,4606112
errored,push,9508b39d9e079602c131e699647450d426bb5fb9,4605832
errored,push,c3a45bf62d0584a4a2f3f4d7293c2a4ad8bd86b7,4605527
errored,push,5a870bee3d1469f502cfc99d66e04a299bda652a,4604070
errored,push,b19503d572ec166730dd554960a985eabddb6bb2,4603998
errored,push,647f5d7a42935e1ce3a554f7567765fc13316a61,4603250
errored,push,05bda5e0bcff0067dff97e57b7cb2fed032e57d1,4601818
passed,push,77836b27be28d83a11a28f7257f31f3068f43bed,4595687
passed,push,805091a066e08fbceb7bfc4cc8599dce091c9ccd,4572857
passed,push,a258b5070fa57684e9802606091914b99ec89e31,4505358
passed,push,219f5a4d6e51e620fd6c149ce78e64c4f089e777,4505146
passed,push,d04eb76ef5f5b8287882785bf51204c9096d0ed4,4505115
passed,push,9495da01e1c2ef27dd1f460da24219a1138443e9,4418241
passed,push,3229fb2e337faeae503efabfe9f9eea1826a04bb,4354498
passed,push,17f6842b437ec9bc4215b8767bd0822733995d7a,4354440
passed,push,fa9b15f43416b2a94b17e580d4493785a2a7d975,4352500
passed,push,ce1ad450bcd6f355130dd86ba714d7143d5ec3d0,4340482
passed,push,30b307358038e32a099afcf78cb4958026bbc4b8,4340454
passed,push,8f1d70904405c6314e578fa2d9f946b1550b2def,4339287
passed,push,beb192db1821fb1ca70216c7ec1de390fc2a44ab,4339182
passed,push,a7ef62bbcbad2ba69fd9eb4b01d7bf54473e6f24,4314347
passed,push,c88379d1cecb68ca04c777b9fca7e0cf4dc5029d,4181550
failed,push,524979effa18f395d1f8372b92c2c48bab064135,4161175
passed,push,7f81915abfbb7eb3d1777aba3dbb77dbac36f310,4154141
passed,push,3563eb308fd70566a89a96595c3725a0a87b9223,4143685
passed,push,8d93cd609579461da4048d96d4bf55825893cd57,4123743
passed,push,d6d9a8986520c054deb28e7652356cc706c01cdc,4107528
passed,push,77b89a34daea89465fb6040740380cc16423d3d4,4099732
passed,push,34f820e072117be702773d70f363cc300eab03fa,4098921
passed,push,48ed05478dc6b5fd493849e2b545ed0785e44720,4097020
passed,push,bb90b14c6f1c6f44cd6114a9e1d5649eeadc93ff,4096948
passed,push,05259ef8e139b234396547a5dd235bb58c86b231,4089547
passed,push,d5e9451f4fe420b1c75758b6e0ca3081038637be,4087256
passed,push,63a5418ed29d2ffead88f13a739a6e7d018b59c1,4086894
passed,push,71668e212605b6fa1599b60cbd6f8a54ed8f3dfe,4086197
passed,push,19d20c154cfe42c9eae440dafd84786899f963b6,4078496
passed,push,6ae29cbe3d0380259d5231d7efc874ff4f83f074,4078204
passed,push,80570b1b48ffefc1f1b182dd603326f445d00bd0,4066721
passed,push,dcd8f491b4ee3c88a65448d3922f25f8c35bd32b,4066711
passed,push,d244d1a46f05731f1cf4ab31d67f286217d4d7a3,4063035
passed,push,5cd9b822d6602f21c8e2957792f994f8cb2c362f,4062909
passed,push,a79a963d9ce9c2c60fcb8d68a2bd29fe4f318d55,4062376
passed,push,e1d7778d649780aa67968c6c5842f66013da38bb,4061785
passed,push,c3e96f5119cd21a3a547c95a9db403580dadf39c,4055370
passed,push,33f8d4addcb283c62d3b3b74c3c0281999dbf464,4055295
passed,push,ef5173e552e5d11206001498e6979332963495ad,4055124
passed,push,877b4ee01a0f1797be1909c7fdb59118df806d04,4053311
passed,push,0a2440ed454dc2691ab93f56422c5e51169fcc5d,4052388
passed,push,2902de4a304625bf4aeb5f05e9f769d8d2028655,4048671
passed,push,1e7cab37a9c21cc7d886d571e6aa3fe0029a4e3b,4048597
passed,push,4c4652c70db0d258c4a300f604fee1dfd106c22f,4047073
passed,push,6f9587aa296206de7eddf5ce9287ec949a892547,4043530
passed,push,60719f4440fbff0d93f9e12082b9d9603b9b1e85,4043120
passed,push,ea93381405f776b229bb5e92b187657cd7a25745,4042648
passed,push,f3a16531d6640f70a025f4dc15a9210502477c03,4042441
passed,push,607a5fa8e0fc565aa8511af9b9a4af6a59614e7b,4042338
passed,push,e727b0760b2f91b37d382b39f4716e30a96f0b20,4032971
passed,push,2161d7bf4ed5c39b67bba698db4a680f81133f08,4032193
passed,push,a6366fcc9ad412d1e20b15731c3cbd5e67a7f048,4021344
passed,push,83ae1750da3d34c86d9886b28ea50465f69b3caf,4019924
passed,push,b96bfa02ee510ff70141fa468a1d060ea821b66a,4017780
passed,push,d92558067c70fd8ad30eda94ff578c5c43b7317b,4011835
passed,push,cd75b9e565204849fd32aeda3644fac60cdde65b,4007480
failed,push,0ea8ce33e201198a505c1441e2398b66d4e9a869,4006895
failed,push,8ac65a3308fdfd51f2dcb3f6ba96d7b7542b7ce2,4006818
failed,push,b798440706c27385f7ece4b255bb0e906eb5a070,4004287
failed,push,33ce660427191f4dd434262ab826153332ff7f51,4004267
failed,push,98c896d440320ca07ba4b451a46ab82bba8c0960,4004262
failed,push,ec98bcf31ecfb7cbc930d9ec95daf2ce3de29e37,4004154
passed,push,af2cda0cf53b332ef07072b3d2f93aa762db2761,3996711
passed,push,455236a31e0d282747764d4a7d36abf10ffec9c4,3996657
passed,push,5cf75a9417a2899fccfe27283b023081429c98b1,3991466
passed,push,8e97637dfbd0c86d1aa0d068fc9499b6b19cb6de,3990463
failed,push,11874fb092c190512770522a41b6d9e7bd78f100,3990392
passed,push,884dceb1dcad3a11c9c8c879e0115791e7138973,3989230
passed,push,bdcc81ef3cd79d8ea8465af9f7000e4215cfd2b1,3988984
failed,push,f8d2889cbab2c0fa077b0b2150e8036fbd5dcc10,3988831
failed,push,33edbe6e001df7b9d70e73aba3e97873568777a7,3977710
failed,push,b8c6c93df367d9845ec71ea6297bdd4fe29ee1ee,3972991
failed,push,44784617896d07274e7b85376462f35bdc2579c3,3969455
passed,push,6c3a3892f2aa30ad7efd11dbba3b14ea2ee1fc93,3968938
passed,push,bfd6805e07aeda1f6b3042cd73aedbb6cc67953a,3968803
passed,push,940c064305634232375ad40f9b63597086e81ff8,3968620
failed,push,7ad8d05b6f5cb4452ab16006302e9c9c734986e6,3968452
passed,push,87562092d816f5823be86ea626bb11e41583a241,3958520
failed,push,fc01f5b3312d88d64ef334e41220073be72ef6b4,3950861
failed,push,8666ed3307901cf8fa4bae331b7df8d8254faea1,3947369
failed,push,767b10816a0ad5be222c840bcefb1de23d353bf3,3941459
failed,push,5caed5f36f2f1ecb3b8917fba6bcbdf38169300e,3941341
failed,push,d3ad18d91bd2873e0978278f2270bba120f43930,3941326
failed,push,7cb9cd06fd3c43156c4165c18debaeffc9156e40,3941182
passed,push,cdb00da59afb7febb33eeed644537e6cfe1d446d,3935293
passed,push,34d3c577c207e8f790abbef88c2e763d3460de7f,3933566
passed,push,dc853e00d06a95e484ae8ef78306dbbf13a57263,3933562
passed,push,e8f28b4b038c6b51413372341dffbed815a48d4d,3933499
passed,push,ceea9dc78724fede3322b0688f0f291e7e8162ea,3932701
passed,push,068c943a92244fc747b149259bc35f9bd780483e,3932556
passed,push,e47f377265f4f6252bb92e1ec858b630b09ae79e,3930435
passed,push,2f07cea22036da7ed2ff0dc294c0eed7d555ff9c,3930405
passed,push,8039d095a630ed0f35d095faa90931b6484be356,3929305
failed,push,a709075953f5fc2a6054a29f6467d6e92596a97c,3924791
passed,push,a042d0ad3c826c45fceb24f59def81e2cf23dcd8,3924746
passed,push,d0ce1f9eff8cbd8c964ae0e4cd6658dae6afe94b,3913722
passed,push,ac2de57a141d15827d25c29ac4e3a9355bdda90f,3913700
passed,push,92ea90c857ece53771c1430ca780035be2f62652,3908730
passed,push,eef55e3168f55ff1487ea5e020baeccbf8663a1f,3908503
passed,push,cb10a8a85c46287f9b0aa292547a604e05302e1b,3908371
passed,push,13b6640fb757ab145eec69ba9e1167202914cfc6,3908140
passed,push,8259f605f5596935221230cffa8e8fdf060b5590,3908020
passed,push,a3e9e49ecd83249073df7c96bc1e6b6ef9e1acd6,3907941
passed,push,313f906c8c891cde7e5c54b80c20b4ab8794a6d1,3906917
passed,push,0637457e798287aa2fa7bd6d85b60e0a01d57ea1,3906257
passed,push,5fb6386832fd17e32c569b3ce87241e1efd7d55b,3906134
passed,push,bbe2af0a5414b4d9273fade4065dfd774a4a465d,3900038
passed,push,f5cba58171a4862d53dadb0603d28caf105d1734,3893868
passed,push,44313735f05d12931965af52da7ec2902cf2e023,3893661
passed,push,cbc59ba0b44afcb1a87a4806baeb76a0e68489d4,3887155
passed,push,3f122968abce6764dcdeed196eea15fdc135072b,3864575
passed,push,032a63a2b625220efd588f62baf529576a78448b,3864557
passed,push,e2fe597bf0635acbd8dfa3be54aa6a20b896cdb7,3855507
passed,push,22d3cb5d26ca5a42a1c33b9e9caaf410ec107aa6,3847643
passed,push,ee560dd19fdcc35334a377adf005c78b3848704c,3847516
passed,push,227fad8c0cb585e966b899b3167ab0eb44faf051,3847084
passed,push,6452cd1d4cfbda4095e141ad46afad072fbd8867,3847063
passed,push,a4d88b4ec7b1ee42460d3163a44b2dd020e49bd1,3829941
passed,push,1eb7808a39e7d8f5286697df4223c76acadc9af1,3816018
passed,push,a5e4c41ae37b84a72996c3d8a0156adc80604b9b,3804465
passed,push,5b069ad07270db6c02fbccc0caad8cd9aa9e0fef,3801321
passed,push,5af94c0fe6620f0adb2a11f1503fea2846a3c44e,3800808
passed,push,5b3cb547e71a4fd13d07b5a8fe1f4dbb017322f0,3800318
passed,push,fe6680f8a80f3b794ee47c3017f88d48b8190c53,3794915
passed,push,d2de13a8dead57a37107493d893a394e0b1992ce,3782268
passed,push,902d4c26d49bc6cea972273103410301b7f2b1f8,3781240
passed,push,a56636c866f1b5d781121816867bdc01b338aba4,3763854
passed,push,c5be098fb85a1f2eb2d516547bc6068763b81495,3758061
failed,push,1c93abe3f7b242ad8a4de733c981d9fcdfd2f41b,3758049
passed,push,b50924486c03a1f4fd0440b4e5195942138f84a4,3755744
passed,push,ed2d72cadc7d588ddb8d21201004890d97011763,3755468
passed,push,52134440f2d1269a3fc79af4b3305dc120cfad64,3745466
passed,push,5c43d7f6b22bd26c298f75bedb021f1a326f3746,3745174
passed,push,cecc7ff5d97047b187b426ab90c43aa0569332de,3741074
passed,push,eb6aa366d9504111ce5ab00b5cfc2c8411a2ed04,3741062
passed,push,6ac7049da689bc1385887f301adaa5981f9f44cb,3740303
passed,push,5ec147f3ed3cfb6b55bc5039cfa6f4152332de71,3740243
failed,push,2af618ad185373e6e3b185215c383567ba074f0f,3723600
passed,push,0f2f5a7def51a2d4b59372005fa9e4dcda62ab55,3718030
passed,push,05b7dc64d564654265ee5244cc4b843910a918c1,3717668
passed,push,48500919786ef561709d691b0c9a4d9610fd25c5,3709189
passed,push,19fc635a5ac9f4e0d31d6efc2a499cf0511aa56f,3708700
passed,push,c81b9cca4aecc39114bfd37d39960c3669b4e45a,3708152
passed,push,dd795adcdef23caffd053cd7c3801daec13aa3ae,3707971
passed,push,d2e2b04123aa8ffd07091e28e2959d716badbf63,3702069
passed,push,2698695d598b0919eaea25823c77f654fea31627,3700636
passed,push,cd8ab03b7edaaeadfe3aa6278870e551072d4bf5,3689089
passed,push,c8881dc7d0e195af48a1222d7affa899ad0b5866,3689087
passed,push,a50ee709f3a1abfd3a5fb1b5b7d235faf1fa2afb,3628336
passed,push,b23da90fa62d3d26410353de80ac21092867681c,3628313
passed,push,ab0dee904a7fa1bd513e101e94e4426fa027e779,3627779
passed,push,0cb362cfe345ac8cd85905e42dc0f4a049fc7621,3619451
passed,push,732ef4f0c968adb3a8c426833fdb2b8ef8fa963b,3619142
passed,push,f2af918cd94d51f655e66049af71d0916e597352,3612038
passed,push,068412f7572785d678f6a34998de96f770e5a406,3606659
passed,push,22685e3852b8f9bfec35439f956d16eaa5dcb70b,3601432
passed,push,0c883d104017fae34ebee142689cfb621db0a1d2,3576695
passed,push,3efd286d89f5d53483199d1ac83611b0ab62d81e,3576693
passed,push,2cc23b4bd4974592f5e458988cf1b7d4a96ff49c,3576591
passed,push,00e1b6c4afce96634e25c6199341d83ec5254b2e,3558639
passed,push,4d7b1d09e4d013a26e82f1a753e9b9db235a72fe,3558461
passed,push,6d3308a4b8dd02d33ddf8ed04f59c81b0015b1a9,3557458
passed,push,1dda21dbb5967f6c469279e488815d38cbcc476d,3547263
passed,push,6f921fb3f6b2c503b9875ff2f9a52afc5af43fb7,3501386
passed,push,6a89038ba1fee20185592ffa79a568193be1037f,3490912
passed,push,3d994906917f8644c27b4a3bea2e2d6ac1be9558,3466320
passed,push,20fb08bc1734c188197119ff6f1de5105131aef3,3466268
passed,push,ff955aabb6af7c83a03482217a7d81357c223472,3449811
passed,push,0414b3edfafd3fcad5be0f05c52a1fd635bb1a5d,3449335
passed,push,91190dbcf6c29091c85771462d9aded4b7f254db,3449146
passed,push,e2d6d00c21c10c9a601e893e399284cf5e269e2e,3443800
passed,push,d8a4b2d2bd16fbaa78d74799b77e7b60087056fd,3432114
passed,push,92f8a161f632a406cbebc041c6266be66473ae72,3432072
failed,push,27fddc4bfd0a2ff77d1880d58a28890c89253ff6,3431767
passed,push,f840d65f00cdc28e6686df4318a4db86ac52a109,3431389
passed,push,e0559bdf7ee3ab976f8c19a6eaa76877f5d064ba,3425496
passed,push,6c120747b515bf6b033454d488cf2fb34ebb68b4,3422264
passed,push,be404bc515c92928e51f4e24680de514d5afd065,3422233
passed,push,fbbc857f6db193e85c7eaad2f82a0afd1365a9e6,3417080
passed,push,5b22591f8e30399d63b6f7afd44ce68767d6adf4,3414414
passed,push,006a5773dd9ae76812e6efb97118f5bbd3e705ec,3388461
passed,push,deb541b55f7dc243e1ec0550f3b878e3599ff147,3387257
passed,push,00986eb9afcfb387e07ea16c21eb6625642f8e84,3387156
passed,push,d44bbae2c0c1b8e722b9587bb2a738287e16bab6,3363579
passed,push,6076a1b3084efa37e05e670ad7030711b3c4e9f8,3363539
passed,push,a1e50c03622017e78679b4a3f7771275f0668f81,3359627
passed,push,f9c454d885b1107dd1328ff1f86f877c704afbbe,3356165
passed,push,4989d60b93641dc209a26f62bc1c30b3d13c7942,3356024
passed,push,d8850f1b69bcb288941385229d5998817cde6568,3354273
passed,push,17ac471a66a5ac4ba369cdd5a5443f9f872b56a9,3331023
passed,push,5b7bb67e1ac5f00abdd63951599f587f316dc1ba,3325196
passed,push,7318e1bc9ed54cd46ff03383ecad1fb707a9d111,3269130
passed,push,f94267ecd1df06443f802a7ffb4e1719f7f01c06,3269124
passed,push,d35a5185726a3ea866a4e81d2dabc7b32b16e45c,3269102
passed,push,42df9f557efab4cc8bbbb7031338b4aec5f5bf89,3269096
passed,push,62fc6e9cbb154bbb39b0d9dc017172f38ef2398f,3269074
passed,push,c924a3b8c99e03fdbb50062f8f7f67c2bb4d2225,3269052
passed,push,7bbd3a85ad75272be77104f06f301646bded9ca5,3256356
passed,push,fc876759681839931131c0f543d8267529071e65,3243348
passed,push,fc876759681839931131c0f543d8267529071e65,3243346
passed,push,73a8257c69dc26aac26537d5dae596149e15ccba,3229041
passed,push,a7ac1ef6ca1cb630faeafcdb225b5373be80b3d5,3226934
passed,push,67b92b1b6e5bb820cc378a6d96d54c4c30a648ad,3225096
passed,push,92508a03b2ec55bb275dc482e8116d1a0faa97e0,3219554
passed,push,4594bbf21acb48682b35a196850932e2c9295540,3219112
passed,push,9fbcedd616c6ef919acc59eb0ee35361315e8912,3218980
passed,push,1a06fb6d23f316e2444ffcadad0392e3b82a4c88,3213560
passed,push,580b4e5cf7b7b5f1902ab65ef913430826bf8c92,3213212
passed,push,e12131218f571e74e53120d1382ddb0f964139d3,3213186
passed,push,1e84738c0c13a310f0f896cadd8f8f12ab7783c3,3212612
passed,push,4171d8497cd8ba5595cb86b8c5e0a56a1144cf2c,3212468
passed,push,b6544ac906229a214dd21809011059cde901b8fb,3168177
failed,push,37357304dd5ede81bd83ac78a4cfd5b1d9e532e5,3163285
passed,push,965b1d8b06fe3c0ff3a181eca1b6c5c9b8529b82,3163204
passed,push,ea56519c951b1b723692503d07ebcbfc302418c5,3162158
passed,push,e6d31920bfe0f57fe95552a25ab8ac6ab83d6658,3161778
passed,push,ed88303ae37dce94841125e6305c17859cfc68c6,3160126
passed,push,608d28c998c19cc07e51a76aa2c2d7fec26d7c79,3159967
passed,push,808ff53b9e4cca48dd057a81a0ad1ff308d94560,3154194
passed,push,82f6a2a4ebef1815b4000ec8bd9f3337474cdde4,3125908
passed,push,62ccba55c194c6b2ab1660a20950fa3f4ade4a21,3125075
passed,push,92db47e76ea258e23ba284d203794f1ae9df692a,3114043
passed,push,fa0a32840f0efb28940f71a517c3df11f1231b11,3102467
passed,push,e6e3450521eedf71358a3a41e3b02c935eef6881,3102415
passed,push,66901bd5fc75b4f9da6253b3252e269625887af0,3094142
passed,push,50d4c7fd97def946b0e35bbbc5c92339541d593f,3094127
passed,push,47d4791c48bc9472cb61481395ac9b5d0553646d,3094106
passed,push,ed3df0896d139e940b74f1f29659c739285be08a,3078593
passed,push,4d4808ce91273b12a51d5b0f820e2b0e63a320a3,3078549
passed,push,5495ad9670ff20a13c6662d71174b441e5ff4160,3078523
passed,push,c0e7fce3a4fc12d0aa681c0b7d50a888ef198071,3072333
passed,push,b6c4171a016452175bea963262384b7c3456aba5,3071904
failed,push,a0d616d0674eeec1b82a1421102682b00d848fb7,3071438
failed,push,32d36e06951f9c73eb53484c63169eb593c1ebdb,3071395
failed,push,18e3d4348cd0e721f01a501fb42c4d9ba3b4a925,3071240
failed,push,868ef97e15560fc7e1f72a76e63cb3064f9a1c28,3064992
failed,push,890b33a506f6afcd98c778f79549f4113887e388,3064703
passed,push,a878e643788957b7a7f59484a11b09e18decd939,3054342
passed,push,d8806492611e1a1cd12ce65212dcfef589f9cf20,3044915
passed,push,5c4d9fc1fa8f909fdcb8918fabe5f5f6bc295fed,3044678
passed,push,d381dcb77943c9a2ebc56f47459bba5505bb37ed,3039915
passed,push,08d95f61db2957ada807c0755c04d6bbb494cc89,3033529
passed,push,c6329141dcebb4112aaaa4d36d99f9b42d98b125,3033512
passed,push,74966d90851e6215f0ad58218356956531fcac37,3031626
passed,push,639f91311c2475c392524280887b62f0b31d10db,3031418
passed,push,a6259961aebf2cce1e4bb0bd41d8da2cd1d90b3a,3029714
passed,push,c3c82572cfc7233403acd12ab49529afacb24495,2960129
passed,push,7b0971b88708d4ce79d6aa8006c22ee77350997d,2953758
passed,push,5fa1b8da0ed6f071b9f0fcb3f3fdb27738e61281,2953742
passed,push,a3da07b8ef0a64642fbd4f440530e5dd3feda1f1,2903196
passed,push,c80b67cb566fad386f0c66540a054420a6caf564,2889654
passed,push,05a8f40904ab5f3fc9e2d4c3f8f32316dd58d671,2866763
passed,push,443656e40358ff27e0b3a6bef7a804d3bc6a0884,2866616
passed,push,c9ddb7248602bb9a49a7c3b01fd30358673e96cd,2865114
passed,push,c275459f350ba7beb887504747612d58be946fba,2864955
passed,push,c16d7ccd0d5a3ef2aa880642000298f38179126f,2864763
passed,push,fa29dcf51b46794e456360dd972bcf22462dd8cb,2864475
failed,push,ef0b59f5224a86db70790e56ee7f339c77e50aeb,2859372
passed,push,c7e722801f23654a2e091ad99f6dac8d35a35dad,2859153
passed,push,e77f922f8e723df53da584bcaa908c327fe498d6,2859120
passed,push,011a13f0f09cd2445edbd124e07947e470de6677,2849952
passed,push,21d05a361bdf4c1011ba3fdb9929ae876dba49f4,2849778
failed,push,647458a54a241dbed0a1e701c24ea6456d864721,2849768
failed,push,d68f969506b841c1500560902a752f32cf7368fb,2849615
failed,push,d88197a0fc17b2b2286e18807d8820a222f0f39e,2844835
failed,push,299ec9eeb1ca761bc9ff275738f57a34c1da6115,2844619
passed,push,66b9a56fca281087aa919b44a5383ab0922f1f37,2844019
passed,push,ad2846bb954b5151700cacd422fc1a7a164d985e,2838787
passed,push,b99199105d1180c99215d9002ade9116d94562c9,2838723
passed,push,1b31cee8b9dbb6abec36fb75b7cab4f3d85e52e1,2837123
passed,push,2b3185e3e1953919c96a14eda8bd5e33bdabe919,2817335
passed,push,48973f99c34b57eea296e1ed96e26dcc4f25a1b2,2790051
passed,push,5466b4ddf80754d334b4cb884a1ad616e35ee2bd,2789966
passed,push,4ef23a635059f70c722f756726135ef673ad8fde,2789059
passed,push,a0c51a3f625aff39265d538c30ca6c9b8e8a40e6,2788955
passed,push,376ae5462bdd28cf77c65346bfb698c05d3daf0d,2755005
failed,push,bee3a3eb415fc73004099503ede40c948e945424,2753493
passed,push,bbcae5e1183b71fc3e48647e40a7d84012af05cd,2752730
passed,push,ad6a3b565499e5a826cd4049e86f804a270f7592,2711347
passed,push,615e63459dde511a32af995a38f4cfea624ccb89,2710889
passed,push,16f47c25ee4ae15a29b533317b99c1267745a783,2691431
passed,push,ae55816adc12cfa7dfc2cb3ac36fe6d7600d6677,2687523
passed,push,3a347eb5f8b3ea9469e3fee2a68ce2437ca25a8b,2687455
passed,push,70ea6a2d0e1963f5106bee747242916abf244d23,2497692
passed,push,0564836ae553f87545d3e692613bf43c8b612069,2496955
passed,push,db365e71e4c494ab47f506b96ef0debee08deeda,2496870
failed,push,9ea76caa8fcb0f72fbf2d05a4e90b4e2bb0b4dc9,2496285
failed,push,70621895bd10d939267325aa4473ea463ed393e6,2496108
failed,push,a49d60382adb22ab46197f15aed6f8629aa42d89,2496079
failed,push,08fbcfc3fdccac32dffb3e1dd74ad0c333ce73e2,2495925
failed,push,84ce59abd9d6195065a641721b24670b96f9639d,2495808
