Status,Type,Commit,ID
passed,push,8049ff2cc1a473980e4e244ceb342f42642985a5,8127114
errored,pull,758cfda8f12de42bd3484563b0947803163c4dba,8042832
errored,push,5959bb67ced7ddd79a88f49cb8affb6fafec8824,6870381
passed,push,f657261ba88541839e19fa5c2c62e6b56faaee42,3421853
passed,push,66f9bea2dd1c12ad40a83fe84bda35bd9b3a4959,3287785
passed,push,2762bd4712ae399b885d0c191ce21fe5350b5400,3227508
passed,push,3c8e530873b6e79b384173c23e01692b4f0440d3,3220014
passed,push,96e9c590574763981ef9cfd89bb529ed2495ebab,3219970
passed,push,c62a88a04fa177cd0fe3705cf2790b238a6355c1,3219961
passed,push,614cf84106f1c3d07ba79990911c63cf7c2fd1df,3219650
