Status,Type,Commit,ID
passed,push,6b70fac2d25a6e886cd0d1641e688989515dc747,269951033
passed,push,475352994015470d6193d34138587e11a37a4814,250110283
passed,push,4428e7c054364c3c50f5f9ca71a339bf53ab69f0,250108849
failed,pull,da2fde23e16c52b033e9e7a117d1129c6f1ae502,235694577
passed,push,4428e7c054364c3c50f5f9ca71a339bf53ab69f0,232769280
passed,push,53027b080d03e6287708e1a933ea02c8eb068a83,230846187
errored,push,737809513dbde335d00fd86a9b869b150aaa0347,230691725
passed,push,1e925bdc8cba75129caf0cab409ff162806b7ac1,217750565
passed,push,a97cdde347db4e2c3dc719ece54030deec9b46f6,217744484
passed,push,3f5df5b8a862d1875ff22eb3af86b43e3d921c0b,215080395
errored,push,133e73943e52ebfc391e8a9099ffd9baa377332d,215077928
passed,push,ae0fb12153e85e561f08081e88026d00fc93a40f,211764269
passed,push,e4ca4f491cc6f2f7aa26b3b14a7219a26cf77e1f,211314798
failed,push,d342f020ff3ba2c7a3547ae00cf676fdea2f02f3,211306107
passed,push,6f40658d2af5ce1fa14bbc9b0f0c799685a40c9a,211304621
passed,push,f91b3c340daa8843e37f47ff9d4c47aae3870b6b,211301085
passed,push,f91b3c340daa8843e37f47ff9d4c47aae3870b6b,211300863
passed,push,99456455a98c00f8bf0e2f7026fadf3ff5375cc1,206970013
passed,push,366a478fee848590c0dbe1e9ace4b2247fde868b,167385646
passed,push,309b39c4e1f159dee7f053d6791b6d74757ca25a,159282031
passed,push,10c35acc40039df5f176bea7dba29c089e33b9c2,157885396
passed,push,3532fc262a553f8339207e59a96a6eec45244e13,157654644
passed,push,50dbe5f148cc4d4a10008e04aeabd6e9a7880050,157652315
errored,push,e986fdd59a947267d7e5f18b6f795cecb29822ae,157647611
errored,push,82ae3a00156245c9717c429e576bb92b251e964e,157644468
errored,push,90bb63cc2c19961af6dc8f120229448c75398ed3,157643417
passed,push,96979d0f3e3861fbcf2113a5102297b8db817c11,139519180
passed,push,96979d0f3e3861fbcf2113a5102297b8db817c11,133439827
errored,push,b9674f8e58e6c3b0f1c0632b214774447ef5b585,133433489
passed,push,3d093a7ece76305db838b9e1b1ad323325931525,125729771
errored,push,4401ba0097be1aea117aea871cf6dd2f44e9ff5e,125727332
passed,push,33c02dcc1959f6d7689179bd10a6a9558675c0dd,115512428
passed,push,2c18290b1a92851e06d2647407b06d2435a3ecbf,115512265
passed,push,2c18290b1a92851e06d2647407b06d2435a3ecbf,88415225
passed,push,52b51f8d9bbbb7adb6d878d447a4d735482badaf,86219533
passed,push,abeab0b83a6e72cda9dc02bb694a98ba2e6958cb,86219078
passed,push,20426816cbb37588f23494584a3642b4098db2c4,86213866
passed,push,e3770772cb26653fbe7bc92860e7e00eaf50f173,86024293
passed,push,dcee063c26fa84e3cb4171eb09eb7ed901e8f3c1,85090875
passed,push,82756d1848768adcb0dc6e5032dbbd4759c3515f,85087305
passed,push,ed48cdc42093b4ae884df1cb0222230fad870c8c,84971407
passed,push,a7a93693577b6b1ea75af7c15110df80315fdc8c,83759965
passed,push,668e3d44d577bdf564b51e487dd0031d625a05ae,83299040
passed,push,5c33c9a2f0f79ad86b20a5c2cf1f16aeb4ee2cbe,83297856
passed,push,5c33c9a2f0f79ad86b20a5c2cf1f16aeb4ee2cbe,82163737
passed,push,58391d1f3cfe88ce80ae70a3bb57151b6aeee2e3,80018655
passed,push,834dfa88fa5823d05121b22f932a909a5ae65190,76505416
passed,push,0920526bbb4a110965ddc49c3d895535a025f0c0,73274038
passed,push,2da435a78e6ab3b73e395f959b66eb14bddb8996,73082065
errored,push,d1b75f8555bcb217167b047cb216c91333be5ea1,22833379
passed,push,8f3f513a27bb978285d49c4ec0617c4b5c2238af,20439075
passed,push,5816837368387cf1825b94bb1c741e0cffb6cbb8,20078232
passed,push,262a492e02464c36df012a26bff9ebbf468bfe1c,19984099
passed,pull,605daab39ac61012ed8933c269e27acc020bc5ac,19975058
passed,pull,68ed9e694c995fdaa4c7982a7d66be22141d9b80,19955439
passed,push,c59f69a03ce38b0ff093361a2753d05f47efaa6e,19798379
passed,push,124b110d23a16e23762068468edc286d444e7a96,19798347
passed,pull,8125578d475b5b424c97650d139b90d254c5ecf1,19792896
passed,push,fe8c055468ef3e61beb7ceef9ec16bbfb7c82cda,19456101
passed,push,256132c457e93bd7ff3191c7fd4ca4169fd5bc6c,19452338
passed,pull,d2997efab40d627ff3716a4b915da96185992550,19200817
passed,push,bee28e34205ac0857317df793fcc2654c734b4a8,19116853
passed,pull,b453eb816a71b00db693594b8f19c4e87566504b,19002396
passed,pull,3eafd832cc58b311c572e72fc4116186ab1c145b,19001038
errored,pull,698f5124732004c9330f995b1342436b0acf83b9,18926615
errored,pull,e7d6529704b137f6007e5f99b6cae0f6df41b484,18874631
passed,push,2b7e01b4c521ac87d8f36ebee29635dccbdfaec7,7297663
passed,push,97c1402d69edfeb20b171d2d509ba525f66ffcf9,6969265
errored,push,4bb0307b34a5ea378ebd09a4ffe0b283d7d47d06,6968414
errored,push,73fdc34c97c62f0170609566e6dbec336c3c3d15,6968220
errored,push,01a2f0b48b26add9e8b43ca9ab5fd2ed157ec0b4,6939635
passed,push,752f337a1f6a39ce421039826ac9d0ede332e447,6914931
passed,push,e49a51aeef070fab82be94c6e21a43e8424add09,6906005
errored,push,e49a51aeef070fab82be94c6e21a43e8424add09,6905120
errored,push,7bc7c5b675c2136c055b04b2660f6ec0bddb55fb,6896092
errored,push,5777a9758fce6ad885ddfd670ca217041194b9b4,6878536
errored,push,6b3d024659a7d60013552a24dab4c581865c70c5,6877806
errored,push,7ad518014d2d568570bebf980261f571d08d5549,6876170
errored,push,03e94a302d7128f67d295c7b72e3a0645a9e5179,6544969
errored,push,818cd87794a41bda50d2b42030955c8725a17930,6481597
passed,push,35fc4bf15e3db48da58f37a486882d1b8971e4c8,6358492
passed,push,630049f12ea15cb2c643f5ae2ba948fd2b9acd34,6167392
errored,push,3c31bbbd105ef6f23ff4968242211376ddff2f93,6152331
errored,push,60e3116fe7663891b3cd9c435502a82019c43fbb,6151781
errored,push,b58fa80a22fbb71aa6de4b3fdb9729ff0761f00f,6134750
errored,push,77577554a74cc811142bde661d8c43ed4984eff0,6134560
errored,push,0fceade9d44b1e207a89bf0a9846fe3972731e96,6133859
errored,push,b0d7416623369725495e311b0a3464541626c315,6133360
errored,push,f65099f07086c39ef75d33725b8a9c0fd1af1376,6130707
errored,push,de873bfd63a1475d2686f62c6a1e5a7a04db690c,6127219
errored,push,00a3fa3276d22adb3684bf55b6a84a20d357dae8,6103457
errored,push,e0c04673d34b30d96d017fbb078728f33a2f807b,6101499
errored,push,1e1fa6bd59edcc1aece89277ff2faf2d7b625011,6001313
errored,push,7937a3cb1ba5f728a7a8885945cb02c62f6d9f73,6000749
errored,push,3005488003d6d9b379144c364540c600b14ccd85,5911550
errored,push,7d81f2b08c3693dc6787515d3eeedb5f3545eff3,5892985
errored,push,de8900f51b965c337529fc2da64d6aa40a77ac8c,5824745
passed,push,ecb229ea20f58779e89975bc002a464d57127ee6,5064904
errored,push,18c68b8d787ea361e5270e3bdbd785f0e61fb2af,5064888
errored,push,dd39ce3957e581d0c6b95bc9d2253057a48db3db,5063865
passed,push,681840663471b732caebe88a20ff721e9e44b137,5026488
passed,push,8a0b3b46469c54be4057a43bdeb6ee1a2d03a9b4,5025975
passed,push,9a36c9f262835cf5ac7c0bc578f805a73c8ae44f,5025615
passed,push,35cf26f90939caa33917bf529a7c74875e92a229,5022199
passed,push,7792781569806c666634304aefeba7f6ea381b24,5022183
passed,push,a9e03be0b34bdfd774742cb6c8610325c8173170,5020793
passed,push,0daf707c3449b2652e14f91e70a2071434ed696c,5020779
errored,push,f8e9d71363c4a215bf24738a5088c5d6422d5960,5020304
errored,push,334f03d46a996881ec91b67dde9ed3d8ca3f6614,5019268
errored,push,97d37b3ce18947d3f56be0899d3d35af9984737a,5016211
errored,push,c5804f2fd33e411c15bbdd4c96f82be19d5d7bd0,4811333
errored,push,0dc627ffa53441cf23cc98c1d864a49567afff52,4763747
errored,push,5c37b19244100c279926d50cbc9860be8fee777e,4564149
errored,push,272ba104aec01a659b93d341158d9565f81293bd,4564111
passed,pull,91172a17e56b99fa37e65b5985949f12dab98132,4539935
errored,pull,19a255d30862a4451f982fa46db53afd5465defd,4409448
failed,pull,f6f92897eb6d6e96b135b6a2e0b880b3809b21f1,3611309
failed,pull,f410f21acda3677a91f1126eace49ecd62e6d65e,3605939
passed,push,f26d2fea751fa9bc3c3eb957e463e62a239de0ee,2845872
passed,push,16085f1bf02a7e603d3ba5b715f6704dcd8abfd1,2775156
passed,push,2a4a41252e66634c5c8726bb9d5d2be1d6a83f4d,2774806
failed,push,2a4a41252e66634c5c8726bb9d5d2be1d6a83f4d,2773520
failed,push,2a4a41252e66634c5c8726bb9d5d2be1d6a83f4d,2773362
passed,push,c208747ca0dc156783eb5de3b95b9975c0c23c64,2725414
failed,push,cb9a396dec7e85ca5c7d46c71f4f0e451cc43e8b,2725223
failed,push,91ad3aa3ca4c9580d1915cfb2ddab18f69b13f90,2725165
failed,push,ac2ea5282d9b9f372335b42a97ec6851ddc42ca4,2601880
failed,push,81cf915c95a893193a4700fd53901966c16f8dde,2549137
failed,push,b391671a4d4c7079aca4692766ea8088fcf95d6b,2549079
failed,push,4248ed9205e977a541d342b10ec58c1e05354fce,2543474
failed,push,da7eae39709874321d00a1e78e5cde51be72d9ee,2543262
failed,push,c14d4ba00a2d2ec9d7341cf3089549e8667f5dde,2540428
passed,push,785e479aef22b0fe9cb1ed753b436ce9c72a41b7,2529764
failed,push,785e479aef22b0fe9cb1ed753b436ce9c72a41b7,2529684
failed,push,e55e814b867aea85f80ea154e3930ce8bcdefa3a,2529624
passed,push,6b2205d0757efc5d2ec12078055b3d107dfc73f2,2529400
failed,push,63e20d23a0529605f9baf98e50ded63408235eb7,2529336
passed,push,2a32841c4bb4594c34c68f201128d49f816d0739,2392680
passed,push,8f9558554c1157a954101ec1d050308c751f5004,2386966
failed,push,bfd14bc1093a181f1000adb495d81e5458426594,2385719
failed,push,70b18461050a8a992e3e36acc79f16dc222c91f2,2358294
passed,push,a76381fa9e0581d0d3ae6148c26da8f48e69f687,2314135
failed,push,f8b4fb841f69e0b8555774a1c920d174b0f4f86a,2313875
passed,push,3e6522165661b2d3b532b44e789298a78005071a,2309149
failed,push,3e6522165661b2d3b532b44e789298a78005071a,2302805
passed,push,060d51bc422b8a5e78e33e1f8fbac9c53eec9acc,2269886
failed,push,060d51bc422b8a5e78e33e1f8fbac9c53eec9acc,2269738
passed,push,c7bbd8c611c6fcbf40a771dfbac8c138d5bf9110,2269609
passed,push,b0cd2bac85093594d1d31b164bb3968d407e12c5,2269551
failed,push,b0cd2bac85093594d1d31b164bb3968d407e12c5,2269368
failed,push,104e3d4f14c70232924bce3cffffc143a81ff51e,2267004
failed,push,97dfc9ec24aa89012780453ff58bfc5511424a7e,2266928
passed,push,fe019cef5513a08e45f9b97e3c9c74be435d7db7,2259664
passed,push,fe019cef5513a08e45f9b97e3c9c74be435d7db7,2259657
failed,push,fe019cef5513a08e45f9b97e3c9c74be435d7db7,2259503
passed,push,5516fd7e96153d20b386e868bbf71a3dbb351dc9,2255811
passed,push,01346af5f02ab361af9a44712e2efd68348efcd8,2255481
passed,push,de440b7c95562ec601abdbee39e4cfd74ab7c11d,2255440
passed,push,2afb27f01667c7b27cd9a145a9245b1347d8a0f4,1802813
failed,push,2afb27f01667c7b27cd9a145a9245b1347d8a0f4,1802185
failed,push,2afb27f01667c7b27cd9a145a9245b1347d8a0f4,1801713
passed,push,5eb3d7376bc77a63cb2d64860343a27e197fbcd7,1801305
passed,push,7e6d15680f3d69c12bf41d0994aee4f19b25b2ef,1797693
failed,push,7e6d15680f3d69c12bf41d0994aee4f19b25b2ef,1797529
passed,push,801aedf723b13f4b1f67294f725f0a93782f7f58,1705949
passed,push,9444249f8c1e5c496da822e85b2af224d0adac74,1581236
passed,push,e8b6cf2104d83510122417089343cce231eb2256,1545056
failed,push,e8b6cf2104d83510122417089343cce231eb2256,1539172
passed,push,b71a7608c8506353952e34f565e5cc77f935037b,1528521
passed,push,5a18533612267b4db163b9c640eeda72fa7da5a0,1515854
passed,push,003fdd4e624d973a553cf779e4f2df01a53a696b,1514587
failed,push,003fdd4e624d973a553cf779e4f2df01a53a696b,1514418
failed,push,3c7cd38119a1a0224182e73731875eacce91154b,1514366
passed,push,c511fe130a720991ed3bc7baf0659c00dc2bda44,1505767
failed,push,83026b8893204f224e3cd6f8ebacfd2091a44469,1471249
passed,push,b139cad7b36cb6c9ed544f1fc0848c4ef8107e92,1453663
failed,push,5982fdf5767df8d48d7a35437dbb558b4fa18691,1453519
failed,push,dfeee9d8225351818c1f21552249e7a6f7586281,1449297
failed,push,a2e89948f3c4b38ee7b5e86a7d1276cc698475b3,1447245
failed,push,6336ea4baf651f6018fa07beb8faae3d679a215a,1447242
failed,push,07df49c73a11639f6ee0bd65afada5fbaf200dbc,1447232
failed,push,a2e89948f3c4b38ee7b5e86a7d1276cc698475b3,1446926
failed,push,db94f6bc4c3b5d8fcf2647d0224192d6462497a6,1446109
passed,push,5811db0cbab9c29ace9bfcfc9c4a65ca40146225,1443966
failed,push,5811db0cbab9c29ace9bfcfc9c4a65ca40146225,1443750
failed,push,6b5b271d71058ee07cc7d3c44a6dc68bc9117d04,1443526
passed,push,8fbb12b216b4d3434d63bef48a31e00326e020c1,1188462
passed,push,8f2afe179c672f6ef7128580bfe94c351e873a03,1052494
passed,push,5bc4b13f616087df50fbb87d1ca3e838d39745fe,1043364
passed,push,1c1f43d402533acac582ed9e1bbc828feb42d992,1043188
passed,push,2e0e522882b50592a83027979c8004acefb27340,1039751
passed,push,c07937608cba7551dce82cb9aae481a1dac42e64,1039728
passed,push,318d30e57f7b9a8ae5d3dd42f61010b81069ac01,1039340
passed,push,a1d021cdea23ab48f458dd922644779b80ccf536,1038341
failed,push,a1d021cdea23ab48f458dd922644779b80ccf536,1038094
failed,push,a7eac401163c59b90260b88da108e849345e8ed7,1038085
passed,push,576a38023e11d1d068c59bba566ef06a00b06bfb,1037521
passed,push,b95bb8cdf8091398128bd27203b82c544db1169d,1034093
passed,push,d7bf57cc840739b7dab09016d514848f8e6245c3,1033778
passed,push,e2d00610966a712903f3a90a26f8a1bcf966c265,1029923
failed,push,36f368e898803e4e3c7af4e264ddc522319fbf46,941922
failed,push,5b3c45e023b493899cb7815148084d5afc33dfbe,941887
passed,push,cb37c4eb65f1f5dd405f4f41f392f1e737f25d6f,891681
passed,push,20af9209708f9f3f2650cbd8d9b2796cb1f452c1,891303
failed,push,89f039ed49e52894b2cca1565afd66c16da4e490,886579
failed,push,89f039ed49e52894b2cca1565afd66c16da4e490,870672
passed,push,9cd2648c9725fab8ec766a0c45cef0c337fd5fd0,863388
passed,push,62369a1861d30bd31915bc626e978e07ee5f2dd4,854577
passed,push,b22fa9c4eba14c1c5e1c0a65340e8c303f7fed5e,840374
passed,push,941f1fa67a0d1257a6cf150d4d415bc010c01aca,832983
passed,push,49411f84a9cc282d90cf07abd7700a88a23b643f,824478
passed,push,3ed73be06405c6eb355185324558b989128a5644,817648
passed,push,cc02689e8de96b56cae164b8ee7dc82c2e4bd0ab,817639
passed,push,1044f154ec649d3acc19e451346e8aee3e358ac3,804306
failed,push,dbbe23e42e3721116cb1dd6754a130b1020985b9,778980
failed,push,13da01e52addf0c7196cb93e57147ad7624b4529,775841
passed,push,b22646646ab61701dd24f52f6dae0537aa8d1227,760769
passed,push,45427a511eaba000a639e476fa1ccba5bf714dda,760506
passed,push,c2a38319085cdf9691c0298387f961d97786321b,760453
passed,push,ace1b2969c2cef7d4015b47aa45a77f2e4e8ee75,744167
passed,push,24755a5e2e5663805daec384024dd69bd1881ee7,740239
passed,push,22141df337334dc0bf95ddbbbe32c2c4ed49bb59,709875
passed,push,e0d2e35e1086b4c069cbd27b7cbc02741661427c,665937
passed,push,6e99cae4e54340d2c4875c0f1a964ce524033b27,661000
passed,push,88d7425f9afb92963c1fcfb3bd7b76cce3cc97f0,660546
passed,push,3371746bd7c293d0863980bec1c810a2eab4b827,658370
failed,push,7665a59bff542f506734477bba6b2f641c9e3f03,658097
passed,push,36084d19244dc7aae01f385be3975048126e5515,651143
passed,push,ab72a197143eaca8b449242feaa8848a5baf7617,506904
passed,push,ab72a197143eaca8b449242feaa8848a5baf7617,506890
passed,push,2f861f2e2bb521d5bb230998b1db0b04df50a962,497804
failed,push,cca90573209ff2a5be2e332fc79538c115023933,494246
passed,push,9a20b4084503cc61d17b4ddd8a906a8bdbef05d5,493018
passed,push,2f861f2e2bb521d5bb230998b1db0b04df50a962,484909
passed,push,2f861f2e2bb521d5bb230998b1db0b04df50a962,484731
failed,push,36bc4a4b722cc5e5856850d90badbde76b149b31,484700
passed,push,e256b7eaa424e7655fe47975c8884fddfa04e87f,483546
passed,push,11ffdfd62f2e06877a999be902f497e9e6c84225,481017
passed,push,b59fe90bceb7b48560632ad8bf390dd279163e30,480822
passed,push,02d9df8e77c0903214768451b21e5a29e3acf0dc,480717
passed,push,8b6bf8e35ca0e32907888b0626905293530861c9,457670
passed,push,e61cfac2169f81cde16fba3f0e1a63e5379cf398,454186
passed,push,d82505607340019b5df24c503f172711218947d0,453075
passed,push,31550787d4c1b10c907a3ec1ea97f419a4b995f8,452274
passed,push,20a5d04e0d38bb9ad9ca6df7d93c4def93e3e160,452178
failed,push,9f478d1be5b50d7d1da2b6cad6947f3bae5a3e06,451933
failed,push,f534082edb00a861edad67de4d05804222f2d633,451825
failed,push,039bc1bc864b84cd17f02006f17b4115e93132fd,450892
failed,push,ffbc738b2e0fd5792bb41110c545a85c68ed6b5e,450764
failed,push,5c35a17e5f8d1b8accbc178b804551cb967b12de,449707
failed,push,5c35a17e5f8d1b8accbc178b804551cb967b12de,449704
failed,push,5c35a17e5f8d1b8accbc178b804551cb967b12de,449669
failed,push,b6f7e0f10898fe56db9f5b6d5030762632304396,449665
failed,push,4d11f60aa6a531dcf23337a91a1437551632d52a,449638
passed,push,9411db069ada776cc170de52f834ad0c6326cb5e,448969
failed,push,9411db069ada776cc170de52f834ad0c6326cb5e,448579
failed,push,3c369d6e522ba51d0da1a052e1f36788f19c77d6,448547
passed,push,df44903b56d66f65154ea38155cbc00ef33e9735,447787
passed,push,e41d286fa4adff720cd9da859dc7bf7d8f58cb81,447599
passed,push,4171db71f45b8ec34cf772860dd3078186bb10da,447542
failed,push,4171db71f45b8ec34cf772860dd3078186bb10da,447413
errored,push,c5804f2fd33e411c15bbdd4c96f82be19d5d7bd0,263212595
errored,push,4103208565cb382aec2b6c1574c4913437e01a5e,263211969
errored,push,fb1c96777d537ad9b2a27ad0bc7f8b13346c9cc3,263211226
errored,push,4c147a71a619743a3c8d0f0cf3c907e2831c3471,263210530
errored,push,eec976f1554a1c7c5cf11c22d37d7512c075a69e,263209698
errored,push,5c002060d22a16d9f33a4be86bbddbda30653d59,263209093
