Status,Type,Commit,ID
passed,pull,5f5866923afe836cee08f63a5b5cf67526edb566,259661155
passed,pull,c014ceb6b5a86ac8f2cf7483520d170f0ccc707f,258456192
passed,pull,b2d5065c4d3424dce8918daaafce9aa69e26eb8a,258455679
passed,pull,7e77bcb57deb80813fee71066d33c48ed2a22e3b,258089187
passed,pull,7a87fee7b78761a66362db6b4e68987b7bb672b7,258084127
passed,pull,c85f027a34f6495742400f1a05a38267bdcbaaff,258077778
passed,pull,74ba75ee0722845a54f31aeae8080393bbb21520,258026322
passed,pull,a0371844d69cee1ef4d59ba4b50717e9c4f1044b,258026275
passed,pull,31317fd5a010101d00b4598ca615359c529f9e6c,258026067
passed,push,98a0aaf08c0ac10e27ba1dc7a464fd8b130b9cca,257840149
passed,pull,b8c7415f09c4350cea8abf8b1a10856613479466,257686093
failed,pull,119b752b6d9a81936d3e25fee0a7212b0d394f48,257681233
failed,pull,f3d552478d5eb4a605fb375a73ce2b7682ef19cc,257660694
failed,pull,e1d23441fe128348030bad3bb36a4304b67373df,250729218
failed,pull,60048101759beef61a8f174b4793c2c98f62648d,250703356
failed,pull,fb4838a22e546657e11e8d1fdece12a853ae472a,250674164
failed,pull,547a37d10462b91603250e68ee2679cd0476ebcf,246114934
failed,pull,2dc6064a7131e49734c8c8753277c8701c2c8b0a,246114646
failed,pull,6a699ff0aa040bfc984e62b26bd50eab4425e64c,245734742
passed,push,c419f29daca283d93bfc30b2c9d2de92d3766611,178527726
passed,pull,5222518cce047d558f27ff9d084682b5cbecc0da,159710342
passed,push,8b22c76ba11879760d494a364b97b82cb844de80,155019815
passed,push,b6bc2423071bb77a0b13c697ce819ecf2a82cb51,154984986
passed,pull,afd93446c3ce74f3728d521ea8c1170307fe631a,154983367
passed,push,b6bc2423071bb77a0b13c697ce819ecf2a82cb51,153752340
passed,pull,47e429f91d9557e8d024fc9fddb4d202e73d7bd8,153542614
passed,pull,17a96cc4168211eda8e7611f077b33857594b490,153541108
passed,pull,7c6714d8e0d1576a717cc8b6e4a9c43a896730cc,153511389
passed,push,743446570390a52475237a7080de2efd58b34ef7,153281828
passed,pull,b7d900303f931cdc39030e8176fbd6b10370ed82,153272851
failed,pull,a7999fd3196f5e5f7893653e266ec83a652baeed,108576314
failed,pull,15503822d3f920772c2fbad9c31e2729796c0a75,107860814
failed,pull,3b22b378b221b1120462ba7ef5f81611f5650409,107788963
failed,pull,53b1c5b53a29cfe9532933b95cf7ad797a6c39aa,107783320
failed,push,cd20d5c66622fdcabfaf99f28224fc1f2700ec09,103195807
failed,push,f3a6466d7570903f71145df9a2d97e4a703857b0,103193491
failed,push,6b0368eedb27ce33d95353a1a9d0f8ff65851369,103192953
failed,push,2882454e6977ae9b78d6586626740945da6ad405,103192609
failed,push,c50740b6278b297d4f8b08fde00e2b6a1d56b6dc,103191873
errored,pull,84e7152e29c6987a2069becb0ae801f9e00cd293,93628736
errored,pull,84e7152e29c6987a2069becb0ae801f9e00cd293,93530301
passed,pull,99d1ae487b455209c88b4583406e7b383e19b6c4,93522667
passed,pull,6c5abf057917ad2fe0cc4fca578e268c63ea1b49,93522298
passed,pull,cf380b64280ef97a243a268038e3a9ae84987649,88750374
passed,pull,b810d7f0301b63f925b7e50c239d0f3b3654ce71,86592793
passed,pull,e95141a520da8fb504b1fe890544a1cf7a09cf39,81923985
passed,pull,6dc6d6efedc5f4c2f0dc23ca2425d5c04bf82e4c,67208119
passed,push,476daa1362e735cdbf56976df7447010f8c67960,67206338
passed,push,5697b122f9be9c804a2a48e8e91ea0f304c19023,51154414
passed,pull,ad3c996b49dee93aaaf5473b537f5ccb843106da,51043947
errored,pull,82237dbbe5d682f99f0b5df91ca1106cd9fba345,51043570
errored,pull,014576c286e52024350f5e437783a2dbe26abdcd,51005249
passed,push,c446d50e5e96175f0b33fb7874fe471ed51bbbfc,48738518
passed,pull,01ef71bcbba0007f2e438bfa24ca1fcf6b5f9124,48397132
errored,pull,6553c1f58d0e6d45c9be09a5d49e2abb3a9faacd,48394475
errored,pull,d633960a5c159c2a46322101763327b5c83f3be6,48339806
passed,push,738b78e36a6a9ed9180285e698f6650312d6ecc9,44314783
errored,push,08ac94b15abe933f58d2a1d7fbd911a1a94f019b,44314737
passed,push,03f1c5f84193e259e4611b557339b05f53f6cfdb,44314656
passed,push,5d9f0dde1c85c237ebb9da316147ec598d92c8d6,44314220
errored,push,7ee66ab2575d8e3a67ab366a82a4bc5716fcc65b,44313715
errored,push,7ee66ab2575d8e3a67ab366a82a4bc5716fcc65b,44313157
passed,push,5d136600df16230908483252b220d721143cd395,44312649
passed,push,ea291f0994fb748ffa548d35143cc84db4589efc,44312315
passed,push,c661426932f6e4e2d40ae79e0d4cdf4d1da041c9,44312245
passed,push,b43c5961d1a3d6760df082ad50568b11237f09f5,44312163
passed,push,1cd1c6009e9eff7e8c687141925a1cdd75e3ec6f,43394066
passed,pull,7290083f738544e9871112d5c3a80259b0df91b7,43392895
passed,push,f32fbaf8ec6f4ee4e1ebb24a74b2175d7aca3d2e,43368520
passed,pull,7c8ef8c224acb162702c1b88d23f7a8699e80795,43363799
failed,pull,f277a38c19be650ec36e6a42b0b4cfbcd51db419,41301318
passed,push,5e0f0bac2be989af4eb46a479abe10dfacdba9c8,31825661
passed,pull,dcbce436eaf815c6c63a3d8544b8c432dd9d37c4,31323430
failed,pull,dc2a429e9a896e2c36d871e19c39b37396ca1554,31225454
failed,pull,6f6da4083d76e65bd02a2bdfb01fc8e9c16b912f,31225029
failed,pull,c58462217b7c2a1d0494bbde9cc8b4f3d92d8759,30723795
passed,push,67b38b41a17510758ea9f00b7d6fad189916b2ed,29188891
passed,pull,6bf4b83a3f445720cd39253cac804431f258581b,28941458
errored,push,3fcd99d8c126d916e431911ffb00ca81c021ded2,26675033
errored,pull,36857178ecc7a8d0d28491926606897c37bfa9f9,26675004
passed,push,de5f513a1f7127165380d00f1daa5c3052c5f3fe,26393540
failed,push,174cfd58981569710e809caa3318649a7dcd12fe,26209249
passed,push,467fddedb33f4eda5147caa4234bc32e1814adba,26035273
errored,push,a41d127457465d48d5c354472bd2f98d333c024e,26034357
passed,push,95ec8afea9b89233baf892e10918eac83665b9eb,26034023
passed,push,e88f9d6b224695e73324eaf8844df1dcc3de1879,26029397
passed,push,072e88a72cad7d37b59c1242dd028fd9187e878f,26014428
passed,push,676701a122b73a51da95bf40e8d803be85a66733,25982372
passed,push,0af9ae47e793ee98c18fc93b04e04328d5fe5d0e,25982120
passed,push,1f8d7c98ebe63167d31f3ff8eae5adf6d1578542,25940258
passed,push,3f58ad78f3345818331c966cd9afd442358421e1,25673870
failed,pull,e6e3c8bda4f58f62e4cbd91cdd428abbe03ef087,24967771
failed,push,b736bddd1592d82060dea296a861f428c98106a5,24605110
passed,push,660c26d62550101db2362276f038c48a815ccb83,24605081
failed,push,f2b21f20447fe738f41b9270d76f9de0f420590a,24604170
passed,push,0116a5514752503d9cca81ff1a74da910b980c6f,24601113
failed,push,007ab01a6ddc66ffd8f9b94ffe9635d883a06596,24593586
passed,push,6d0b47ebda410e6f849e5162049ccb16ec4ed7ec,24268874
passed,push,efef1a45b0c4c8103697723978cf763af665b2fb,24268626
passed,push,5cc3d159efb54da87199e62f9f413e37ad787967,24268514
passed,push,8caf3987a41d7c5850b681eaa6743c7b5b2ba33d,24268440
passed,push,5fc688c26b1de06a4628f90038731963e3093c4b,24268292
passed,push,2b4053905b60a8efa2ea432326f99e3a26d2d27f,24267523
passed,push,21deaef69ea71816471d4a38c5f0c7febd265abb,24211960
passed,push,d2228d1cb2ad948ea48d245fdcdd37864c719bd2,24173101
passed,pull,7b1170591048e4273e1fe5bb65dfb9fd046f297d,24172199
errored,pull,15efc4212d8e6501393e2d980bd837f70c0762b6,24136706
errored,push,9797f92908a998c67306827356c9a9853d45f4f4,24112028
passed,push,1d31217483ad060f17a7d65cfba4f73e42f68cd2,24111899
passed,push,35ec08e724bacff06d09e8d87ac04b13c9f55afa,24107355
failed,pull,8e095744e161f901e817be3c91fedc16102d648a,24095143
