Status,Type,Commit,ID
passed,push,e82aad14eb42dcba46461f71901fb66e28e7730b,294139468
passed,push,8ad41a7bf4d8828cf33ba56ffc003a817a4bdb11,294132009
passed,pull,33b70647a2b2911b62ce6ffa8f19bd1edfeba3c8,293565159
passed,pull,b8bbb6c0376e6fb9a87826168c1f0ff515438ef7,293008759
passed,pull,a79946f35b6471daf68548736b09b392032c5b72,293008421
passed,pull,c217fbc3b646d32ea5edcfbacdc5b46473bcf6fa,293007501
passed,pull,0fb37f4554f9d706700f90c0ba88296f8b714f08,293006074
passed,pull,5f78a686910e0a5e749c5da031f0f6fd5327f7c9,293005991
passed,push,d94565eab017e894b64b2cd0b9e017de5cdb875b,288451287
passed,pull,6c7f6010c2bb0162248791e2401b93ff37defc55,284733022
passed,pull,ac09b31b39cf0ced0170ad89ef6b179502859a88,282483636
passed,push,e25ffd6cdbfa8b23eb8abd97845bf74d4cc1b7ac,281179233
passed,pull,da7431f92e70bab736dbcb68c6421977cff243fd,281130864
passed,push,55ec959de481f998b6cbbdef606579dd6f15fc47,279428471
passed,pull,07917f4737dc7544aac43869b6cf236efeab3bc6,279425079
passed,push,23adb3b9069f27a977b9c070d16b27643b652e67,278102316
passed,pull,178f20ae5cd19bc2699d36d8bf6e7a890b27fe01,278100181
passed,push,1b8451f0e4902704136364c13a6b71c9520f84db,278081689
passed,push,9fd220618cd7b4d30532b16b4dacc7da73b8a501,278080969
passed,pull,485924d10b150903a4b95c0faf26050c986eb9ed,277638069
passed,pull,0fd97364ce1c8c7575218a968da433696e03446c,276886694
passed,push,7752c4609fe62f88bbdd99f0ceab851b80e926e3,269864363
passed,push,d2a26b773c2c58cdbdaad9287e6a0dd7cf17d047,269864319
passed,pull,3984083fb06d6e6d72c366a1047427e15d583fb5,269165393
passed,push,2c39376912a1910f3fe305fa05e1ea1be59e2cb3,266486311
passed,push,2cdca203c569c3cc8d48e2ef1cfb288f68cb4f74,261813516
passed,push,9664d77d1c7c04aaaf4c6d2d61a052d808966c8c,260121617
failed,push,454f1f9bd89b0cd29de3b43879ddd74445eb4d2b,260121607
passed,push,b69dd3d6e2569d1618c3c13b375725c47153804d,260120883
passed,push,3549f1be0404f7a9c7ff47ed023ff39ce915b51d,260120496
passed,push,8333e7826279287915cac85c861d4c4bcd99bf9b,258137166
passed,push,106c3d2014540bd32eab22615d8f0a7cd944a086,258129421
passed,pull,0a5c45a5075507313994c1860c0bdb1b0f6d04d8,258109054
passed,push,e1277fc9e0dfd21b358dd5e1ed22c791eed007b6,258086895
passed,pull,5ae83783265988efee5a732601dc202f9ade8af3,257262540
passed,pull,3c2b49499d59680953f6beb752d8f24f115842c4,256879579
passed,push,a9d81718d22251632d6c25b16b05125cf1febf22,256107281
passed,push,ffa2b447c0d3900065dfb320ccc5ed4292ed6582,256060925
passed,push,2073c713aeaa72cbdf552f763c0247b42fe39799,256053325
errored,push,585604b8989da51fbd4e38a843371d6d50a070c3,256041747
errored,pull,733fc12ff51c3a7db1113be6a776988d446d7817,256022136
passed,push,23af56647f7a1b8e8d5a6dfe1dce6b3b0e979432,255969912
passed,push,f0e299a42c5a629c9c7a9627feaa095b7491fa32,255589553
passed,push,eb0d44b3f2d6282e5a99e1f7ae876558f22954e3,255586049
passed,push,85e635a0f782ebf69d6e8456798d7b007f56c38d,255199616
passed,push,0a526ad39c16717d73adda6178436232dc6842a2,254988397
passed,pull,e71d088e8770bb7f99e1884f9968834134294359,254955099
passed,push,2f4cc4248ccddef71784b8d41f36bdc98adb7d72,254874377
passed,pull,8aab7bf7323a4d2540ce50c5b1ee6eda0782ee3c,254854055
passed,push,1ab13ee4f409ff70571b0ada9b0424315947fc3f,249913075
failed,push,c556e5293c2555f0df3635226d28ebfe86b95fd2,249913029
passed,push,526d292534b0837ab50f1d2827b11b9aa9a4034d,249912930
passed,push,b341de0250abc1f82135ea5359ccfce376e77210,249912629
passed,push,d46ed0e55b13a7c163a420649c00fefe1cb4134c,249911730
passed,push,f39fb7318faf86ee8791aee3278de3c58a740c8e,248801759
passed,push,3fd64e10bcbaaabecb26c32bd779021f6c4298e7,247811746
passed,push,ab8038bc85f30a269aed7215c97e693d13c290b5,246453846
passed,push,842bb18e702c4b9535036ba503f04f60c973fac3,245948361
passed,pull,16ff986cd007655338f8433e8d17f2a6c590cd62,245765842
passed,push,175b961a2fda4ccf4f4dc8af55cd99cd4306f065,243804411
passed,push,690c259d5d4ea160ec9d77fa613867bbc2032cfb,243791746
passed,pull,61c7976184bf45a51d6b791bf109a1c51292f5bf,243492138
passed,pull,207180a02ace49baa24d0f1768aa0605ca487fa2,243490935
passed,pull,d92ddb53ed546245094485ca5c753f71155d294b,243490460
passed,push,fea0e5eea6ba4c1a43069f62f1c5f9c5864c9491,238843154
passed,pull,66e8145a7c56316e28922c6b7f1f2a6a2231b0e4,238671192
errored,pull,597fed06d908f1f5968b0e7ceda4516160c02ac0,238665853
passed,push,1b3b9fd938cc0df4afba63aeca8daf9f37f06677,237406647
passed,push,b29fde43e71f443bdca5a09a9924fcda66475f18,237201249
passed,push,10e6cd6b914d7648f70076e23297bf4015100823,237176153
passed,pull,85c278b3eccbb42b2fe179dd6fecb2364bc5bf4e,237171963
passed,push,83ffe4a3ee5337d51437aebad86cff4310806c3b,237142255
passed,push,c72660fad945b19f8ae604f48b953bf22261482c,237135136
passed,pull,697dfff31b6dfb6c5eba9cf9235b8f29ca0e8af7,237070408
passed,push,1956569b4c067ef6a87b73a9804823f748db9ed1,236842016
passed,push,081c6adebcd105891b37be39bc9cce38e038ccb2,236637644
passed,pull,ebaa2c2c87df4528fe3657d9ac2c1249b891b2c8,236515772
passed,pull,878ca848547ac792bebb311cfad5f870c09d9be2,236510601
passed,pull,93f2c1e92b6e61ec056e470562db64b919c07fa7,236404634
passed,pull,a64466b75aa5c097c27b662419e5b1af9b30ec31,236037575
passed,pull,71214daec6fb073747b05c1a977daef0bcef346a,235955888
passed,pull,96eaf515ccb2e9879aa23b23822299ccdd771add,235652242
passed,push,cbbf4216779ddc8798512f1db6e3ac313ba9cc5c,235172917
passed,push,1e478c80178c22d8be91bb54a7de396e4536e153,234270414
failed,push,b097979136b0a1cf93b1b295d9a3082593e603be,234270407
passed,push,a57d4ef6e3dfdb92de5b7881449f067291acf005,234270197
passed,push,f42cb636a9b8d942557a046ab4a33b6a9aae7cdf,234267641
passed,push,9150b459ddec74ef1f7656b85e2b9ca8a7e4644a,234257422
passed,push,b686a8e7680f8ada4763464ce287efd434f97248,234155864
passed,push,e4622e3524fb69ae4c5f51a5fc909b71f77b17e4,234153305
passed,push,545b74fbefc2e5335cf07545097c9ed06c17f809,234151715
passed,push,7f532e194e5f5026621e2b552d98bb2886dab63f,234148520
passed,push,f50ec517c6630aff411425537ebcc86fc811a5f5,232346260
passed,push,355975bd54670e08e0e5f5becddbcc504248a747,231907703
passed,push,eacc0a81e12091bba516274768cbb404aa3f88a2,231874250
passed,push,e6388cbf70a39d5c73b417b2da46ed21886bb395,231855754
passed,pull,37b77b95570bf21d39e8617af917b63c9fb97c2d,231603192
passed,pull,5b08bde664bd11eb1cd929f2ffc4d08a94d899c6,231594738
passed,push,d534ecf30db9d5ba862aa28830a79d740039c6d3,231553944
errored,push,ad5dbe3fce847bda44a2a16f39f383777e601504,231552541
passed,push,d40da5d23fd2b1b38278d6b0964bcebaf2694606,231551984
passed,pull,4b3495de4dc67008ceb6a8acfffc0573effc733f,231526356
passed,pull,ced25da4efe8ecb97105852b3b0062f768bac12e,231523826
passed,push,c1c168ffd8b27da5fd29aad2fb1362e8e1077cfd,227726609
passed,pull,bb2a3f2a0161685fa25110cfb733763aa974e382,227714436
passed,pull,581db3a2c87e73b859e944d86fc1d0039de56dd2,227665754
passed,push,21412e623cd33c1a884fde9f7f4f2f2749abed59,227539222
passed,pull,a3cbb5b9a26e79229be309412b9b47dfc448852f,226144089
passed,pull,bfb87602b066e6379efdbcad8978b1f19b1e7dd7,224735035
passed,push,31753de3304d223ded821fb60662f49d8680e1c7,224673100
passed,push,ce287928d2f38a21872b06868bee758e582fc727,222303328
passed,push,e5d77f633a6f51a75e1ed06cdff3370f1c6b26b6,222302432
passed,push,93ce890a0737f092b3ebedbe8465c8e06357390e,222149867
passed,push,9ff90405625d741e52db3c0c2be4ee99b0235dde,222146078
failed,push,8b8743810473530caeb9a822dd5e80ba7f6c18d4,222146053
passed,push,958d858082c93421869f88294525e8f6c6082a8e,222145737
passed,push,7793367f0ed410c198c43568c646bb6f57d759e8,222145268
passed,push,f8d13e7c47082e1d4cef8a18f482b0aea1dff7ad,222144309
passed,push,ac6d5fb3b9aec7805c7b3f0dcaf554b009d6822f,222128495
passed,push,8a5504fe7c38fd9d26a59226a1c2a376ffae62e6,222125402
passed,push,96ab7ffe00a32b9031e389dd70609c6fb2a8e704,222032202
passed,push,590865bcab9a66334a33c2cfc6e3e738829f06f9,222030936
passed,push,997f852a5de8ce21ab2a73486815a41cbafa9812,222017527
passed,push,5522a0fc4a22d7d12816cce529ec3227bfd61813,207772976
passed,push,48ba6cf383d631fb2676e1bc2e51de6edd4a49a1,207771082
passed,pull,cf861373189bcfb9dbbe90453cd485cbdf1df297,207620097
passed,pull,04ab88e1f2a993e77194464c5d4abda6a7c3552d,207613212
passed,pull,470607c08d599126bfb43bd2ff7fadff9b794c19,207337966
passed,push,17fd1eab1b09f25aaa3dbd13f8bde08df3d2d3c6,195661948
passed,push,4bb1aad7c2053b9b0d4dd91a5f758faeee8d1a3a,192013245
passed,pull,41053adf7c398276121883cae0adbd4aff552d4e,191435769
errored,pull,6e8f4adee29431740b17a7e65f0b3298344a1985,191430615
passed,push,9bf5323bca98d7847d385fdbd825aa7a4cc84701,185409479
passed,push,a03a7eb270e06ebb56f36cafc65ff39bbe788e85,181285702
passed,pull,a1116d70d7d3169a9bfff5dc81885775ee9a5a16,181206503
passed,push,ded00108d75b92d8d576416a1e23ff03c5c75ba3,178651170
failed,push,6d277df7410f9e38bd1e31aa931198d599b3bc30,178651105
passed,push,a7a2cd6b9cef60f650d398be08420359c784b9d3,178649711
passed,push,e60190f8682f5d003d34f9695cad65c2c769d224,178647336
passed,push,5c2dc8b2f4002939e8bc1d931e29300fcbd40962,178644146
errored,pull,41bffaf95ec9aed928545fa1c884d15c72bc7e00,177878884
passed,push,fb9c2b7efd74064a2ca65bf54d13649304247ad1,174569914
passed,push,0478fbd9e509daa546a650e5c50c9f12fc759dc9,169972899
passed,pull,2516fcf1656e44405230541e7ca0769b89c545b9,169971620
passed,push,139993a23390452f02c8b31a359c3b5a2ca359ab,167399883
passed,push,680f7e24f0daa9a6e4e026a554d5b5d619a3c1b1,167395119
failed,push,516be231b372c437a4226df89dcca920245e6d2d,167395076
passed,push,e94709c081bc4ce683094f28046c1a136e8531e7,163644326
passed,push,7ae4fae3225f748bd83344d6b3151f7197abbd6b,157047008
errored,push,42baea8befa637c9c5b844547bab5e295a9f9f23,157044608
passed,push,ee510ef0761677b5aabb0b1dffe4061c47a694ca,150956570
passed,push,c890f15b85399bf40ecd483565519e6b87f7c3b2,150912385
passed,push,a98b27cf89abb9cbbd37c3714af0ed765495da69,150027840
passed,push,123df1e3567d4e34d999bd36ae5169aa32d0e139,149768458
passed,push,a83a48163ca648aeb653e979f55d474ba1b65f24,149221676
passed,push,d5736ec00d228860a3a8f0c3025a59867e4d131e,147707098
passed,push,00df76f06d2a686a9c6c7d9289cdfcba23f76c97,147700307
failed,push,4ebc26f2723b3f18b46b9261773941c91e08a03a,147700298
passed,push,25169d6db15c9de93e33e81c7bdbbd730267a753,147699127
passed,push,e826b5567b2c25bf1aeea669d62cc4264f871cb9,147688241
passed,push,507ba9832de6fc8b9cd04dbdd5f73d094954a244,147425028
passed,push,a0cce5bc81da8149eee2e2e4a741bf97f324165e,147414917
passed,push,e1a366e43cf49114324586bddfdeab31a357920a,147407019
passed,push,41adbad61e903c3fea1f2b8c064ed4bed5da27d9,147400198
passed,push,7e909c2e15eff8b653e527d6c666dd6fc6b9483d,147226707
passed,push,85457764019928fb7861e211bd8c875933377c22,147206494
passed,push,e17bd407fa219ed0f568c773547f1962b08b940e,147197126
passed,push,3432b14fd9b8603c2cb1058eb6713e05be130028,147180026
passed,push,7d76bc8b0a2d5ae11683faa4d37999a39ad7d4d4,146849432
passed,push,cf8f2a02312eb83b0e9f3de8b9a01b31aa9e15d8,146343268
passed,push,b32bbf134d7bd0c51be21d455c6ccd9b0ac5827a,146118736
passed,push,5cc8c2763ba2d80c93823f927ff26930372ca004,146106590
passed,push,b1d341b2394cdb7c9276d8f6adfb6f2678af353a,144512918
passed,push,ebdfdccca4443787ce61218a262ee1201f66b416,143001820
passed,push,95027c5a9c26e001f627a6e4259df9f6a96dd04d,137484834
passed,push,2d2085490280bce00ae15f05ae5922772e7b6e07,137368974
passed,push,1b445a43fbeacc18d6b09af02f376998e0d1e8f0,137366069
passed,push,680e3a96b53f3dea7e1bbdba1f326018e8580a1f,137352657
failed,push,13db8a9346ae14c92762c94aa1a4fc4f7d601c7b,137352642
passed,push,9a304fcf5efe7c6ee66095777bdb7d284588eff0,137352040
errored,push,381413b4611dac29a16c446fd0edf5aec0096e65,137351515
passed,push,c3f4d9afc77108bb8ae4627e42eb99d0dbe1c91c,137337775
passed,push,2e6f6cc84732a81f24d03af90a46592adeae7231,137295395
passed,push,b95de2f6d0875eb361b0262a6f78814afe2f6be1,137281649
passed,push,6ca792647259d2e47337c5bcd44109336b84df33,137225677
passed,push,1967ed9e88c1f9c3c80ef3718dd9933791a8a99e,137192895
passed,push,5ea7b9864e825ad59462e99cecf17be631a79778,137180605
passed,push,b2061903a41f02620877ac5078b297aeae3aa96a,137091408
passed,push,6baddf406e1984cb0af5aa2525abacb4a515683f,137091242
passed,push,10f31ee52cc6ae7b265cec48fab5916b5e68f313,137068539
passed,push,0083630781fb3866b98ecd6f4ceb17deb56e74d8,129979956
failed,push,40aec29cfddfbd9f09bafa6c943cd6887495416b,129979942
passed,push,0bd042d940443bafe0e465288cde9cccaeb66b3f,129969854
passed,push,783e7f039c7ebce9ef7efe8e0240ea17888cef1a,129966557
passed,push,9be24e411238fa21817b169479606070701128c9,124763071
errored,push,2f78427ae4ecca23f5333a159ba92e8ca7333373,124759766
errored,push,894b605d17278d2634db20b8059bb3cf25ac3331,124758505
passed,push,ad0bae73f630572c54032ffd11c1c9a1dfaf1fe0,119241325
passed,push,26d1c4350027d9638bbb89b5dbcb95814ef3c4a0,119239469
passed,push,1c63270f3c624912d5f34c007faca99e9e7bfc69,119233106
passed,push,946d44706f64665af2b8962351fffe0d8774ced6,119227838
failed,push,2a146db36dbcaaaeb4c51e5bfe6a973fbc550dcb,119227801
passed,push,d4c5dd92ae061e243dc3ec472a822ccd985e24cd,119220520
passed,push,599eefc720d61bc9a4e325c97dd5a8a6ff9eca3c,119218442
passed,push,e11c14f9bb6d5d20fdb1f76d0e05af338b47d4a3,119213119
passed,push,7c431d3c799abe99979beccf0225f3bdbdd7222f,115853621
passed,push,59999c6f012573e702f63d0fcdeacf34e956107c,115850688
passed,push,acc10b76aedf091f9e9323220cf24ffa3126f341,115846294
passed,push,306ddb0cd54deaa1923a24d7f1f58dc263968399,115840725
passed,push,69097eb0616974f982c2635fa7a6a9cd46f92c60,115833207
passed,pull,f3d34214090d195b1139ba83d725afe2c8a1ba81,115575127
passed,pull,8d40cd0e3eab33bafd644350b0c10c83857cd5fb,114229481
errored,pull,88600e75646c75d6d9783147fa28cb5a866741ea,113865744
errored,pull,2c020247ee069a49a6686dcd42e6ec3281eaa35c,113798031
errored,pull,1604e37401c23a4d0c8cf45c93b7f6477a111a11,113796969
passed,push,a93752bea6ddd231300dcd63844c3f90da92f41b,113422669
passed,push,c77495f346c8ff09dbd907e9ac1423cbee534ed8,113127092
failed,push,45f9f3e690c8ece49f032fd7f7fb15381ed22287,112842566
errored,pull,e5f085777ec164440f729fc879e1098369866b25,112711333
errored,pull,cdf79b1fb3032ee4bffeee3c089a458a72ae6df3,112368554
errored,pull,a1cb78a3b9257680a5c2f03056ec7e17107e4e41,112205727
passed,push,ed35d5c7bcf36052484b5bf0771a5f2684eb992e,112152119
passed,push,cd45f26411d5fda0147f5d72ea982b07311b5c79,112147874
failed,push,681f84d4f26a73ba7f1b93ceffefa45d2001394b,112147829
passed,push,a6a30783af76145cac09b492fa8c62dba30571e6,112117318
passed,push,894b7a86ca61059d468fe015a98a68a1cbaf650e,112104409
passed,push,6c098893b684d8b2d9e731ec751ed1a6bc5b4787,111709367
passed,push,c66630f69e529cccae3ba028140e8437fe6ef1d4,110956668
passed,push,8f46a3f59ef79f3b4b4ea5bfcf6ee0bf970aa049,110949099
passed,push,0f6da6c5935f1cd201d75281d424b5dafe4052b7,106931413
passed,push,faee65fafed84df009c38e0326f6873d511ac838,106929792
failed,push,e16d9a005bae98d9d698f2b7f0db62042eb94052,106929787
passed,push,bad9d65fcb2fb22e9b8bf09b03f4f15065573fa9,106929159
passed,push,04166082cdafa14d316d0518067df6369f2fe43a,105630797
passed,push,c5bee5a3eda424818c61711bc793fb10ffab94aa,105620621
passed,push,08aac7c477af35eabdb50c3f78af19c244368678,105372463
passed,pull,24861d452ae6d7286044c90d08a91b8be2f0b8d3,105324742
passed,push,d507519d2031a41e9f671bc192e4848279c55fdc,105151404
passed,push,68766ba7842a9b68ec5076594a1c0a413dcda8db,105151362
passed,push,40c4a498022076aa6207274db4557ae142778a8a,105131731
failed,push,aae7c07c125064f57fc1b25ab6b0cc38c3957e1d,105131721
passed,push,36a7c62edf47fbf6ba2c318a77a0d7bd0bfca8e8,105130931
passed,push,7f4ad36899a3989e6a907fd7551b1ceff97c19a4,105002007
passed,push,ab51347f3e28d417bfbd759a210dcf72ed767553,104768363
passed,push,d2973bc3d0921de8dc95fcea5f6b32d3007ca114,99946294
passed,push,55eff0daaa30a9d75314bdd026d64beccf2e656a,99898947
passed,push,d49d2321d1eeaa6e999637f06ddac88f728d61b8,99887603
passed,push,7e81c9282fe627908ad8bb6f5b8329fa1b3a8393,99885646
passed,push,0cdeabc4afbab3ccbb47b7d89a7c8f0d222e8b48,99806972
passed,pull,b0eda1e5a33493a3095bce521698a20dbbf51a4a,99511420
passed,push,3cbbe0938b8288cdfb7b0bcf2f96265e3ee16254,99456635
passed,push,cfa01c3b6d0e2f0eef90704afd594c5bfc594a09,99447473
passed,push,31b201d40a808efa8272778c6645826571cf184a,99447036
passed,pull,aba1ebb91ba0e8165c3c8e2ad8bdf29ad64d2ece,99351371
passed,pull,5068343d04f4531572a6c8db4628789526a33567,99350738
passed,push,c8d4bde046ad869449f7dae7bbca1def46ce28eb,96292544
passed,push,e982fb1f0375caede8373bd77896c9410a909e29,94650867
passed,push,3ed8ed9f76e58642ef86edc568e08658e57f80d7,94203815
failed,push,dbf3dbdf558ce2372b7a1f039888244dc4d9d6bc,94203762
passed,push,2cf3428a2eeb0eeb89dd46d8793bf4be555490e6,94203281
passed,push,f4dcde6d4d78342e852c2fb22cc3260441805ef7,93315128
passed,push,16c6bac40ca093565703626a4537f838da3f8e91,92683389
passed,pull,7dfb598185bbcc035ca460e04840bbc8b2319cb3,88722601
passed,push,d416a268e007a226b6dd7a8c7350f7ccbf69b3d3,84053026
failed,push,5f1c48763bd728fa3a6c5181f9bbfdca879834ae,84053018
passed,push,3baa96d6a895d01cc7e32ff590ca0f19b4332e92,84051100
failed,push,ca7d7b3a95b6ecaefc5a4997bdf4885606e698a9,84046618
failed,push,b0287f535c74adce47b789865d6f76cfbb336818,84045797
passed,push,1093d2ccbf656fe2d0a0c9bcea66dbb6878f3fad,84042594
passed,push,534a3e2d8fe8f26090fd24914218df47438f85ed,84042268
passed,push,bff01674ea7700eb15391eb7be7bd8d591112bdd,83860497
passed,push,51616cef57450accd506fd7356683fb6f36a55b1,83608978
passed,push,a2450baeb2c469fc96fa1f2d31be1d93d19835ec,83607955
passed,push,ec99df8b3ee7c599c572b193bb22e02ed35b4c39,83607456
passed,push,f779157d409e5215833fec5a005ff10339fdda45,83606210
passed,push,5588131aa1ac52d702ab03cec187f89c230c3025,83604601
errored,push,8df896a7d33dca8e9d8afc4858dffbede5be37b2,83603996
passed,push,1aa2104c9b9ae3cd94226d0a234cfdff475f17be,83390590
passed,push,8b4ab9f3658f1c3130854f8334666235d5fb2819,83202094
passed,push,e972ad6b494bc0f71a87405365af1c5bc1302d97,83122554
passed,push,c9c78bade0578f882303ad7acec24a0115d5a04e,83103370
passed,push,57e58b4dcb0c02691c077038da34d7d107deb888,83091158
passed,push,77166f4474525ec7273690bea83d56266c6d3b6b,83091096
passed,push,fd0ca5df7c9f8a8f52fdbf647adf5e2022e5ccaf,83079516
passed,push,67a69259adf9745462f727f610721606324a0c83,83078509
passed,push,af9445b485ac17b23aa6ac8fda3a2efb0acbdb84,83026367
passed,push,f8014416ce803419956093149f4ca4769e9c5dab,83023214
passed,push,fb7d6f5cf947454e66b1219d7ce24cd7d36aef28,83021417
passed,push,5dd9753a846ff5cd8de355965c51a86aa58448c3,83018158
passed,push,670c2e1269ed0c4fdc5a2582c00539fc136b335f,83001846
passed,push,060dedf2ed242378484334e8f8181ab3d6297b0c,82545199
failed,push,672a4a9e938cda9d8ad0a5fe1c4a001895f14983,82545191
passed,push,f69d01ea6644878e01fd39aa8862db89e6d1fb68,82516613
passed,push,2e9c5cbd261e9c28811c2d55900eea36adfd564b,81784095
passed,push,00b9cd0370ad904d017f04b44e49d9117e30d6d6,81549424
passed,push,6a8e068fe7affbaf48c88f44d13fcb625db89ed4,81547941
passed,push,90e840fdc3661470ae9da0668b63e9a4ca5e039d,81456534
passed,push,4c4091ce6f56a20f465ea5751e160a617790d7d9,81447378
passed,push,da898f1ba16495c292ac6d29f72a21a2a13185f5,81438916
passed,push,8504276c9b72671e005d4505a5aeed21a8eea319,81414805
passed,push,fe84f98015c44f85ce8a0e70104721938c68c722,81413123
passed,pull,92941a9a43dc6528ffb15bba59bfe99b7d499513,81412730
passed,push,fe32974f642bbe6d37e9a69c443c12794e546aec,81412621
passed,pull,b33a06afe46a4b0405a295206aed02cc38d08bd3,77301704
passed,push,349d341dadda1e3ba5d7ad7525d03ce1d135233a,70555474
passed,pull,4ef26689b53b8e53f7ca9d4d7cb1f42fa68f27fa,68802767
passed,pull,343a1f8cc572bfc33152e2a002e217943e636cf9,60959086
failed,push,8928be629f2244bb7ba29b4bc03af4b5aa017c73,59069162
passed,pull,3b6800b601d4698259abc978a3325a50db92f3a6,59068820
passed,push,abe6df930740e5f3ab14a3e128ddd4ae53a86655,58476117
failed,push,8f06640f9b3d02737314ca159d41969b15fbb9e6,58476112
passed,push,30eb60bf4e93f92149f914d239850aeb9fbcc846,58455995
passed,push,337bd974aaaae8ceeea82f2b1f0ce59315efa818,58453912
passed,push,319c58f2615889f1d53c69bfe694d9cdf9f575f9,58347485
passed,push,26c2a715caba09deceea7fc1c59bd6786a2fdeb7,58189521
passed,push,7111782afd3a2c02cffe7e4f24d86b7b3de9f79b,58163534
passed,push,18cf1ca1c742031ed64fa66b11cfe4f406af4e7a,58162119
passed,push,4ed0bd8e58db2a63c91958b975913a3cb1df4cc6,58160625
passed,push,0d5130a9f3e8b827f155192ad54b92026c0f5b9b,58159765
passed,push,fbc740867627e73607362f4353ad430b4d2393d3,58158947
passed,push,fa034258ae071ad0ffe53d504695cf93ec98a291,58143351
passed,push,bada4423fd43f607b82807829bb7c9e5f836f770,58137711
passed,push,e7a6cd1962a7e7a427b984e22a3eb1c4fbf00aec,58104293
passed,pull,0245ff889f0162d9da84609fb618eb41dbc6158a,57674100
passed,push,476e98e4ca32e180770f55c3df9a0a7127ccd686,55566162
passed,push,0b63d00ad55ef902122b5313c1f02bb8b97f5147,55451674
passed,push,28dfae6623e30c62689b64be1080a3559fbf0b18,55414017
passed,push,ee82986e40f8d6dab4e3830ace935a97eb3acf16,55412655
passed,push,2e07f5810a1aff0bc5976a9cf6206ebd57f468de,55407853
passed,push,13bf0bd84a897188dc42aaeb2ca5b8c2cf0eb5d2,55404099
passed,pull,32152519532bfa9816b0a6c80521cbfded54cbc6,54912250
passed,pull,65b41e2a3390fb88c56268dd1b06209d6ff1be47,54791270
errored,pull,25de597a8bb60c405681fadc3ec84441b9a7f4e5,54786266
passed,push,73d5bf1a47e7205852aa1263c39771c79838e553,54755274
passed,push,a8520266de0047728684754e9de576da7fb05eb3,54698369
passed,push,da44c0536f14476bfd8447f5e540e8c76b8c07aa,54556914
passed,push,f37617da6ae657bef883a4d3f2eef5ae41e4e928,53182026
passed,pull,2e669cd2e57c7532b768401e2a5a13e7dcff5cd7,53181568
passed,push,b05a0f3afbd9d0ce5a39a297b5f763ffb3d67380,53019668
passed,push,12cfdeadd43ec68a67f2ca6162fba2c07075ecf7,53019456
passed,push,507e65eee3438c241f73986a9071a2eb7ac6e815,53016784
passed,pull,2a89f42463bd7a321dd957c521c97316b175194b,52933104
passed,pull,5295e083a2887e065bb46273e0d3a075ea9382ab,52928118
passed,push,b1d80c00e91411e3787bcedfc031a95b78b75c6e,52204069
passed,push,e6e587cef0636519b098d4d9763c04aafbdb90b3,50738693
passed,push,d770d980b122fdb371913f986ed4740f2306a35a,50737390
passed,push,644c9bd1891d20c721663429100a1d22d3d591c3,50736943
failed,push,6ab920a8c91b94a93bf53befbe2e507a5d66551c,50735946
failed,push,d4aeee696a4d93b1fff9a24c8d701729915d39f9,50735930
failed,push,8a6c53f37dad7f836ab9412e532e111ea9ae8e5e,46425693
failed,push,b01e2607aeb85bc6d3cbba2eb6effeaf9ecee67d,46425660
failed,push,7473467264185eedbe1752f54687edd344c2c2a1,46425594
passed,push,c28b6a2a94055b1fc5f0c03c870c28481090c0d5,44738998
passed,push,4d57c5591fc381ff9d074f4a61ffd363ec9b14d7,44738972
passed,push,db04e1c5bfb10110ed1eff54e50dc7c32c172899,44738949
passed,push,dad6a50182ecae1ced53931860b80c2c300ab717,44663793
passed,push,cc76f6a6de9d420912e6d065d6ac4fbdf1a62303,41091346
passed,push,ba53e6c1a8c535d00b16725a7aa9b59953a90363,40806875
passed,pull,84f4345f2d7f202e3c8430cc4d3ddb0db519ba3c,40787659
passed,pull,2a83ce7256ac117fef208f53f166f7f8e7d19ffe,40782332
passed,pull,397a1a53f9f521f142de17d872917dceb86d007e,40780860
passed,pull,fabe893e05a4c13ad535b7ed40ebee1f13cff941,40448577
passed,push,f2eaf437d165a813733556166551876028fa90df,39463881
failed,push,0ef3dca22197d1233a2e3ce0e00cea9afdef41f4,39463876
passed,push,5ee97f6385eab6f7e3386863514c246dfc36fc31,39266730
passed,push,93c4ed8ed3348f35b1097537a36204355b691e99,37609884
failed,push,ad12882af0b938523e736a7e27765013bea6c51c,37609880
passed,push,e4896d7b72979e4c645113af30a87064934b5cd6,37609266
passed,push,b46f4b86c4f241a12c8e1beb81d3cf3ec47b0094,36650011
passed,push,804a61d0fb3de5c0ba00fc4af27ca03fb454d3eb,36645615
passed,push,9d8a2780afb432cf77100e6bd82fbb3eabdfb32c,35244054
passed,push,adfacadd1c560a9b2d7888fec09caefb9d0c414b,34176421
passed,pull,97bfe2dc2eb229aa232a9a7dd9fd6e8738866fcb,34171085
passed,push,7db15415af53021ba5bed72176ac3b5945666074,34120359
passed,pull,6eda7a1dc8202f513ee82dab2869b32329028180,34113041
passed,push,508ab1cef03391ca4c2885992767ffe49b4ab615,33567842
passed,push,1b7e92d8cc95244b60c3740a3ad8d309c5e03773,33302065
passed,push,12cb5eeae72cae851c6007a80145b796ecab9d9e,31263169
passed,push,a5c2f77ede36ed47d5012f5cef55411a55532cb0,30389166
passed,push,ee535066aa4d7aa4949e4f15733b89f8bb935ebb,30363699
passed,pull,662eb9f274914d89f0cfa29946c1d2c1bfd72907,30341764
passed,push,4d0ea7b80d0ea40e90bcaa4bf5ce0595d3178183,29037015
failed,push,1cc7ce1335ce840ec4cf82d6bb760256ec875f21,29037009
passed,push,828d53a614f2bdc5e2f4a17127a270594def7c57,29036973
passed,push,e7d37973cf34308b08625e2fd6dfdae79b4540c0,29036880
passed,push,1ce4cda62de6b92f6ae57a84235bd9c08b3a0302,29036277
failed,push,dfd00ea1a2726e1b219e84e63011385cec121de9,29036275
passed,push,85896e0d0878a79ee4e2378d88b9241ebdc69635,29036030
passed,push,fffc04552357e288c1ebb12403274aad1f12cc9d,29005328
passed,push,bfeb90183bae5986b1ee5fed141ede02f457d261,28996592
passed,push,3c61c6f1cb579d77e7d361500ee00807a71bb07a,28995051
passed,push,8f6d7040f4071785cd1190ef8cf27417a8b30e73,28974746
passed,push,83cde01d39bb91db1ccf49d5d866c7fc838b040a,28972850
passed,push,acd48454dd9eab7ea80730dace9ef14a7e112bd0,28325126
passed,push,4046206d83b28d7e0c84e302f7ef71ec94b1bec8,28324994
passed,push,067847254184b775c91811129ba646b0961cace5,28321473
passed,push,182be488d5952dfabbd6b7a27997d2da6c18c60e,26202584
passed,push,f58ef01afd07b52a9ba2abeb6b562ff176e8fce9,25824670
passed,push,88dab491b94bd7fdf5d50c6f2f43cdaffe62c877,25578912
passed,pull,8fd089c938ad4afcd5b3b9af19549f389633afce,24558050
passed,pull,8bcc197e5a69c22f02beec987ca1f95553b8de6a,23856721
passed,push,4fd07dd83f73ef98d496da43a671d39be67c1cfd,23822184
passed,push,517eb6ca3186c85c46056bbb4f7f9a446c913f81,23819331
passed,push,bf0ae22f1bf7cc334e8c5b5fcf59906f0326a99b,23819068
passed,push,515c9bd0f2a8ebec06082fbe66fe5e3f0e42e47c,23816042
passed,push,8138ff4ddf50eaee08e270a3f13cbb7d1f2258a4,23787457
failed,push,83966b26254ed1ee58b21358c5b1373ec23717e6,23786672
passed,push,1e4d18c8527337bd17b170385293711f567174eb,23773044
passed,push,8dd8fa72773d98c949c76741944b9a432ff41569,21896631
passed,push,b182cee6d7a9567dd19d325bb834995359b15afc,21719713
passed,push,abdbde95a493175d0f443ac7ba7b4986deb6605d,21712119
passed,push,187eeb581b83f1cd6414a6334b20ee35b7288500,21631048
passed,push,1d9850e79aeebaaa8e6b2537e5b576dddf9e0dc8,21536324
failed,push,cd8e637ec7d19b4815a7172dedb47be2bf3dbc7a,21536302
passed,push,13056eac267cd590bc387dda951f84c792ff959d,21536113
passed,push,09d5dba2259d3403485acfd0f9c0af17f6667d13,21533884
passed,push,0f21d74a7a0460cd8036e50293f79e4c72a37f16,21360237
passed,push,f649c5266f2ee70b5ff7788b83afb65c83c24748,21357377
passed,push,9cf25102bb8113bc586739ae8e24f166d16fa6a0,21286278
passed,pull,bb60617c9612afe7d15d60ebfa336d4329bd37ad,21285571
passed,push,a287d1c9b9c2fa7488ed1b6ba094d32aeac60317,20879029
passed,push,7c218674a5b6aa2a8123e529680b86152050e9aa,20688743
passed,push,b6e6924533b27f85cb9dea8f96a8802f4f78cd6f,20676067
passed,push,48c2731d8b6c8f3f0fdc983a0a64c7f952cd20dc,19758863
passed,push,0cd46a395c44d42df57d8d23db9d8aedbab736a9,19757115
failed,push,9508d5cc11cdc7b4ca321cc3454a15b0619dc82d,19757107
passed,push,f44e6ad6eeae12c0a62fa919f5c6bbd1d597e5e0,19717601
passed,push,eaa3f092f7eae2fc309d47ba5062d56359773ecc,19717446
passed,push,56e8564125aa48ab3341b5295dab73e77f127f9d,19716401
passed,push,0e3e5b7c1d8f8bf045470486e000a917b9636506,19216077
passed,push,ea1539095a4d1a20a6b89d8fdd60f08689de11f0,19214689
passed,push,43dc218a0fd4c80b5a4892836e48f50fb05eb28d,19213272
passed,pull,47b9d4d23400cc8b93508a4e3ebc3d8b1762750c,19212097
passed,push,7b0e2a1aad84f4d9954ade7630e452046994e23d,19196391
failed,pull,e0dabf655bdf88848e967754398b09b818b96682,19186453
passed,push,9a407338e1933ab48656e3735bcc78d02a8a3110,18373843
passed,push,4d4049979f6862172b1616a211789290e2f9c0d3,16777676
passed,push,1aa245492cf0a7b644ad48925ee866bcfd96380e,16777147
passed,push,c3f4986a6c22001c8775796bffecb2744f33a376,16776968
failed,push,616303f6945f9cfcd475002c3a83b428c65aa7b1,16776966
passed,push,4a31762a89fad4b1e154f79b52446ac2865e6421,16750736
passed,push,fd973abb3667d2c774f60cc8262bc0db60509730,16749145
passed,push,5c725fc7ac069df381900518020ffe310a410f88,16745011
passed,push,220acdfc911c1ef6405a9803ef4236383d20f981,16739629
passed,push,04637f3036325d32c2fa0df19675aed8c406274b,16712803
passed,push,9238cac351ae87a837161704d8fd0b10e7c7b18b,16680689
passed,push,992602d15569878e60382929ac520e1e26f3f3b3,16614967
passed,push,7f59cf2c3f673f4b7e7eeef25a17d6fdfd2ae8c5,16479462
passed,push,89e2fad02e52c7a1cab6540dbcb3955cf1f31d63,16266547
passed,push,de15a67d219634da0645ba2d3d48dd5d8e97c245,16193769
passed,push,8adca66621455e6d2a84ea4e4fa80555648f9e53,16192343
failed,pull,d0536153af723910efd95157e41218f3504d1423,15811429
failed,pull,09c5aa1af3157b05af112cd800164a840fce5dfc,15810721
failed,pull,0067228bd4c385e373875b2548d57c9f795635d2,15763773
passed,push,ef7e4334fee377d27c323e170251ea0df7b36b3a,11096858
passed,push,17a0d9e8ca57b9166194ae9df8b70de166d9fbc6,11062878
passed,push,6b05dae0cf986c4b88fb2dc43d6ad5c4b9b26f60,10366941
passed,push,e4ea1c197d7fe1aba0a9dcdd4faddb3f683e812f,9581565
passed,push,94293e87c8478522efdeec86f8ba9f16113329cd,9114364
passed,push,9a20f6d1483b9ce574cb68057a7969361585f9f7,9109705
failed,pull,772851dec9f42affab47f68750b88579bbadc008,9091601
passed,push,959d20d4ee70f65768df0bacb35df9bb09473820,8919962
passed,push,617d55f3f81a5afc18fd597c30fc534c159266ee,8919561
failed,push,deeedec04d9862a5fa4e6a2c8b31d3ad92840f00,8919559
passed,push,40b7bfffb74c343b6bcfba55fafc4a2384a40fb6,8627929
passed,push,e42bd6c32195fb10d348aed414726e0d66413cf7,8130030
passed,push,dccbc4772e6add4e36f0e8f5982e190537173168,7884699
passed,push,8af6459341ae45aee0deacb2e3a2235a45ce81ec,7875256
passed,push,e99d9c6d54fa04cb8cbe8270c432119fb9f53a69,7714851
passed,push,cffc96d92ca0f4c86899a665623602472c77545e,7514001
passed,push,e2f87f4d17d3cc5a60ba7ca1eff2193e82b26b8f,7507468
passed,push,f8b8f6d8f4913946d5f47dcb1688a9be8ec18e6a,7506580
failed,push,b952a74f7bd19795f3ce90760ad8cbe8ee202359,7506578
passed,push,e80c12367c949b70eac9ae7f1a650319d48581a3,7506384
passed,push,ad543a7655e7c5a126fb8a61806ba1df6a4397e8,7494071
passed,push,2883eec0e8387c4f88f6c5471056b5cded6d913e,7455056
passed,push,1d4022c7b5a18b9ae8f0f4f8c4dd37160e982682,7454211
failed,pull,69881bf61d0d42a7039a94f94a8fcc05b719e398,7442650
passed,push,8d442daf2835803427854d4c1b5ec2716eaf9ae3,7200361
passed,push,861e1e93acd2bd21384a6671ff6c2261a40be280,7067852
passed,push,91bf5f75d39f60c3994cb8f3a885a38731f09d8a,7067367
passed,push,1007c1ac9e2a25e1f1592b1f8847cfee9a25b93e,7045803
failed,push,3e9a732bf46d2f4e1511e0947a6823766d4464d3,7045799
passed,push,b6a011ba10fa09a80f09f50c223bde432fa425ed,7033883
failed,push,9a268a26d2162ee9646cbe4c83c0ca2cf2fecf23,7033351
failed,push,020539c17469e6890d4997e963646beb7b14c9bc,7031539
failed,push,2de13aea059bfaa848bde91d7323eaba3cf6cf8b,7031365
failed,push,2b80163f317219c328148eb49bebf1e20cc5e674,7031287
failed,push,8d11aaed2205f94ad394703282da473cba04b0df,7031243
passed,push,2ec372e4174ca82f33da5280dff996c8045a9e0d,7030804
failed,push,04fc13f4d246e6a078341b12a03cbebeb2e48775,7030663
