Status,Type,Commit,ID
errored,push,5465d476369bf9d431f47b1af01f70b70914b268,272008411
errored,push,1c54c5990c2c3e5794d3f2108e42e08f6a4491f9,232378967
errored,push,5ad9aa38137161c4a054ba95f9cba8d825d19833,232376534
passed,push,2b139cacccf27043941398502019f124371524eb,106454000
passed,push,3320e848dec633849c0786f3c082cd1134a48a23,87533435
passed,push,9af4c200d7371ccce179e0073e554cf300c8fb49,77159664
passed,pull,317a6d0afc2d86fb2f76dcea40688bc4f207ee5a,42758201
passed,pull,2b8d44f087d7d7392c7a985a3bc9841f814a54ab,42702642
errored,push,afa1259ece9483b3af77920a10cbb2fafd70a1de,37301443
passed,pull,c958805c5f07ae091348845a5e81b4e337ddc354,35959683
errored,push,90edb0b126f1a8913151ec55d154a9c4e78ce58c,35541104
errored,push,90edb0b126f1a8913151ec55d154a9c4e78ce58c,35540899
passed,pull,96638f74acd7ba1b3cb3348655902c98b9380363,31236069
passed,push,6c3ffb81c5c22ca445ab57fe09305c447990294d,27990059
passed,pull,2ef76ff7d4a4ec9524372da9ad918b41c2e09cfd,27865516
passed,pull,7f5f2c654989597bca19fd582b204a58f6663d7a,27808490
passed,push,51909b947b87c375adfff30e642f22945a2c618f,26064779
passed,push,fae9e854935b03d9113934efd05175a589f38930,23249181
errored,push,387b8b903b63de661163b683bfccb667a9bfbabe,22968842
errored,push,387b8b903b63de661163b683bfccb667a9bfbabe,22968767
passed,push,52d15a96d5440672db7bb4e018a4254a466c9a10,21684329
errored,push,77f7ee97646f9d91510fc8b8c2a9fb8fa8940bf4,21669794
errored,push,b5cbd4b22b002c726ffc5ba38f96b531d7bdb624,21622352
errored,push,a7211e60e92e9ab72df2bf774354edc2539e1372,21316722
passed,push,dad11b527c8d38f0c1d88a825e6beec028bbb9d5,13495749
passed,push,f4185881413a9159098b3a1ef932b9fec344130f,13449121
passed,push,ba37fb2e86f54c363a1e85f4b9cf50fbd5cb9ce2,13449003
errored,push,f39c7168e8b9732141d5b238a3d4ae7c9d48d9f8,13448158
passed,push,31880d6eee3b251798ed49e21bcc4c10373e3546,13448157
passed,push,4bbacbbdd1b90f6079a6f50ca3fca6b884bf0900,11482997
passed,push,2bebba662816d1fbf6e5ec6ed6496d22f4bddcdd,11482886
passed,push,a134e9a05b74f39edb6888ba967dd0fedf0175f9,11482848
passed,pull,78c4473bc8a33c1a2b9f5e52a91a982376e94526,10638368
passed,pull,48c66506933b4c8892ded240981187e3154ea652,10576254
passed,push,2551323bba932bc9fea93f379f07e75fa33e8bf1,10383599
passed,push,d1cf0feb3566a5bddc9af1d48b0f58baf0e915af,10383286
passed,push,41e5e661d0ee52951c8a8a83765e08c64c2ef347,10382644
passed,pull,cd50d39b05c0b63eaf46bff63ecde5a4450fa68c,9993009
passed,push,94a85caa9d2744f7301a0ccd9e4c8d42668fc2d6,9944009
errored,push,9f0517f628142e1fd67ca91d64d6cec363b3e3a6,9832147
passed,push,11fe3cb599838ac1a61be1ca31e0f04789b99538,9332365
passed,push,a40ce594741de6f83f5c2d20c4fadcb9cade46e8,9156605
passed,push,4bfa6ed04cbc0d013a0671aa4ba8fa4569d25d22,8988807
passed,push,84ab29e2c55daa63322cbd116c8508526d96954d,8986869
errored,push,475f81ef06a62a8df6df8b6f1d65be28b4d492cd,8985438
errored,push,267dc19b22c7a237f8c44b95a74ba1ac92c6275b,8969299
errored,push,ac6f3969d481b136d04b8862681d8c64663be166,8942279
passed,push,272d9b675310265d20b202c79f5afe427e585efa,8782800
passed,push,621e50ceebd0276d4d05e61e0c50d57f246285e5,8782114
passed,push,a04995ca30362610cfbc1371854a21057945fc0c,8780970
passed,push,c3ba4bff54be6d3d5cec8ff23969884fcae66e10,8779554
passed,push,1ef4430b800ecd1814e04d49c55d9879f84bf05e,8598898
passed,push,bfea535e1fd7fa8a906255c93186214c633a4413,8597848
passed,push,d1c5e7edfc19fb8ce2f9b771b02d0843db11c80c,8597477
passed,push,c6f5fc1956608b2ef100d51011e0cb008475b107,8596126
passed,push,01a3e5da8fcbbf90cff85de68eddd80b3ef63b9f,8552597
passed,push,37c0830e8fe76241f844c3330deb46a74b72e367,8552476
passed,push,7dce8da73a17a84cc61200b3b9fdd817afdcdf0f,8548074
passed,push,7412f7fa0f84ca7de95f785353a2080abd5a315b,8548009
passed,push,b23765b44c6e6802839a8c3364fdd33fbbcb5d53,8544305
passed,push,2366d631bfb19b0b18af2b94af332e0c89d5c525,8519684
passed,push,b97eadc85004cc400c5d647ae7664b737857ae5f,8516915
passed,push,868559e51002210a08d34eb2c0cc30738033c868,8516304
passed,push,6b57ddec73ced8b2a4f408750a2543b302af63ac,8482199
passed,push,cf4b34e01a036a6de2d6c047037f9ec648aab790,8481972
passed,push,fcc2b3e474e1be70720879838320aeb15ac3fc34,8481010
passed,push,6d176e2e0baf04e43ceb13c1ecd54987427dd9dd,8480601
failed,push,85f0f0940f1e4720675dcd1bd8568a154d974c3f,8479374
passed,push,ee8d8a8be57ea55f79e290fc6236ca3882320f30,8478796
passed,push,3b689cdd21e291eb5aade194e939118543ad9ac2,8478546
passed,push,939e36379d687d7d88928414f628f33e80597b9b,8461349
passed,pull,6939f0aca4fa60fecf654840631cea946f65d872,8421833
passed,pull,ec798c761f48317cb11703dae1a5b97a527724d5,8419105
passed,pull,0c10499ed5cb5a26c10ccc041f85a5b3b97b96f8,8382485
passed,push,13b0d6c4b99e30f44959ba0be03e9665e51c689a,8033115
passed,push,64d39dd0f4d20ed69081be58f43aa051d8f2eb05,8032991
passed,push,0e84d1c1b4c0f7a967eff9c593641e3803af9a88,7964999
passed,pull,32dd0ed6e5872d6fc5daf5489268e575d2f97154,7873360
passed,push,7bc59466f20178e35a9cecac09d7d7d7ffdd7277,7855954
passed,pull,e3012839efc6971e2dbea8ff4caabc0635dfaad7,7763703
passed,pull,17e72ffd26af52fb0f3efed22485bf45b7407323,7763638
errored,push,d13b5247574e03f7b98c31ddd72142d4b1b6187e,7761942
passed,push,7430d56bf824597318ce800e4c5ab50a96912b50,7741202
passed,push,d6dc6c8162e68e7e68bbf10991f6704d2fa919f2,7734876
passed,push,3b5f1828889ef9915926e5307dc47da29a5a720a,7731167
passed,push,f13f9251f19a2415b96579749061fc2f77fe30fe,7729620
passed,push,cb6035817c71411e2975330d65f72978348c44b0,7729279
passed,push,155598b217b39757cde41342a8a0e89663f18be4,7608123
passed,pull,69479f09abc64689e6e00ca82dd4367ed1457655,7600330
passed,pull,6f7deb17041667ecbf465b0253dab6bdf7d488d3,7597769
passed,push,f6df3be120942e49c24ff19e64af54d6c24d2106,7507549
passed,push,458ab57b54f6216f85bfccd374008b81a17e6eab,7478325
passed,push,3906179c30751ba94befc528ffcaaa59688eb7b2,7476744
passed,pull,22d223cdaf798a893412028b326670bcd1789b3f,7454422
passed,push,60c329de97be386ed34c158525068b7b5a74e64e,7421312
passed,push,2e217c17b55a6450bc8e14e44c2a0b6b8b6a73f3,7409488
passed,push,9086eb6ff122baea68cb73fd2ca7c1bef9faf4b9,7409277
passed,push,17b3e990422450044dfbb9b52882c50dd9ce9687,7409083
errored,pull,775e2816e0505c1fc59caefb7bea0a7f839b4a03,7363965
errored,pull,cb0214cdce3edaa36c593f467fbdf7a33f262913,7350147
passed,pull,173dc29a65238afab1b22b7e932fc7bbfe5d2164,7218135
passed,pull,55afaea663483e071bf7a089e0c3f5472e6091a0,7215801
errored,pull,f104bf4ca07920819cc016d94e7582bdfac80fc6,7187133
passed,push,2830d6eafdad2a1630abe74f74c9ba20b4fcd917,7127238
passed,push,152e8fcc625ea936ad111a61849be5ab3bc48be6,7127158
passed,push,c8e7625f36246a81436ce705e11598f2405cfff3,7127096
passed,pull,272cfcb914369fde897da9e5818086942598cfef,6793093
passed,push,062de43f50e1bfbebb2b7f496464f0c8bb6c9523,6772086
passed,push,1b7a733b464efd6e5ad543a35045191f5353ab56,6772023
passed,push,1c00d8feca60699db040324bab5138507602c243,6688012
passed,push,c223e283e7fc04eaab454821c5958172edec5d01,6687885
passed,pull,8afbd0beae94296bd2c1a90f76f094da42ddc3d9,6673926
passed,push,fc530fd686f8277e00f1bc981e6ae733b5cd7562,5885461
passed,push,c9556113dbaeeb1ef3e38d40433eca0fdbb15887,5881329
passed,push,fb96bb0f5d585c5d9f87f474f67b1d8946ef8b94,5727590
passed,push,5e3867ba451e164513461daeeb0be4df89627226,5727443
passed,pull,668f9008a342e3b3ba5a22baaa94941f198bf24f,5727393
passed,push,4a7af5a3aa080626407873d2fc95197d3769b113,5727239
errored,push,f83a16ff8bf719ef2c89dd7235469d5b541f3b2e,5727078
errored,push,f83a16ff8bf719ef2c89dd7235469d5b541f3b2e,5727020
passed,pull,fcb3a1d3a74f49f85f294cc01970603ed5a60eb1,5712807
errored,push,f3d57820adce4f3425b69739bf3b79ec086b0ae9,5659100
passed,pull,bddf0263b45d5b961ab8827880989f9a4e4b5f82,5650415
passed,push,a0b9fc32bebfe6eaadc01b484263cb77e795d135,5609117
passed,pull,ea1bba715050b55e41fff2ffdb95869212313bcc,5608877
passed,push,dfe5d05320b22b523d2a6dae9b062017689a93a1,5606394
passed,push,46d5d1802e3597a90ddc57bbbcce2f885733749b,5599063
passed,push,60828900a5a3e6691175bd8b31323b55486036fe,5595588
passed,push,35063b0a05d08fa034e4c65a80addff9c55f8272,5571079
passed,push,68ab342988515317a7c572c9dee0df23f858a66e,5559003
passed,pull,647097fda65796843e143e30a9c1e256fbdc2418,5558795
errored,push,b26d95a9f1ba804d7a9927e04319f7c8436fe7fc,5557374
passed,pull,b44bb4335a7bb44489b489ce6f2f92384ef08a11,5556036
passed,push,32264efd2973b925c46b5b08f35b2ee54eee1477,5540578
passed,push,387f5d9c5379993f6274236b025b2e7b47492c7a,5539821
passed,push,7735816a12e717aae024a4576d2df7c14405b819,5539617
passed,push,48a06da5461b4c0ed75cf9ae4a313fa5d401348d,5530438
passed,push,176686f95e6a4c9c1b9bba8c253c4fe46586e506,5514668
passed,pull,3795a57730c954df1071e2307de70a51b25bc21a,5513786
passed,push,7dd12e4be554f231584b2bc371a922df1eb1b2e0,5512979
passed,push,9664d524b949460cd59a313c1966d43471024584,5512947
passed,pull,b2ff510db6c785b86abc2a944ed3b4f19f2afc35,5512855
passed,push,12730ed86b3c316f5af43dd5decc4ca5a8c851f0,5508202
passed,push,e9b6fcbab34cfcd6063b3684800d8f2335a16730,5505961
passed,push,60fe405c92c6c95a19aeb7d6b40b1440baa2fb4b,5503946
passed,push,6a2acea213d6126fc3c99aa4754ecb45468c2d14,5488949
passed,push,2eefc9d79e4a66a65e9ef0519d4b07519dfa4f64,5488687
passed,pull,2fd86c35754e6bf3078755dac68cfd0596a8f21c,5486390
passed,push,19202e81940da1769a21f23dd2ab7672b148623e,5477114
passed,push,3b813200d132001683ebaabe0cc6973a59706ec4,5476994
passed,pull,a4b7981dae5ead35bc765648cfcc466865bb82c3,5468297
passed,pull,2aa08f57d75c09361470fe9c7a975744e998c8c4,5466995
passed,push,8482fa8b8932c43ea238b510087d483f7e444287,5453040
passed,push,a84be7566dfa840e811e09b37b6c237154bc3255,5448745
passed,push,e7895b53574fd1007df9b95a882a164d2512c605,5447759
passed,push,d7c9a295d0ced16556ad38bd07b905ef0961aac2,5447299
passed,push,a547d82ac6c5451ba3a47fdd46286c536ec0545a,5446772
passed,pull,835bc00df32b4e6f57e302a83ec7dcb5d891d107,5397724
errored,push,0534e2bc58ea5d2d9187fad3a571acde722292ab,5357528
passed,push,844bd5455a178a7f20136e860a23fe79d0e06efa,4918288
passed,push,7be4dc4f6f51334fb6ddf7ad808070bff63a1abf,4883752
passed,push,e209b9432e0714533bb5a9b2ee2edded37a78f8b,4639574
passed,push,a78bd3432a4afd724095f0dc9beedee49e17a0a9,4619317
passed,pull,1620a199c42ff85cca5fa00ed4898fa41675683c,4619077
passed,push,89939a2940196f26cb1686bb3aac6af243dc62e1,4580428
passed,pull,eaefa72537edaacb85897a8896d92cb946ab8948,4538258
passed,pull,2cb887aa7b441c9582faf4e82b7f323cd0084420,4430864
errored,push,9647bf0be850f6f96a29be817733cd2f5f50fc15,4394592
errored,pull,c4e8300a31c3b1921a85975efd0e4950df5aab97,4328252
errored,push,b51f9bb5dbf6d420d04e8cdf1d8f0a73065d0790,4211143
passed,pull,bdc5684f3f1b90dbd2f8dce89ba56cabf23667a5,4139259
passed,push,1fc7f03209d8df277ce51b8af9d39a766de7b720,3785578
failed,push,8473f5072ac0f090af5f58cdd80cd53cf81a22e4,3747236
passed,push,bc49638e409603ab17f711de32fba3c87f7fac9f,2640888
passed,push,a3085de575831d44f51ccd0b20376c5ed44f8060,2121962
passed,push,221d1796c3e1e697fb1cf0b9bcaa281fe6e3cca1,2036907
passed,push,0010795b84706a83904b8776c87104965299245b,1878434
passed,push,394015ef23dcfb7585b8c44787da256ca534a008,1842626
passed,push,d6c03a197bad7ceac346adc4b7b7b778d9f51f06,1842616
passed,push,ecf0333512ddb85781265cc9b16c35fb5872b8f6,1676171
passed,push,a973d32be678618599b7b10a45e30217e8b1a71e,1659323
passed,push,2745d30bf58fdf55820365fe35192993e3c841b5,1659174
