Status,Type,Commit,ID
passed,push,fa099a3b00fe49b3d3d5731f9937111627a91de6,297713122
passed,push,fa099a3b00fe49b3d3d5731f9937111627a91de6,297359723
passed,push,fa099a3b00fe49b3d3d5731f9937111627a91de6,297004208
passed,push,fa099a3b00fe49b3d3d5731f9937111627a91de6,296508625
passed,push,fa099a3b00fe49b3d3d5731f9937111627a91de6,295984927
passed,push,fa099a3b00fe49b3d3d5731f9937111627a91de6,295515085
passed,push,fa099a3b00fe49b3d3d5731f9937111627a91de6,295083742
passed,push,fa099a3b00fe49b3d3d5731f9937111627a91de6,294602249
passed,push,fa099a3b00fe49b3d3d5731f9937111627a91de6,294257695
passed,push,fa099a3b00fe49b3d3d5731f9937111627a91de6,293903509
passed,push,fa099a3b00fe49b3d3d5731f9937111627a91de6,293391738
passed,push,fa099a3b00fe49b3d3d5731f9937111627a91de6,292862403
passed,push,fa099a3b00fe49b3d3d5731f9937111627a91de6,292329823
passed,push,fa099a3b00fe49b3d3d5731f9937111627a91de6,291787057
passed,push,fa099a3b00fe49b3d3d5731f9937111627a91de6,291276902
passed,push,fa099a3b00fe49b3d3d5731f9937111627a91de6,290958134
passed,push,fa099a3b00fe49b3d3d5731f9937111627a91de6,290656803
passed,push,fa099a3b00fe49b3d3d5731f9937111627a91de6,290213656
passed,push,fa099a3b00fe49b3d3d5731f9937111627a91de6,289718604
passed,push,fa099a3b00fe49b3d3d5731f9937111627a91de6,289253851
passed,push,fa099a3b00fe49b3d3d5731f9937111627a91de6,288786566
passed,push,fa099a3b00fe49b3d3d5731f9937111627a91de6,288331042
passed,push,fa099a3b00fe49b3d3d5731f9937111627a91de6,288047429
passed,push,fa099a3b00fe49b3d3d5731f9937111627a91de6,287755732
passed,push,fa099a3b00fe49b3d3d5731f9937111627a91de6,287280674
passed,push,fa099a3b00fe49b3d3d5731f9937111627a91de6,286749497
passed,push,fa099a3b00fe49b3d3d5731f9937111627a91de6,286257842
passed,push,fa099a3b00fe49b3d3d5731f9937111627a91de6,285809394
passed,push,fa099a3b00fe49b3d3d5731f9937111627a91de6,285242127
passed,push,fa099a3b00fe49b3d3d5731f9937111627a91de6,284829823
passed,push,fa099a3b00fe49b3d3d5731f9937111627a91de6,284426308
passed,push,fa099a3b00fe49b3d3d5731f9937111627a91de6,283921921
passed,push,fa099a3b00fe49b3d3d5731f9937111627a91de6,283412972
passed,push,fa099a3b00fe49b3d3d5731f9937111627a91de6,282950347
passed,push,fa099a3b00fe49b3d3d5731f9937111627a91de6,282462076
passed,push,fa099a3b00fe49b3d3d5731f9937111627a91de6,282033051
passed,push,fa099a3b00fe49b3d3d5731f9937111627a91de6,281762128
passed,push,fa099a3b00fe49b3d3d5731f9937111627a91de6,281481716
passed,push,fa099a3b00fe49b3d3d5731f9937111627a91de6,281071140
passed,push,fa099a3b00fe49b3d3d5731f9937111627a91de6,280631093
passed,push,fa099a3b00fe49b3d3d5731f9937111627a91de6,280171123
passed,push,fa099a3b00fe49b3d3d5731f9937111627a91de6,279713106
passed,push,fa099a3b00fe49b3d3d5731f9937111627a91de6,279311012
passed,push,fa099a3b00fe49b3d3d5731f9937111627a91de6,279053951
passed,push,fa099a3b00fe49b3d3d5731f9937111627a91de6,278796285
passed,push,fa099a3b00fe49b3d3d5731f9937111627a91de6,278384376
passed,push,fa099a3b00fe49b3d3d5731f9937111627a91de6,277963173
passed,push,fa099a3b00fe49b3d3d5731f9937111627a91de6,277515180
passed,push,fa099a3b00fe49b3d3d5731f9937111627a91de6,277052781
passed,push,fa099a3b00fe49b3d3d5731f9937111627a91de6,276626682
passed,push,fa099a3b00fe49b3d3d5731f9937111627a91de6,276358704
passed,push,fa099a3b00fe49b3d3d5731f9937111627a91de6,276076216
passed,push,fa099a3b00fe49b3d3d5731f9937111627a91de6,275658908
passed,push,fa099a3b00fe49b3d3d5731f9937111627a91de6,275229944
passed,push,b03be531424cb4a0d5c3673db9728353803e00d8,274801172
passed,push,3ef77013e672dbd3e6e3fda14b1ab372fe1880bb,274365502
passed,push,3ef77013e672dbd3e6e3fda14b1ab372fe1880bb,273961446
passed,push,3ef77013e672dbd3e6e3fda14b1ab372fe1880bb,273712191
passed,push,3ef77013e672dbd3e6e3fda14b1ab372fe1880bb,273468197
passed,push,3ef77013e672dbd3e6e3fda14b1ab372fe1880bb,273069716
passed,push,3ef77013e672dbd3e6e3fda14b1ab372fe1880bb,272672055
passed,push,3ef77013e672dbd3e6e3fda14b1ab372fe1880bb,272251342
passed,push,3ef77013e672dbd3e6e3fda14b1ab372fe1880bb,271848262
passed,push,3ef77013e672dbd3e6e3fda14b1ab372fe1880bb,271486565
passed,push,3ef77013e672dbd3e6e3fda14b1ab372fe1880bb,271260680
passed,push,3ef77013e672dbd3e6e3fda14b1ab372fe1880bb,271003250
passed,push,3ef77013e672dbd3e6e3fda14b1ab372fe1880bb,270598395
passed,push,3ef77013e672dbd3e6e3fda14b1ab372fe1880bb,270188474
passed,push,3ef77013e672dbd3e6e3fda14b1ab372fe1880bb,269775019
passed,push,3ef77013e672dbd3e6e3fda14b1ab372fe1880bb,269364617
passed,push,3ef77013e672dbd3e6e3fda14b1ab372fe1880bb,268999303
passed,push,3ef77013e672dbd3e6e3fda14b1ab372fe1880bb,268765600
passed,push,3ef77013e672dbd3e6e3fda14b1ab372fe1880bb,268530625
passed,push,3ef77013e672dbd3e6e3fda14b1ab372fe1880bb,268149841
passed,push,3ef77013e672dbd3e6e3fda14b1ab372fe1880bb,267762321
passed,push,3ef77013e672dbd3e6e3fda14b1ab372fe1880bb,267746549
passed,push,17caf33838bbd31112bd3032bc1a47919da8223c,267347260
passed,push,17caf33838bbd31112bd3032bc1a47919da8223c,266951742
passed,push,17caf33838bbd31112bd3032bc1a47919da8223c,266603740
passed,push,17caf33838bbd31112bd3032bc1a47919da8223c,266364550
passed,push,17caf33838bbd31112bd3032bc1a47919da8223c,266121971
passed,push,17caf33838bbd31112bd3032bc1a47919da8223c,265737902
failed,push,17caf33838bbd31112bd3032bc1a47919da8223c,265324658
passed,push,17caf33838bbd31112bd3032bc1a47919da8223c,264905822
passed,push,17caf33838bbd31112bd3032bc1a47919da8223c,264513382
passed,push,17caf33838bbd31112bd3032bc1a47919da8223c,264162721
errored,push,17caf33838bbd31112bd3032bc1a47919da8223c,263912467
passed,push,17caf33838bbd31112bd3032bc1a47919da8223c,263652066
passed,push,17caf33838bbd31112bd3032bc1a47919da8223c,263255367
passed,push,17caf33838bbd31112bd3032bc1a47919da8223c,262831697
passed,push,17caf33838bbd31112bd3032bc1a47919da8223c,262412389
passed,push,17caf33838bbd31112bd3032bc1a47919da8223c,261992346
passed,push,17caf33838bbd31112bd3032bc1a47919da8223c,261617473
errored,push,17caf33838bbd31112bd3032bc1a47919da8223c,261392839
passed,push,17caf33838bbd31112bd3032bc1a47919da8223c,261157265
passed,push,17caf33838bbd31112bd3032bc1a47919da8223c,260775468
passed,push,17caf33838bbd31112bd3032bc1a47919da8223c,260366242
passed,push,17caf33838bbd31112bd3032bc1a47919da8223c,259940651
passed,push,17caf33838bbd31112bd3032bc1a47919da8223c,259518647
passed,push,17caf33838bbd31112bd3032bc1a47919da8223c,259170226
passed,push,17caf33838bbd31112bd3032bc1a47919da8223c,258949585
passed,push,17caf33838bbd31112bd3032bc1a47919da8223c,258711793
passed,push,17caf33838bbd31112bd3032bc1a47919da8223c,258304818
passed,push,17caf33838bbd31112bd3032bc1a47919da8223c,257892622
passed,push,17caf33838bbd31112bd3032bc1a47919da8223c,257473147
passed,push,17caf33838bbd31112bd3032bc1a47919da8223c,257054315
passed,push,17caf33838bbd31112bd3032bc1a47919da8223c,256677611
passed,push,17caf33838bbd31112bd3032bc1a47919da8223c,256449354
passed,push,17caf33838bbd31112bd3032bc1a47919da8223c,256212392
passed,push,17caf33838bbd31112bd3032bc1a47919da8223c,255817239
passed,push,17caf33838bbd31112bd3032bc1a47919da8223c,255418876
passed,push,17caf33838bbd31112bd3032bc1a47919da8223c,255016217
passed,push,17caf33838bbd31112bd3032bc1a47919da8223c,254605725
passed,push,17caf33838bbd31112bd3032bc1a47919da8223c,254234189
passed,push,17caf33838bbd31112bd3032bc1a47919da8223c,254001847
passed,push,17caf33838bbd31112bd3032bc1a47919da8223c,253758431
passed,push,17caf33838bbd31112bd3032bc1a47919da8223c,253373715
passed,push,17caf33838bbd31112bd3032bc1a47919da8223c,252964368
passed,push,17caf33838bbd31112bd3032bc1a47919da8223c,252564191
passed,push,2aaa3cbaca5b588d5b8469f6e26d1e52e262d7c0,252159591
passed,push,2aaa3cbaca5b588d5b8469f6e26d1e52e262d7c0,251796535
passed,push,2aaa3cbaca5b588d5b8469f6e26d1e52e262d7c0,251561901
passed,push,2aaa3cbaca5b588d5b8469f6e26d1e52e262d7c0,251301044
passed,push,98604b07517a3654ccdbe4744bcc7ff2af1e9686,250917784
passed,push,b2eb6e470e5e7be54ed276defd6dd527fbf6b663,250511545
passed,push,b2eb6e470e5e7be54ed276defd6dd527fbf6b663,250121401
passed,push,b2eb6e470e5e7be54ed276defd6dd527fbf6b663,249770147
passed,push,b2eb6e470e5e7be54ed276defd6dd527fbf6b663,249418213
passed,push,b2eb6e470e5e7be54ed276defd6dd527fbf6b663,249185276
passed,push,b2eb6e470e5e7be54ed276defd6dd527fbf6b663,248929144
passed,push,b2eb6e470e5e7be54ed276defd6dd527fbf6b663,248524601
passed,push,b2eb6e470e5e7be54ed276defd6dd527fbf6b663,248112633
passed,push,b2eb6e470e5e7be54ed276defd6dd527fbf6b663,247684528
passed,push,b2eb6e470e5e7be54ed276defd6dd527fbf6b663,247254100
passed,push,b2eb6e470e5e7be54ed276defd6dd527fbf6b663,246873366
passed,push,b2eb6e470e5e7be54ed276defd6dd527fbf6b663,246631730
passed,push,b2eb6e470e5e7be54ed276defd6dd527fbf6b663,246352314
passed,push,b2eb6e470e5e7be54ed276defd6dd527fbf6b663,245948469
passed,push,b2eb6e470e5e7be54ed276defd6dd527fbf6b663,245524825
passed,push,b2eb6e470e5e7be54ed276defd6dd527fbf6b663,245098274
passed,push,b2eb6e470e5e7be54ed276defd6dd527fbf6b663,244678800
passed,push,b2eb6e470e5e7be54ed276defd6dd527fbf6b663,244304814
passed,push,b2eb6e470e5e7be54ed276defd6dd527fbf6b663,244065167
passed,push,b2eb6e470e5e7be54ed276defd6dd527fbf6b663,243812249
passed,push,b2eb6e470e5e7be54ed276defd6dd527fbf6b663,243412553
passed,push,b2eb6e470e5e7be54ed276defd6dd527fbf6b663,242991224
passed,push,b2eb6e470e5e7be54ed276defd6dd527fbf6b663,242575327
passed,push,b2eb6e470e5e7be54ed276defd6dd527fbf6b663,242169895
passed,push,b2eb6e470e5e7be54ed276defd6dd527fbf6b663,241809835
passed,push,b2eb6e470e5e7be54ed276defd6dd527fbf6b663,241589366
passed,push,b2eb6e470e5e7be54ed276defd6dd527fbf6b663,241338526
passed,push,b2eb6e470e5e7be54ed276defd6dd527fbf6b663,240941641
passed,push,b2eb6e470e5e7be54ed276defd6dd527fbf6b663,240527721
passed,push,b2eb6e470e5e7be54ed276defd6dd527fbf6b663,240118016
passed,push,b2eb6e470e5e7be54ed276defd6dd527fbf6b663,239715331
passed,push,b2eb6e470e5e7be54ed276defd6dd527fbf6b663,239383754
passed,push,b2eb6e470e5e7be54ed276defd6dd527fbf6b663,239158731
passed,push,482c4a7dca2f912e1757dba79e2048ea40c3bea9,238895872
passed,push,482c4a7dca2f912e1757dba79e2048ea40c3bea9,238490710
passed,push,e366032fca3ef7535d3a29ab069e9225e3ef3654,238072868
passed,push,e366032fca3ef7535d3a29ab069e9225e3ef3654,237665212
passed,push,e366032fca3ef7535d3a29ab069e9225e3ef3654,237289573
passed,push,2dda94185a84f9c731ef8879c7210785b43d97dd,236965477
passed,push,2dda94185a84f9c731ef8879c7210785b43d97dd,236744475
passed,push,2dda94185a84f9c731ef8879c7210785b43d97dd,236507731
passed,push,2dda94185a84f9c731ef8879c7210785b43d97dd,236140646
passed,push,2dda94185a84f9c731ef8879c7210785b43d97dd,235792908
passed,push,2dda94185a84f9c731ef8879c7210785b43d97dd,235376351
passed,push,2dda94185a84f9c731ef8879c7210785b43d97dd,234959398
passed,push,2dda94185a84f9c731ef8879c7210785b43d97dd,234606663
passed,push,2dda94185a84f9c731ef8879c7210785b43d97dd,234395457
passed,push,2dda94185a84f9c731ef8879c7210785b43d97dd,234146582
passed,push,2dda94185a84f9c731ef8879c7210785b43d97dd,233773588
passed,push,2dda94185a84f9c731ef8879c7210785b43d97dd,233379224
passed,push,2dda94185a84f9c731ef8879c7210785b43d97dd,232973227
passed,push,2dda94185a84f9c731ef8879c7210785b43d97dd,232572026
passed,push,2dda94185a84f9c731ef8879c7210785b43d97dd,232189195
passed,push,2dda94185a84f9c731ef8879c7210785b43d97dd,231947227
passed,push,2dda94185a84f9c731ef8879c7210785b43d97dd,231695208
passed,push,2dda94185a84f9c731ef8879c7210785b43d97dd,231299744
passed,push,2dda94185a84f9c731ef8879c7210785b43d97dd,230907235
passed,push,2dda94185a84f9c731ef8879c7210785b43d97dd,230499787
passed,push,2dda94185a84f9c731ef8879c7210785b43d97dd,230098882
passed,push,2dda94185a84f9c731ef8879c7210785b43d97dd,229746477
passed,push,2dda94185a84f9c731ef8879c7210785b43d97dd,229520928
passed,push,2dda94185a84f9c731ef8879c7210785b43d97dd,229264249
passed,push,2dda94185a84f9c731ef8879c7210785b43d97dd,228876178
passed,push,2dda94185a84f9c731ef8879c7210785b43d97dd,228485097
passed,push,2dda94185a84f9c731ef8879c7210785b43d97dd,228086854
passed,push,2dda94185a84f9c731ef8879c7210785b43d97dd,227708785
passed,push,2dda94185a84f9c731ef8879c7210785b43d97dd,227425898
passed,push,2dda94185a84f9c731ef8879c7210785b43d97dd,227213209
passed,push,2dda94185a84f9c731ef8879c7210785b43d97dd,226948901
passed,push,2dda94185a84f9c731ef8879c7210785b43d97dd,226545561
passed,push,2dda94185a84f9c731ef8879c7210785b43d97dd,226148932
passed,push,2dda94185a84f9c731ef8879c7210785b43d97dd,225745475
passed,push,2dda94185a84f9c731ef8879c7210785b43d97dd,225352364
passed,push,2dda94185a84f9c731ef8879c7210785b43d97dd,224981113
passed,push,2dda94185a84f9c731ef8879c7210785b43d97dd,224752256
passed,push,2dda94185a84f9c731ef8879c7210785b43d97dd,224480510
passed,push,2dda94185a84f9c731ef8879c7210785b43d97dd,224095666
passed,push,2dda94185a84f9c731ef8879c7210785b43d97dd,223697775
passed,push,2dda94185a84f9c731ef8879c7210785b43d97dd,223292117
passed,push,2dda94185a84f9c731ef8879c7210785b43d97dd,222903541
passed,push,2dda94185a84f9c731ef8879c7210785b43d97dd,222619617
passed,push,2dda94185a84f9c731ef8879c7210785b43d97dd,222420225
passed,push,2dda94185a84f9c731ef8879c7210785b43d97dd,222187795
passed,push,2dda94185a84f9c731ef8879c7210785b43d97dd,221857429
passed,push,2dda94185a84f9c731ef8879c7210785b43d97dd,221481998
passed,push,2dda94185a84f9c731ef8879c7210785b43d97dd,221090164
passed,push,2dda94185a84f9c731ef8879c7210785b43d97dd,220693875
passed,push,2dda94185a84f9c731ef8879c7210785b43d97dd,220336284
passed,push,2dda94185a84f9c731ef8879c7210785b43d97dd,220100604
passed,push,2dda94185a84f9c731ef8879c7210785b43d97dd,219829197
passed,push,2dda94185a84f9c731ef8879c7210785b43d97dd,219420245
passed,push,2dda94185a84f9c731ef8879c7210785b43d97dd,219017648
passed,push,2dda94185a84f9c731ef8879c7210785b43d97dd,218600319
passed,push,2dda94185a84f9c731ef8879c7210785b43d97dd,218204713
passed,push,2dda94185a84f9c731ef8879c7210785b43d97dd,217855250
passed,push,2dda94185a84f9c731ef8879c7210785b43d97dd,217601757
passed,push,2dda94185a84f9c731ef8879c7210785b43d97dd,217302364
passed,push,2dda94185a84f9c731ef8879c7210785b43d97dd,216903809
passed,push,2dda94185a84f9c731ef8879c7210785b43d97dd,216488445
passed,push,2dda94185a84f9c731ef8879c7210785b43d97dd,216078348
passed,push,2dda94185a84f9c731ef8879c7210785b43d97dd,215667003
passed,push,2dda94185a84f9c731ef8879c7210785b43d97dd,215290510
passed,push,97ed0e4ebbc05aa4cadfc410ef1e8aa42c148c42,215046134
passed,push,97ed0e4ebbc05aa4cadfc410ef1e8aa42c148c42,214777901
passed,push,e47c4fb56767275ab8559177297fd0b5632cedec,214387063
passed,push,e47c4fb56767275ab8559177297fd0b5632cedec,213975716
passed,push,e656848fda2b076c59bcbe15af95a97b5e63836f,213546672
passed,push,e656848fda2b076c59bcbe15af95a97b5e63836f,213131131
passed,push,e656848fda2b076c59bcbe15af95a97b5e63836f,212764710
passed,push,98380d91632f990e6158452e21fc2a4c5f0d6b86,212520125
passed,push,98380d91632f990e6158452e21fc2a4c5f0d6b86,212247115
passed,push,92fef263833d3333d8d5cfb8e29a46196f954237,211881395
passed,push,92fef263833d3333d8d5cfb8e29a46196f954237,211483627
passed,push,ce146ec62caf103b062847d5391ce4d2814436cf,211079272
errored,push,d8ba1ccb69b04d7596914e6e0601540b10a0f642,210723095
canceled,push,c90839ce4f9d2d7a2bc40a4d0f2724fcbac87704,210071759
passed,pull,3338d925c3f0223082bbbe25ce89af82292f95b1,52948028
errored,pull,d30e15d7e914842813cff305c7c59e0f6d9c79ff,52947611
errored,pull,94eafc2d76adb0a5b3f4ad4c3615478b600a13d4,52925468
errored,push,a7db9aaa94cc8e6925ff2b943c3a00e1bffc7bca,52814528
failed,push,0f5a914dc70c9a9b22d678c1f1d62d41044a5064,52198140
passed,pull,a4ec01f918f68adbd34ef57a7fa6798fb2824267,51876843
failed,pull,1d6fd5ff90f60c2504d8ec54334f8d3ec5cb780c,51759724
failed,push,a7d5a5007bb411d38373c2d648e18b4224d954c2,51444414
failed,push,7e2834543d7d6eb4310ac8083c3a58cb26361b12,51443251
failed,push,d324a7dadd2b0b9336b6ca8e29a89f5300a0d0ad,51159599
errored,push,72fc51bd9a23ab4e7e8b2aceae7e053081f5e3e7,51137700
passed,push,c0a27f42875109f1a11938a0b020e06c3b91fdb4,51017467
passed,push,546f072f374f5ef15ec8b7047605444e014e477b,50945259
failed,push,ec82af6adda34f6e1533a3dcd34c494a1d351717,50745277
failed,push,1bfd24c0b3b7f4df382802d2cf710b0f2c00e5b7,50742876
passed,pull,9ebb30aedd1260e726bf0ca7f9fec5e6abd3c179,50720783
failed,push,6a00614d2661ef679f7080ed7304a9075bbfa1f2,50670660
failed,push,0dbb5b4cf1d5d8e3ecf5c158d22483211f80d926,50670265
failed,push,50fd3fea9ed28206e10c99ca276addc11045f54a,50668450
failed,push,1d429c47a74d2c776241522a1c05a01522bafa30,50668424
failed,push,07389b73c017bdb9d550e55020fa8d0f82bfa60a,50668422
failed,push,0e32596ad96042931c704e0ea73ee2e2e6142d5c,50668417
failed,push,96212d4fa398a6890a35f03ed56eaa34e8aabc9f,50668413
failed,push,a23cf2490528b798acb8d6529648b46c7fc095ee,50668416
failed,push,22f0da90603d92eed742d8f13d6f4a18fc977914,50668418
failed,push,2a03dabdbc1509e1bef84f80cf17baf1aec4c9d2,50668412
failed,push,b3d4178f5a487e44c12c42a736c72c5b879804f8,50668410
failed,push,3e523b830e1209b916c9468c0dfb1ffaaa16c601,50668404
failed,push,b81cf18b3c5b0bd4837d7eb5162cf9de4644dd15,50668406
failed,push,8254d000ce97c835d1c7fb9486959b3abb9c1507,50668402
failed,push,7fdb4f370dc80df4e732f5b3d02b03bd9cdcad5a,50668408
failed,push,d9e7931141dd40e85d7a737036d5d66ac6162fa8,50668400
failed,push,3f1c75eb539b7df4713f9ea89c3a9060053c5ec8,50668398
failed,push,e9e3d2664e920b71007626ee2b65f72bbdb87b43,50668396
failed,push,f3825b3b277d0c16e246325285c8a7a474e39747,50668394
failed,push,6a00614d2661ef679f7080ed7304a9075bbfa1f2,50541073
passed,pull,73aa5e733d25764559d6c418e305b64259e7b414,50537503
passed,push,89b877b18ed92d7e7c9c7bff414d0a235c1b6622,50467802
failed,push,22f0da90603d92eed742d8f13d6f4a18fc977914,50418911
failed,push,96212d4fa398a6890a35f03ed56eaa34e8aabc9f,50418892
failed,push,ab2f16d3f3cc9efe74e9b5ca111a1dcc3645358b,50416799
failed,push,ce9090f44a388de0f911ac804115b5705e377c7f,50413689
passed,push,34062a13e9d1e8dbefe87b497dd24be0a63ebe7a,50372503
passed,push,55678f04c941390c0cbffd4aa2230f77a4832f00,50347845
failed,push,dc9fbcad5c49078df65ae7032a28044bce558240,50347546
failed,push,73d38d96bb2b969036ec5fc3e45b561cebfec2fa,50347475
failed,push,9ef3bc512d99d7f0cabb344df93f691d913260c6,50339908
failed,push,28d31ef9bb134e50fc522f561d98712bd453c43e,50298535
passed,push,63a0699cebc8f530d06da91492cdb4ed844ad972,50273239
failed,push,5d7989d6feaec6406414285ebbe9b46a8c31f4a7,50260085
passed,push,b60cd638e6ba74f5ed06017b9243247ba9cc0ccb,50255898
errored,push,47efca5b2704f1a87699682373ce29ab0c985506,50244977
passed,push,d75a433eff37979dfb3c513ff920bce3e934b17d,50241410
passed,push,62d1658a66d4cc6a81def69585ae6f9d8f295c73,50234902
passed,push,6ff88126f9969e7d7dc8c7792abfd5c8ae16375f,50217850
passed,push,e240cf058bb7169a863084e42f7ddc76f529c9d1,50217461
passed,pull,e6aec8302851e9feab42015895efe866dc4eb0b6,50064984
passed,pull,af3429f701265ce7d955ee2547fa4af45bee216f,50058733
passed,push,a8576e6f1f635bdc6f81e5e875f0f0f36319f0c4,50054997
passed,push,cd99e55d6573ed8b4cecee6442d3b61145808a07,50047886
passed,push,ef7b1a0a7a693293b9bf4ccf12a8c901ff3d0446,50038732
passed,push,0acbabf799ba24f4dd7a54a5d6320e94c09f2bd1,50031904
passed,push,b43fe7f9f8d2ef489701a0078373009bc7c28dc5,50027814
passed,pull,03e0029d11cd572d5c0fd9f83d21db7d8785ef54,50026070
failed,pull,02cd8550514ae8e18bd776961c4e6e41312454f6,50024613
failed,pull,a5730a88600ffa0b903e512cb5062b35fdbe7c0c,50023525
passed,push,a11ac49908809641c226fb87343e20d060b0dda5,49988503
passed,push,9c49c835ada2c02ef26fb8e6047d808672b98489,49846168
passed,push,9c08650277cfcd9d9b60191b6764c74707792723,49673250
passed,push,ca7e6e9a50a5dd1f05a424fe06dae656dc2ede3c,49527166
passed,push,9e76ed960bbdc48c8dcad14bce54ec524e3ebc55,49301505
passed,push,9bfbdda41b2a103183d0bfb92d2bf23e00b4ef40,49291542
passed,push,a7ca24d9ff1db690749bfb186df15197870ad566,49290179
passed,push,de88a827a918e9f59c7c6956e017676a44bd01a5,49284778
passed,push,3d8a197748ba3e495066796be568a502a1d6c756,49243275
passed,push,3b1f838891a53c6711e20867bfa6d2e7b368bbca,49232330
passed,push,bb7e06b0dfa0a7c2d02d8af88cd3fcab26cc50f8,49172317
passed,push,d468db8a39bf56ecee27a9ba53bc68c794e1b5f8,49170353
passed,push,2d53e64c852eff12c58d59182aef5c0cf21ddacb,48995324
passed,push,edbacad0c0018b5f7e27a2f9757acf6debfe32e5,48987479
passed,push,943f96d68c7cbb41ea7d60e64132d381cb557b45,48952397
passed,push,2903b20e40699fec16d98eb6f438224f515daf7b,48826316
passed,push,ce3d51efd5cfc5f92eea9f1f9cff7090f546c4e7,48676888
passed,push,80d75721bbf25060f0b22173ad65e459c856cc9f,48398360
passed,push,6155a85902522f7d40ce7dcc6ea3318c74ce3a5a,48046300
passed,push,c55906f55e5e4695e6e29e6b648fd97c152967fc,47785723
passed,push,dccd3f908091814ac693213c0de9d5875ab8a435,47707166
passed,push,066e6dc69527a27c0fc709a877db074211ec1862,47705287
errored,push,a83ef2f20e43c95808f6e15b5076b24c52761f4f,42908981
passed,push,aec3b9ecd809a7247f218cbee912cf7a4e1568c6,42788112
failed,push,b419ad3da2ec16733a9655ea088a562bae2b33ee,42781800
passed,push,fe32eed945c458f213f588d5b0b749489c8c9f81,42711874
passed,push,2c98dfaaee75996a080297de63d7c39c009db5e7,42677878
failed,push,43273d38f88266342c4dab40b78e5e38750e2d97,39488108
failed,push,0f0a97413f4d1ddedba86062f9ae1d47b67c2117,39241660
errored,push,90f5e916409f734f90bcffc6a56d9f59d25806ff,39198592
errored,push,61ab52a63d297b988590926f905bfc7279edf327,38913057
passed,pull,c6b047064fcfa4e20f7702ef95101ca0da2612a2,38825094
passed,push,5668dbd3dd497628614b5d3826f79aea6b5e39c8,37184473
passed,push,3ee83b95d7a791bdd3c69d4108bb1eb4c6b71abd,37169164
passed,push,f78b4a769a132be19ca59ff13ce3d4b687ce1c02,35708114
errored,push,fbaaa0d363c2d1c7a02ce44ebb4d232eb5388eed,35703270
errored,push,787b10abf3ba854ad487ae59088cbd3456debffb,35703210
passed,push,e59e0b3274a85447395db7a53b6e65a4ea2d3e39,35674515
passed,push,a6a3ccb8af14f51af0799cc190c72147453a807a,35241113
passed,push,325888b9ff90acbda1933774b4ac0f3782c27f0f,35240135
passed,push,d04b3da735e1bbd4456c84589076c343269bf41a,35239871
failed,push,0f9ec60aa54cc162891f65a150b2327163e5ef3c,35239742
failed,push,01abc437a15c15a80804846993cbc63d76826151,35239649
failed,push,ca020300887fe4eb2013fff534948373fe06e08c,35239475
failed,push,acfd28e436b40e96b68a82795f55306910ae0fe9,35239128
passed,push,feb0d43bd4357db652ad0a4fd588abf4b68bef59,35212943
passed,push,2973e7537cd5a39be7db03bf124d35649c570440,35210320
passed,pull,40114d33779a9bf16f7d1c64bf127b2f11f3e40c,33741975
errored,push,ab79e3ab0279b8fb6d58f66d5bc1cdbd540fc906,32936008
passed,push,f051ef50dbe25ceeb90c775b7e84589b66e51416,32934611
failed,push,7614eb69dfcf6fa653db64abae8868912d8c8cac,32894933
passed,push,b0fb0a1d6807c32dde5b944471f453fc3a32f36c,32678743
passed,push,9d3323c3301ce5287951cdf974746f498369587b,32672891
errored,push,47e6b999ccd938ff7454dfd330623880d1b3d513,32671105
failed,push,f24553f35a5b2ad91398b114f2cf812f7e968e03,32665323
failed,push,943682cad1f452deb107ea44543d04a8124e5154,32566160
failed,push,2afb0ef565d0ad283602bd74cc437e4cbc7a5338,32565824
passed,push,58bb7e4cf48ca0b2fbc89b4e78f1fad35cb003b9,32546275
failed,push,000f2d439c93bc557f952daf6e36283d6666698f,32542737
errored,push,a274e2174bb8d8cb0690689f2fa032f44ae155e6,32542269
failed,push,cb9f56c51482da56765968ec6735408d72de9871,32541458
failed,push,b05a2f87fc83295328f66e897a25bf132844f5a8,32539101
errored,push,ec32b0ae5b3b728363b5bd8ef001207b0755443f,32538718
failed,push,7645827db0c4b9e84ddc266ece6a0ff35fbffffc,32533372
errored,push,b52bc289f8fc4096d3754071f35a8a92c26213b9,32532930
errored,push,7c53335ec8ed92115c7a8f299fe4956698b829cb,32532690
errored,push,53c76e632c09e71086dcc53ce3bcf9734bcbf343,32532069
errored,push,dbf481c7e54d7aa4eec2e227663c0b74af59043f,32531601
errored,push,91c6011e61f28dab765684ba2966f98b56d82369,32530773
passed,push,01e522e36335c15862f34c70c98cbc7e60145dcc,32526550
passed,push,24adff898cc5625fd023687e74c23ea1958fe3e9,32524545
canceled,push,13d878f77641ed6aa5b84864000203f2d7412da9,32522496
canceled,push,5317af2d5ac24ecae1e2d50cbfb7590ed0acd612,32521639
errored,push,c14e19073306a580c090f748af4d27ad91c586fd,32520318
