Status,Type,Commit,ID
errored,pull,832e0d297aa8e675968f5d45b278d1bf75c5aa58,295952535
errored,pull,5e53ab7f23c40eaf8023e624b389719be41a1271,295941653
passed,pull,e7aeab3500f129af647a8656f40a425569942be9,233771746
passed,pull,318fee4f97812291439438aaaf88a0774972adcd,203820790
passed,pull,89e4c1cbeacc3c9b3a2ab0d3be0bfe64f7536096,193671254
passed,pull,121bbe4332fa2186e0d8cd9a5cba1fb924bce59a,193615587
failed,pull,ff29ad538da0a7e6ec1b2b6264c639fb121537e0,193613681
passed,pull,bd981a79d64307a827e1dc6523d1c47c8fb5158a,193609390
passed,pull,2f3463890e9fdee13bab5aa6028755be9d00d6e4,193608567
passed,pull,f2b6b2779ff3a1a07487e4696b8b1995ee7535cb,193099405
passed,pull,f93d1b3abcd5b7cd82c5c8ee3165dd082b031ec5,193096664
passed,pull,1b47d669dd230fdb5766d36760a9a08e456fc1c1,193091817
errored,pull,f17b0d15432be9b2971deac2d11686278fd0ea08,192962192
passed,pull,df9579b02c32db0e412dbb2fba0394e8825bb68d,192055060
passed,pull,0ab5decbb491efa18da4b1970f229be7de6f1c4d,192054179
passed,push,373c03447df44b5a5508e94fa897369b41b18f48,189121613
passed,push,12176ca1d39d32f02aa9081dc7b8ca1ec4a5bd1d,186680039
passed,pull,2ce727e216f18cd76b17aedf495238d4bd8ed6b8,158769436
passed,push,f221b3650ebe0d74931898dbaa88b5fe18b2d10c,82849998
passed,push,68ba72c06d660bedd527b92ff0d96a73e72ef757,82839901
passed,pull,fe0a9001ba2632379bdfd5ca88a10014ada45a06,76265365
passed,pull,593da7e4628ede59dfc33fc77377cfc51b8e50fa,68644515
passed,pull,0d69df5596784cc8a7a9f9ffb7fcb2c74a90b300,68644425
passed,push,8bc527a1e1de6874359a5248a1ae42aa7c0c0220,57726653
passed,push,f435a5550061beeca252860e983dc0e5cf88624c,57726267
passed,push,99bab8e41892f16cabbafe2a462acec1d621559e,57726131
passed,push,9f60b6609772bf3f383246315abec8583de87d09,57725977
passed,push,8ba5b83fce1318bdf2c33db6b9be28dd7216df90,56649418
passed,push,bd51e77024a608b3e479d4461094beb636eccb18,56648864
passed,push,630cf1b16b96358b695af0f7144ff86b2e4a3a9f,56648195
canceled,push,a72be707daf4cb2641566223afd810743cd8c923,56648145
failed,pull,3999e755f07bb37d377e48f9e6cb8b815c08ca5c,56647238
passed,push,08535466f45aba2e2267e4cc570637101820ca5a,56647235
failed,push,2dcf13afcd728245a04f144d5020add5c5c2fb06,56645206
failed,pull,1bb35eccca5e6c3fc98c46276172483803b63144,56645117
passed,push,8fb9b7599844cd7f058b62e34e801f22e0d41ee9,56645112
passed,pull,81e02cf7aafa7386088b9ce20f90e0c94055c3bf,56644965
failed,push,05d3123f92f9a034e3921bbd4c64843d07c4e8c5,56644960
passed,pull,527477f93e92e4531bdaac43de769deb11ea2cf4,56616936
passed,push,860f1315bb7218ce2dc4527a10c2983c9b5cbcca,56616928
errored,pull,734ed68b34d935694205fb6feace9d1e8a53c93c,56615385
errored,push,c8160f668ec2bbe4ca9aa8a53716b7e46e0df2cd,56615382
passed,pull,81b1bfad89f98fd0af4bdea97e218ecb19396ca2,56502748
passed,push,b81da617309de2c2f1ddc3ab7451278b6ecfec98,56502739
errored,pull,6c05e3a5a4f2c6daf2bc2bcdcaef26aef0039f78,56502351
errored,push,0e5df46dc9beb2efd34f43597035d702c2037c79,56502348
passed,push,f747bbe44e74edfc9250dacb8fba7e9f875faa17,56490297
passed,push,778414dd96667ef7db61bef1620296e82906ccdc,56489608
passed,push,a4e763236218ef0ccc90948035ee6b29bf2ed88e,56486771
failed,push,142d46424ee4b81b088169b40342dcacbd161ecf,56486006
failed,push,41b5cc3efa08b0e6ef726b167f49dd18c9cb628f,56481187
failed,push,4378998503644b7efc6229348a00b3bc10b0889b,56464266
failed,pull,95fdadccbf9a5f2b1b286441f78d2f916a899f6f,56275702
failed,pull,d769480fe9262d92d361cb62e67b33dd075f22f0,56262111
failed,push,0dbedf230c4642567fd9b34b971023f0889087cc,55394074
failed,push,bec5b2c2d8110f2925e07a7ac3b5ed35bb429d31,55391781
failed,push,6825596cad78fe4f372d2b0866c2a52e8a8b6cb6,55284482
failed,push,70ce9317c665b5254ab2c8cc84c0ee4d96820076,55282038
canceled,push,ef25c428f681e7251697597f10bc66ded80d21fb,55281991
errored,pull,5a1e2d7f5b4c4e31e6ebcdd568cc1e2ac1258114,55281986
failed,pull,5a1e2d7f5b4c4e31e6ebcdd568cc1e2ac1258114,55281965
failed,push,6957bc13d9d299eccc79aa5f73173d52b0d1f01b,55281962
failed,pull,9de9fa51160ec13bbdf8a3b1c942c9cbd9b7b63f,55281823
failed,push,36e68ab5b2f42cff27ac62181bf8a7477600abaa,55281808
passed,pull,2715e691dca5520644b390b047627660522729a5,55280420
passed,push,40428f0a177727083f7c37b3494e432556b8fbae,55280417
failed,pull,c009111fd8996f388363080edbac11d9e9b2e3cb,55277881
failed,push,f91a8e822395b62986621d09856b631d96fd8806,55277865
failed,pull,230271eeb79c39b7f3b02501ea567da4982807cd,55277304
canceled,push,ea972a01d454ef8c2b9667b12c51d3c039d05064,55277295
failed,push,20b955d25aa22ca2260f1990132ee6cd00e205cd,55277238
failed,pull,9c8e6594f0bc602b5af0591db7d78d77580cc3c2,55187554
failed,push,a7df02031a893f885f2b8256d4f0c6c265e54ad9,55118400
errored,push,2fe63b16fcf7ec61e9829af263fa0bd4d3c93bf3,55115662
failed,push,f03962f1baf2cca0ec4f44d66b1369081be78177,55089459
failed,push,cac2fc8f0e11039e986279559e788dd543f743a2,54959843
