Status,Type,Commit,ID
failed,pull,772197365fd1037a76d0938995ad82d0ddbe3bfa,275413991
passed,push,30873e0ef33ad3e0c3937c5b28e450851155751c,273334493
passed,push,60d19aeddab12c894fc25adc1404e2e893f58d98,273332640
passed,push,7bf399d70868807363c4d58a63d34dd92282de63,272847876
passed,push,82568014f397530e813821f66a45b60cd515cf54,272847860
passed,push,a5d97f7b6dd2a4b5110eeec22b68bec743101dd0,272847855
passed,pull,bd1e21f1d35ad0a14bdaa22eb392f752878cd13f,270573646
passed,pull,9e427e4d1dc864aa929b24d1443bb342d5585335,270177746
passed,pull,7498f2c4bd86c7ec19abbd78dab1e96b0acd067b,270175674
passed,pull,3fd4883905fbc50f89ce7caaa043c0c29add77e1,268979304
passed,pull,32447103c41d29fb63f42a810e76d7d066c56dc1,268945786
passed,pull,d1b875be5c740baff0df7adadeb12e0d52bd1629,268943639
passed,pull,f3244025aef3a95312cddb2dbbc10b34a7fe2139,268920597
passed,pull,62104f2a605bdc13e2f5b62ff82ca9129103695f,268916361
passed,push,850490c52a466158dc18255dd1ac39b44c6b56ae,257873145
passed,push,f306f4c716fb1547abedcd61b827f559664197af,256677456
passed,push,b69393c5420d257ee04d97c9c2c93294efac55a6,256675667
passed,pull,fc5c4fc878b2dc04b02af5b17c373b66667b5d23,249564823
passed,pull,dab54e57ab7433f42fb0562f404556915d36e94e,249110911
failed,pull,65f66a184c6380c50f35517a2045a05fb8f5ef2c,249109590
failed,pull,c786dbe620e78bced869e2667f836ace7d33e6b7,249107941
failed,pull,71c1a748e6a0510598d9546f19db818495e6d1c1,249095797
passed,push,155210b786c67d144cfdbbc8e3dc8967d71d5e5b,247976749
passed,push,53db4b6d23c897b1f056d6ea2f397aef81cf6f0e,247976481
passed,push,155210b786c67d144cfdbbc8e3dc8967d71d5e5b,247976432
passed,pull,6ed0814eb2dbb5f124f0e7e0d1f52a15ee4c96f9,231183374
failed,pull,518bc25db637800890498e60f4e745354ceee34e,230897404
passed,push,71237641ec78a52f513757bf02db52f535ad5356,216348773
failed,pull,2151332243632943670c1bc70c3d80ca50e043ef,208477705
failed,pull,bd0126d255079d833568267f03506c580e6be58e,208470489
failed,pull,3df85cba958487998197dbdf7c3a6515b0daaacd,208470233
failed,pull,b5d6d172ea3bd830f9a2c23338cc58253bda3fd3,208469855
passed,push,34afc1a5b6222c06dbfc232bfd9babe249b422e2,188287063
failed,push,3e2037e722a50a33cdea2179b786dbd7b09c0f57,188279817
failed,push,ca8cba2575f8e3be006e0d4c83c218ee213820f8,188228816
failed,push,8d4a57e1f14a747952c0aa3d173d8ea1e317f7ef,188223673
failed,push,4b39d8f0061c237b474decbaebdc11946cc0e4e2,185434963
passed,pull,e50650bac5882518a42dce616a598e6eb740a459,184540481
passed,pull,067bfdc495e0f926cbca3dca56b9412734e5ffde,184495642
passed,push,9d4931ca536ab0c3d4db5c008bfa5c806744be8a,167477000
passed,pull,f3d763bf830a9c76bb0c9ad7551dc6687b7acf6f,159170193
passed,pull,e83766d48efb8ba4e65a6e39b9e92af3dc2879db,153353754
passed,push,838903080a8c00fb03991a3b7699991445ea0d64,153006095
failed,push,1f0e751e5fd063b76699a138d8dd8aa502eed253,152998029
passed,push,89bf7bfadfb9f28d612b9cdf78f27547e36ae339,152468655
passed,push,89bf7bfadfb9f28d612b9cdf78f27547e36ae339,152468493
passed,push,e8ed84c2616f5e16b493d99be485d51902abfa4d,151625147
passed,push,e8ed84c2616f5e16b493d99be485d51902abfa4d,151625136
failed,push,d6548a09a6031e941ef623e5d1f4998dfff94461,148891082
passed,pull,9b096dfc6eadfbbf7687a5bcf554b44b5e66a300,147100275
passed,push,601cd688ea5bb51d593cffb1aff0f6711c757966,124285272
passed,push,003338b7d08edb13ac9f4da8e9a0d46333291745,124283900
passed,pull,6fca41ae15db44836bec9cb74752f429c438c5a8,123707474
passed,pull,6a529565dd6c209d22cea3f417ab3d02946f595d,123292874
passed,push,4b5077341a3b3dab1685ed82590cb9ac6fa7b82d,122073161
passed,push,78487ce015f26050116c63d12b864fa8aba80d6c,120399848
passed,pull,accd5d113a7844beb9b79cf53eed7c86053b44d3,117665120
passed,push,7565321070fae28b3e58d9d6b8ac8a7c0e0bde24,110185290
passed,push,f395e2f8bd6dac839b4f9b38fe6278ca5623aa1f,110181270
failed,push,cbe1f1d68b53b95034b38bfc884855639d499e09,110178839
failed,push,236fbf52b18b7471c50144a4cd8c382ec80a9087,110174168
failed,push,3b491fba20d2aa3cf2ffef10fff808640966704e,109972486
failed,push,64d55fa05d1595bdfc002fa29ee666e73c21a7fa,109924179
failed,push,e16e092bce0c1896316100a10d3f6a0f3825e4d5,109923433
failed,push,24842669400e8a59f5c24978cce3b49ddc6c922c,109921887
failed,push,00cf600432e287be2a9d0e6f907cbb15cff01b04,109920905
failed,push,6f90726b8e2a9228e7c2e5572d121b2b06f28047,109895372
failed,push,5218e41e26c554ce5be33deb888afa4bb3c9eeac,109889343
failed,push,25861f0b11efaaa19160aca85928938304a32caa,109887329
passed,push,8c0591deed20acb95907ec8bb33e6500a37e758c,109328786
passed,push,feb7e23100420c4e24216e45696557e24942dd1b,109328782
passed,push,babffd370fc35e952f3d1d70e39c3059aa07380e,109326353
passed,push,37376ba4fce89c04efac116ecaaaa34cbf8631a1,109322065
passed,push,668f19dfb94ff17bfd24170e211af37586699d6f,108384043
passed,push,80bd5685ad4ba4a8877ff8aabb128e351328bfb4,108384041
passed,push,fc841de4eeaf226cc800714c7a5bfcbb051e896f,108384033
passed,push,118f1f133bb6ae372e9a0cfd9aa7c8bfcf1782de,108376750
failed,pull,e647ea1dc95e08415871572b9172b459ca389659,107994091
passed,push,ffe5fa3038ffdb177fdf6aab970fb951aa71b7e4,107582712
passed,pull,4400c69768848d0670bcfa0bc78b4d8894ad1ed2,107365295
passed,push,fc841de4eeaf226cc800714c7a5bfcbb051e896f,103706162
passed,push,440f05999c29159f2f2889534930cc49b6f80337,103706140
passed,push,f8d6d52c3bc9bb9659fe3c3dacac1e284c97690f,102110735
failed,push,d86ff30d52e4ccb14bb7e53cb809e40ec001063f,102107704
passed,push,1b4830854179df95bf51a3c84ca5f8f31a460563,102097917
passed,push,d907367d9fcef879e9fa9162cc04508adbbff7e9,96460417
passed,push,873b14d086198a96ba32a0fdf3a369cd1eb33c7d,96457247
passed,push,c536462ca9fab1ea9a8d0155d37114457a9fd90a,96456838
errored,push,a74a35a2bae077dd5db1b7ee2013a8ffcb29c33d,96455693
passed,push,05816236aeaf28e29b4bf846674efc364b0edb68,85918878
failed,push,b85943dd162733144129bc29828ec31695501016,85915650
failed,push,86f01b2e1bd0651bf9fb5254485a841a5d67e314,85914289
failed,push,298f1fdc8f7f1359f8aaa409c4e4d73f190abc33,85914027
failed,push,649423b2ba65ff337aeb786d7ec256849e8ce7cb,85911912
failed,push,8f7d31247f4b72445530d76042e8ea5a0d68ac2b,85207913
passed,push,84551e0c86154dc8fc67daec8f6c24f5ff6c54aa,85205215
passed,push,a5e5b9b14666ca530cfa012db3e4e18d056f98d9,85204611
passed,push,e6d5efefbda6b9fb2358c7b5bdcb606d93fd8edf,85000760
failed,push,afaaf69473177964059050a0b38b2f0edf556329,84971994
passed,push,62102d5afc11e77791cb2119e02695d09c6c3a3c,84926038
failed,push,d5660bc4c1d8d2c76bb815c0eeeabd2e0d45c0fd,84926026
failed,push,24c607c9fd189ebb2bfbad4f7c95280a000cf0b4,84924940
failed,push,db32ee9c94fab4edefe07d822214df66f0ff5174,84924736
failed,push,9dec2339b4bb02551736318f750d4484f95da910,84924721
passed,push,aa5baee49a4afee94bea750e9cc93e3def33da86,83600422
passed,push,77e385b819362b875c1c4aa4a793ffc89826ca80,83600132
passed,push,e0c62fd9c97d51830ab3ca7702e2bea99846bf29,83599507
passed,push,12a4829b198fb3ef05cedac29f6c7da3160784eb,83599121
failed,push,948ab8d457f5ea906100ced7be68dd09c0be687d,83598731
failed,push,474e7f4cc7aa67145269327e9bf81f9d7ce8977a,83558497
failed,push,5f78a3aba08ae30f5292aa49579d0a17ecf84982,83557555
passed,push,545e0d6379282e8d5ef164e9f56fbef4332b4297,83557285
failed,push,859866524d2fdacf592b8942c92651e40d4c08e4,83555702
failed,push,79a74ab48dda0fec5d55e26ff0e309f8c14f4baf,83552509
passed,push,232c9a58f048c4ba398eee27293ea5c848621bcb,83552151
passed,push,f11d8eeac78d81e7e67187f702b3d9df79ea89b9,83551841
failed,push,791fe41b517357479929e062d7cd9eccb011ba6e,83551589
failed,push,7d0c0cabaf523d76ab12301ece9db8c37f9e58cc,83551102
passed,push,31a7c00b19b1d67c7c9a29bd6ccfaecd717301aa,82629502
passed,push,97a67426dd6b205695ed5903d703666b65cf7491,82628104
failed,push,bba6e1459abc4a637ad2465b77055b92c827a28b,82627646
passed,push,417ee9886fa0c5ea2c9f30e350d0383edb66c2cc,82343975
passed,push,bff1dceb96920b80e316129f254488782b40ed3e,82342918
passed,push,0831b992f9048de431d4a130d41ab46f0bbf6a8b,82342812
passed,push,c61d98ab481acdc49cb3e7200780a43c4a13a675,82341895
passed,push,48cc5e276c06520173027f4696f96699b3d0784b,82341349
failed,push,9c88ceceb408fb59102991e56a445ab13ba0b0fb,82340751
passed,push,4f04059776464ceda65aa22d33f7f96aa29358db,82319071
passed,push,0b934f0cd10721bfa65fe07dda9b82563d852aaf,82317057
passed,push,2d46a9e85d5fc732c4bc7f60538e0c522212fd17,82316481
passed,push,c501a93f5fc893e800495753c47a76982d81b6c3,82315747
passed,push,174a12d1682959ee7d35b630e661b1c3e1d1ec92,82312570
failed,push,0d317aa350aed2761d9902f7b9d3b326f73c5e42,82310838
passed,push,7d898bde58e223563a40788ef0d9ab33472eb8e1,82306079
failed,push,89bf7bfadfb9f28d612b9cdf78f27547e36ae339,279706100
failed,push,7d7459dfa3bf9f964893ca5b83fb8f4e4e98ec3c,240097069
failed,push,f53f0305655ff58c5e41281dfd4509440a655c0b,240096455
failed,push,ed32666af44e0a65e617a932088984e701969010,240095804
failed,push,ef9695bd7426a20c0031b91ff1f95a62791261d6,240095021
failed,push,057d724e2f044e99aa51f932cb3070a50d25f386,240094323
