Status,Type,Commit,ID
passed,pull,00c2bafe2a9afe8caba14698640f0d6afd4ae3c6,294962484
passed,pull,b40e366d10d3b7356d09dd12f25b19d9e1031d9a,294946687
passed,pull,0aa744a30fbea9e28bd200eff92155e673775fb6,294675574
failed,pull,301e537f49779fc0068cd259ea427a65b2adc9ce,287195102
passed,pull,7bab9f55d4ae5c12964f953de763abd7b3ab61e8,282929044
passed,pull,07ebeb2e463ed4683f1842cb36cfbc6d398f34c9,282875958
passed,pull,614c7aa572282e291ada52bfb4a7b83486a16fde,282874168
passed,pull,999b63d7eab245dd845b2e4f01c076ca2b502c16,281766874
passed,pull,a939fe49bc49c107442f4e7f27125868bc560a21,281757765
failed,pull,5488567626c6be1fbdaba6d7dbffa3c6417f6d58,281395535
passed,push,031f36276e715302c9a42640bba4f43f1bbff6d8,281060227
failed,pull,42f890a4f3940ea4804e1551bfff723b0d26497e,280946731
failed,pull,c07b8578ef8c157dbdb1e64cebc6562f3c2f8d69,280736844
failed,pull,80cec7ea55c5a398b895eb46feae7f8d07a0457b,280736537
failed,push,589266eb302510ab90fc7dadbb6a61fb8e5e7758,279763256
passed,pull,44bbb7161f70130c9c90be4c2ca19c4b2f714880,279322804
passed,pull,16e472c312be5fb4e5bc3d62745ca8aae7831194,279322151
passed,pull,edb02183a1d0fc04eb31c78be53ff5ee1fc713a1,264413780
passed,pull,a307e059d7034e3c005ada93c47c8690a5b2ad30,263321192
passed,push,96fd15b621e7f510e2369503f1ed2fa2ebfe52f1,235659301
passed,pull,d1e27cacf599a9f20053af7704e209ec19b3b74f,235601145
passed,push,b1e784aa265c7af30314b5ca5399d37a3f375545,226910892
passed,pull,d71c99f4a323d0cb9c4f8a8405a70fdeba2457a3,226644672
passed,push,a3a2be6c7021d285c920463bb4b6d1e99e097c31,221431489
passed,push,c8f530769897f721222a9ec7487f30b6d24fb80b,220330216
passed,push,2d3de32d823604aa0d1143c8a5cdaa1892f35a8d,217672852
passed,push,e70920eff85c19d5a902bd0970e52aa8469ca416,217672812
passed,push,5cf829cd63bc283fcd170adceab6cb4730416a4a,217672770
passed,push,7efd75958553f3d924f797b29aca2d91630fb29d,217663496
passed,push,cef0bfaa310a427e74b772d09a61ef309f3b1a0a,217579478
passed,push,cc3c9c03ca4ef8afbfab8ab4e58db262b59ddc2d,217579043
passed,push,6cc7e1368d5d177229d0b1e42a95ed6bd640bc28,216613073
passed,push,0cbdc9878fce9258f7116cd494d97dfb2c45db0b,216612825
passed,push,2384b5297f929de3e6d4cd83422794c6b6248d00,214049381
passed,push,d5f7abc1894fd13f23d87633a3db980c32d14235,214047917
passed,push,2ab257d32a74cc5d6dad3f41d8b1e4eaa97cd0e1,214046526
passed,pull,f26110627d616caff1ce82e1f5a3a4d4d12a6b93,214046285
passed,push,fb0be99c3d17ae1eb887ea0334c26d1dc49d86e2,214043736
passed,push,52eab10c9ef3da779e53043a589fd76b6b40c354,207748676
passed,push,ec87ba533438d7e3831db5c14da37f50de657368,203019220
passed,push,5ef8d94a93c22f8d8ae1f5150b1436867ac63f45,203018550
passed,push,8f4ec732abce1ed245b0bbb48762de0751ab4c55,196679102
passed,push,c638f5d4daa9be56621b4da4d714a4c1a4012602,196679065
passed,push,65ced28f731a22fbc1dbc4a5de8cf40d88cab930,196678455
passed,push,d142485c799621e7f9e75eea3e265f84d0267af0,195067683
passed,push,61a969666c81557c5f8d32d6c5e4d105bdf53203,195066716
passed,push,5f4dcdbd1fcc3a90867b6f71690a7630234ac503,195066620
passed,push,f4cebf8c6dc19b504675118ea0ea71767cbd4710,195066403
passed,pull,02a3e86832d338fedecfde5a375b2d7f870df3a4,195014012
passed,push,9e49a35f6132f3a1e9a4e867f5bf68ada47189fa,194720311
passed,push,cfea9416f41b84be67bea949330ed0ae18e98fe7,194720299
passed,push,0d5b5f2ee2cc3cf317da77f6b967201a3c326d98,194720242
passed,push,aa478d2f405ba6b4e7dc4bb1d42f0213c1f87f1c,193938386
passed,push,4d73a269602dd78eef6bdc19620cc7998fc330f2,188953499
passed,push,60b454e8285c4dd35426cce07ec97dc8959d4f9b,188952790
passed,push,8d215370aa48f9716f84cae6acca6f2f825c8882,188952769
passed,push,cfedff7b03f3181506391e7e64f7ee498e25a5c7,188604718
passed,push,69b0b5fe043eab2264fb01e6f0d4c5a9f4828156,176923830
passed,push,25d26435d6d65a7ba2784b5bff5e497c5c680ffc,176923825
passed,push,127ac5a8bfa68034d0320d0d4e60bcb6301a92c2,176923294
passed,push,a7087798e6ffc482ab1c59bbaf2705e36ec64470,176922790
passed,push,aaa5cd28ada6e682a060d8c7ddc21cd60fc9c58f,169950741
failed,pull,5b7ead98175b7fcccb8898ecd5ff40e54c51bf18,169875265
passed,push,1a29d0b49b06d6cf8f2725890d534ccae037ec12,168167727
passed,push,d68bdb7a080423bb7b3dbd831094dbb268e1360f,168167700
passed,push,fc82b8180d14fad9547137757fb143f8c4960d66,168167626
passed,push,2ffadc03561f9ee34e7b93819e486968d3900ec1,168167461
passed,push,d4fe5c31efa603f3d8cf451fac96a7831f58fb69,166121250
failed,push,5cf67875b4f29303d56b1d01e1333a235d08b130,166121229
passed,push,e77fe1e592ff1a118fe818e21ccd98db62902692,166120678
passed,push,62d961c9c19c15d3dcdb99ac546f23de94de0b37,166120120
failed,push,0b61d1480e270f4d863849aa6af8a1003fd74e0e,166119474
failed,push,2bb3ae4e876bebc7e01c9274936247d24c94cfd2,166118555
passed,push,97dcb46b14d75a0344e0c29e92fa771451401a51,165654258
passed,push,e606b3f32419878f590ca929bfd772f5ab86d97d,165649151
failed,pull,6bb5fd44c7fad0efa7d48f74c0c0f9e97f5508f3,165424049
passed,pull,8d756b246d0352d2d096bdacc9c593c6beb4acd1,165423086
passed,push,59ade146ab3c6c8d1f8cabb9e630e144f02c0e8d,161498324
failed,pull,b2b96e7540eee34f2c430181ee04e394eaa842a5,161314464
failed,push,a67a209dc530533aa134e6cb38ec6a9226df5450,160364714
passed,push,59ade146ab3c6c8d1f8cabb9e630e144f02c0e8d,158874494
failed,push,300d322cc02111b76247efafa90d623529b0fa6b,158800423
passed,push,86d3f5a093b5afe5e964c9a5c3db2054923e2ba7,158779626
failed,push,1ed27d53652910562fd5f4f0f0930ec4a0cc02a4,158621193
passed,push,5e03749b99cf09d6de31bacacb76591ea1436c66,158620887
passed,push,b11ef537868c85e68ef87bae93f95a6b9e0b1b7c,158620735
passed,push,a4ccf52a2ecd32eeb60d4334fdf21cd3fd31c606,158620702
failed,push,e34b93c9ba6eb3034fe86e08fd8f53aa5415d84e,158620345
passed,push,e26b9fd07569778da649cb9a96c1cd22878d9b28,158620334
failed,push,671e6b7e72fcf866118ad658cfb72289f6ca073c,158619610
passed,push,e9f5191769da97cb46f9386d9266ddc137a57714,158617666
passed,push,498a2ede03eca8bfb516de35ec3ce5844c902b59,158611822
failed,push,eaadd37025c79d619eb0e3b6161eb83f4808ee3c,158610017
failed,push,62ed9f6adbda27d52a817dea05152a277620aa05,158608634
passed,push,cfaae8416b156c8dac2a4a913bca0ced85561238,158507691
passed,push,641eb3ecd45fc85a19a3576e414223e08245ad2a,158024934
passed,push,732746b013bb93f3d3d29ac3f026af19ef3cc532,158021503
passed,push,0c6e1d499ad56c156e93ae7fba707c9b3d6fb1b3,154797643
passed,pull,5a2b4acbc1c7d461132b63f0197bde3b2fe229df,154756400
passed,push,b8544465c83178825e7ea6ce175ef2738937f24d,148628321
passed,push,9ce15a3f83c6b5ceb83de746abc3e94a28e81a9c,148473634
passed,push,95c6afd4886d1cbe8abebaa4b5540db2cc8e747a,148473621
passed,push,8f72ece35b9478febb7d438d24b388ee6a1601b8,148473586
passed,push,60829105508abcf10b8cc1cd9eac59517949a60f,148470473
passed,push,b134edf83f5f70fe81d7ea63e86beb9a37660045,148464303
passed,push,aa53a7354eb2b177ff41f0651e0e5dd3dc5180db,148427778
passed,push,51606e84d9048fd30eb154547f380cdad3719262,148427504
passed,push,61e2c23edea005667d34b72b3e5f8ccfa2f07c38,148427081
passed,push,bd52e0db02a60f6c35419da08710d456efe83550,148425915
passed,push,b1af5d00ee59254390a5a5a77ab1159fdd530b8a,148423105
passed,push,bf75d0a3ed049f38515eec1bf6bec263c1910142,148421097
passed,push,5aa95d4c19407898d3447e7036c4adc7b12fc6f8,148420805
passed,push,e0b129feecadbc6e1071b58e7898594e6357a175,148420519
passed,push,40eea4a4a368d8549e7c9183f24d32fc4c04b95f,148419108
errored,push,36a835eec6bbe4875678fdb889704e19fb6e48ea,148418181
passed,push,454ee44cf36cb2ecf8f945ad4548fa6d1870b472,148416256
passed,push,731589ce318993168447eda7620ac4f05abad125,148164684
passed,push,b1a99a4987ec828cc42d44fd8dd61c252e4ac5f5,148159483
passed,push,ef79e251d26f8830df99e6cd0512fcc0ee4ebee8,148100050
passed,push,3b198a346a2b96f949a8041e8335492b9180b255,147811354
passed,push,3422ce0ade6eed58443ffc3a69eec3e295234d02,147807661
passed,push,59aec1bfd686d9b3df31aacf6e796030db0fad4d,147807313
passed,push,be97cc0f599f170852947176ff9e4c979e41b788,147806351
passed,push,1be3ab5e2bdd22cc1962158aeba611058ae19694,147672504
passed,push,98b9bdf7d114cb028777f3720932e914bf61b660,147618099
passed,push,cced166b4461e8aca4c83889803561d2a2156723,147618077
passed,push,1fe3a0a0597f54d5db74b0d00f886ad0395dcb6d,147591087
passed,push,56616274182466690d2081166ef6fa03ba3749fa,147539436
passed,push,d08a83c280932af542f0c73366af4744fffb2b23,147364130
passed,push,28030c49ea2b707f2abd3a1ba91c2981c10164b6,147360221
passed,push,dfc9819747716f243e1420b8609b7a8f4a36d0a6,147359990
passed,push,894632c6d3b904a862a7e19a0dca46affdc1943f,147358235
passed,push,61145219b76f856ebda574704f0839b88b0a6ee5,147357441
passed,push,90573256a862d8a2f2d731e4a40fbe8811e1f2d8,146965049
passed,push,119c6c88a82df906134ab1b06459fe8bebdadaf0,146947051
passed,push,88985cdec6bcd10470865c90fa2d11e6b33e7e7c,146946882
passed,push,95af09fae6cc27bab764a8821a585e874b1ae8b9,146944992
passed,push,f6b2fd071244ff103e05ba33b5b1abafaf69ba76,146944242
passed,push,c26970671ca23257c23d0355b9d11efd92ad39be,146944240
passed,push,faa63952077eae05ad647f3cb18f98f2d427c984,146944191
passed,push,57503e4a76439e549e77672b379e27326d27d3bf,146942159
passed,push,8fcd0d82c9cc5a07ebe68c8a55ca63e3eb149243,146941837
errored,push,89c291063d7fdc456aa5e4f78daa8a01fefdfcdd,146941686
passed,push,51e47400597c203c186ef47bb4d115ed2805ff11,146925018
passed,pull,214f821493c151971743c91a9f13d808b5006205,146919486
passed,push,55bc48d2a106405f7f796a259ecfc4297c93340c,146878506
passed,push,4bf02f7fcfc5737b4ffe5f03ca2cd4ab591d430e,146877115
passed,push,90a450016dc5cecef8d2873419282ac0588dc0de,146873506
passed,push,d731c2dcc4b7e4c9749beab646463c0c0582be1c,146815577
failed,push,09e636f84626d69970f085780b973fdbf290e1e9,146814478
errored,push,a344855f35796d91e179f99be1e2889e9acb9069,146810990
errored,push,fd75ec4049c9b32d1587d4cbf376468a344ed54e,146810760
errored,push,eda5642ff73145788e144cb91759ba0db4a7be03,146810674
errored,push,40d50c87524fe88dbd42f33e9a968c515d5783ac,146810320
canceled,push,62a203ed6e522d041e3c37d5306d74d0bb332cfc,146810006
errored,push,fa5898598fa4d8d28b6af20786f8cc577971db53,146809639
errored,push,22934ea5eb863c3b0e0d5deb5c3c8c8cf2570d09,146809144
errored,push,f48a11e0f5533424873ab0cb0306d4e2b8bb5e6d,146807999
passed,push,424f2b35d3652d2b3c1247b1084fe048f3c0fe2d,146743992
failed,push,14c49b87df5636a238358db7bd7c5b74c5c2e44c,146733609
failed,push,e5b7f62f706ce35a6887e9d33c73fc112be8e799,146732016
passed,push,21d862a4f650fa9e2b037a5b4eebaa4ed2aec7a0,146240898
passed,push,95c5786f8131d87c7c8a13c8d8a326f04c492b2c,145905106
passed,push,5c31066ac4d4771f8c44a5f4bb3160d66c72f36e,145711168
passed,pull,d83427d155c26a0f94f8a528496fa9ee31fd538e,145710846
passed,pull,282f64d5d10adae06867b6d9388080d706c81e23,145695306
passed,pull,58a2b9708a176ed1996bca07928c670d31a0b3c6,145301251
passed,push,efcd0a0f2f379282de71784dada73e2830dacd35,145147885
passed,push,04ab9300335b6c9b50297ef4e665edd0235fc158,145142444
passed,push,a9148303a096907ca8d2ffdd1ddebfc867103636,145142331
passed,push,0209e97430fad87a8d0b28d7b2e5983c3941a202,145046922
passed,push,2c007e7b8d6f1a174a6ca7806ee194c6b423c47e,142820728
passed,push,b3457647708aa49b68008369d10180703b7ebdad,142820720
passed,push,107bb4918647318f8ffa89bdbe6c05db9ec012b6,142820591
passed,push,458378d52c294ce3fa90173386ce79eb5d7da022,142613691
passed,push,e1e7e6722e72722934d63bc3781db259605acf72,142501904
passed,pull,b866ab41a831ba550926481d98fc5c8610e16853,142384292
passed,push,fbfad1b33c3b861f88e48f2b3d03722321cb9a2f,141767466
passed,push,541ae03434d2a64d81b1ec47e5a9f26585631724,141767456
passed,push,33acdda3ed2979e5dbd9ffeee43432621bc0d6ef,141767354
passed,push,982501a5ed2c5b0eb55a24a87e98bd871c59068a,141765965
passed,push,07d92de343988401efbd33e7993e3b01fd3c651e,141132885
passed,push,d6f7c7975c805362b96111bce3f3beaa271ef12b,141128501
passed,pull,d6244726371f0420c8e63143760d3af4f146a2d2,141126907
passed,push,5939692c31bff008e64d560543a30658433c159e,140058169
passed,push,d175509d8f8c923bd0c3cbd86883c452cb6854bf,139947325
passed,push,6fdc03f4bb41eaa6a312a35581f0bfbb4de4d2a6,139917679
failed,push,6edf147054f23023bff3ca6830f70eff3bff0458,139908058
failed,push,d41b5c9b8a88144024d161396b58724e878afe86,139907714
passed,push,3dd55b71c27b99e85ed22e784d5ee7c3ba567fcb,139907318
passed,push,ae513e32e51eb0f6b082508827d3581b8a8b7188,139902257
passed,push,d591b3f2727913b48eaa3fd9e78b7d99d99cbb2d,139902075
passed,push,10f2b03b8202de4d030830a1a3882b37c9ad5e84,139899291
passed,push,6a77095d112a63ed77086e0983631158bcdf4795,139899255
passed,push,aebd1ba6f2a07c5ad7ffed8a294f7dc2f447d7f2,139899115
passed,push,8c9f9ec85ac9609b2a25510a010b31975b825ec8,139897584
passed,push,c18b86385878542f7f431937773ff66829dd03b8,139603934
passed,push,06483e59fad4b52916ad1706b43c058030a23e5b,139413739
failed,push,c2c5e28a75d74a257814862665692d699193a57a,139411710
errored,push,874eb8a67208e5592f440ca79dd03c30f97a0a98,139405922
passed,pull,dc2ce9d1a492f1f74057355a44b93e7c411ad455,139195384
passed,push,a541eaf76de05cf91fda77bae06b2dc9a5e80a82,138991371
failed,push,091509ec01e5851d6f5c943cf956ef563b1f81a1,138965832
passed,push,d28716074ee350cac0824dd184b869b6dbae2e8f,138792311
passed,push,df34df59e921850342e27a9f494f1b598f420efb,137336944
passed,pull,b101238a284ceba1025cad7305275503db2e15e0,137336668
passed,push,cab9113e7279dabf351c41d9409f4bcf396275f9,137320697
passed,push,3a0bf1e9bf69df35367e7deea54d3c42c1c1032a,137319960
passed,push,bbb670e322f910e06809befebea57540e6ae6de3,137319142
passed,push,13ff935a3dab00faa5c83bcb4e2421fd40175fcc,137285807
passed,push,a64194d07d5e01bfb1411bfe9bf13156e833a4c2,137284616
passed,push,c09a443ea9dfd96468da60193d133ae24bb8e1ba,137160745
passed,push,4de2a5cc9c9fc277a38892112f87aaa0a20f9341,137158264
passed,push,4539add989378ff0e6599f5571977d1542e48f96,137158060
passed,push,ec343af8f5996e57b12f659840e287a136319aa8,137158027
errored,push,e3f86928e9e3df56f83f4ed93973bf36605f3741,137158017
passed,push,7e3ab189d2b88495907a99506b8be075d1bceecb,137157727
passed,push,cbf8e82fab467737e9112a5c414793d996d9b0aa,137157208
passed,push,a47f629d33130bb5658c1bb4931d1ad5d96f65db,137157155
passed,push,ea5cb721cb24abec8dcda57f856269bc841f3ef8,137128691
passed,push,9757a664c31f648834bba89aa7ff264d98951dad,137097428
passed,push,dc43cb87ca4f4c56a2887bde31cc72ab98a3031c,137019139
passed,push,c552c1e81fcd3eb4eb0b98c712a244e149ad5b47,137019080
passed,push,24b383eaf1a3583f73047fa144d52909782baa09,137018868
passed,push,7da55177e3d1bc410b477760b399eb9da755f3fc,137018819
passed,push,1836b63a235e91a0d2766ada5d43934900da05b5,137016690
passed,push,e3e7d076d9c9203e2c542dca1c2733aa02565965,137016683
passed,push,cb846c5fca23a8765f67456acac4073d3888b40a,137016551
passed,push,1f51202d12a3c9e6337496967b12185af4269c4f,137016464
passed,push,b11fc243086ac4651342953b58593e19f966f98e,126225490
passed,push,67de8e472a0ce432afa8bc49718e178e8d7ba00e,125173580
passed,push,06d465183922076086c2ec6912e3ff9e0ddd3f83,124271360
passed,push,8fced78baf554c100ec36c526d0aa575de569c08,124270749
passed,push,74c272a5903fb940523913b06d4a110f8ba25eb1,123737600
errored,push,7bf3fd8ac79c67971ca822eb381a0d82875b8d1f,123737549
passed,push,a68f7f46d98da50a4553e287042dffbfb399e737,123737169
passed,push,a19cefbc348f38ce306fc765507307e9ad4066af,123736900
passed,push,d90881acb0e501c41b071787471db0f57854d1a3,123431121
passed,push,2bd0e7b8f2e733471263a24dbe157a6901fb73f3,123428694
passed,push,d92f0fe66a5277c79f30850d807da19aafd166fc,122666755
passed,push,748241f6fc332500c340dba9d0f8738d55fa9d97,122666743
passed,push,47bcda12d26f8a2ac2a2512659e3195e1092dd2d,122602572
passed,push,e950a361b0b7c21770a9bf49d6254f828a68355e,122601900
passed,push,9bff58cab8842448b136369f962fa7740af302d8,122598974
passed,push,1a08c02c55c66b399b90d9684448c7a0f0842457,122597604
passed,push,a0f8b9b62d520a252a69b0ab24ef2ddd88bcfd78,122594423
passed,push,5ef816ae4f63ae4b57ded43bf98ed17c988c529d,122592721
passed,push,7c1f246b7be56b14acfa52951e987c7f40482139,122300925
passed,push,f46256c068718f523b0bfe8fbea80740a033a8bd,122297633
passed,push,cafd346d3dcdde48459dbe3d63d00d723e0190d4,122297300
passed,push,d7cae7652f81980888a0804f7fedce36fa43ecf7,122296299
passed,push,cdbdbfb0594f68b902eb4a39ec371acf41a8152a,122293935
passed,push,ee31011cf39e919da214cd4004c6513377c659d0,122293640
passed,push,746f7dedba80f34077af0c86c131adccced04fa5,122167546
passed,push,f15e78a7992004a644a5cf70f0012b8f975c4a31,122167544
passed,push,cc6721e0df7b79074801629d24b7999a703873c0,122167524
passed,push,d366c23f5ae0589fa932f97ce63946fcf9d226d4,122167306
passed,push,b5c074aa6faa938f840e216d342577d3c36469bd,122167064
passed,push,42bbcaf08b1dee5ee7b7bfc61fa2152131550132,122164967
passed,push,56783e8c727d244b9a2a109c15c5ea28ef004858,122164474
failed,push,f47ec58300d54d70b7f5b561ab3d281ea3f40edc,122161058
errored,push,865ef640ab19654ad3dd009acea7114775876f9a,122161017
errored,push,ad24bbc586b145e6d9b3e47255d0341f5dbcfa39,122160947
failed,push,30fb61e1b2e632ec1d6099076815262e062ffa69,122160530
passed,push,53a891fb2d823276aa5cc926b61ec7ffdb22a50a,121067860
failed,push,77eb8eec0442e14758bb10c31aa82f1f31b0a68e,120664406
failed,push,6f1dd765ec5ef5cd4d502ab2ff39c0c9bb428cc0,120546820
passed,push,77eb8eec0442e14758bb10c31aa82f1f31b0a68e,120546589
failed,push,d7bc6e2668aaecd290ea88b9227c023cfb19cfd2,120539801
passed,push,9c3d5fdcd16416e12fe77728a39f9481fd5b8db5,120391886
passed,push,0de2f53176fc1aaab09b2255e505b35c5cf2826a,120391846
failed,push,54e02d5a3ab21091a6b927f2f67f23b179ea8d47,120391641
failed,push,3c0a0d85fdba62bc3a4e5d71222dcc9ef746bc01,120391420
failed,push,b55892dd4c1250766aeeecb5c9e6699bc0bb6213,120363993
failed,pull,b6b5ca4a7bc2c65ffd07353117acc69f50816270,120359680
passed,push,6f6cdfde624371f584527e930f71c4a222ef791d,120226711
passed,push,e007b3c2752df1db220f13c59e62488875040b46,119986850
passed,push,626f4c46b5dd6c2d40a7ee9ce56e970e5b73a17f,119986665
passed,push,fa43935582dad9f191b817fba92682ce7db2a8d8,119986652
passed,push,4defbce8596667d1e2054718fcc408e781d3f64c,119986548
passed,push,09aa214e7943684020d001fadefff3702df4f0a6,119986481
failed,push,736d3233305feb0a8cd1107eb1f9709b0d1da1c7,119985976
passed,push,09aa214e7943684020d001fadefff3702df4f0a6,119985134
passed,push,88c8a02c228bdeda9194aaa99dc208558fe2932c,119983247
passed,push,917c2011030ce9d3bfbc120c44dcab662ef603d2,119964832
passed,push,21435d4186fab91929099b5e32274a8301c57f00,119958591
passed,push,7dc260c877c180f8859c33d3bcfd61f7ddc50287,119911472
passed,push,e5fb9e2909db92e48ab1de4f2d0d7865cda3a62b,119896894
passed,push,989677e9a3adcf20ed25a15f2d8b7916b74e3ddb,119891689
passed,push,b50168435b006af546b8eef1436f242d7b3e77a6,119884163
passed,push,81eefea1d16dc1cf38175e7e948749f5d707d94f,119883359
passed,push,324e2dd2b7cb1bac732284ae52a72a01ddfdf674,119721278
passed,push,a2720b7cde7b7d76b712e70ef4906089e25c86a8,119720497
passed,push,b25bb779863a3c9053f49f7cc501bf2a57552137,119720380
passed,push,f259417aa0b08e56e152bb081debaccf28a74f32,119719937
passed,push,f799ce8a4983638639655fb8bd732663e8b3b4af,119718875
passed,push,de0d9b27ef1e5561a9f4f56d2282582079fe9dda,119718871
passed,push,04e09afd1ebb703628aea01fb726ae9f5d4bab2e,119718825
passed,push,00754a2ac8e65c6a69a48a9e32452593f5fdd858,119717504
passed,push,4cee3f8e030e028e10e91ca64f990eb6ebef7610,119716942
passed,push,659820698548a5561de506a6eac17c49a51abf2c,119716659
passed,push,12918a5c3363ca42f64a000f2477cd41fbda338e,119716475
passed,push,465bfcc50b866f6a92c0c1480c934d4fc9b8ea8a,119716079
passed,push,9df9c42eae3a677c9fae3182c86cd9137ff79a0e,119715042
passed,push,ab202cdb50470d5a74ff7d239d6b1891ef424b76,87122584
passed,push,c5861b439e84291a76c9e5d7cdc0bd3bdfc744df,76742110
passed,push,538865b033b92308237a3345cf9d4a3002890d34,76741929
passed,push,f653d9ce5c74c19964fc4a5ef5d9b1e8c1b69ac8,76741851
passed,push,854ac2c1b5a997d6f97f60a7243625c5c4126d5d,76741703
passed,push,c2b8ad7d38e639f2e6f3cc1e5db34f016a652cf7,76741436
passed,push,868d1473c14449ac414e8dfc1dd520b2afb53386,76741204
passed,push,18ed37577895fa855e716365863969c83d51a679,76741127
passed,push,b37a23336a11aa78a44f35d5bb9318f33877c6e8,76741007
passed,push,1e62f0950889b098fbdc87b41eb8af2019a12340,76737675
passed,push,aff1ad9b309b7477cbf1d6151f6a3789631f6b0c,76416569
passed,push,7ec2a646d7a784fd641926e3118a26e57a7c878b,75691801
passed,push,2864982e23d749c631bd7347efb73370d4ec70f2,75691799
passed,push,d922a8ef9829f18e4a0a357ebe96f21017e61707,75691765
passed,push,a1195092078f76ae5b3c08b5351ea2efe9728a2d,75691605
passed,push,7a18ebfc8099eab9e383d845d408677085a95e39,75691571
passed,push,7641d18bcacd6b61edc51a39651619a5f28ab32a,75691219
passed,push,ffff000e9bb8c76be2227feb880928ab0cc88db1,75691215
passed,push,7a18ebfc8099eab9e383d845d408677085a95e39,75690940
passed,push,9432b036d8c5bbf65b487cb9b67f6c645f08a59d,75690108
passed,push,412e7fd6151824a47a541d1feae21e5f05676bf8,75689553
passed,push,9864fc14f324f7934de982339f5b43203f5cb631,75689414
passed,push,66e82c44ebbfa940dd00c5c79976412846f75b58,75689104
passed,push,7dd63025596e139936245bbe8f843d0615db0d10,75688551
passed,push,2d8e5adbd672a843e2be0d6fb3e60469b1d6e498,73739592
passed,push,8a49fd56e9aa12eed020b9d5aabd33be8d81056a,73739589
passed,push,6f3062164961e50c16eb2f6824ca2779027d83e7,73739404
passed,push,0c46c5fbe9c1a2e4cbbafece26ff94128243c541,73739226
passed,push,10c27a9930c67ff2982f760bd51544fb7a141948,73739224
passed,push,f300a7e169c609929067c5e91d4989b5fb1f0cb0,73739139
passed,push,12bb7c49df130c61122ca177a46cd57c8159a001,73738893
failed,push,afd685032225c1451288881a46e26444137813de,73738891
passed,push,0f3f8cb76345eb00de506dfc75a84b0d9df91387,73738300
passed,push,c3eeebc068c84e28f203a2834411928ffeb4fefb,73738191
passed,push,7d6936e86173ebc3f8dcf156c1424797ea1dfce9,72771786
passed,push,19fc5cced20c63cc167ba7111bb3d24a9ea3e324,72661494
passed,push,0a01819d82a9715f3653f704f209bef2d5d2f7d1,72661419
passed,push,d49406e758ab06ef00736efa7a5c210a9e7a28d6,72661334
passed,push,618e78be89212dfeb371d721caeacc6840c1bdc6,72657456
passed,push,140c1ac8bc05bdfcfd2f01f6b27c7f2d65869341,72550344
passed,push,0a76443f5014f1458b0870239b426ec10f6b32c4,72550333
passed,push,01405d9347a3be4295006fc53d239ab3c5be1881,72550080
passed,push,8bba16a4fa4953c1cce8ef60df1c7cd51a4019a7,72547497
passed,push,68bd006a40088b84f2577f25c06cab0ce481a7eb,72545526
passed,push,8cd6f1da4235edd1e30fecb6acc6472c94f108ea,72545251
passed,push,b0a53e078ea2d7cc4795bd1a88e5c41020a80f78,72545099
passed,push,4283eed4c3f2003c3bab500d2b25a013cc115141,72544872
passed,push,c617e87289f28dc6ae403646b8503b3553bba86e,72544810
passed,push,f620690735feab2edb8978f12aa6ff9b1bbdd7b3,72544618
passed,push,42d07338f628081e4b470c5265edda4cbdd8dcde,72544352
passed,push,1e88865dd8c079b13709ceb13c321ad3fcbbb555,72544128
passed,push,707f8dfc63c732ecd16fe0c9d831f84ee65e6d57,71575651
passed,push,4d08c78e81ccb77434605292124a7c7e14e21e8e,71573571
passed,push,00ddc48c4c7120adeda47795ae3eda6cfdeb31c2,71573564
passed,push,e92117177f805a3daf8088fbd1da3543c8a3c6a5,71573506
passed,push,139594f34f58bd5b4f29fb536df4447484203f72,70283727
passed,push,b15e3bd52f2d6cfe3d2b456766847691694fcd72,70283164
passed,push,947589141b1290c6eb3bbfdf67c55a62b4972dbf,70283006
passed,push,49fdfaead55cf59d15fcb05f94b8f69148caddff,70282802
passed,push,3e558579edb6303b3d5faf25ac8b03e2f6c2c3fd,70009712
passed,push,054713cf25d82f4d6e132079d9755c554eb8d7c5,70009637
passed,push,88b873338e0383d5a50ce70e3fd374ae7cf0ea91,70009603
passed,push,bc3ee76d18591f6a2d47e1d72922517af24e3938,69996877
passed,push,a7dc49065776d2b33487da3161c45020d3f68ab8,69993965
passed,push,f750cde2e4d24f98dddc32e1c337b89d3bf63351,69964874
passed,push,3ac24512f334a99df87144957dac39c5ec902355,69951026
passed,push,c050ee3773e16d4e034e2ff3e01372d0abedd217,69950916
passed,push,68cdf31920a2cb839b7e1920e524eb9703787bf5,69920219
passed,push,814e19d111cd05e3cf5f64e0fd4cce48d0cc9d91,69920186
passed,push,de9eea6bf037ed4060b3a95ab7feeb93474edc3c,69839297
passed,push,9501b7ed61692316de68068921b020c1e103c377,69839294
passed,push,ff2a431a92315ba4c2e535b22d5e6c12db0f7236,69839275
passed,push,eb9d0a8eaed775274c0e27e8d23af7b19354c098,69839215
passed,push,cb46b6b20b1e530d2c077d66b461d98f553a1123,69838895
passed,push,d5dc4ce07c57ac2a003cde5b36d9dc9fe39cda95,69838858
passed,push,cc3c71da144a3719b921786cf61cccd187bace1c,69838836
passed,push,05f2218dee7633b9f502407d7cd8d50fe3aa3be5,69838816
passed,push,cc3c71da144a3719b921786cf61cccd187bace1c,69838532
passed,push,cabdefa58a1f5a15c0f473b7eb3165b4592d3cfa,69838274
passed,push,6c5da60dce4bdda813bc1377dc9a294173cb7659,69838272
passed,push,cc3c71da144a3719b921786cf61cccd187bace1c,69838251
passed,push,6c8fca5c26f971078efbdb960a4fd2173ca59ca2,69838061
passed,push,27a5315d45a3660c023bd7c419540304ebec8922,69836414
passed,push,9dba2527161893312f28720126c5701dec44a133,69836412
passed,push,cc3c71da144a3719b921786cf61cccd187bace1c,69836329
passed,push,dfe16a91ae7bdd229411355321de4754c51992cd,69833936
passed,push,905e118ee97f52d3e5641a9948cdfdc7f1f2a5ca,69832917
passed,push,892c17c07d3da31ea4294e7ad678f98cce1e746e,69832686
passed,push,2a3004724a055c9cba985dbe19dd8e7b0c011aa0,69832217
passed,push,ca94be1d1926e1d14af4c3d4143a12e839278fd3,69831929
passed,push,e2a475719709b4eeaba5f8acff0db2af3d731053,69831809
passed,push,75b83fcc36b9f7eac65d87f22347419bccd21929,69831770
passed,push,81a1bbb603f03c8673a922176ab34c545dca1121,69831662
passed,push,83fdc41ba017a60c0daaf1bbdf01090a3f36f9df,69827835
passed,push,e9d6177357ea68e7b35913bbcf49ffef0323eda0,69827830
passed,push,7fb5c8c04a50adbace71f346a2c446448d431845,69827028
errored,push,273112101b474d4aa1d5509f8c9cddf8b53deb07,69807134
errored,push,48a1fe8bbd03d830bccdcd55a1327bbf1fb0a2de,69598135
passed,push,54f1a720232d2756ce82d5347fee89c9f93b554c,69594534
errored,push,392e4e1a0c89abe81f593c7db0ecb8a4ba679988,69520169
errored,push,f9bd9e5266fcaa8f33185b06a308c6fc8aca4be7,69520033
errored,push,fa115a11585445ebcd66c30c9d4d637ae44f1513,69519890
passed,push,4309ec9f2dae7ab44ca76b8564cd366f6c8d465c,69514732
passed,push,8c0eed0da0c5b914a72c61cf9b1e57e0f8048b3f,69514388
errored,push,5ae55f284f52f5f60440b26bb8e0b38d7f8a25f2,69514355
passed,push,deb3a0214da0e670c46980ec0aed11ee1b7e29e6,69514173
passed,push,2869e145499ff320ea1186eb9c625a1b67697b4e,69514129
errored,push,5a137ef9db4a0579d9564777e42adb798bf9c658,69513884
passed,push,5246b571d76c721c55b58b288aeb806a7611b618,69513831
