Status,Type,Commit,ID
passed,push,40d4d82c4993030ce5d1a82cb3bbe98224923fb0,296742795
passed,pull,076e3d136583c1e66d5760fbb9d33536f2c8ed08,296612418
passed,push,920c4b8af80f7f609f9c6b574f0f1f6567595407,275630464
passed,push,92af0b7cb0cd165900485d7304c51001bec297b1,275630358
passed,push,92af0b7cb0cd165900485d7304c51001bec297b1,275630297
passed,push,090b7696adf9fff47dcdfd8f9d86adecbac92673,275629517
passed,push,afc1d5fba2c41e8a3d390e435a58e5591206b0a8,275552043
passed,pull,52b1f71e5d969232b9ca1a20423c08c7db118656,275547144
failed,push,2efb40815e987e3a9a5adbaab38dd1eea91c3781,275189243
failed,pull,48c78dd52f56303fd477d823a8e7204168a868b6,275182979
passed,pull,e8628274dce6e68dc674f67a4ccf3cbaa0913b2f,274220159
passed,push,50ada9ac58a86f409228ab09292da4912b476b57,271572677
passed,pull,1ce91fabc73cb09309039ad7744a933bd675aed4,270890527
passed,pull,cd2421f108373bed1bba30663c9dd078d925d270,270853382
passed,push,d850a27514002f2e48cadbdc03e140cb4a3690eb,268101367
passed,pull,766b59662d16934cc64d0dd795b31999605e37e2,267216897
passed,push,a3ef854f3465c516d9628ca7d8a68f24da626e4f,259518307
passed,push,7d0fe13a6d9a8e8ea03a89289ca5d15cf10d2081,259518292
passed,push,7d0fe13a6d9a8e8ea03a89289ca5d15cf10d2081,259518284
passed,push,75cad490ae276c34889b0526844cb2d48f13a662,259517214
passed,push,29bcd4d1adb253c99131ddd76d8a79b66ecee0e3,258823933
passed,pull,63e2fb3616d12d14f94ae15170a5faead275e95b,258733279
passed,push,e9dc2d4dd3ca7274808a2270259693437b4e0ca2,246334991
passed,pull,308b0d2e38db5ae0990eebb9b28dfd74a3a584e1,245945554
passed,push,5445afca38c7bd24c61e5f8f9a5f6c1d91560e1a,236740774
passed,pull,a4b651289ff0d8a609c249e268615f8e2398ef3c,234955165
passed,push,518513a677924836b5c67e2b03603f15c2b460e3,233533743
passed,push,5df7fb62393e5a982f2498ff5bd8726880620864,233533327
passed,pull,25b53793521505c6672290a9c330c64f51b88f24,229637313
errored,pull,d5627db6b4683f9ac3031230aba0d368fed52388,229217623
errored,pull,3361610af228fc35359869b23e699a7a1a6c7c74,229212673
errored,pull,3361610af228fc35359869b23e699a7a1a6c7c74,229207939
passed,pull,1d5a4fb2a3868c02b34af4f296623277b58b9844,229068720
errored,pull,3eaad2830beaa5270a14cd64d0ef0287a9512dc8,228619134
passed,pull,9183e587840b188f4022891091065f7b614e3d60,227336500
passed,pull,641fceb474991fcba370ae80da0da27f6288b479,226727797
passed,push,9ab696ddcc39d43f7f88faa5e7623c3165ec9836,221771228
passed,push,d4661979fcd19c028113873a4836014b891f0797,221771197
passed,push,d4661979fcd19c028113873a4836014b891f0797,221771195
passed,push,b6b287a863437125cbc8aaefc47f66caaf2aee56,215629380
passed,push,f2fb0f252781647e3f552a653c25c8a4b6488beb,215629347
passed,push,f2fb0f252781647e3f552a653c25c8a4b6488beb,215629335
passed,push,715d4a313f93fdb8f3c551c76c3420a99f18b04c,215628469
passed,push,279abf5b68fa629fc522f54805cb80c83f8d0122,207543188
passed,push,fca1ab38eaa27dcbd88e3bc3ec57544bf83a8648,207543167
passed,push,fca1ab38eaa27dcbd88e3bc3ec57544bf83a8648,207543142
passed,push,efbd8a124acec70d50f27ea8a3e142da673caed4,205985988
passed,pull,7e8513dc96a5b927f479331984ebb13bc23d2d2b,205979951
passed,push,e9d9b252bfa0a78372a44597b8fd9a0f4ec6fd04,205927403
passed,pull,8886bfbebae9faab56f8702523a7efd15b6ed06d,205903303
passed,push,76789be1f527775c3fc4067c9a377e69be58b267,205229548
failed,pull,117430b996d0f3d959d821d41e21750cc7196426,205108322
passed,push,5930b648ebd15ba871e677f488d5b90beaf91dd2,205107150
failed,pull,11c33b786a2d70b70c1d7bfe583ff2f0507dbabb,204832726
passed,pull,18baeb550c258b6b76aea7f49b13550216882cc3,202420043
passed,pull,7ddb2552d40347ba9c8fd7ad004fb5ef272ab5a9,202417564
passed,pull,6f4c24840806be1a8a942bc6c782a9d830883453,202402842
passed,pull,75dbe3cc802c46d0958cf3f1b27498f8949544f8,201866662
passed,pull,df190da1d2f97d22cd007b7455a9d2420d32340f,201611605
passed,pull,15fe4debe12a3cc7921fa2b48242b75a10f6efe5,200091888
passed,pull,28c460d5f2640dd05c658941fb5481ce197f2f24,199765528
passed,pull,aef3239b7f4e263732c66bec6ad5feb8bf1ffafb,193907893
passed,push,16aa9c14a65cd1a60efd245d774cfa8d8472d749,193506646
passed,push,31675e858350ae5f1ed5943838d524a152c6053a,193506624
passed,push,31675e858350ae5f1ed5943838d524a152c6053a,193506610
passed,push,5b0163977139f735846e16dbfc4e1a4aff78d93e,193505895
passed,pull,3ef48b9a3fc4464c348f757c85ec2a2f8195fc1b,193505119
passed,pull,ce24b155fcf1954fe6f9f5e53ac267bdfdf41a76,193499559
passed,push,e42063517eab7ec40ac55d9c6eeb598069e5bb1c,193171450
passed,push,95c182e1d5866b009ff81658608a806b425a89f3,193171429
passed,push,95c182e1d5866b009ff81658608a806b425a89f3,193171417
passed,push,301bec8161acacb097871f97062bc3efc77f4501,193169443
passed,push,32ae342ef827c23bb4e4997d84a02663abba1964,193146010
passed,push,aeba7be4fd406af50015af33827ad5f705e62880,193108968
passed,pull,18d26f8987e0a4dc5e1b66cd64e9a17f867fa33a,192827224
passed,push,d8358ef10479ecf0f79c2fe8546032575a39db5f,192827169
passed,pull,18d26f8987e0a4dc5e1b66cd64e9a17f867fa33a,189993726
passed,pull,6d032a1cdec24566e6a23dcfe338015e1a864f50,189991212
errored,pull,402e8cff52309828897088e27b53c1ae97c3ac7f,189979338
errored,pull,402e8cff52309828897088e27b53c1ae97c3ac7f,189852534
errored,pull,185f31fbfe25d5185334e2f84e6e4a336f757a14,189592155
errored,pull,4bdd726e2b4b31ca0878d906263e4e29dccf4767,189580652
errored,pull,172dcc63150d13e74641370d6d3b90db7c78f00c,189579850
passed,push,660f74b9d6a77fc1e39514ff41e512590ec78105,189226725
passed,pull,ed4cdf89a56273a843b6a6ac2375b8e070ea1bea,189217411
passed,pull,0b5469f7d3bb9ad817c309ee8548575befa83f82,189209819
passed,pull,3f6e1d050b63a0bd8b8520ccb29115316e1321ab,189190240
passed,push,57f996aeaccc9c9eaab796c527c9701fd09948e7,188850764
passed,pull,829dbc21e82cdbddcfcd38beffedbc0f8b081983,188570225
passed,pull,72d430ed6bdc08d7227fd6f4ace4cfbce4f93c37,188502655
passed,push,bafaa6e26e2465cab4fb04dbed31ec9ef550ab11,188469880
passed,push,90460f179a09a479e4c495182e8491fb5fcdaa55,188469866
passed,push,90460f179a09a479e4c495182e8491fb5fcdaa55,188469856
passed,push,4f6c7c93a68b2aad722ebac17e5eb19ce332e33a,188466219
passed,pull,516cda997bb58d0556038ac632e878aa46c64dc4,187393553
passed,pull,a266584c8e53c8c4ac4eb7631127682d7d0d4cbc,186630046
passed,pull,5d13a79e6803805088a9cdeeac7f42a25b071806,186565989
passed,pull,2c6bdbb4f42d7c90c286cee7549eccb3ab06328e,186306618
passed,push,9118af1e556ee6a4fcfd9fdef31628fd95b1a134,185826667
passed,pull,b042c80df3359604ba1654fc98096cc5370a079b,185826272
passed,pull,47e28265d298375df1d815677a87b7f5e5b37c83,185283206
passed,push,8b646c7ce637f51aa7a93bdc072535ba0819387c,164984874
passed,pull,45674b933945438702eafd93d492ff16e4640483,164811334
passed,push,94abc0798e97f916b901d32c7889d573d5ec02bf,164809004
passed,push,c52e7f489659210a553bdb807783e7817e248119,162020746
passed,pull,f985cfc7ed5028fd5289670ef241744face535c0,161459871
passed,pull,c40a8baedba31309ae9d29277ba2ed6dbf71b710,161222719
passed,pull,e12b0d810a86ac5741b60fba61e691ba6a44dee2,158797599
passed,push,b9c79c88371232fdbb7c70b1c0b93fbf5cc178b4,157171016
passed,pull,37a957138d49a6a48f9004eba7f1927cc7ab3e5e,156989510
passed,push,402053d44344fbad6ef4e9ada8db01f5a60e6c74,155449042
passed,push,f0235ffd7649cec90fc9437892827bcf469c94da,155439874
passed,push,7b8876e6efcd6bdf51cb82b19395e07305270732,155439854
passed,push,7b8876e6efcd6bdf51cb82b19395e07305270732,155439849
passed,push,9d40372b8e37acca0d19b27912f435eee22308ef,155438702
passed,pull,b13d1c43ada670d5efd387ec0bc08107d90a96d9,155354157
passed,push,320cb00a8ca70a6da12243e020d31d7862777f48,155342325
passed,push,ce652da12fd0730f0d128d020db5a27b0b00eac3,155128803
passed,push,39c6b200407b30243d7c0371527cfac700c8ca3a,155128346
passed,pull,d170ffc1583761e8915e3bb180d794d066ccaefd,154847833
errored,pull,7371c0e5c700f6c00ba571c9cfdd811cb7e4d7e7,147978666
passed,push,bdff93f5c3d9a03e9af1ec46d36a9d0689874070,147301038
passed,push,e1fd609b2aadd1cfbe34df2b1ba4d1c0cd500c6b,147297921
passed,push,06e4403455ae8eda8113591c2e5ccafad43a376d,147292944
passed,push,828cadfcdd728806c76cfc18408329b8469e3999,147292772
passed,pull,01aed5fc5522889ec3f502ba002b4945a16607e3,147033790
passed,pull,f61e03a069c32a6ed180560c3e981af40b09e126,147010538
passed,pull,aa6e48cc84cb6ab1a47a75a9579e19dc4cc162e0,147009231
errored,pull,ed0ea6e3b980c41fe11cc74dc1ee6e744474a9e0,147004231
errored,pull,bdf6b1a7ab17c41135bc815318a643a580b86802,147000097
passed,push,1fed4873bdf5887d8e685784fa51a0fd0b8302fc,146479768
passed,pull,aef92465a5abe72e915e2791796f640060c5d22d,145938217
passed,pull,57071ba4b5a0241ea77fc5a8634d23b18b50e868,145925506
passed,pull,0c2e7289a243e15d982d2615ce52fdecee8c9690,145229383
passed,push,ae0ea69f4cb0f18bb792fd81be6622237b141db7,143552667
passed,push,b4d3cae0aae5b25d0f4568b42eaad1a123b645ee,143544025
passed,push,4c74c5c36972a27357adceff10284dc63fdc529d,143544016
passed,push,4c74c5c36972a27357adceff10284dc63fdc529d,143544011
passed,push,b1baf64a45984ae3019512db28e6aafe9978c1ca,143543080
passed,push,6d7a93763f537de4fef8c67040647dd7f2147eaf,143480039
passed,push,0b7de03124f32190b30c7964a9f842554db24336,143382245
passed,push,34c0988b5d6de205f4631f1216515f4048f27dd0,143311377
passed,push,dbb35a96ac9d6883012281ad561a1b718696b369,143311197
passed,pull,113225a70a93d6ddb58108d1357d03d6d5b02269,143245386
passed,pull,34a6c58f24c63afabe9df976e1c5c0468fc18bc8,142559602
errored,pull,50105e13fe95fe967f2793af0e84e772590b7ed6,142543006
passed,pull,0cbf61f9cc51846d81827d6c69b9ac4f94300ffc,142013249
passed,pull,726232f12d6903d9c06640b50e07196c26edfdd9,142013040
passed,pull,49a112019e119af1ddf0c0795019780047ae0650,140344285
passed,pull,2055e8c20bd202f76050e3e84aeb6ff4e682527b,139124995
passed,push,8feeea4359335b8efb90a9aa6469ce5abbdac203,138613864
passed,push,19dbdc223f4c8a3e7bb6cf1c5df210e0b5dc0abf,138613853
passed,push,19dbdc223f4c8a3e7bb6cf1c5df210e0b5dc0abf,138613839
passed,push,623fdf15afdca5572a1ea70d450d9730c705b38c,138613258
passed,push,441db2f89d75a6e25a73d0c3bfd360260c561428,138567908
passed,push,a92e1861d73d23c7415b576d660b82b54777142f,138567900
passed,push,a92e1861d73d23c7415b576d660b82b54777142f,138567893
passed,push,2e6a9b9ee1b8be52e3531cacf26bcd0cf445756b,138567653
passed,push,56590cb3f8f2a9a739460b8241d547cda1cf6fc4,138566551
passed,push,e4ae73002499e43ef1abfa58b4e6302f47960f4e,138566529
passed,push,e4ae73002499e43ef1abfa58b4e6302f47960f4e,138566506
passed,push,913b23b6fc2b80bf4896accb5f0c184ea9b29cb5,138566312
passed,push,0204a7c89a06dffcdb44519f79d38c821f3427c9,138565923
passed,push,5fecb6aa9eaddb04896691eb509c731ec7f777a3,138565920
passed,push,5fecb6aa9eaddb04896691eb509c731ec7f777a3,138565917
passed,push,fe034816ac52a575ff497b477e1eadc7cfbeca92,138565754
passed,push,71c4cf6c136c972a0716dc38d04b31a70fe4e493,138564975
passed,push,f5ea58e2cfd1b9115d62a3b76002a7ff0c66556f,138564696
passed,push,46d92324a270af66bb5a4bfabdfd1cf8910d52fa,138564693
passed,push,46d92324a270af66bb5a4bfabdfd1cf8910d52fa,138564688
passed,push,b75d831e263ffefea4bf9ad5c476c1e494bf94fb,138564435
passed,push,26c15af54d3b0dfdae752ef6993ff381bc054a1f,138563036
errored,push,a8dbae57f0fcdf07594c2bf31c8365fbff31a091,138563027
passed,push,a8dbae57f0fcdf07594c2bf31c8365fbff31a091,138563006
passed,push,a6876d08a683e85510b5feda49a0307360b4b082,138562697
errored,push,a6a93b29b6d3fff214242658c71cc692bfb80750,138562455
passed,push,34dc17bd0f8ea1fe1625fe7beeb373371ba496df,138562365
errored,push,b78bc5a81e082614fd51bf86fcb61e9e4b307fa9,138562276
passed,push,b3693488853ba3b7f8d200b96c987468702ff369,138539428
passed,push,4d6b156ff5ae147248d39711df2e04c0087d735c,138539425
passed,push,4d6b156ff5ae147248d39711df2e04c0087d735c,138539422
passed,push,88d298ec69fac9321121e9da9af2b5bff7f862f8,138539005
passed,push,c6dd801dc1761992cdd60f52084abc68eda39115,138154659
passed,push,9e537feba6481c372008f216fbf5b6d9cc9ea657,137990275
passed,pull,e9b634f2d6380b37f743533e2de04b2c1afeb51a,137912333
passed,pull,f12a1b97b92c81cd473a7f5ebaf2eb7517ac25c4,136376375
passed,push,c549f864b2c57c943f09527a715ce1a2c32fe7d3,135797330
passed,pull,d8639c79ae5f019428ed5dd322711d5336f68418,135771695
passed,pull,ffc49ffa26dca80f4d708f2eb22e5235f428d8ba,134585129
passed,pull,4a179c6404d2bde369cfbe4e10e0d8860464b9b5,134584118
passed,pull,8520ed0ee9a956c518f65847fa64cc07252cbd7b,131706097
passed,push,3acf16ab5005a9cf5ac9040b94d352525fd75adb,131510961
passed,pull,8130a2baf512a7fc31ec6a2faca4d706e3d2ab90,129335991
errored,pull,7140859972ba1cb74ea8cbc327fb2161b1f70855,129237375
passed,pull,810c73ea4bc1cbf647114d80c61fc6ce637a55ad,123460939
passed,push,50d538afa9182b7148518ea29e03c2ca3305e4ca,123029796
passed,push,95780925020777d780dde3f2e9718d175525e723,122497223
passed,pull,82b2a5bec82def59d115bc5336e3a07835d626bd,121702218
passed,pull,b49b8c74ba1a09407a7d3279f126f6d7a6c0b913,121690793
passed,pull,bc3d8df8b6062a03dd5edd9f3ccda65e42d19b1a,121688460
passed,pull,d85e605ea5b91f6d736093b27e103ee2f4bb6f7d,121633813
passed,push,8f48d0e79e68ef99fe8a74b24ac52c0939585a22,121505129
passed,push,27f0563a9a0b37713dfc831a0e4a385ff4e35b9d,121505115
passed,push,27f0563a9a0b37713dfc831a0e4a385ff4e35b9d,121505091
passed,push,81e692205d8c1966ef82922dd7d061e7dfe4f6d1,121503066
passed,push,94bcd311f6c7d871f4995cc9dc482f5521ab15e1,121502266
passed,pull,313504a2db2165f292147dd55a5f06b6ef1eea91,121362833
passed,push,cbbe2dc049872b90f659f97f14feb56e19043026,121356976
passed,pull,49bb96c87ca0a5b457586425fb1dc6af2181b3a1,121268177
errored,pull,17f23509e48208e34651d5b0ec48a2afef192bd4,121267420
passed,push,c366fdcd1022d4b70e38a5aa56a41063b7e68516,121165165
passed,pull,a72f8619e0b6047926c6ccff7b44a2d16917634d,120670345
passed,pull,84fccb74b38248215da7c2fad4322c057fe6c586,120567340
passed,pull,3a47f6a6eecb76b58d576835afc866b25f0859e5,120563768
passed,push,8eae709e9a138b58eba8d187cba89324cd5d7fa2,118401232
errored,pull,ff10215c56e02aaf8d9521adb53e514edea7f4bf,118401161
passed,push,77c4689e292299b647f41533bb2a51802c085d00,116879699
passed,pull,3fb4a60b74cb15f98aee8b748b56ed20b4a4e623,116868146
passed,push,be876f5eebfa1ff1fede03f51527eb0a92168ca2,116621258
passed,pull,b21f83c8a5cb0e41aa147fb06c46a0f7f8df19ed,116619055
passed,push,91690bde48ae7f8917a1d5a69d3e32e44e74f8e3,115152398
errored,pull,a77f2cbe6cb03ac5fb93347403d152b8821f8445,115152347
passed,push,1f322ec096c132f76fbf8855c6dc22107056e498,115006329
passed,push,c956031837120bafb293ccabb931a88b33e0dcd4,115006320
passed,push,c956031837120bafb293ccabb931a88b33e0dcd4,115006310
errored,push,57ad05c307794c6de374062932dbba6efaa52c9f,115004976
passed,pull,9889a157892affc6d4957f8dafe63b7b60050395,114115715
failed,pull,34af73eec062b3238efafda101c36ff2ca9454cf,114114282
passed,push,3e1a6e3d43566d0d10618906819eef7a3a738914,113696827
errored,pull,f8b6ee9da025103d212ef2a3308cac8648216b7a,113694574
passed,pull,776a53b3aac813cc947d538e91892629cf42ef99,113688629
errored,push,53f1d28a90a96615e3bf8301082949b1d233cb4d,113686241
passed,pull,14ac54ae71a93b05e7ac100d72049aab810f1a77,113684101
passed,push,2d68f0246dece0a3a2723c31da0d0dd16671293d,113652939
passed,pull,719ffa0fb7c46f4ce73bc6fc45d0cb8641a900ae,113490646
errored,pull,52e706208fc91c729c06f916119cf53bc5f3525d,113488180
passed,pull,870f4bdb65733566aef9194189d69cfa6763d97f,112700268
passed,pull,6339c9fb4f64f023e961651dfdedec3daf5ad8cb,112676181
errored,pull,9206bfa4ad8bc963c569b6a3d375cb46b041e74b,112671798
passed,pull,1f777299f16739aa841e248f0a4639dbd7e7ddc5,112504942
passed,pull,2996b37a46f02fd406938ffb1eb410e3ac168fe1,112248891
passed,push,3bf499f33f491fe1cf8740f788a53f7dd131f881,112005541
passed,pull,893dcda29758d4f0e9e8f2dead23b11919a07f90,112003836
passed,push,ce27487e77692516e7c36bee5c6b01d4a27ee68e,111959393
passed,pull,1a1a73671d6a35ee9e24af5a32047bbda5bab200,111931434
passed,pull,2ea3b8aafd4a90b6b8c433b2527f55daf8380107,111919349
passed,pull,ad1ace6bbae74d37b72b2117cea615bc056f1961,111322423
passed,push,ac75146beea0cf76ba170f3afcf7a984ecfcef68,110950546
passed,push,225a8d1f4114c99bcf470d7cb96e0cd07cc3b41d,110908930
passed,push,085df4bc22e8b7e14db58b0499995cd23fe4e335,110908904
passed,pull,df984d45bb8507293c10feeb46de2929d0309068,110748739
passed,pull,79a52899f60f455984ed3104b169f3aedfb4a0a9,110477292
passed,pull,c69d63fc0f287b59ce68fe2061e219801bac5075,110235298
passed,pull,096d017e2e7579adcdd41e57b6558cc1ee266396,110213413
errored,push,05f1e1adde46b33c271a387f813859c64611ccab,109995747
passed,pull,3043f709ec6ebd2f5e753ffe187ef37fb65617a1,109822029
passed,pull,8f66cf82497bd0bc8e20d0a0241d77f94b1d98e8,109797434
passed,push,406e329dbe70252dd4f2e7b61fcb3af7861bb2a0,109634766
passed,pull,9889054b1093aa4ba052f92d7213e6742ff06a91,109617851
passed,pull,38c215dd197d358ae533ac583c79a94d8f02ecf2,109338522
errored,pull,fa5711db5e5af0fd68a5891e87f03665ee8cf4a8,108917103
passed,pull,f1b2b019ccdb18dccfc647fdd8136540c05ff8f1,108363714
passed,pull,270ab5df65f61402b0b30c99b88c6a89a5ee1510,108018724
passed,pull,826e2e5f3cb64f2fb3c3fa065a48725ce77ab921,107801693
passed,push,90d47d68f1b5678f8a9589d4ddcb3782e2b47208,105887577
passed,pull,6d809f345684c58a874c256abeeb846462b9b538,105840005
passed,pull,cfc12b00a4bc9525685d4a0c7ee9310ba5323218,105829759
passed,pull,7f36c22020c6fc9848e34cb86f1c1218ec6847bf,105821367
passed,push,4db02a5867d12d81f37a212ed09d08b9da497525,105786488
passed,push,bf7b3c3bf42fa1f834d71af8f8bdfa2461c5b64c,105786468
passed,push,bf7b3c3bf42fa1f834d71af8f8bdfa2461c5b64c,105786450
errored,push,2b2f1b120d07db04d0b64235d2e395c99719f2bd,105784449
passed,push,d2a6cdffccef8de0a8a62b54bd2a0f92a7df0f48,105783604
passed,pull,2f2d9d80fb020b8dd5ebb37e4a3096ccd41f3020,105781036
passed,push,1bb04f901d453036bf5dc62519eaa3d82457f8dd,105756323
passed,pull,87346c92ad7393c250be7919f82f3ae87fe01e60,105749075
passed,pull,ab8a53840a97b5f5104a30b9c34751ee399bad45,105609549
passed,pull,dba933b5725010bdcde8545e6d66a8d7e9454f56,105608653
errored,pull,19199824cbac30b15fead8652e68858aef2f0ffc,105607517
passed,push,fef83669648e6f6b5f470875cf4629ad0db937a5,105408479
passed,push,2b03af9b0e6b8d9279d6018c37f6ee1df5c2e904,105372798
passed,pull,3f34187a1c1c0293ae87676ada99b3aa8cee9f08,105297741
passed,push,d211a555134b544a6b65d36fd356f69edbe5bbbc,105182513
passed,pull,e1c6cb9a149fdd287700ef1c14e1279f1903f375,105128495
passed,pull,8cdfe1450906bf277ea376af2ccd7eee44de3456,104998881
errored,pull,35e01b033f21d42ba94d80eb400af295e7024d74,104873020
passed,pull,08c0db26f7a15fd386e7af92b156f863fd7ffef9,104767774
passed,pull,c010c595c5922e502a19b481f71ff5b99fc4b1dd,104767273
errored,pull,f11d186e1394567e140cfe40b1b797d09583c303,104763797
passed,pull,60407cf0bb7501dac803528a5615267bf9a04f96,104760084
passed,pull,a2d8541e819faf8dc208464f7a7735995bbfd146,104592169
passed,push,804c7f6bf384815e53328c26e6ce1b85fdd4ed76,104579738
passed,push,2269d46ce5163886700971ec44f7144fc5bee6d0,104577380
passed,pull,795c1687ea9b046808b2bcb3a9d6a2bbd38b2b1b,104405672
passed,pull,6b19b33c880f051c542d2337f8f65edb51d7984b,104405635
passed,push,fa6f9c947ffe12157ac38595c7d09097f670239b,104100234
passed,pull,ecb5648ea184b7e9ad32022eadd9e5b6a3e20151,103953182
passed,pull,dcfc6619b0415e8c612a9fbfaedc02e5c6a7da9e,103772192
passed,pull,af65d42e5bbd8af73b7022f9136ed17d88285c4d,103771544
passed,pull,3d4ac8e0af7a8833775696620ec5b8b16de3e3d5,103703285
passed,pull,3d4ac8e0af7a8833775696620ec5b8b16de3e3d5,103703226
errored,pull,dd2bbfa1792ba784f49596fcf7a891d5bfa39cea,103701219
passed,pull,7c0a43e7f5d9744a5792f8223c50ed75cedf9a70,103532209
passed,pull,a90b5b4ea49e53807e2f45ea2757d11f367f5157,103289437
errored,pull,4d58bdc9a61a08efd45839487487396fd3172441,102704157
passed,push,cb384c4008d4940b9dd81b112a5b84acd487948c,101629417
passed,push,7f271593f540fe2010c3d7b7e0966c37215ebb33,101629390
passed,push,7f271593f540fe2010c3d7b7e0966c37215ebb33,101629387
passed,push,8ce638f7d4d52ba4e133b74d42e7f122753a4cc6,101627366
passed,push,aac39c99a02a98f27cea09bcc34b07b15f40d7d0,101626464
passed,pull,1f3b91c1e5603d91d01534949bb23e3c57f7c406,101576653
passed,pull,5e04bc619eb1c05b55231ef81bc64620a0361250,99807120
passed,push,2776dc4e8becc8e2d71354dd23eedb74cb0301dd,98343968
passed,pull,b9061804f54e16f0a8a18972e18026cf6d521c19,98339519
passed,push,131287e49a1d68fd2544ec770302a24fed2ec1d1,98336858
passed,pull,76e06ca8356fca173659fe81537b3b5627761c3b,98335547
passed,push,5d3de15e1e8a8e450cdd0e41e6cccb2879bb8895,98333320
passed,pull,167d26a8dc77772235b6a076718eab26735009b7,98207308
passed,push,93f3583046f4c75162b6f1580c52fcf81d9e97b7,97298232
passed,pull,24c9327de590d41c2b819b9f001f4110481bd13c,97101557
failed,pull,35925954f2c3d430c377b5abd8176b8915fc0bbf,279711851
passed,pull,16ae17b7980948f737bb0c58c95d6c2f1623073b,240117916
failed,pull,91e10c14067cfcd528698ad862302ef16551e3db,240116741
passed,pull,2317adceaa0b795b85df68d86c651a18e5ce1fed,240115360
passed,pull,d0024bcc151afc197fc9b23880e81a27199cb19c,240113469
passed,pull,dc993ff6fcc86137fe055613bd5e1f3afa7754c3,240112440
passed,pull,5cebbec78f24ecf75b5029d2137b952cd31dc071,240111200
passed,pull,bdee71538cd43b1a40ef21a3614b7469f6765048,240109764
passed,pull,24b647935d929dc3284e5a6a1d2b29944a71f031,240108197
passed,pull,4c3af4a4add8f9170b1fff8951f3bb215c27b280,240106926
passed,pull,44f7abf24da888858c5fd322e50e1c8599a9ba00,240105252
passed,pull,6638bbc1049a96e698d7188e73bdd0f8a817611d,240103775
passed,pull,8f95c8237b3021f50607b99fc7408df2e2fb42eb,240102613
failed,pull,3ed2875c72d10b1788f896ed2504dd66975c6e61,240101372
passed,pull,a8ef0f5914e2b354cf0d2a3d32fa63f0ba1d4155,240099878
passed,pull,ed1da5ce63188e0477e7119b11a1a2748f6d5d2c,240098516
