Status,Type,Commit,ID
passed,push,2abb620367a5fb3cacb973aa3092024278dcdac9,295756578
passed,push,2abb620367a5fb3cacb973aa3092024278dcdac9,295756504
passed,push,e6fe894f44fa0a4821f20de1648ccdb3fdc62ec2,295756132
passed,push,8efae0a11853b35b296c118e1936eb3b88bb83e0,295269405
passed,push,419a09410117f29e9b0edad6c4a0c612a2211a09,295173994
passed,push,419a09410117f29e9b0edad6c4a0c612a2211a09,295173891
passed,push,7610803b6bb6727d758cd6daac031e963bcbef8b,294749246
passed,push,7610803b6bb6727d758cd6daac031e963bcbef8b,294749041
passed,push,663bcd364b85ed6c671b1e59e0e7b173be91013f,294738880
passed,push,d8f25bafe4d1d64e8cbef0051b4a03bb7ba93524,294416702
passed,push,663bcd364b85ed6c671b1e59e0e7b173be91013f,294416159
errored,push,13b7f61c17ffdaca80272a12de089923c0a9b862,294150565
passed,push,d7eef878ac8005ca29aac28961cf64faae98feec,294014499
errored,push,2121d726389cbf9a80a9b89cb1f20622b299243e,294014344
passed,push,16872445f66d29e4050b5057a0e23ead77114413,294001234
passed,push,4a2399baeb7e6eda29aa8a9679d18f3240f8928a,293032204
passed,push,93594fa3df32922139921871bf2950253d078b57,293031599
passed,push,79d1a5ae8c080b8d397914b4e05aa72c1b7f1fe1,293031373
passed,push,e4e85800d35f8fee73e976c6a475b731419c8869,293023808
passed,push,f2b1f28310e9d643a857e8ff50e1b0794f7aa7c5,293022233
passed,push,205ae233209fc22828d7c3a932ce195450f5cd33,291372550
passed,push,6b5ac0fcc1d0065012aad83c982a643597554747,291372347
passed,push,e66b33a6d1cc42e083c9a654a49a546345539e0b,291112451
passed,push,4edd57569361982a02d9bd57c0e67d83e6c15999,291112022
passed,push,2e7fa8e9fb9eb1fefd1bfe62894c750ef6046d09,289063016
passed,push,d86b594a9b202d53e4c75ed121f53b099ed68845,289054862
passed,push,839a8c20d369b374c895d13b3823298be8297071,289054556
canceled,push,b9174a70b40f98c6b07d08bffe7c63e92a860dd2,288613591
passed,push,1f7e0dfe477557f29751d933852fe37ea955e475,288613393
passed,push,986c3e26c54d21640cf83a423b7ef7c980332840,288568896
passed,push,2b9ddf1ae2ee1fe537d4574206376e73f902ba8d,288568142
passed,push,87979c65a0dd74e8f1a1f798167b2f09ce235569,288557998
passed,push,876a20d5fb49af36c74ed9fa61a27258bd962c6e,288547233
passed,push,17271b43637d9dbdd2520753683e76aaea19e710,288539196
passed,push,c9e68afc389939e25da6a3b57082ad46096dfaf0,284239572
passed,push,ea7b5193d93309a1de9a0511a4503085091ac827,284239311
passed,push,31c49de54371289c9b9197e4aef7ed9fb49ee9e3,284229047
passed,push,15aca7e7c0d8f52f4b822827ec4448d08c4b6809,284213652
passed,push,a228f552d4078a5f177b057743dab3d66535e3b5,281657033
passed,push,539dcb1dc91b0d1df8ab5d3af550a671ff7de6dc,281656147
passed,push,a6713810e3fa6907eb210b427e2dbf4dc9dcf46a,281654895
passed,push,c41f7bc601c07f1dfc9d5cc4e57735f66e76eb48,281231280
passed,push,2cc8e1a05136051586dadea99b6958461d732468,281229349
passed,push,b4ec6d649ae97c28cb6e686bf8187d1afc0d488c,281223037
passed,push,ee4477b61192762dac66076664798940aec89849,281205004
passed,push,ac202e5054ce2abecf26ff85e4a0fca00aa29f1f,281203858
passed,push,f1cde75902c7cbaa365a6bb087e37d4f64d6803b,281196861
passed,push,d0375dc5cb7d4e191f8b8c77be16edbb5425030d,281165510
passed,push,93fea77aec0ef9dbbd3072919a6a77695baa2aa7,280909650
passed,push,0f5b5dfcd72229bef4f6701e89050060c625292e,280909000
passed,push,8f60e2da889a5873d25eb485d1ac7a4cb3f7684c,280783435
passed,push,8f60e2da889a5873d25eb485d1ac7a4cb3f7684c,280783035
passed,push,d72bd6c8afd4e6d55b7489cbdfc0a93ff1fbf876,280492435
passed,push,ee891710e3340e6b03461caa94d2e865659cc24c,280482861
passed,push,9830c03be63cf4e2b89fcdebc06d21b11aed3433,280472598
passed,push,91c5d9d74e673df01a41b685cede725bd3bbf856,280468187
passed,push,1789d8ad577eeda1016930f2395ba347a78c1f24,280461798
passed,push,74fdcd55734b533e51ba5022d581548460b495d7,280296166
passed,push,5b84a538d8113071fab4267f543400b7f0b56fed,279410559
passed,push,ba5019db4fb0f8623516a8e02a470f9ba8687189,278636375
passed,push,620bdbd827423b49be23b46555b4b4d6f3d32f9e,278633960
passed,push,0ec78ecc6b72b439560d9b6cf898fc8f064d2f5d,278536652
errored,push,111da06cfe736f75b2acd3836f3a1ab9815303a6,278536586
passed,push,33e65678b117d27f53c629bc7a9aaec49426a7f6,278016364
passed,push,e6b0f48fe2dc3a6129f751fed78efd14ed457cc7,277183510
passed,push,cc6182e9cf4260696c4295fd6cd2393b1ebc494a,277182930
passed,push,d79f957760d3be3746fe1ab21ff6a8591a40fd42,276517806
passed,push,8ea728c13f93e3f434a4d5683408d02654b569e5,276516607
errored,push,ca93f4f1e28f14e41d1432289667e7831dd165d0,276502591
errored,push,7bf499b6ce22609b922d801bc3708c69b492f886,276501492
errored,push,c29362a8979cdef8e5bad9a0291dcc0ab0807755,276481782
errored,push,b57de1648ebe2e350c58a118d8f4e1060332a5c2,276479803
passed,push,ffa92c6346fc19aca3a460214cf1f4488e7ffa5a,276437306
passed,push,31e8a112c8f716461cb5456eeb53b4d16e85320b,276437212
passed,push,517e0cc6d8b6e89ccb6881d55444fe4abff5a11a,276226921
passed,push,face98a53a03689ac504bdfb0ad6784a4e8a790c,276226865
passed,push,b122d0aacc92acecbc23742f3425c92f98d74962,275756846
passed,push,800e5d76bad438eb02633fe8b276120b1da42171,275756582
passed,push,8ddf1eaea8930a66415f79f308e3db8771a6c49b,274073053
passed,push,99ea6077bd257f79e2f66a37b5c41ad185a3311f,274072325
passed,push,b5aa323d18ec4e137d8f73ad71d81f879cb2c2b2,274040761
passed,push,a21147ecafe1664257ee0ab87800184fc8f9da5a,274040728
passed,push,67db89c13a58cea42fa73ba8c1d02bf0740f43fb,274026269
passed,push,13a586570d325658c5a542dcddce22b36d0e79c8,274026041
passed,push,ecb1cd69d2667008327ed45615bac78cb33f2ed0,273824161
passed,push,b1e28d1b64cc89d5a7211efac07fd5e6af39a77b,273823508
passed,push,d91b27b439373778a649a6b4f38ec11bae58ac92,273792370
passed,push,0c71268c8b2d844511aac76c9bc2532015dae0df,273792237
passed,push,082277c9b10ebb35d00a14363002e50ffaf3b943,273778066
passed,push,291cdf676409bbfcdc6f80225f43bca994e3e6d1,273756481
passed,push,3068871807aeaccb5c2c4792e7943a2f80018400,272884425
passed,push,3b232a405843ed188dd276d65fd0970572db5604,272883878
passed,push,c07d9ba9ab2a552cd16284c7c420c886b1b3da29,272768427
passed,push,f3c3d3033d595e6881e320e82d01910653b06a59,272514775
errored,push,8ffd659ee83d9dcd6ea1ea4dbd26f33d59ed5f95,272513517
errored,push,ab5ccec4f123251038a662ebbd8b15342470a77e,272329443
errored,push,5c173c8febed3297e86af4f2433837744dffc5ff,272328201
passed,push,a9a95ad41cd9c9e1a7c975bed955136f37495434,272085769
passed,push,dd74c62fe25c0e5c23275459ca542f63fb0c25c3,272084142
passed,push,c7b5300d6cf2b28ee09e197cfafbcdfcfedb3779,271379726
passed,push,c7b5300d6cf2b28ee09e197cfafbcdfcfedb3779,271379685
passed,push,2badee62104827a5c1337661df67c29aea334c1d,271379570
passed,push,69a86b021606a436d636d739e06ca9e1c77f6ebe,271379376
passed,push,6a4c592c0374c56ca2c3a23e0a83bcdcbc8da1b2,271378130
passed,push,6a4c592c0374c56ca2c3a23e0a83bcdcbc8da1b2,271374516
passed,push,6a4c592c0374c56ca2c3a23e0a83bcdcbc8da1b2,271374322
passed,push,6a4c592c0374c56ca2c3a23e0a83bcdcbc8da1b2,271374138
passed,push,168626a9f640b854c86cd1aeecac6b63777d05ba,267021048
passed,push,cc482d715e7e2d5f240cf83a59aeb33f00e494ca,259410207
errored,push,003ccc21c9ffc86a364469ccba090cd4dd3f673e,259260242
errored,push,f1b11fee4093589d7115525f0e679825485bbc88,254470647
errored,push,7856d5e52d24b21dacf55e92e42a9c9ee6927405,252257396
errored,push,bf5712b7cca74a38a1f3736a7cf095d2c84202c2,252019615
errored,push,b666be6a8631745837659a59e17cab7fbf584b7a,252012653
errored,push,3499f4a4b6a7058636a64644410275b8c11b5ec6,251738953
errored,push,b9191234d12161ec2574868ab012222bc6442f86,242776683
errored,push,6749eb238e936e0644a7e9f9ab10945d322dbe74,242739623
errored,push,7dfcd18a1f5f633ad6ef647275b36bf1d93ed9ea,242470967
errored,push,3720d9c1108c33e0f35c3453b8b5346e87b68e89,242355584
errored,push,c969a660830a810632124f0235ff889d4c89cd22,239329112
errored,push,bbf4f96f441d61543b1a47854cf2daa7271c9f49,239323101
errored,push,1f6296ebd1da642364f00c2f414d0598452a08c9,239274819
errored,push,47ad4f7500dba88f8869d27d3c132c86a9cdd36a,239158089
passed,push,19db7953885da07c7c631f4838dce822f5570d6d,238390031
passed,push,22ed78ace550d299c810448249101e9f323a63e8,227529978
passed,push,ffe1c38dee601cf8b532f9443ab6e7dbbd6cf0e4,227529917
passed,push,415d92d71b84d42dc85155091aa7e5373d03cce5,227529913
passed,push,19db7953885da07c7c631f4838dce822f5570d6d,224658249
passed,push,e3b4600c0a03f9ce2ae57d3029e323e13237951f,222545624
passed,push,e3b4600c0a03f9ce2ae57d3029e323e13237951f,222520372
passed,push,521eaa46bc388fc3c757cfaf30d49db228b8f8da,218434804
passed,push,ea78d055382224d760911acba540343a4a9433d9,217709101
passed,push,ea78d055382224d760911acba540343a4a9433d9,217708372
passed,push,143c5039158fbecc768242923fcec2bc9003b9bc,214136925
passed,push,143c5039158fbecc768242923fcec2bc9003b9bc,214136892
passed,push,a3318380fffdb277c4d81e91da04f6082c18d3d3,214136752
passed,push,a3318380fffdb277c4d81e91da04f6082c18d3d3,214136723
passed,push,93f9f139e918d6e37dcfe52e637df22926caf393,214136470
passed,push,93f9f139e918d6e37dcfe52e637df22926caf393,214135729
passed,push,93f9f139e918d6e37dcfe52e637df22926caf393,214134567
passed,push,eae4e1c27eca29030aad6dd958625e28f4b7beeb,213814420
passed,push,9b4bd0f1607b879b66ef27abc42e744969cfcc77,213811544
passed,push,207cb7fd81e1bf831819fa6c82d0eed2924ef701,213009808
passed,push,a14235f71509e060d480178647c36e79a6583f60,212393858
passed,push,f756ee78d2b15bbd46807e5e7c5d3ecde7d5ced8,212030351
passed,push,f756ee78d2b15bbd46807e5e7c5d3ecde7d5ced8,211630922
passed,push,f756ee78d2b15bbd46807e5e7c5d3ecde7d5ced8,211630903
passed,push,f87e6fca7dab990df9166c74afbd907d7f943ff0,211630785
passed,push,f87e6fca7dab990df9166c74afbd907d7f943ff0,211630779
passed,push,da7fd30e7314af7b79bdee6b806588dfda008565,211224521
passed,push,da7fd30e7314af7b79bdee6b806588dfda008565,211224463
errored,push,5b3432ec37c25192ff74c3c5d081bcec4713d79c,211223307
passed,push,f07ef5edc65dbc4e69f065c674de04df8f980721,211222777
passed,push,8cdb1cc07e18a16305078df614c45f8202e6c956,210949195
passed,push,f2ddc1f90f5f4cd6d9b6e369358be1552fa8074a,210947870
passed,push,e63c19a31bd64e33a0e7718face4fa1d7d882ace,209375605
passed,push,e63c19a31bd64e33a0e7718face4fa1d7d882ace,209375472
passed,push,847faaf617429a1a3a6593131429f9e276c9899b,208950123
passed,push,847faaf617429a1a3a6593131429f9e276c9899b,208950097
passed,push,86aaa3b20c69454fd4e3754ecd3c253de0a5c453,208925744
passed,push,ad6c2b641035d5b04650d4795b21eac629253e10,207912327
passed,push,60be74cdf43dc374ea5e574b6cbc07f733a22d01,207907529
passed,push,60be74cdf43dc374ea5e574b6cbc07f733a22d01,207907501
passed,push,0a88b299be4517be9c751a098bf951e2b1e204d3,207825327
passed,push,0a88b299be4517be9c751a098bf951e2b1e204d3,207825289
passed,push,359593df0d7e668ff76d731eba28d36a8fc3a1cb,207664413
passed,push,359593df0d7e668ff76d731eba28d36a8fc3a1cb,207664402
passed,push,20764691798d176d5db35b73782f80b3a37cafba,207661965
passed,push,1ace33c24e9db792dfdef10e903484d7bc8faed8,207647760
passed,push,1ace33c24e9db792dfdef10e903484d7bc8faed8,207647754
passed,push,0eb9b1d88ca15191b0b26a799198505b8081e45d,207639082
passed,push,0eb9b1d88ca15191b0b26a799198505b8081e45d,207638428
passed,push,a7ccad7f7af9c67cdc5a184f05b3d60e426dd901,207627808
passed,push,a7ccad7f7af9c67cdc5a184f05b3d60e426dd901,207627501
passed,push,274999587c56c58e611f4972b81fa50dd01322b2,207625293
passed,push,31e8717d5aa93eb0c08fde8c441154fe5f7083a8,207611851
passed,push,931e568835b3999bdc02fdf92b26f6d5732afa40,207604022
passed,push,443a1fa2b5e7b9fdf9b59cd6853b9ce1785310f1,207461078
passed,push,b357244ea321389d774191383ebbbca56eea7bdd,207460678
passed,push,b357244ea321389d774191383ebbbca56eea7bdd,207405228
passed,push,b357244ea321389d774191383ebbbca56eea7bdd,207402436
passed,push,4682f8665e43bf30a3d8dcdbd722f241c8da9e4b,207387675
errored,push,d629ed776383980c8cc3dd219ef260d142c8016b,207387037
passed,push,4682f8665e43bf30a3d8dcdbd722f241c8da9e4b,207371348
passed,push,3049c24f10c9627e994210a33b93686dacbffbab,207336999
passed,push,1b08edec6d3e53d45cd22078ddeb0114d97f2e05,207270287
passed,push,d629ed776383980c8cc3dd219ef260d142c8016b,207032213
passed,push,d629ed776383980c8cc3dd219ef260d142c8016b,207032096
passed,push,b3812e451e7618f48aa35f02498eb1fc0ce23f79,206931799
passed,push,95999ab4b73f5bc47ece8847ad8ba4bd772ea3c3,206924598
passed,push,95999ab4b73f5bc47ece8847ad8ba4bd772ea3c3,206922521
passed,push,5e8215d3644bce0b153ea04ab87e4107df6bed6d,206920718
passed,push,595095781dd3399ca9f298ec21951488ffbae062,206893782
passed,push,e13b464be41e0bf43b87a32562aa4460f8ff0e10,206893199
passed,push,2902aae159d84567b95ba2fa11232d73e0010873,206700834
passed,push,2902aae159d84567b95ba2fa11232d73e0010873,206700815
passed,push,29247057f19d1f245c1e3de093487336757012a2,206698370
passed,push,1a3f1efe3acfc0869214c794b5170f335da7b480,206650195
passed,push,1a3f1efe3acfc0869214c794b5170f335da7b480,206590328
passed,push,ac7c462f8272766ec8769ed2a2cce79da6511aaf,206539374
passed,push,9f44dd20ef9788c0d3b76478d47c43dd644516f6,206281365
passed,push,9f44dd20ef9788c0d3b76478d47c43dd644516f6,206278142
passed,push,6b46420be5f6c42c6e64742b75dfcd010c2367c3,206273909
passed,push,6b46420be5f6c42c6e64742b75dfcd010c2367c3,206273888
passed,push,fe6df7c2bf1d8a583d3ac25ab0dea0042a618037,206261562
passed,push,fe6df7c2bf1d8a583d3ac25ab0dea0042a618037,206261287
passed,push,917779e401da9b3383c7df2dfdc2c8ae3c58c69c,206256980
passed,push,917779e401da9b3383c7df2dfdc2c8ae3c58c69c,206256549
passed,push,6f00e32428f9eae1a47a5dc4d7c6430cd51b5bb3,206248717
passed,push,52fe28e84aa844a61613342d9ab6f7a4e7b3bfd1,206198292
passed,push,bcf9647788f960c1498f0abccbbb131305ee2aa9,206192706
passed,push,94cfb92ae5388fc838bf6f1127a20fdb945b8d3b,206138612
passed,push,344f764f6d08ad954aaad92701578f21dcf2ce99,206116627
passed,push,9057f1e15614ff23e0aa50646782cdde9f51a90a,206113682
passed,push,fa570ef93e80a851d326c85e2056287ed5dcd13a,206102143
passed,push,bbbc3cfabe24cb19e1a82ae48da14ff759f97eb9,206081059
passed,push,bbbc3cfabe24cb19e1a82ae48da14ff759f97eb9,206079731
passed,push,f9d1c2b5e2eec8e381a1b539144dc4647bd6d399,206067299
passed,push,f9d1c2b5e2eec8e381a1b539144dc4647bd6d399,205902434
passed,push,419dddc0393b39dff4cc57853d96600cd10837d0,205888533
passed,push,b95f950fa4031ef4a5390a191674e9fd4d816b1c,205888344
passed,push,80a4e6e539d276b285f83d53a246887c1db6e883,205860418
passed,push,e72ae9e2bba2caa146c8c008c0bb9cfd12ca4645,205814496
passed,push,765258ad45d3c0d3a05d0cfb5ad4e59d31fb45e9,205814301
passed,push,67c89328aa7c19be23c49cc9642ca41f361dc37c,205807352
passed,push,dcd89242768d9489eefbfd4a5dbeebc6e982fbb5,205769595
passed,push,6efab2b24710fce316a30908635798145b6a3ea5,205748708
passed,push,9dcee5aa64632fb3e3bce58316c511c3cb5087d4,205738302
passed,push,b8d4fe753054e7436284c26b48cb3fcb5f3bff93,205731370
passed,push,a67dae031101271ce6eebb41597c2c5499012ff1,205726013
passed,push,df32ba9c0bd7926dd8c21c31e364f6ff4b3e2b1c,205724148
passed,push,a7165cbb780e76f1273bffa2bce1b14613c81b48,205722367
passed,push,8e057039731c9cb3d2fb017d08e12f6979a68344,205691198
passed,push,5f3a9d49ed8a8537251433dcfdd3aa2d34ae166b,205691010
passed,push,29ffa05dcf8cbab373dc2f820039c19e949f5611,205686068
passed,push,d581aa020e1dbc6ed0d9576a007cee30c9cc9b79,205685814
passed,push,ecd6d8aa9a7719395b6caa6335f31779547b1ae7,205569197
passed,push,8207ddbfb6ed6f292a52d46f768c2e352e6cc101,205547866
passed,push,b538857a3f4fa3148726a6850c850ccf04fd84ce,205543459
passed,push,967bdde762bde46d1cde3ba89967ac5da9c7dd09,205541237
passed,push,7add67bd2d0d760382ebec14383125d29861b6c4,205529268
passed,push,e7d1e32c7a81c43f0d38e414bae34977d944f477,205526053
passed,push,ba1eab002af34a004db3b2ccba8fadf95cd3437a,205515613
passed,push,b88c4678aeebf09fd5d8236d40f8d68a7f358ad0,205504117
passed,push,38b99942cf040601d925c022f5f15689c54eb488,205494186
passed,push,f1d020e548a4e720145adeea489507057ac68d7b,205493753
passed,push,371fd5a8741a7de849b6e46bdeb07ecff6dd9cdf,205492578
passed,push,dee71985570cdc9f321b6a7b7f7cfdb6ebcac8fb,205491483
passed,push,24901ac9493bb78e16add51044e91fa0f660f65b,205488895
passed,push,1f0763a597a2d8962bf951fb44d254b674a3d660,205473952
passed,push,43e7c0115070e280ad73bcd4c763eb9afd0e2fa0,205468112
passed,push,0749beef638b0ffe368cbe85caa8668baf45534d,205458095
passed,push,84fb8d7ba72e93a3de8b46ec1ba089ab05bb5050,205448829
passed,push,0d7d9f7fb61e026121f07d4b3ed40b907cdae02b,205444780
passed,push,3e42e31d9f1b01312d0f0ae5824457322da15f7b,205439670
passed,push,964c4e4b3c970b3ff397beed98cbcc31c3042d03,205438995
passed,push,f23564cab5fe9a6261dc747ea57af364c1c2a3a5,205438072
passed,push,58b0bc402e6fab9e066ebcefde075dd395d34be3,205429515
passed,push,9fdff6eecf12352bffa11273d5a69875ee60d33d,205429339
passed,push,1ca39b746bdc015981c3645a0301d610e6a486fb,205345878
passed,push,9f16c325e895b406c33444a488f1b2eb5deab77e,205332184
passed,push,6fe4d7a2065305a76b99880ba12bbd2a80cc5c76,205320173
passed,push,cb2d20be7aa5e3fcea347d2daec5b617f890ebbe,205317827
passed,push,4d982c6661d8ada890086b8c53d9a7f8b418d60b,205316493
passed,push,394ae3034e3c39e9753bca1bb7eaff374e23a17f,205309580
passed,push,6ca8971472c2524813a1a4a04db68aa9fdce0330,205292565
passed,push,1fa95f4f7bac6a980aef11a9d0128655c2bdc397,205292439
passed,push,7f408e1369ed3656452ee04e1cd60e27dbc5cfd7,205264753
passed,push,0166480025ac5e2d6a87fc8393394f936c6ff67a,205260076
passed,push,24e4a2cf802a62610d244046390195e56f56c452,205258611
passed,push,c40220b77cc8009e194c4d638f2f32d3151354ca,205257665
passed,push,adf25f3fd4b64d20a62774ea432b85f831c5b021,205238891
passed,push,2abe3a93529f607ef8c1674144d23cb09dd4f8d9,205234649
passed,push,5f18f3baaa9c12ee2c4814686340108453c0bbd7,205234347
passed,push,d200a9cf72b10cdd9b30d3d19fc2e3f4f85e135e,205233697
passed,push,1aeff45416d0e2552f9bac7c380a708eb5271a63,205232793
passed,push,fb013988bc996fccaebe162e573963f65760426f,240092330
passed,push,361d6d99632800e971ba7621decdd7eeb733dd6a,240091917
passed,push,c771badffe1c643cba5130dbfe9cefef1e9658a0,240091367
passed,push,cb4ef70edb82a759d5adf508f517d51f92454a01,240090876
passed,push,f7ccf4bf89186cc1736a6053c1aeaac759639c46,240090486
passed,push,ac8171dda0be113eb3ff139940488d54901b0c64,240090027
passed,push,8d9ba0bdb87c4778a2fcef4eb370639e05e007c1,240089541
passed,push,6f0fb5d22d237604783a711a099982ed0ec32964,240089038
passed,push,1915e80957f4f4a122a0bac983c716840de58c7b,240088788
passed,push,0013b91e4b7e49318a834b14bb339999ee4e5b16,240088096
passed,push,7d58557d1f1cb61e89dcc63161c92d68dd78ebf1,240087588
passed,push,7e9eb4b5b121960d39a43be75929e39530571ba9,240086861
passed,push,8038819de8c956f0f709b9dad790809e120396b1,240086484
