Project,TotalBuildPush,TotalPushPassed,TotalPushErrored,TotalPushFailed,TotalPushCanceled,TotalBuildPull,TotalPullPassed,TotalPullErrored,TotalPullFailed,TotalPullCanceled
caskdata/tephra,458,409,34,15,0,290,258,15,17,0
jwtk/jjwt,283,245,2,29,7,193,137,4,50,2
square/burst,66,54,6,6,0,56,39,6,11,0
spring-cloud/spring-cloud-config,475,361,39,73,2,167,147,10,10,0
sd4324530/fastweixin,272,243,22,7,0,7,7,0,0,0
zafarkhaja/jsemver,64,58,6,0,0,15,14,1,0,0
davidmoten/rtree,517,467,24,24,2,20,13,1,6,0
GlowstoneMC/Glowstone,465,162,106,197,0,356,101,110,145,0
OfficeDev/ews-java-api,163,161,1,0,1,579,530,32,16,1
NLPchina/elasticsearch-sql,511,402,40,66,3,145,104,28,12,1
