Project,TotalMS,TotalMSNoBuilt,TotalMSParentPassed,TotalMSParentsNoPassed,TotalParentNoBuilt,TotalRepeatedMSB,AllBuilds,ValidBuilds,TotalMSPassed,TotalErroredMS,TotalMSErrored,TotalMSErroredWithoutExternal,TotalMSErroredParentsPreservation,TotalMSErroredParentsNoPreservation,TotalFailedMS,TotalMSFailed,TotalMSFailedWithoutExternal,TotalMSErroredParentsPreservation,TotalMSErroredParentsNoPreservation,TotalMSCanceled
super-csv/super-csv,30,2,5,28,0,0,30,33,2,0,0,0,0,0,2,0,0,0,0,0
pac4j/play-pac4j,88,6,3,88,0,0,88,91,0,14,0,0,0,0,3,0,0,0,0,0
asciidocfx/AsciidocFX,156,14,15,150,0,15,171,165,6,48,0,0,0,0,2,0,0,0,0,0
spotify/cassandra-reaper,139,44,85,84,0,4,109,169,16,9,3,3,0,3,4,2,0,0,0,0
expectedbehavior/gauges-android,0,0,0,0,0,0,0,0,0,0,0,0,0,0,0,0,0,0,0,0
apache/drill,58,58,0,1,0,0,1,1,0,0,0,0,0,0,1,0,0,0,0,0
