BuildID,BuildParentOne,BuildParentTwo,MessageState,NumberOccurrences,ConflictingContributions,AllColaborationsIntgrated,BrokenBuild,Dependency,FixBuildID,FixStatus,Effort,NumberBuildsPerformed,SameAuthor,SameCommiter,BestCase,FIxPattern,,
266162286,260470210,262006600,"[""remoteError""]",1,false,,,,266162681,passed,15916,1,true,true,true,[],,
265755081,264991003,265018035,"[""remoteError""]",1,false,,,,,NO-FIX,NO-FIX,1,NO-FIX,NO-FIX,false,,,
259505923,258908906,259474507,"[""remoteError""]",1,false,,,,259546682,passed,106,1,true,false,true,[],,
231753456,231539842,231751118,"[""remoteError""]",1,false,,,,232664184,passed,1586,1,true,false,true,[],,
184169929,182952082,184053786,"[""unavailableSymbolFileSpecialCase""]",1,[true],true,true,[false],184175210,passed,29,1,true,true,true,[],"Conflito de build por contribuições conflitantes. Left adiciona uma chamada a um elemento, enquanto que right retira todas as chamadas prévias a estes. Resultado, a build quebra.",NotFastFoward
147270257,146731270,147268879,"[""methodParameterListSize""]",1,[false],false,true,[false],147282906,passed,54,1,true,true,true,"[[""OTHER""]]",,NotFastFoward
85441898,85223601,85440593,[],0,false,,,,,NO-FIX,NO-FIX,1,NO-FIX,NO-FIX,false,,,
