ProjectName,Total,UNAVAILABLE VARIABLE,UNAVAILABLE METHOD,UNAVAILABLE FILE,MALFORMED EXPRESSION,METHOD UPDATE,DUPLICATE STATEMENT,DEPENDENCY,UNIMPLEMENTED METHOD,GIT PROBLEM,REMOTE ERROR,COMPILER ERROR,ANOTHER ERROR
CloudifySource/cloudify,33,0,30,0,0,0,0,0,0,0,3
threerings/playn,0,0,0,0,0,0,0,0,0,0,0
basho/riak-java-client,3,0,0,0,0,0,0,0,1,0,2
goldmansachs/gs-collections,0,0,0,0,0,0,0,0,0,0,0
kevinsawicki/wishlist,0,0,0,0,0,0,0,0,0,0,0
rgladwell/m2e-android,1,0,0,0,0,0,0,0,1,0,0
square/retrofit,1,0,0,1,0,0,0,0,0,0,0
geotools/geotools,1,0,0,0,0,0,0,0,1,0,0
sematext/HBaseHUT,0,0,0,0,0,0,0,0,0,0,0
JodaOrg/joda-time,0,0,0,0,0,0,0,0,0,0,0
tcurdt/jdeb,0,0,0,0,0,0,0,0,0,0,0
mitreid-connect/OpenID-Connect-Java-Spring-Server,0,0,0,0,0,0,0,0,0,0,0
jknack/handlebars.java,6,0,0,0,0,0,0,0,0,0,6
scobal/seyren,7,0,0,0,0,0,0,0,0,5,2
zxing/zxing,1,0,0,0,0,0,0,0,0,0,1
weld/core,0,0,0,0,0,0,0,0,0,0,0
karussell/snacktory,0,0,0,0,0,0,0,0,0,0,0
kevinsawicki/http-request,0,0,0,0,0,0,0,0,0,0,0
caelum/vraptor,1,0,0,0,0,0,0,0,1,0,0
notnoop/java-apns,1,0,0,0,0,0,0,0,1,0,0
gwtbootstrap/gwt-bootstrap,4,0,0,0,0,0,0,0,0,0,4
