ProjectName,MergeScenarios,PushesNotBuilt,TotalRepeat,MSNoParent,TotalBuiltPushes,PushesPassed,PassedTravis,PassedTravisConf,PassedConfig,PassedConfigConf,PassedSource,PassedSourceConf,PassedAll,PassedAllConf,PushesErrored,ErroredTravis,ErroredTravisConf,ErroredConfig,ErroredConfigConf,ErroredSource,ErroredSourceConf,ErroredAll,ErroredAllConf,PushesFailed,FailedTravis,FailedTravisConf,FailedConfig,FailedConfigConf,FailedSource,FailedSourceConf,FailedAll,FailedAllConf,PushesCanceled,CanceledTravis,CanceledTravisConf,CanceledConfig,CanceledConfigConf,CanceledSource,CanceledSourceConf,CanceledAll,CanceledAllConf
forge/core,37,37,0,0,0,0,0,0,0,0,0,0,0,0,0,0,0,0,0,0,0,0,0,0,0,0,0,0,0,0,0,0,0,0,0,0,0,0,0,0,0
alecgorge/jsonapi,38,9,0,0,0,0,0,0,0,0,0,0,0,0,0,0,0,0,0,0,0,0,0,0,0,0,0,0,0,0,0,0,0,0,0,0,0,0,0,0,0
MilkBowl/Vault,7,0,0,0,0,0,0,0,0,0,0,0,0,0,0,0,0,0,0,0,0,0,0,0,0,0,0,0,0,0,0,0,0,0,0,0,0,0,0,0,0
square/otto,71,0,8,0,8,5,0,0,5,5,0,0,0,0,0,0,0,0,0,0,0,0,0,0,0,0,0,0,0,0,0,0,3,0,0,3,3,0,0,0,0
vvakame/JsonPullParser,32,10,2,0,4,1,0,0,1,1,0,0,0,0,0,0,0,0,0,0,0,0,0,0,0,0,0,0,0,0,0,0,3,0,0,3,3,0,0,0,0
yusuke/twitter4j,5,0,0,0,0,0,0,0,0,0,0,0,0,0,0,0,0,0,0,0,0,0,0,0,0,0,0,0,0,0,0,0,0,0,0,0,0,0,0,0,0
searls/jasmine-maven-plugin,51,10,1,0,18,17,0,0,17,17,0,0,0,0,1,0,0,1,1,0,0,0,0,0,0,0,0,0,0,0,0,0,0,0,0,0,0,0,0,0,0
brianfrankcooper/YCSB,279,11,25,0,63,58,0,0,58,58,0,0,0,0,2,0,0,2,2,0,0,0,0,0,0,0,0,0,0,0,0,0,3,0,0,3,3,0,0,0,0
rnewson/couchdb-lucene,17,0,0,0,1,1,0,0,1,1,0,0,0,0,0,0,0,0,0,0,0,0,0,0,0,0,0,0,0,0,0,0,0,0,0,0,0,0,0,0,0
jhy/jsoup,56,7,8,0,10,9,0,0,9,9,0,0,0,0,1,0,0,1,1,0,0,0,0,0,0,0,0,0,0,0,0,0,0,0,0,0,0,0,0,0,0
geoserver/geoserver,2223,556,8,0,50,30,0,0,30,30,0,0,0,0,1,0,0,1,1,0,0,0,0,0,0,0,0,0,0,0,0,0,19,0,0,19,19,0,0,0,0
restlet/restlet-framework-java,157,41,14,0,64,38,0,0,38,38,0,0,0,0,0,0,0,0,0,0,0,0,0,0,0,0,0,0,0,0,0,0,26,0,0,26,26,0,0,0,0
square/okhttp,1586,248,591,0,664,504,0,0,504,504,0,0,0,0,27,0,0,27,27,0,0,0,0,0,0,0,0,0,0,0,0,0,139,0,0,139,139,0,0,0,0
Multiverse/Multiverse-Core,9,0,0,0,1,1,0,0,1,1,0,0,0,0,0,0,0,0,0,0,0,0,0,0,0,0,0,0,0,0,0,0,0,0,0,0,0,0,0,0,0
resthub/resthub-spring-stack,128,29,0,0,6,5,0,0,5,5,0,0,0,0,1,0,0,0,0,0,0,1,1,0,0,0,0,0,0,0,0,0,1,0,0,1,1,0,0,0,0
essentials/Essentials,133,38,8,0,8,4,0,0,4,4,0,0,0,0,1,0,0,1,1,0,0,0,0,0,0,0,0,0,0,0,0,0,3,0,0,3,3,0,0,0,0
spullara/mustache.java,58,12,1,0,2,2,0,0,2,2,0,0,0,0,0,0,0,0,0,0,0,0,0,0,0,0,0,0,0,0,0,0,0,0,0,0,0,0,0,0,0
springside/springside4,32,0,3,0,3,3,0,0,3,3,0,0,0,0,0,0,0,0,0,0,0,0,0,0,0,0,0,0,0,0,0,0,0,0,0,0,0,0,0,0,0
dynjs/dynjs,53,3,1,0,4,2,0,0,2,2,0,0,0,0,0,0,0,0,0,0,0,0,0,0,0,0,0,0,0,0,0,0,2,0,0,2,2,0,0,0,0
SpoutDev/Spout,64,29,0,0,2,2,0,0,2,2,0,0,0,0,0,0,0,0,0,0,0,0,0,0,0,0,0,0,0,0,0,0,0,0,0,0,0,0,0,0,0
