Status,Type,Commit,ID
errored,pull,0923f5b207a4b722dbd957c219d8eebbf8bac5d4,282052125
errored,pull,fb925cd43646a28685c187d6d62d2fe21d2b3447,282051189
failed,pull,8abcb80f096f982ec375b095f7ae5aeaae63e185,281918624
errored,pull,e0f7e70ce39df043b73f9e4ca986f4833e67a203,281917471
errored,pull,03e8f453fc7e929d35e5fabf9b97fe9cc86a1a83,281913959
errored,pull,c035525571bdb155d728faad13eacc3f7bcc0b42,281912713
passed,pull,1cd46830baeb2ddf1b8092b34594dce80b40b4c4,281910725
failed,pull,839922b29c697f9db7354c9f71f8bd141422bf8f,281908607
passed,push,18927ddfde5ac008e5f14320340138786fcdfb0f,276469625
canceled,push,18927ddfde5ac008e5f14320340138786fcdfb0f,276469453
errored,push,8afd601ef8d8b2e09024f5cb8fae6e6e3a63e8c0,276468437
passed,push,8afd601ef8d8b2e09024f5cb8fae6e6e3a63e8c0,276468385
passed,push,27109fa0a1f5fe7bc8fe39b0fdf209cb2de6081c,276308743
canceled,push,27109fa0a1f5fe7bc8fe39b0fdf209cb2de6081c,276308646
errored,push,839225ad41ccc3d2ef57e9e1afe6b0caa72c1ce4,276301715
errored,push,6bb80e0ba1d53697f7534677aa6a75018d9438b0,276301067
errored,push,a92a107c7b94af54958f4178413a366c35abfa2c,276301061
canceled,push,839225ad41ccc3d2ef57e9e1afe6b0caa72c1ce4,276301056
errored,push,c670217da102b9124ca751c8d7054234d6c7cb2a,276301053
errored,push,0d164c2c9077d6d0667b66a4b6c4f7bea987aacb,276300243
passed,push,e6ea02ab29183343d9b538db71f6bbd45eda349b,274276453
passed,push,dc26d3b6a25fb5031645948a07b210b40bed8ccb,274275655
passed,push,fbd055fcd16739bf62d87e492b37a7a5fe519e49,274274731
passed,push,8a9cee012b7b0b541f91b915360e93588de6e251,274273347
failed,pull,e6957d20b597aa7b38ced4e5e3c23729a1efb22d,263711141
passed,push,66245fae7f387113ba7de3fd38a47e04a6cc48aa,257448974
failed,pull,5338006fa68edc47c505a6397ce5ddec4dcceb15,256850237
failed,pull,4addadcb63ec6011083a17a6c83629d17570b749,251050484
passed,push,cd6a107bcf36c1c044b354da5cf09c1f0b2c8699,242757310
failed,pull,03d5c7629b36af5acf52fb79e6ac300aac5051ca,242243625
failed,pull,94a6957554fcbc672471336225c43c96abb80712,242241783
failed,pull,2e21c4c1b0216c9bd3631b08a8bcae803e610c6e,204977018
passed,push,0851b7a35f277cf6b457545d0f5834412819ab16,191927986
passed,push,025bb65c6db99b69a185b208d9d080289bb47c3b,191927984
errored,push,088e87c21c4924100616d4206b7ee66cd88ac7f1,191927982
passed,push,010038744ef5e67884aec048564b7b777bdc8d0b,191927980
passed,push,18f2028d161eb8e6ab6e3134181d1a6c05f16375,191927974
passed,push,1d82822380e33aa589b064dbe7da8ce6479cabbb,191927972
passed,push,4d09ef005ce8e7a4e922bb0483a55180477cfc1e,191927970
passed,push,2a6627e255640dab63110685e0ac158339ae0a4d,191927968
passed,push,738eea65b64842ff1e04a526c3297c90118bef44,191927966
passed,push,74ba8d5ba6ec97dd6cf0b8a38d275b3ecd3bf5ba,191927964
passed,push,5ff9225a85059c7a10361646191a997ce222d474,191927962
passed,push,76b80f3f40a38bbc51f1809321d1e5f2ed9d1861,191927960
errored,push,8fb38359cd48221af2741085c93e2e6380d38b2b,191927956
passed,push,7ff39ceece5edf42039c9ceb75beada75c4d7147,191927953
passed,push,c2b9addeb9b69e39ca4b77300b2d52ff4b24f172,191927949
passed,push,ce1c2ba9e6ab745cf16e786ba2b29f80fd13d05a,191927943
passed,push,dfe5996100981fa5d2b6fdda9736ba1a3f3a864e,191927936
errored,push,3f5782cc4ca1ccff8db66f7d865fa55721346d10,191926855
passed,push,4b5bd06f8f54f003b8644ee6b26d8186d55105fe,189985344
passed,push,877dcb4c91ccda320fcc363229f09fe07f690465,179553429
failed,pull,6541f0b89d2f3654ff55ec51ebba1ec60f32f961,179540027
passed,push,aba32d0a25addb771c1099235939f6cd8d081dc2,176780634
errored,push,cbddbd8f394c4f2c56d5795af58447e73a2acc79,176778421
errored,push,cbddbd8f394c4f2c56d5795af58447e73a2acc79,176776921
passed,push,7f2daa75b63d8fefb9533989ca670db9063ca101,176621108
passed,push,abd74793bad3eb8e443111832e9631b69a91d7db,175664611
passed,push,e0ae76c6fb4e2c41926e309c1125bd9a685dc9fc,175664235
passed,push,29159e954be32180d9a7da37e623c2fe28347202,174877717
passed,push,d3878ab7413edc200d3cbb683d70c2b20fa6cb9b,173689447
passed,push,d3878ab7413edc200d3cbb683d70c2b20fa6cb9b,173689374
passed,push,a9735fe04c9759ebe678794a3cd0a18bc6e8f358,173686695
passed,push,a9735fe04c9759ebe678794a3cd0a18bc6e8f358,173686538
passed,push,f32608582bb8b20b235e941d72848595865ff675,173505069
passed,push,f32608582bb8b20b235e941d72848595865ff675,173502005
passed,push,700964fa892ed955b40e9874704c633442681d8a,172651777
passed,push,700964fa892ed955b40e9874704c633442681d8a,172651484
passed,push,768aed85e8b41a2d2e7976ee0c9f23bd17f3ad17,172419373
passed,push,b53f8b210d410103d4952400fde474a79dcb317c,172412560
passed,push,b53f8b210d410103d4952400fde474a79dcb317c,172412457
passed,push,fb8dc0a6677fd3477c4c08edbadb241adcc7eff2,172379703
passed,push,fb8dc0a6677fd3477c4c08edbadb241adcc7eff2,172343307
passed,push,fb8dc0a6677fd3477c4c08edbadb241adcc7eff2,172342746
canceled,push,a7b4a5b39e7ee0a5d39ebd1ff042cb3d4fde8330,172337882
passed,push,a7b4a5b39e7ee0a5d39ebd1ff042cb3d4fde8330,172337060
passed,push,ff329ddb2c281842ea8f7ed7cfbeb645ed578d3a,172154371
passed,push,049c93e40ecbba8c5c0253bd6b8cf9a292a6e5cf,166881470
passed,push,22864cb0ed2369fdb8b4bb5b2ab410c0f6c30de0,166881315
passed,push,ff8746887301e8c1c3a91011b30c8491feeeea9f,166510799
passed,push,97adca5ad9442a13e20680732ebc92ee28f3101c,166301009
passed,push,476a56dea49ae9cc976dcbc1da800f6738253e94,165781655
passed,push,dba1ffdf22c0d306243fb2d36c06b460f3b10dc4,164182570
passed,push,a2d8e03efa6e7cf5d55117f807a7411afa929f79,164132055
passed,push,0c5c35a869979d8577646e127b2df23a09e0c0f2,163711828
passed,push,ac8ba72d31a9b325868973d00176a8fae9154100,163704043
passed,push,5f4f1a77d81f7f5409ead59e91e219df4f318c0c,163703972
passed,push,48d367c52ac8c5b7462e598a30676db5177cde4a,163226829
passed,push,f57674a48c3efde15acff03228a2d5ae3c6127b6,162868643
passed,push,452157cf77ce79f3465ea6a8e22fdba9e261f088,162487726
passed,push,452157cf77ce79f3465ea6a8e22fdba9e261f088,162487593
passed,push,80e4da6f62af3dfe0351618e2ac03f28a2fa4fc9,162485306
canceled,push,80e4da6f62af3dfe0351618e2ac03f28a2fa4fc9,162484912
canceled,push,80e4da6f62af3dfe0351618e2ac03f28a2fa4fc9,162484807
passed,push,f7d6e61927412b5b695889eb680aad72948bd941,162483184
passed,push,f7d6e61927412b5b695889eb680aad72948bd941,162482938
errored,push,221924e2e6cd0d13bf916cc93eeb7429eb55cc92,162481825
errored,push,221924e2e6cd0d13bf916cc93eeb7429eb55cc92,162481764
errored,push,153d378869bb8eead42776061d2a0ac32ead239e,162481719
passed,push,ec46c23649c0c578ba4fa31faf43d14a727d27d5,162481339
passed,push,2d612e20b26bbdbeb3011f633ccb3dce7c2f61c2,162480937
passed,push,5db93ef6a7254196885604718ee472ebbbbb8b4a,161017918
passed,push,58ec5d061d62b8b06d46ea6cfea84ff9bc28c402,161017588
passed,push,2fe4c758bf124022b0993843471b2518850c537b,160695453
passed,push,d76e6d2116205746b235539c6193550e197b8361,158290993
passed,push,d76e6d2116205746b235539c6193550e197b8361,158290821
passed,push,70d0f283c7950393bb773e12b89a40dbc811c7e4,158007261
passed,push,70d0f283c7950393bb773e12b89a40dbc811c7e4,158006870
passed,push,38ae833ac0d0cd551f4e91122c1784f5e65a2cc0,157886636
passed,push,1a7d97ab9ab8aefd7d303f86dffcab78f147d27a,157845987
canceled,push,1a7d97ab9ab8aefd7d303f86dffcab78f147d27a,157845928
failed,push,e8f9bfc19f615262af4e774ef51554d2d531967c,157844744
failed,push,e8f9bfc19f615262af4e774ef51554d2d531967c,157844230
passed,push,72d026ebbb83e7644da6c601b6ba6f287b0c12b9,157107538
passed,push,a781b4122f38618ee07419fb799d8854008d93dc,156959969
passed,push,b9ddc57ca8e8b86a8e295b9efadfb18558065721,156957445
passed,push,842baf38f54e4a0d315236cf0e41f92f7d8cfdcf,156928405
passed,push,41b7f573a3eedbb2cb5b80cf973e361fa2e40ae0,156869366
passed,push,ccb7c3b2a21efe6326f43d5a863f218de29a0750,156786268
passed,push,7b6b6f07bf55ce5ed9e7074f3b72061bb69f4f97,146832586
failed,pull,17da4370908f7c39a974e1189171a11f62567963,146832197
passed,push,f86ac809a0a034eb79b5d27034895a63c5b421ab,143533499
passed,push,f86ac809a0a034eb79b5d27034895a63c5b421ab,143533226
passed,push,d5dc86bf6184178d8b907a5a5df048adecbb350a,142598962
passed,push,286182f57dc0e5c396753b17630c898c26237c5c,142064971
passed,push,286182f57dc0e5c396753b17630c898c26237c5c,142064349
passed,push,13a00d6fc4ba5632ad64530096835e4f689aba7c,140414453
errored,push,13a00d6fc4ba5632ad64530096835e4f689aba7c,140413520
passed,push,13a00d6fc4ba5632ad64530096835e4f689aba7c,140412789
passed,push,77b9b7695daf22f7420adb776f67d29997700f19,140201647
canceled,push,77b9b7695daf22f7420adb776f67d29997700f19,140200457
passed,push,8b1d9560eb28ff6b880c3310ceb6c93569da09cb,139996911
passed,push,6efa0cb52a78faf68f8cb734c2384dc0898f4df2,139720114
passed,push,6efa0cb52a78faf68f8cb734c2384dc0898f4df2,139718759
passed,push,a5cf5ada14783874711a9fa3857034d23fb0d8c4,139712474
errored,push,976b6646ad218e1e6d53fcc313de8a01923525b8,139638723
passed,push,4a0a8a07915ef7fc643a60ba7959effeb72012df,136363708
passed,push,04ddff4863151b2ccb9b24a92ed2d5f8a99fabc0,136273551
failed,pull,709c448b9cc646f52272a28097f66a7ef2267a2b,125872625
failed,pull,8fec510553288b03be87f4596a389a5fd0c04393,125871727
passed,push,0d7dc6d61bb05ed03261291e72e5845d06cdae8c,122736451
failed,pull,331b44ff1c287717b26079575f0066d0e09d49c1,122735757
failed,pull,5d884efa569742a4eb9fdcf31404684b1949c18b,118776598
passed,pull,ddadcd851eae2cd9ad2efd61660be4cee280cc18,118704480
passed,pull,436f3d137a0c016a947be05aaad778df5ba0e431,111296818
passed,pull,884dd344a5ab2188dd1ad5df3ccb46745016580d,110772330
passed,push,ba0f203cd188a802b55acfd6f50825c526c566fc,104608591
passed,push,9e4b71211a7422333cb178b1bda4cbf3957e1a41,104505175
passed,push,ede54f3778554029b7d6c44f0565d301712237f5,104501189
failed,pull,4d55d2e8de642cc08a421c922dea14d25fe0ec68,104430604
passed,push,9ae4a0708634cd84972855f9e9ea1a950d34c258,104425351
failed,pull,6208b55901aa58a4a435f08dfe4ba0d44d66a407,104422174
passed,push,46173fd02c413c20e6a7f574594df3a189c64135,104421800
passed,push,8cb7c5df2d5c25f915c2841cc8831701d8a7dfa9,104421710
failed,pull,0cd419db694153856b991a3349e5b5abfdf9e1f9,104421519
passed,push,813bfe0703facf4c5f4e246204ff6d26e7cec935,97784409
passed,push,813bfe0703facf4c5f4e246204ff6d26e7cec935,97784367
passed,push,87abf4203b3f5ee566be8954b87fcf57f0a17a75,96929468
passed,push,5f91c44d66074746f588be158851532239a15b6b,96847130
passed,push,a8e7800dcf5c0f63b81c1d290e0d258c828d16b4,96558273
passed,push,a8e7800dcf5c0f63b81c1d290e0d258c828d16b4,96556573
passed,push,2f875b8b1dfb57b7e8cd4f24ef24e47b8b98f3ad,96448609
canceled,push,2f875b8b1dfb57b7e8cd4f24ef24e47b8b98f3ad,96448522
passed,push,08f0accb3e96f63b7b916bac8ad13412e4489efb,96428746
passed,push,db313e8a921184c440bbfc0f76398f9877af0d9d,95857936
failed,pull,084e40eb858ad98151de113d6a08589becd06836,95737603
passed,push,ada4450dc7fd56a955cc239ecafdeb374af71078,95165856
passed,push,3d7c1c3fe6994466c21ba59be131d4ca225b54e8,95039811
canceled,push,3d7c1c3fe6994466c21ba59be131d4ca225b54e8,95039747
passed,push,6553e3c137c20413c887dc1f7e43e63ce1e877ed,94479039
passed,push,6553e3c137c20413c887dc1f7e43e63ce1e877ed,94478886
passed,push,2c08b667c08cfc65140640ce6cd3288bb0d91ad6,94286972
canceled,push,2c08b667c08cfc65140640ce6cd3288bb0d91ad6,94286894
failed,push,27759855108cd115dc2fb2ecd9c2971b9922ab0f,94285157
passed,push,50892d56646fcab4513e51c952f8709e35f126e4,94273682
passed,push,c25648899c860daef56d9e66745d0e95f1bb70af,94004464
passed,push,dfa521424851c8aab18026b325688473ad94f1ba,87888729
passed,push,90c2cc76a4ddbf84100612586f52027592b7fd26,87888366
passed,push,4f36557092da55e7b7e95dded7fccd56c1bfabed,87720105
canceled,push,4f36557092da55e7b7e95dded7fccd56c1bfabed,87720005
failed,push,0da7eee550e78646707108fb0845339bc2d276e9,87717517
failed,push,0da7eee550e78646707108fb0845339bc2d276e9,87716875
canceled,push,ad34f283322430da144b591e10f06c6e101e836e,87704604
failed,push,ad34f283322430da144b591e10f06c6e101e836e,87704478
passed,push,13dec32ad60e22d7d1b40d92ec6876708ed354b3,86042506
passed,push,0686d97addeb43733dc2cccafdaa1a6951673463,85399958
passed,push,83fd8c9d2649390e269fa9641a6f06a6e42a7e00,85225205
passed,push,10301f9576dd0cf760c3e52fb16dd8e9b00ec5e4,85142534
passed,push,10301f9576dd0cf760c3e52fb16dd8e9b00ec5e4,85142455
passed,push,5cfc561429115a6c740c423d95ad989c911418ac,85018133
passed,push,ca809cd33141f78aaad86f4a32bd4d4022b849e0,84918693
passed,push,41544cd99704995109e26a8ff7c8fab3f0761321,84907749
canceled,push,69a83863e1453f9444d47bbb129b1e63ef0c1e95,84874121
canceled,push,69a83863e1453f9444d47bbb129b1e63ef0c1e95,84874080
passed,push,4cd3472501e86ec5c02de2373f0baf6fd1d36db3,84866716
passed,push,b0c4d94e7cad95bb8aa6d6da8feb50a1c8236bab,83155960
passed,push,d2c1154b9b8435ee1468c86809dc51143995b4c8,82406284
passed,push,e9c3f319ca25f4c5a5eede9651f8251f9ba19d8c,81283187
passed,push,87abe1c5637bd5d189228249d1cf71a38c08675c,81275362
passed,push,e0e6272628747ddbfdcfa545a27031db8e8687f1,81265275
passed,push,261f1d967ee851cf2e684cc09a9e599a233cd43a,81258013
passed,push,5a8313cf726178b0fc5d64df43ef9c0b111274f5,81102898
passed,push,d8d4709bd1cc1698b74f625c4e0f15b6c9de11b1,80206644
passed,push,6aea32df5b2307cf4ced4f0d2e71b5ea38c997a9,80205126
passed,push,6aea32df5b2307cf4ced4f0d2e71b5ea38c997a9,80205051
passed,push,581108d768fc86e7c2c125b63b38834c0696ee3a,80198175
passed,push,93a27683e49ba3b7a9a8bfb70a93525e6a86e8b5,80075660
passed,push,93a27683e49ba3b7a9a8bfb70a93525e6a86e8b5,80075644
passed,push,3e2d960effa27849d5317fbc67f6b79271200467,80075499
passed,push,4aeeee7806e68055c345be0b2f58dd9f776092dd,80072752
passed,push,653ef120f7d2224df06e4c844e1ddbe8f30cc64e,80071428
passed,push,46aa92552857725abdade7f9fc782c85d3059d57,80069953
passed,push,abad47d90adf98aca2f221ef602424a39fbfd130,80028826
passed,push,e54c35af601cc74a9a89b1d2891efff17c5e2cbc,79044801
passed,push,e54c35af601cc74a9a89b1d2891efff17c5e2cbc,79044734
canceled,push,51bccf3396b2cde8fe71dfd9127beea265209e02,79042465
canceled,push,51bccf3396b2cde8fe71dfd9127beea265209e02,79042352
passed,push,59b7732d0e9409878de64addee706027b1ef9098,79022292
passed,push,a7c31ccca19a781b3274c55eb053852bb6be262e,79020126
passed,push,a7c31ccca19a781b3274c55eb053852bb6be262e,79019680
failed,push,c5a1f3244538a02f1b6de169b1bd095720397d53,79015334
passed,push,084e9cd0d23892712ceb479b7a6b776e90a26382,78921743
passed,push,90ca352869bab541d1802b4b2e57b357db634e21,78789809
passed,push,9fbd286f655b2354802576e42079ae241e0a4d8f,78272537
passed,push,01d420bc8f7e72551917e663dbbc1b4a7eedd2cb,78195394
passed,push,0fea823359f0c8ec42b96ad957a6490f3e11fbb2,77045912
passed,push,544d5f48075cc9d8a06d66a53ce9428275541a5a,76897983
errored,push,7a36f227109a3688a9d73787b3cef95547fb7ec5,76762318
passed,push,83a0284a1a8d2c7c7ff4d9131ff3d63f587d0564,76150436
passed,push,d1af7c1d9c9f22907bd1cae5684612aa086134db,75435287
passed,push,a8b2d34ad0071d583a17e6331ca377239ccbb28e,75220354
failed,pull,3751f7abe586bb9d78979a2534cfc51ecf1b882f,75210081
passed,push,d95b30fbb8d122fb3220a73d6f3b4bde8f3c622d,75052094
passed,push,d95b30fbb8d122fb3220a73d6f3b4bde8f3c622d,75052038
passed,push,4be2e066a69de19be05165f6921e6a0e446f5594,74977487
passed,push,519c7fe45b746119f833e4542e90229cb79b28c2,74955485
passed,push,89996eed879f5e731a9801e0e134de4c7020c6a7,74934572
passed,push,89996eed879f5e731a9801e0e134de4c7020c6a7,74934493
passed,push,0bc9c2acd32aef9965ff7413bdfa12126b683a00,74888799
errored,push,0bc9c2acd32aef9965ff7413bdfa12126b683a00,74877753
passed,push,0bc9c2acd32aef9965ff7413bdfa12126b683a00,74877584
errored,push,78594de400753012b1d5c144a202ffa1715b5dfd,74875022
canceled,push,78594de400753012b1d5c144a202ffa1715b5dfd,74874984
errored,push,0aa6a70e10266f8eb39922f5e31f95bffbc5549a,74872077
passed,push,0aa6a70e10266f8eb39922f5e31f95bffbc5549a,74871826
passed,push,2f2dd0c2bb806f5d4320229e881c938d478dc3ba,74868890
passed,push,c903937e7963308669d667fd4381d65ae7b1cade,74815398
passed,push,5b09ce3774767503873233a9e73342623d1a385c,74804463
passed,push,f5d3a6817d5ee45d5689896b0304c52d2905bc15,74803346
passed,push,693a56536fd9a42ec600b884f377941eb673dc99,74795173
passed,push,56adb532f35d1641b437309613211a7e49c3902b,74792061
passed,push,1fbb1f089c8a855ec2932614e0cf2dcf50fcda3d,74735455
failed,pull,d6da98652a074dedc2481e7f94395e2ff7bca45e,74729472
failed,pull,d7ed82a9105d124e3751b9cb5cbc7770276b84fb,74727067
passed,push,e147c379643e347f52cc55423b9d8d8017d283c7,74534794
passed,push,eee864aa606797a37521e41d280ca8ac17e3a902,74534685
failed,pull,24b0f141f7a0d30155f426e4d1d390759b405117,74469997
failed,pull,05579bcc1268192a3c997fd37f77cb9087019ac2,74467836
passed,push,a143bda8c0fb2b48dc26212b95b923c6c37053fc,74465172
failed,pull,d78c96d6f14d9f732edde9aba55572b2239e748c,74459525
passed,push,adc36c99c11e31ba022f6b92fddf2b617231ffa8,74377779
passed,push,694bfa338a66a7914d1c9b5d90fb7b3533b7aff5,74045180
failed,pull,0c62034e3428cdf03d76c729bf1449c040febb3a,73713854
failed,pull,a97f87e4411ff8ee2226ca5904329afd66587332,73616290
passed,push,81d0beb7ccc2b45199ab03badc6fc057d9fcada4,73004097
passed,push,81d0beb7ccc2b45199ab03badc6fc057d9fcada4,73003960
passed,push,4708e71d661ace2ab76642e3353ed361f53ebfd2,72972243
passed,push,919fc6526ad3701af034d509d082cc01c30c5719,72970537
passed,push,919fc6526ad3701af034d509d082cc01c30c5719,72970202
passed,push,0c21d36ca2cab9eb2d0561fe1e508c63ea949162,72967407
failed,pull,dc6e1c856e428d07592ec2ac617994232d7a042d,72909985
passed,push,ed9c9145d6069c11e4e57ef7850afced31ef5fbb,72902479
failed,pull,9be3a7fe8289ba1a6b2d19174b14fb1714af2550,72901227
passed,push,b1fb245c25c3a7fcd4cf38c3e48d9aeb26bf42b8,72816802
failed,pull,067d9ff8e2d70909163d94d6a19481c04cd56a19,72235746
failed,pull,b28b73ed8978ff1c46abb325abbb0c3a405ae146,72235670
passed,push,284a554aef92d7b9093fdd4bb5e17580f4185f44,71570065
passed,push,3d76840c4816f13f8d31d63d0a675fce0f6ad89f,71533707
passed,push,3d76840c4816f13f8d31d63d0a675fce0f6ad89f,71533664
passed,push,5cdd8e5b2c1fdea6e6d9515520b8b5431cf5e1a4,71265212
passed,push,009dac6073867b893133db885b847a5a0b616e83,71213238
canceled,push,009dac6073867b893133db885b847a5a0b616e83,71213148
passed,push,85e3455094a2e59f4e1f08838c17a4cd53a14efd,71212628
passed,push,af69e9330443719ce4434b7b710e463daafaf053,71151288
passed,push,cd33579676c598ec96dae31aaa94ce2552588bb4,70939926
passed,push,cc9b3070c9592de69b5d038eb4412160d6d17846,70773704
passed,push,0545536700a78ebe514c82645ba6d7db441eece3,70452551
passed,push,cb64c6b0d13821599d54868c8aecc7954b76281d,70339849
failed,pull,778112f550a0838c85f4fc2e9157d10d586324c0,70330162
passed,push,81d24c6f4fca62013f42de25ba438a522bcbfebc,70082489
passed,push,47dbc512bee66c63c21bb5475c7ef38eba7fb4f6,70077489
passed,push,a181776ea66929b10a35315668b24f03fb99e120,70069218
passed,push,a181776ea66929b10a35315668b24f03fb99e120,70067725
passed,push,eb98bec94d27401c808abe7c092fc6e6814810e9,69730282
passed,push,16159e4c1ac46177c9b56ff1e8fec95fb813f43c,69729505
passed,push,2e20fa3222be9d0047e25f8484d67ed3d5fee938,69725409
passed,push,fbb444025e8f3bcb135a58cbce3f08ffda5c53a6,69714594
passed,push,9baafc7f78c1aa3dcd95b229bdd6f0444ed08dd3,69707074
passed,push,0a29535abb370b366166763589a582b6e77f2419,69697134
passed,push,97683381617b97ca168097d975f1d818465e754a,69651490
passed,push,0636f928faf2b8ce988ad1957498e8eeb27a8b48,69647848
passed,push,64344438dd82c20f10ef1e825960f5e9aee7cc8a,69219981
passed,push,a903f2b2c7ea068e7ef69e960de0fd254518cf06,68338067
passed,push,de92a3bb5eb19032b8970d318ec2f6b02e7c5e31,68131003
passed,push,fdff13407845d0e2ed549aebf22b48a736548b95,68059698
passed,push,027550b5def4e3670109caeef35920c40c6b29ae,67861328
passed,push,4c495e2aa80d44e5720fe088974b0754607a946f,67828297
passed,push,63abf685afc9aca04abce362d63178bec508f378,67741787
passed,push,56789881169b9c244121cde48ffdecedfa7aa0bd,67662343
passed,push,fd74a99524890b236ee2257218b50826f8fd7705,67561948
passed,push,3d2be60b00edc80f3e349946dc7307d33b34c08a,67539254
passed,push,4fbc461737082e7971fa715b94ca089d9d80c57e,67512772
passed,push,bffaf1756103aa7a3851ee20c9eb2a6dc6c0d71f,67404356
passed,push,1fef23857d9cc837cae998f56119a1e3debc1351,67319468
passed,push,5bbd3b607e8d5d8a32ee03fe2ac5e31eb2cab090,67280816
failed,push,10431352ac3e95ac31768e514c8cfc2d27c745c1,67244415
passed,push,06506c27b733734ff4f17417e0efc5a90ef4c3d3,66639669
passed,push,c79a4dba611d93690085f9f0de3f027f348895c8,65213085
passed,push,ccc9337a46d27f9f405cc20e34fb0cc616465f95,65206094
failed,pull,9df8f5cfc55b859679eb72523992c1c30d7d5694,65205517
passed,push,12b24b34f06484d084a67707827fc798ad47a0b1,64917413
passed,push,9c23b4e925c3afbdbe018709be673c7703c0f975,64908450
passed,push,8786531ddc77d968d8367c96c1eaedf9eec1a473,64831532
passed,push,999043622709dd957ff00be221959b566e0bf32d,64815715
passed,push,76b80f3f40a38bbc51f1809321d1e5f2ed9d1861,64813218
passed,push,89af2ade981cc4f13f2c6a7de018b6b327ab79a1,63940791
passed,push,3b4e0128dee225d6db05dc17c5dba61528e67fae,63516753
passed,push,f3590b556a2caf5c33fa4fb9ab650c3747e3c6ff,63448389
passed,push,78c4c3442884abf9564a82e33d93fa888e515936,63402671
passed,push,deb4ea7ef5a102aec178ca07dba14a3de24928f0,63384448
passed,push,d21e0cc13904a3f754578914f6e0bc766f6c077e,63361992
passed,push,9b2552ade113408f7f9f35bb32312df2e825b0fe,63133070
passed,push,199cdf3b6dbbff462d0eed7f5ec933c0a870b7be,63121971
passed,push,57268b569ae809f176781d232950f494d0035574,63121959
failed,pull,156692a05186434bd182c248f4b7cca039d6a7fe,63063854
passed,push,af103570e78b8c043264c7f8c27f9b83cfadaf62,63028735
passed,push,3a9f05fdd9e11ede80bf47053cfeed432fa7ab5a,62914732
passed,push,3b7191f1b3b7940f86ebb5d2b8e430761399ed45,62909892
passed,push,b099b82e624d2a7ccf424d46e81a590bc38bdaf2,62888784
passed,push,b190005cff9d7d6e0a6be8f37b15949cec1facf1,62215446
passed,push,a2c53adbfcd66cfcfde5af73e4bc4becce14e725,62189854
passed,push,dfe5996100981fa5d2b6fdda9736ba1a3f3a864e,62188793
passed,push,373487c0a7ca05ddff77f3064eb5cbbbf0c6c191,62188386
passed,push,12b24b34f06484d084a67707827fc798ad47a0b1,61647274
passed,push,163e37ff52bdd0605ef0803b2614b80a6704a3a4,60869360
passed,push,a21cfe1af4b88fccb97f08df53aa399dea7071e7,59844941
passed,push,7c5d3d1e9fd5b6beda9447f342ef25bbcf8331f8,59839450
passed,push,0896a61e351dc881e73a497d9e878c46f39dd750,59449683
passed,push,d8f11b9ad747567bc76317dfe63c93f68a99d951,58509069
errored,pull,8fdcfd94bc8ab0816795e902a7c71d2a1ad1a066,58508006
passed,push,0abda941995c1c55d5a21fc80321180be34dafb1,58305689
passed,push,f8f1b12fa0ec678da89f45d8deb79a8e4baf2fcd,58158073
passed,push,b0d8a3cf94d591435a034ed7c02826e1b4992a64,58113159
passed,push,a8b4d0d6aa5243f4f9b6dd233d7e06465b94147c,58099846
passed,push,388302f0f9c53152cc681ab397eebe736d5e034a,58082892
passed,push,e61ae417d50a17bfa651fdb52d04f325f9491f8e,57974877
passed,push,5348ecf991e267d4455070948e34411daff5cd5a,57340824
passed,push,247ebaf01d8e3c4f14e594e0fd2ff1bf51215f05,57317716
passed,push,93dcb6a040b87796b310d9921f0455a37ef622cc,57317091
passed,push,e65c5dfefa8b31b5eaf045e5f5ceff4e618a8303,57234462
passed,push,78971543618aa356ebd9c4930ea7cd8e311c1253,57233829
passed,push,f1e238035a2dacb0341efdd690d28a22182416c3,57226184
passed,push,5f6f610289f22213a33825d64f3dce6a4145bcc2,57180098
passed,push,1dc10a46941cf45c5307395e65b340d3921a0439,57093130
passed,push,3218a32e8c41a2eac7d55bb13a5bd614e8c1f7c6,57092949
passed,push,66b4c05dd7fd5cb1cd30ac14a52b140c39d1f836,57084344
canceled,push,66b4c05dd7fd5cb1cd30ac14a52b140c39d1f836,57084198
passed,push,e9e39910dbe393f9b028bedf7b0232329d1ce872,57043530
passed,push,93be8a48f67dd8422767a8e19700a751c2896ca9,57040566
passed,push,3816e51178417f27c170cbb6df4144d3a51319e4,57022356
passed,push,9204b5d6399e74e1ad3491c72a9b92c8ccc3bf9b,57005396
passed,push,605af6f3abca1ac5209597e976fb782aa57f77d9,56858090
passed,push,aaf7cd67d1a1560d27ecfcbd68975f63fdf89cad,56857818
passed,push,1a5439f964465ad45a76c70d3b206551a8912f8d,56857637
passed,push,e0ae76c6fb4e2c41926e309c1125bd9a685dc9fc,56852069
passed,push,48b2d3b8867d1f67b1289f13f215c63708ad264b,56778595
passed,push,82996eb119f84e941944c00b856f5bc6e518b1e6,56755207
passed,push,3f036354da657bc4b2b04960fde68c3455277996,56751810
passed,push,d5f7116ae0d6c45cdee7280520f8d7841d6bcd42,56339557
passed,push,f71eca6ca28cf558fb435d52b7778c803201f7d4,56339404
passed,push,699f464058461c8480c1e1f0b3a8be48284f5acc,56285049
passed,push,45025d648d270cb5edf5e99834df6b7ac1f76bc5,56284406
passed,push,9e18950a64f2dc9f772b586e15bdb471a3d6f88f,56284290
errored,push,6a4e248402a3d19b4dfea68877752273e212f976,56284239
errored,push,fee56d902eb20a231470f5ad5ed5a4b09d6975fa,56246224
errored,push,5194cb5efd7f383c051d14573f61e6e863713e4b,56244675
errored,push,bc354e04ec893cc7531a2c6565c75d60b7b5e4aa,56192632
passed,push,77f01eed42f817089bd1e27c09d292d0f9422371,56168354
passed,push,0bb510546077256f00bee49979b25f7248d7a779,56166258
canceled,push,0bb510546077256f00bee49979b25f7248d7a779,56166141
canceled,push,ed7921e9dc18770a4afc725c80d08cf0a0c8864c,56020089
errored,pull,60d29c839afa8981596969baa474728ad9e37898,56019058
passed,push,132b19f58b3f73e6fba88fc0ddf4c42072d0e6e2,55955297
passed,push,ca1a838a8098bf506d8a7b95b6f02a513343aca5,55831530
passed,push,9f1f6e63872abb2a16bca0f81d1fd21caa8dae48,55566733
passed,push,7055483bfe3f2c217fad4f2022247dde65ca1b53,55461770
canceled,push,7055483bfe3f2c217fad4f2022247dde65ca1b53,55461224
passed,push,40f0acddcda1ba6ef6b1ce33d9d74348eb148560,55386256
passed,push,f5a78a1da2e54db728b1ac784dd6e5eb31345187,55384336
passed,push,bf71cc52dd94ebb9da86661af956c3bc1b506d60,55382548
canceled,push,bf71cc52dd94ebb9da86661af956c3bc1b506d60,55382422
errored,push,bf71cc52dd94ebb9da86661af956c3bc1b506d60,55381695
canceled,push,bf71cc52dd94ebb9da86661af956c3bc1b506d60,55381560
passed,push,1097a8b65a1657cece7d13f4a0ee051d16613ea6,55380018
passed,push,684b302dc0985247bc1f9a0f0bed7e148fca1ec7,55379880
passed,push,3f535a2062e792214e74352c22d7d531c1f47bc0,55379620
passed,push,1a79e637bd5d1cbcee1494a71b77387d998e674a,55377346
passed,push,a6f0ad384aabd2246b1d66120acbb6d12715b1df,55373364
passed,push,7ebc3011fffd6651174d05b99a3a67f4438cad8c,55372659
passed,push,1ce5d9d3a1808cd76e8c7187fa3114d8832006bb,55335292
canceled,push,1ce5d9d3a1808cd76e8c7187fa3114d8832006bb,55335212
passed,push,075e062098563311899c519c2204a96a8e6302cb,55317626
canceled,push,075e062098563311899c519c2204a96a8e6302cb,55317599
passed,push,a2c7a04f8541d59356e984eed10e7189e96473d3,55313337
passed,push,d877d55a0e1577b9909aafcfba1d20749eeb68c1,55305420
passed,push,429a1008addfdecccd41868f60c68fa8bc7f6d17,55304870
passed,push,9b082f83a5d569a943aebe851813c3ee6a31077b,55304341
passed,push,049265df106f441086d905ee74f6337cb2da1c79,55300773
passed,push,9fd5cae5db9d62c79ff7bf17dc12d46df966bde8,55285951
passed,push,dae29e06de861bec2a07e479d60ac209b2c27de6,55281038
passed,push,1a1d71d59c240646f077822f4c6a46c470d92b99,55278469
passed,push,7c9f91a009f42b0470edf211f6274d7c5849c00d,55273748
passed,push,e1a6c46dba5d38028169ebd52a5eaf48ec8deeac,55270222
passed,push,648a12b0b5618c5dba393d979aa8d9cb3924e094,55246660
passed,push,a9923df7155be4b39074a0b2eeab29fc643a23bc,55244091
passed,push,67abfedb9a7bf2fcf9cfa467a8e3245f0936a179,55243545
passed,push,7bee81c0dfb8906dc6679167c8646bec3f64059e,55237925
passed,push,0b808964bc06b34014624f98078aff2513d1b307,55228598
passed,push,3986a59d784139a5b65a40be3b1226191f25521f,55226728
passed,push,0e9c64af276c42c9a90349167d1564ff124bc919,55226607
passed,push,1274365e13bb2814746e3fb6249cc826c42a1626,55219796
passed,push,2319d2b185149999ee8972e4a0b0de48dcec578d,55199734
passed,push,932104f34578806b7ea440bda95c6514a15b3506,55182298
passed,push,7da8d933f5a14bca46f50cb80b6f60c08de27620,55179937
passed,push,e50aae8323f2893cb1c2584cd0b52f6049e949bc,55168217
passed,push,15e312d8158a1b916526f7e65c1006a55f657627,55085434
passed,push,391c4164f0118b8b91b443c202352cfa815af7ec,55051564
passed,push,caeccb5b430429ee616ad9f3cdf9f4b5da93dfde,55050627
passed,push,80d3b45585478dd613ebb842c00bb387c0d8d5a2,55049858
passed,push,909152f0f372e1a359a6087afeb13db988ebfd2c,55047590
passed,push,94e9bd7f542dd0acb0fe73d5a723bcd35b9e58c1,54925857
passed,push,7001cc58b44e42edeae87dbfbe1eb1d654cfd286,54890263
passed,push,02b913572d199ce9beae73aa15b01b6a92b432d1,54780916
passed,push,90b18d2bcf52a8d285b891b3512b3afde9770a75,54617448
passed,push,a74bd4b0298acab2e349540b03ece7575e382d1d,54612490
passed,push,2744128682b17c6b4c1e813f8154177784bd0c5b,54611094
passed,push,f26f83cae58c1ac7dfec9a4e59128faa7dc7d410,54589037
passed,push,e7b09cfb793bafa5f09512339bfa7efad1eab185,54563269
passed,push,2e3d8cba750f03db3acd4399d8a5362b62c869e7,54541749
passed,push,52d69b676a4207adf69a6da043e00b9d279b43e4,54505379
passed,push,03c7b5caaccfb3d802c4d1d195a3477bc0bebafd,54459957
passed,push,9830c1ca8fd8dd56b1f1cb29b68fca890a597f96,54398855
passed,push,ec362755013497c73c5ca12c3f20a36a48ebccad,54382747
passed,push,601a5340519167aa1be9d672518567fcbf3b038d,54381253
passed,push,02cb4c34a04bf2d8520cb8cdb2676dde8756e45b,54374465
failed,pull,65dc81551c74471c39573266806af92d2a21bfa5,54370701
failed,pull,5b85879a7997246157d4c74d4017322fb5513ff4,54370453
failed,pull,b9c9406f617eea19ac74e4275af27c0e1902cda5,54367397
passed,push,2b171b6cb8c181792897cdab112068be0c73b6d3,54358021
failed,pull,2f0eca39875bfa85a4979d54a81af6d3cf4930b0,54229359
passed,push,5acbe43b4d588120343987905d1a22b867738268,54085240
passed,push,833bb05d725b4cfcbb46790ae3fedc91153f4f30,54074011
passed,push,fea0a0565b4f3cbae421d79e5f47d3fbd44d95a3,54020560
passed,push,ef7be801ae8788aac4903a0de4b3ac610fee3772,53971700
passed,push,b2f1f652f0fcc070801016f88f036ac34302efea,53968457
passed,push,6146f88a5001a1a77f92b5071a15a2015a3def40,53922383
passed,push,a682746b0a82f705743bf36cea31bed1e71f1d02,53910156
passed,push,09f6feef8626e49a05642044876bd0c855839baa,53852436
passed,push,6514298f0ae29efe4d1f0ebc6448896ce954e2fa,53845337
passed,push,513b83134626f89a6e4a385b568fa1783923606d,53784007
failed,pull,934ec97e50e780325c3a7d0ebc1202c8af7b78a4,53782317
passed,push,ad5925d115114d221ebe53036e92bbf611e7033d,53779882
failed,pull,2e407a545854189681e2d32482e8e828d2673862,53779250
passed,push,2ee7cb10afee0fb13d57c7f34ae2fe79979cd350,53777295
failed,pull,b0005d72b26381dcb4e1bd0c65f2bad5ab9f77cf,53777063
passed,push,e2b425b33e98fbc6d1cc22ee5bd373454086b72e,53775266
failed,pull,ffb550223f86a171189a76bd3554894b40d65efd,53774381
passed,push,b6e08a86f2b3ecca6bf5beaff55fbc2a43093463,53727925
passed,push,600007447f278467b3f6a485dbd9a9f44e825ced,53639017
passed,push,63edcaf1e86193cb67e59ffb3e1a11a87d224a47,53630869
passed,push,7388c01a19dd69ef73e742bc740439afdc16f0e2,53623030
passed,push,3ed978d4bf62dd84a7ca42b16fc837380542cb49,53622064
passed,push,d8e920592526eb61a8dffd6c8457283183c8dc5b,53531745
passed,push,548997c7bd3edc0a78be91171df34fd832893580,53530151
canceled,push,07f91d4779f8aa093a367b4eda617564f2fa574c,53529979
errored,push,9fc095fc72a0c1c7b159ce118361d6b789be0cda,53529214
errored,push,4605cd3ddc4759d2f0ef0d4ddb953f18e655b8be,53528750
errored,push,3c45ec3e0a9e9ae36f82f4af17053a6d3d990e1e,53528173
errored,push,1292cf66b204f19ddbd44595d72ae3093b64a6fa,53482150
errored,push,db8a668a04a8793d0907bb148353f212d67248cb,53462547
errored,push,b5053adb509c450b55c9d2191603fc48e0e9bdd9,53447333
passed,push,a0a237048fef432813d6cb90bc25dcedcc64c9a5,53404100
passed,push,0507ffb2fca12f8f7c65d60728ebd6e19b7c3b6b,53374341
passed,push,9e925a49485926a9b56570e53356371bb1da3b93,53118000
passed,push,d8f355600c188acdeac622bbe074d0e32b6c14d0,52623003
passed,push,85c790a1f611467577d200579666697be3e22c56,51164881
canceled,push,85c790a1f611467577d200579666697be3e22c56,51164736
passed,push,cacea49990df3e1ddc426031a36e01e38fd38d46,51136864
canceled,push,cacea49990df3e1ddc426031a36e01e38fd38d46,51136764
errored,push,edf76b1df87116997ee144350dadf459a557c897,51134877
canceled,push,edf76b1df87116997ee144350dadf459a557c897,51134767
passed,push,4084a17f30f793956ccabbf0bcf39bd571bbca70,51124022
passed,push,856e7b1afcc0639834c932c9d80d5e6755ad9eae,51122049
passed,push,47bbaa86c36b80e6bd3263af00a784d71f0f8f7e,51107109
passed,push,bab7308b0f326a674eab13b0d1763f77bde57184,51080556
passed,push,95618065fe44255bc66bb340acccb69d920f56f6,51079589
errored,push,65a2b6dd8632d8f1931bac77ed6ea8a9b24728ff,51078862
errored,push,2213d1b8dde9888fb3c675c73c171b6883895f73,51078735
passed,push,99667b98e6e4f8464cbc699be016b8024263df5b,50825489
passed,push,9628442d871fe9efa3d5718203696ae4366eb45d,50348410
passed,push,248476c724ba01653878e9e77db97bed039a9e98,49352747
passed,push,e0b905cf45aa8b5dd21fdc2823c28eb94911ccf3,49256121
canceled,push,e0b905cf45aa8b5dd21fdc2823c28eb94911ccf3,49255981
passed,push,c5f65ddad301d267d70dce70c74556035f02d86a,49254325
passed,push,c5f65ddad301d267d70dce70c74556035f02d86a,49253484
passed,push,051352885b744e0e42b97490c2976939ce940c4c,49253000
passed,push,e10cb9324cc8c4dcbd6946e57268e24e96e47570,49250222
canceled,push,e10cb9324cc8c4dcbd6946e57268e24e96e47570,49249951
passed,push,4e7823bec465247bef5ddb91249f5e8050cb47ae,49203217
passed,push,6ee7aa93e47b3eb67e46b9acc20ded8cf318e828,49128804
canceled,push,6ee7aa93e47b3eb67e46b9acc20ded8cf318e828,49128717
passed,push,8938a6a7652dc18561fc071f242c03fa29ee536a,49088946
canceled,push,8938a6a7652dc18561fc071f242c03fa29ee536a,49088813
passed,push,681c5c9e0456bfe9d2ade164a25d378a4b6cce4e,49087145
passed,push,c5161fc786675c6606d95a15d68891c08ee35a6b,49087034
passed,push,b4cce6647e9c00a2efd9df560d2f66d84410fc80,49086046
passed,push,bdd227283fe365428387ada702d45dcbb775ab28,49073639
passed,push,00e5ba3fbab80bd2496f082f1fba18765787e6dd,49073266
passed,push,c123e443739a228db770c538c8e247dca0e89dd1,49067970
passed,push,18ca43c603630bcf392348cfdb4c4922b2b09f9a,49066697
passed,push,979fad72b9eb97251f4527692f63f7c15b9e351f,49029772
passed,push,d2e1bdb56c9bb91ea43334e5be3d3fc024cd0edd,48999290
passed,push,4e1154cf9647210914ccb14ef7c1b37febfa0c21,48991819
passed,push,61275a82a95ebd38ce0879f4be5144d56c823158,48953993
passed,push,b2c96bb3279c1bb8bfe1d18deb5d1874d8c49cf5,48773615
passed,push,a1df51e07583f4a80b756ccd8d37395f93121d22,48737112
passed,push,ce5d41f00878c1c5b27f172b3ec2e7494ddc3dcf,48545737
passed,push,ad209ea8bb17c053f409468f9dd5cef676bb174b,48545638
errored,pull,60860bb0ab4a0107b2bc9eadfa7eb0a77d4f0c76,48545625
failed,pull,ced6679f483eddf59538fd4eb6b34614c0df3e1b,48545079
passed,push,5c1a1d673212b3fb47b83e66cbdb21bfa77d0c89,48497133
passed,push,b76679dcbb24416bd09b066ea41d3b7cc9909471,48494373
passed,push,e623948d5c8ac70d3c783295f997707fc88a48e0,48494345
failed,pull,2e383d6edad1dcdeddae48850bc5027e870e4f31,48491466
failed,pull,97d825551e78e929b1716ed444bdc760fa284d25,48491047
failed,pull,c72e889f5813612360b5f7820938cb1e7fc7de86,48490539
passed,push,ee5d808a624724547bdb69dd57d4740839407ca3,48464593
passed,push,e63f505ea49aeeb7671e016ce14ee8eefa31bddb,48458103
errored,push,46e1b655e900197fbc7073917a09d91d15480b3f,48457177
errored,push,b879659769cbf98346db59a7490334eb5071f1ae,48457166
errored,push,f0f307c79cd40363b885b497fe524609d6c15032,48420731
errored,push,a61aefe706f2a7e86e7308bf95d5c956189f9210,48420133
errored,push,cfe22bf2aced01350d5b7e731e412d9c924ca180,48419365
passed,push,a26edf38a5aff05b28e11b80c0606a709b956880,48350886
failed,pull,3169f4ea91db156cb726d7a37474d4392f637113,48326988
passed,push,3c33e436e4a2e25a37c4d09a82bd9adb58115527,48284987
passed,push,4badbfe5cf25fb6e5bb8b318f62e39114447bb99,48281650
passed,push,b3c96425dbf5f509835d81a7f21f0d895d5a5b8f,48256826
errored,push,54534d68ab2a8259e3036e0ecae9b854d5811080,48256554
passed,push,07359dc7880bb0fc93466c57d38e20113c8995c8,48250526
passed,push,fd56ecdc2f917276bbe9c9c6fe2d712960aaa034,48238337
passed,push,c6b3b6c23f13f4c937b1235d79c9b722b1441c25,48236893
passed,push,c974ae8b0d340e271e9d9ec0464d4aff9156ad5d,48183642
passed,push,8911d09709cc52d289d4dc2cdeba6b9adc74d3ca,48181461
passed,push,a1277a9d1a186d084ccd5357ea47d561c2cc89dc,48180708
errored,push,e09221adb091cb000d3f3e35c364d128c4b8c351,48156812
passed,push,1ab77766623761ac8c9cc8cd5d068afa56f9953f,47753692
passed,push,cc143e6d05e762465b4af9771ca70006b59f1426,47690699
passed,push,3c711fa2d2adc08dd371d60410fa3323d86582df,47515500
passed,push,6c7984327187162e1ccfe3358fd50fcfa8b9af92,47514019
failed,pull,8b54e1c6bc88176761a7e048d72f55cf4ed5714b,47512383
failed,pull,fc4617ef84ca200c6028e732f9a83a4697edd6c0,47511966
failed,pull,f18b8147ba8432b9b94c14a44d7a257472b3c84f,47511194
passed,push,8467471e8d7dea4ad937502339170f24e0afe97b,47152740
passed,push,bcd75c178ace6522bec6f2abe99f5d037a8f102c,46615986
canceled,push,bcd75c178ace6522bec6f2abe99f5d037a8f102c,46615975
canceled,push,f6f1dc0e4c7c553d63838c0ad4f4ed8275700b93,46615945
canceled,push,f6f1dc0e4c7c553d63838c0ad4f4ed8275700b93,46615927
canceled,push,edc96492097af066d9ef2f5638b15906af2c6b50,46615324
canceled,push,edc96492097af066d9ef2f5638b15906af2c6b50,46615318
errored,push,3c4363cec83ae23d23aca1c82fbcbbd32d5ca28c,46614785
canceled,push,3c4363cec83ae23d23aca1c82fbcbbd32d5ca28c,46614774
passed,push,13b542b34f3ab405a6ed54af392221d362aec9d6,46572530
canceled,push,13b542b34f3ab405a6ed54af392221d362aec9d6,46572392
passed,push,3bbce64b117c6f862016f3b8b3afacfedd62b88b,46568458
passed,push,b446d3df492aed6910eed1db9872164651e4b355,46565141
passed,push,9e8b13860f4d563b7aeb360247ac7cd882f5bac8,46210292
passed,push,f49c3bbe1151c5e2e3a6acf44426f3bca7f49470,46086699
passed,push,5e905c8e8e43600bffef24d96cdd20157f0ce91c,46079480
passed,push,0e2eb1d66b16342c375462e5d5b7928de12c4378,46075979
canceled,push,0e2eb1d66b16342c375462e5d5b7928de12c4378,46075800
passed,push,ed42def3c662bfbbc6eae492c3d7a054c85ca332,46069752
canceled,push,ed42def3c662bfbbc6eae492c3d7a054c85ca332,46069723
canceled,push,fb28cb5b8b90a022dd02f2f0bb93c4c298ecc7bf,46069477
canceled,push,6a82654f769eea0b844bb6ac5ea2b5da789fc26a,46069217
passed,push,cc56e0915cc51b0887eedb68f068a134d32c4ba6,46067889
passed,push,e5db7c5828f52b487c0aa446e0a728990a14145e,46054302
errored,push,e5db7c5828f52b487c0aa446e0a728990a14145e,46052638
canceled,push,e5db7c5828f52b487c0aa446e0a728990a14145e,46052572
errored,push,4e207276ff42e4fc4c013a2689aab9c1c403cdac,46051248
canceled,push,4e207276ff42e4fc4c013a2689aab9c1c403cdac,46051213
passed,push,3d5c684865569c30aca5fc95b9460529f43438b8,46017744
canceled,push,3d5c684865569c30aca5fc95b9460529f43438b8,46017727
failed,push,7179183df78a4c1325c2c4eadb8132c88efb32af,46016126
failed,push,7179183df78a4c1325c2c4eadb8132c88efb32af,46015950
errored,push,acc28a605bd08325c2e41368bbf08c924e2fc1db,46015182
passed,push,acc28a605bd08325c2e41368bbf08c924e2fc1db,46014929
errored,push,0a5e64f7b1a90892ffd83805f6f0d0b0f19b4a6c,46014232
canceled,push,0a5e64f7b1a90892ffd83805f6f0d0b0f19b4a6c,46014172
passed,push,bf6d2beab34f490e3720e6904b6ed16ef5aa6418,45945714
passed,push,aa09e482cac80e5a2966c87fc01ba048b0e78086,45933975
passed,push,e2d06ffdf0b5f941ea0a69e72c70d8d19ba45dca,45842774
passed,push,e2d06ffdf0b5f941ea0a69e72c70d8d19ba45dca,45842554
passed,push,5ac60b4e64842411e3fddb6bfa9f9d9fd84f9e41,45842458
passed,push,7bbce8b6fa683956a44716914dbd975ff74075d8,45835110
passed,push,563ca69b91573ff2a847ff40a277c0e0100a9cd7,45798186
passed,push,563ca69b91573ff2a847ff40a277c0e0100a9cd7,45796501
passed,push,8bc36dba060aa17d36d151599e7f48bb012ebbd3,45755802
passed,push,dd6a1bbb1a36e621a1b7dd4ff00900099ac04a8f,45643437
passed,push,0e2f6ff5dcdc7cad4b913bffbab7cc9763a2be15,45641455
passed,push,2636dc5b241413a3cddad202a3a2a060db9dbbad,45636904
passed,push,2e27e72e4920a49bff28b6ed13e7212064261d8c,45634420
passed,push,200989cdf24d7e403b065b6536c16480c22222f7,45620617
passed,push,e5947b7d8515f553ced29996effe050c417046ff,45605049
passed,push,681bf517b897d02e26807ce722849b03a14b3164,45604523
passed,push,c3d2c84a86334e5c4c453db15844f0cab71395f2,45600159
passed,push,21d996694accb52ea9190fd5cf27c75d4bd1d79f,45596892
passed,push,61c605e4c677c73344fba8a04a763feed0b5a607,45582426
passed,push,1d7c1a916117cbc8a8f2d938523a7a6e57f771eb,45491868
passed,push,35fc1d59dca46d6766f9d4a1016a48e03000a0c7,45337112
passed,push,f9c26da02d7632dca863eb534b6c4ba835350deb,45270274
passed,push,d1a79deeacb90856ca5ec085845f0463ace47bb0,45268959
passed,push,0e076bca7a95e847bf84fdb5231a66344f63e68a,45268635
passed,push,91f149dd9c6be3bdd1eed7ac1908d7fc5dda3bf5,45236433
passed,push,b0d1a4a0f8a7f8188ae57ca78e764614743c1f17,45223046
passed,push,ca1e51c6fbad8db5d8daa4ae67add6932c33dd5c,45136304
passed,push,ca1e51c6fbad8db5d8daa4ae67add6932c33dd5c,45136182
errored,push,c374a89ce1fb483173db34636fbcdccf3631c8ac,45136014
passed,push,0851b7a35f277cf6b457545d0f5834412819ab16,45135956
errored,push,c374a89ce1fb483173db34636fbcdccf3631c8ac,45135957
passed,push,5d62f9dc8085725271c17856bdb0341633e1b19c,44810065
passed,push,ce2a7a0bdb23c6dcac92bc8d9fca8af7fe41deee,44773955
passed,push,ce2a7a0bdb23c6dcac92bc8d9fca8af7fe41deee,44773801
passed,push,86e2e4c8b1321432f29f508eec7b1ab4bb49d7dd,44726013
passed,push,f16bf6ee06cb9e3d58c69cfb4a57c31d48d1c156,44725972
passed,push,c9f9d969b0a5eb8954ed0c1d080eefb6ebbb1b2b,44449337
passed,push,c9f9d969b0a5eb8954ed0c1d080eefb6ebbb1b2b,44449212
passed,push,dfa7c4b219a7f75c9f7eb34a8470b1d6071d58ad,44394654
passed,push,dfa7c4b219a7f75c9f7eb34a8470b1d6071d58ad,44394465
passed,push,8aa6b2b94bbe5627afa9e3617e1fe0b382b4f301,44358265
passed,push,8aa6b2b94bbe5627afa9e3617e1fe0b382b4f301,44356010
passed,push,51d6e041cdf96094922365d8a4e912cf3fdb01e1,44332070
passed,push,51d6e041cdf96094922365d8a4e912cf3fdb01e1,44331962
passed,push,d98f8865efb3598cc96dc73048e0de20efee1620,44329207
passed,push,d5979f328b49d1d968b6cff792bb7b6d3f37e0ee,44322223
passed,pull,c493c9beac0c78b5d2cec4a8d32ed0650e84d02b,44320250
passed,push,0b77c62b577563e48d7cc8f55f32bf76bcf24001,44311040
passed,push,4093bb8b905c70b52d80932ffc9dd21cd384173c,44308161
passed,push,6c777fa63943dd4f4ef5e3e54022ce8c941ed81d,44308096
passed,pull,c6e5e6debda53c0dd3079f1ee3a399ce39cfc2b9,44305663
passed,push,a826c9e4e724bb31be2c367ad6aca49e03868cdd,44250383
passed,push,a826c9e4e724bb31be2c367ad6aca49e03868cdd,44249783
passed,push,7f21cda9a065e463bd88a920a77121acb69b56e6,44248963
passed,push,ce4652f79e4f93d7cbbc8fa8f3dc3c749d7614b5,44239490
passed,push,a1a43a21da81b3e0c9fbf3777cd3abf1b7fcbe3e,44217525
passed,push,ef346ec9928b27f5bbf585f00ea608d2e97a211c,44210749
passed,push,e19618b595b7303f205dfc8a453c4765f1aee995,44089389
passed,push,491b965f294b6788c5b0bf9c3c40b91955a43685,43994869
passed,push,313e23e654de14ec1a8b58ead2b438306b2da3bb,43990823
passed,push,3209a4357c54a1f47b5b3d9fb5ddd0854b911364,43964704
passed,push,5b8417ac0120d4cb59a86312e5d6f384a8a087bb,43955734
passed,push,be587b3261859bb63624b74991be5f6cde60cadd,43939906
passed,push,8391a6245caeb21750fc4f3b055a5f0a2ab39d68,43935039
passed,push,ee75340bf2857593971da1e8906847f0a25d00ac,43617323
passed,push,408091e8372331d9124ad475fb2fe863b59935d1,43600212
passed,push,408091e8372331d9124ad475fb2fe863b59935d1,43600086
passed,push,36c6afbbf96e5535fac080f1774025d4532338b1,43589423
passed,pull,27a8a69138a3c08b791842bdeaad9a2c5a41ec5f,43585876
passed,push,d8aba04b04f4c1f0d26eb30324d06e503ca9453e,43578128
passed,pull,22137f84ecf2adbb9a02d0f58912b33cd9c9a3f5,43576453
passed,push,d2e7b81822ef44281c11b76e876117c2f2dbe53d,43573502
passed,push,4adec8c2474dfe30de4a2b0efde4203ebc84a991,43571843
passed,push,5162b2a69c0f342a69dcf78ed1d7d14336466f29,43506728
passed,push,c883f6d5768f6267c3fe6aa0a29932e12525f3f0,43502456
canceled,push,c883f6d5768f6267c3fe6aa0a29932e12525f3f0,43502285
passed,push,252b289cc44a1f52b20154ee5062e304deeed9fb,43454139
passed,push,b9fd05adda85fc3b4705f0d098024ace5c8e170f,43452909
passed,push,b9fd05adda85fc3b4705f0d098024ace5c8e170f,43452370
canceled,push,b9fd05adda85fc3b4705f0d098024ace5c8e170f,43452297
errored,push,de3b1ebb868f14e69252ba47254fc57fade7da30,43451802
passed,push,9e0ae0383b6e8297ceeebe928279057d713b9894,43446366
passed,push,219cda90d0381c28c5426300962de2a17858913f,43446091
passed,push,15255936c9f6a1debe34f917320e94f0af6680b3,43445977
passed,push,15255936c9f6a1debe34f917320e94f0af6680b3,43445943
passed,push,ba2a03109e4a3b4868a873c8627429355321002b,43445452
passed,push,c22f2aa65ce1cb6b3213ea4e8d8f32530a7bfcea,43298427
passed,push,06b0e209214075f9b6492b3d520d41f9fb062c77,43288564
passed,push,320274fa8650899c7f58f3b19d00a01fae669db2,43135929
passed,push,ddafa14ac2f1c78fe33fb59b0bc42c05a3840caa,43134718
passed,push,1f3b70881913727cdc68b6e1ba1518356da96173,43121015
passed,push,8444a233379ece7ff9d383fdaccc66eb6c0aa394,43018794
passed,push,abf3224ebd0b1939edaf9eec833485e3f9a7e94d,43010062
passed,push,b764605c003383478188c3fa438da796606a5812,42677436
passed,push,6590c7ac6a7561f029bf8a2140fd2b1673b8bb94,42604436
passed,push,9c35feb0918ac137f5944822e38b3050a4d64f57,42580159
passed,push,0a2320515bafbd01d211cfe39c51bacbaeb4b5ae,42542780
passed,pull,cad3c1f2a016b6842d1f2f83f1e55632dc8523a6,42408370
passed,push,d68d4072c64dfffdee4dc50a4dbcb13952f90f22,42212923
passed,push,981ad857a937287d96850a1be060be08b8040157,42176174
passed,push,fc2ccb4a7cad4a1d1326ec6fa7eb30a7d9ba0ec8,42055669
passed,push,fc2ccb4a7cad4a1d1326ec6fa7eb30a7d9ba0ec8,42055158
passed,pull,50a5754ae906e63182bb173b574752d81692b74e,42049671
passed,push,4e8ae6c11311b9c3df11bfa93cfd6cd54df4c0d3,41874083
passed,push,4e8ae6c11311b9c3df11bfa93cfd6cd54df4c0d3,41873648
passed,push,c866fd9d36e6376fbad5024b36ca6758bd111b62,41833849
passed,push,b068b3a3e1a6e236fc2b2d11d374dac2e72fb417,41831336
passed,pull,12dc5e5427e3717fabe6df7240753b4024f427b4,41811406
passed,pull,1304cca111f82066ed632b87fefe251c17092170,41800985
passed,push,312df2a099b9c318202cb7d9f8ac165a9e1693b1,40560602
canceled,push,312df2a099b9c318202cb7d9f8ac165a9e1693b1,40560463
passed,push,93c8f251abd0b8afa0eb7830c2ca278ecaa4c622,39236858
passed,push,34242673ba94365cf4293c6537ef605279cf94d3,39236810
passed,push,803f28b1e9491f6c82573053e052af6db080a1f6,39236720
passed,push,30e083c43e1e31be99ac23bffb57d72287f35b21,39236472
errored,push,15d595109f494eb215fc8798fbec474f73a89693,39192065
passed,push,c45966dd73d98af4ce3f03cfd8ae1354b7e0a0e8,39068859
passed,pull,4c33bd267f88fda7af610369c45085b8aeba219e,39065662
passed,push,dd2eda0a2b7f2b43472d2b5fa2eb87c0b2c0203e,39062974
passed,push,cdf44b396cae9696a8e99872ff37e37f0f757491,39042539
passed,push,897f76f2fc8cb9ed1587859e129898e2bafe0ff5,38477850
passed,push,fd10b5593cdc7c497ab8da9f9670db48e0c0a03d,38476416
passed,push,fd10b5593cdc7c497ab8da9f9670db48e0c0a03d,38476241
passed,push,8ddc794705b70b77fe42fe46401ba0ea94d3ab00,38412557
passed,push,0e0c11ed1fad329c755fd04f9825646ac7f3cd21,38371187
passed,push,3fb292bf264246e2df09c50dda328f73b64846e0,38370457
passed,pull,4a6cf536964e25fc7660254adde456efc8cf6806,38295946
passed,pull,f44ea5076ea6e70a92ab5602b09f5c061395d190,38294553
passed,pull,094a2e4ab3c27f8c8c75f5a73bec167d06cd8b16,38250947
passed,push,c6bf7aa624c982607f9e2113882825088de79abe,37812895
canceled,push,c6bf7aa624c982607f9e2113882825088de79abe,37812802
passed,push,b853ac87cc2f135b76383ab629e97f567d95e6f9,37611230
passed,push,adc06bf4333287713cfaa91224a0d22b05f130b7,37610601
passed,push,329959f70af8e72a63c6d2826b2e297f99645a00,37416450
passed,push,3a1c41c0e3a61503e42a0b374bd77a37f8a15c6c,37416378
passed,push,ab1e6f701433159fdbf60b9599eed3dfd784ba2f,37373591
passed,push,f8fcb16feb10ac4d58bdb04ee3f9876fc48d5f96,37360846
canceled,push,f8fcb16feb10ac4d58bdb04ee3f9876fc48d5f96,37360826
canceled,push,25761f9229ce532024f7f4588113f88f3c86ac00,37360807
passed,push,6b42a86d629e9812a658cd8c79bd02e3dc77358c,37117624
passed,push,6b42a86d629e9812a658cd8c79bd02e3dc77358c,37117518
passed,push,a40d2904b9299825c7a0ffd9a955e1f29bd94a18,37116850
passed,push,5cb8b7f76f427bf102cc85de2f701b580f31f9e7,37116763
passed,pull,719f9495e3aca5ad9640a0c6b71a4ca668863725,37116564
passed,pull,1f74dcbd3869c81302aae4f79ec4e26a9a4ffe75,37115339
passed,pull,92c1beba9699e2cb2186b193629d44f9c7cd33bc,37113064
passed,push,98ccafc4ae3a4d20bac2a9c690ad9726062c0fc9,37094107
passed,push,58d006d35518642977af399a90cb8dab54a9c262,36765603
passed,push,02549907c8a52489383b219a60d4449770e16aca,35444316
canceled,push,02549907c8a52489383b219a60d4449770e16aca,35444239
passed,push,94323176221c0a69600cae4997b2f3525d3fb734,35193425
passed,push,b1d312da95bbc98866c404e166776dd4dff0f767,34621588
passed,push,b1d312da95bbc98866c404e166776dd4dff0f767,34621574
passed,push,13e165c8a87d5b65689b9fa8db63bf92f2d6e68e,34174888
passed,push,6c1997acde456600ee1f48d15cc9e00daa658bda,34173954
passed,push,6c1997acde456600ee1f48d15cc9e00daa658bda,34173827
passed,push,1ae01595808d47e46ba4977e543820795cd32df0,34127093
passed,push,d482997fd1e28b815eac9742c785edf8f5fc33ba,33988975
passed,push,9c051b9af02f59d9170e2fe676c943c6d5399ca0,33987892
passed,push,9c051b9af02f59d9170e2fe676c943c6d5399ca0,33987813
passed,push,7a3ae796866ce9b2c8d6c2cd53e4ba2fa78b422d,33987710
passed,push,b0578405b98b134ddbfa80c3534d3a33915e1507,33986991
errored,push,ccb8d5f537b3c0ff2db1d35be1276d3b2f9ea811,33966770
passed,push,265d0a1c8ee8f831bb4970ab03de1f783b823c97,33832899
passed,push,98614ece7cf739858aa01036a954d6cba2dc3c7f,31688603
passed,push,47696cc57fd0cf307743491202bdadb274762577,31688327
canceled,push,47696cc57fd0cf307743491202bdadb274762577,31688291
passed,push,4c0ab40d6e3b9c300390017d46cdca55534fa09c,31281383
canceled,push,4c0ab40d6e3b9c300390017d46cdca55534fa09c,31281362
passed,push,dbfbb95d8ef67274f22a3eae28d0728050e7bb00,31279690
canceled,push,dbfbb95d8ef67274f22a3eae28d0728050e7bb00,31279658
passed,push,acd055e0e6a7d6fc6395d195a88c343f15079067,31278282
canceled,push,acd055e0e6a7d6fc6395d195a88c343f15079067,31278227
canceled,push,22da7c2e07d2fc838a9307a6dce7e029e2b60a04,31277458
canceled,push,22da7c2e07d2fc838a9307a6dce7e029e2b60a04,31277376
passed,push,dd1a0bf46ca3543aa794e137ae85f4e8a26df5f9,31274855
passed,push,a01a981dd4731b0ce3766f870783b7f4ddf8a30a,31274186
canceled,push,a01a981dd4731b0ce3766f870783b7f4ddf8a30a,31274127
passed,push,c35adab8e21ada8ddca3c8d635a7c2e159bea2fb,31176682
passed,push,1a7d99cf524157b27a8c48e2a19deadd6774d7f2,31095419
passed,push,72d883c0a3494c2bd8cbdd7dc03cca1da8ed20fd,31093106
canceled,push,72d883c0a3494c2bd8cbdd7dc03cca1da8ed20fd,31093046
canceled,push,72d883c0a3494c2bd8cbdd7dc03cca1da8ed20fd,31092951
errored,push,399addf46a923aee3ab872efb5c860aec99f4d22,31092091
passed,push,c009c662fcda5c62f1dd2d54eb48f0e1ef0e6033,31091174
canceled,push,c009c662fcda5c62f1dd2d54eb48f0e1ef0e6033,31091099
errored,push,475cdf0ea6c20362f6c31b250a5301084de14e8e,31072087
errored,push,2f0bc28b0cd9818d8f4622cd7ca6c008625134d8,31055978
canceled,push,2f0bc28b0cd9818d8f4622cd7ca6c008625134d8,31055317
canceled,push,2a73f6a1c3e648b1106ca723330223ed663d4df5,31055019
passed,push,84940721680f2b0690c37f1b124d4289371f66dd,30925092
passed,push,91093c22dac2da601c0b5151fb1098971562a268,30923447
passed,push,91093c22dac2da601c0b5151fb1098971562a268,30923230
passed,push,ab08ed86d1813db5c69e7016067f7e49584c8139,30921250
errored,push,12ea9530b9d883ec4967a7b49ba287c4f682f11b,30920779
canceled,push,2113c65c1705a47afe787f4ef7ac08d001470916,30753066
passed,push,4abc686c92088b399990e8bdc8b172538deb2ba6,30534731
passed,push,ac6036bea65e41aba1170512af10fd5203e332b1,30534410
errored,push,ac6036bea65e41aba1170512af10fd5203e332b1,30534374
errored,push,ac6036bea65e41aba1170512af10fd5203e332b1,30533318
passed,push,ac6036bea65e41aba1170512af10fd5203e332b1,30532733
passed,push,d371fa3823e678a9aee79300b24dea4d8d64a257,30532353
errored,push,bec70467163df66255c48d33c9d832aa54101539,30531360
passed,push,775e1ce71c48d950586e3d8ae5d4461019642fc2,30529689
errored,push,50a2378a3809def2c10d663119ea6b46cd57cc2a,30529082
passed,push,3a52861b972b510f87ce7da2713197ff0f9ad46f,30528385
passed,push,8c2a8b00b1122718370a3bd3ff4104f3cb7d195f,30528180
passed,push,8929f9540c3b6da124d23d1e8456b73a67c331ed,30527964
errored,push,21bca55392db088e7c2510e18212087493da8dd2,30527658
passed,push,26169c1f007e3f38935f9c145656b59b9889f2dd,30527126
passed,push,6ddb8696958a8de3b2f282ef55140c67d84fc323,30526680
passed,push,b4924face55c21fe8fc3b3f3219174e494603741,262425066
passed,push,fda0905ced2951aff65a4327cd83134396435c2d,262424225
passed,push,d840623b95517de6e8f764bec9c463d3dd691c56,262423371
passed,push,c770f5d41bfad46e81fb1c4f5a15e7aa31543108,262422534
passed,push,629d12b6a587bc852130050a302dae55127f8622,262421662
passed,push,50c2e170e54292942983f4f3c326634546dff0eb,262420955
errored,push,2dd776612a623d3add413ff0f7f56113589f1891,262420071
errored,push,e1f154bf661aaa8a0b526ded9baca7310852f9f7,262419208
errored,push,66725a73ba6dcebfd4f90d4554f097ecc82eb32b,262418016
errored,push,3aab64d1bfcae35620584011148d990e6199d7af,262417027
errored,push,1bbd9bc0a70f8ff246bd82b8d8144302f83c6e36,262416279
errored,push,68fd1c4c3c8a23a256c59649359390bc9746b771,262415524
errored,push,8001cf505cef1a87ed399c13374111c79931fc66,262414790
errored,push,48898807300a9df62a7fc1e99a1258d9310f4264,262414165
errored,push,2bee7dc4670a66f346e1bb3eea7d3dc9d0f570ce,262413530
errored,push,2f050d5cc4546de13c7ccbe60aa398d46c1f4ff6,262412889
errored,push,cf8ea6db635773452aac62d5d7430e9c4562a0ae,262412250
errored,push,e015f8b4e73ea212930f0cd3d31c0812c40ff94c,262411659
errored,push,d03fcac6fdbc3807f9c32396d502699151eb72d2,262411035
errored,push,87dcce2153152ddaea635a651d4b2f5a7769d8c2,262410335
errored,push,2fb880c4731a080294655902eb081fa2362eb13f,262409546
errored,push,242d9076d854038cc6634ffdbe454c79368e0665,262408896
errored,push,ceca6f22fdb41d4450362387ec434079a3f3c08e,262408104
errored,push,76b699544ea69f2fdfd335b34011c8188b51cbe5,262407158
errored,push,c3e126b793ff30539bfc42fc4f3bf8019a4f4847,262406448
errored,push,da269334633194f36df26f20f539bd049eb10c4d,262405739
errored,push,aa9b9af637d5343fdc0a5c1b3ecd0e14eb84e247,262404951
errored,push,3d00d43b80cc8ce61b11a744b657f5f542a703ec,262404177
errored,push,445119373c852684b01bbe2dcbfb2e90fc4aa11f,262403315
errored,push,9237b351b78e1feabd3552eb2f1d3dbeaeb77430,262402625
errored,push,fc8856b638a2733dc0b9a9297f5165afea11465d,262401456
errored,push,bfa0da073eaf2a24a36cdcfec7e8bd8f41dc99d6,262400125
errored,push,f0c536740cd4602aded308583d116f1ec45a5d73,262399312
errored,push,5ba0c023454cff7414d5fd9e588b939dd2bc6d97,262398752
errored,push,15a055dc9ad5bf6d29b1f03eaec94d159fe83467,262397755
errored,push,65bc3fac666e0c96a5d2ef3d8a1ab21b6ce8bf1e,262396927
errored,push,40001c1f77bf7c57a7f1bcd3cec87edaa70473fd,262395801
errored,push,360ceda82296ac5e6152666ba72d735ded016d2a,262394805
errored,push,02e5e30d17a3f6bd428f0871ca8d913a1cb7204f,262394083
errored,push,35843c2ad3e1f5d567194e6a2475bf5107b995e1,262392878
