Status,Type,Commit,ID
passed,pull,17516bd679e34e4e67aa625447a369ebb4754388,248635158
failed,pull,7b947711f16be470616c6ff625754d431751e579,248625149
passed,push,b599f9e349b0f730ba0e4284bac9678dc6e6a459,237863633
passed,pull,8cf1678ffa3e3e942d6b6f4a5c9d0dd026a34b83,237843389
failed,push,48e53b74d262556dfa7d68213deca84288a05f89,222750520
passed,pull,6477bdfa95fcdc95e8312e7b4e8ce993c6b4825a,222730281
passed,push,4431e3af5f9e29c46c4735ef1cb4b9e4756dfbac,158877730
passed,push,4431e3af5f9e29c46c4735ef1cb4b9e4756dfbac,158850191
passed,push,98a13112b49ca412288003a42dc9f2cc8809c06d,154493075
passed,push,98a13112b49ca412288003a42dc9f2cc8809c06d,154490362
passed,push,6dea8ab4d1e602aca877015ed41d5bd742acab0b,154483817
passed,push,6dea8ab4d1e602aca877015ed41d5bd742acab0b,154482947
passed,push,83ae54f91748f297036dfe48a587884fdfde69e1,152951160
passed,pull,eb47b66b93432d6c4f31378facce39202d2487e6,152936880
passed,push,985a090d5a06d7031735219051565dc789f5ce4b,152135379
passed,push,a274791501b923e2bf617440ffb1d6ff702dfd37,152057617
passed,pull,75c15fabf8b2243f68fdce9506d80c442d610505,152051815
passed,pull,5b053232c6585028695c733a049c5a685008a57f,151877892
passed,push,7383007f43ac9bc10c7e87c6244b437db49e9631,151877619
passed,push,affbe0fe3599d9bab59d60ea3592e06099477596,151843518
passed,pull,dadfdbe4e66386b83eb027ce639ac79a30782ee2,151700678
passed,push,e2ea0de4fa67d2b7558354b51338e8ab93b4d0dd,151221606
passed,push,cba855e8ad1eff8966ee6239a283f85374c0a968,148921758
passed,pull,6d8b6a5059d93038a8496ee619c48ea146b55329,148775338
passed,push,9b22c3343733db2afe0914453c24db0fcaad221f,144475034
passed,pull,b444188c49077d648b999575dbc5b82b131a5900,143116734
passed,pull,0b2dfab40e7b44b7dd0d5c5dd14d9934d519f85d,143116238
failed,pull,ee7b9e27b8fe37a9d437ae3f6d3758a054f5906b,143108985
passed,push,1a174d51687401ac175801c8abe53a0bd099a11a,136939673
passed,pull,1899a3efda02b6746c05f998365c12276c24a8f0,136885750
passed,push,a05597be8a579ee3c9eaa19f28d0f59816f2e843,135900683
passed,pull,a1373533ef9984ef8e5c210a2922c3b803214750,135786311
failed,pull,1ecb0f5743d0149eefca55236fd12ddd3fae25bd,132898271
failed,pull,cb2bcd3e006951d167136427513bfbe937d55813,132160195
passed,pull,7f16781429b24ba319823daf43fb3e248316d7d0,132117629
passed,pull,be5df9183a18856b33856756145ccda778b40b46,132103048
passed,pull,a4fd8a4aeed3dee3529e3ecac74819f6a77557ef,132102514
passed,pull,c340a97f6c8129eabe27a9f914584550d8ed866d,129064398
failed,pull,ec4db5e278df04ab5295ab79c050debae8c2aba0,126111835
passed,pull,191031aa40dcabab1cd80e5a8de72f5ee1225189,124428692
passed,push,3b80bb9104d31882a9e3b2bb25d3981a31e55a82,123998646
passed,pull,0372f4342031f4559fd200b85e7a319a3f1d6774,123542803
passed,pull,f0d405c3273c98e43f33992d7ad2b4456bfdb956,123379053
passed,push,ffe125e1efef0f8b9da931a84a86c46c6bdd9e71,121153368
passed,pull,dcc06713cee0c6e40ae79bfdf00a0b069a057e61,121143819
passed,push,3e7c18d9cdf2d9f010f32539a913d2666e54addc,117990163
passed,pull,f12553d779f52d4566bd368a65be445055e022b0,117983486
passed,pull,2ee2f1f09662ec3979c64dfb8b9663e84260625d,117916406
passed,push,5395418d13c0db3d5dbd06b33179577455d8175f,117715946
passed,push,bdd212c766d924400aa3fda88ffa25386b0c88f0,117715352
passed,pull,0d682ed307562736c1d226e6e24959f225d12b2f,117705473
passed,pull,cc5f56901d56e9726ec71beb1505bde13cabbfe7,117704561
passed,push,e13276b9c197c3a4738a1334c3ce7d5e33d1c070,114558844
errored,pull,c56915f11fc99c5119f038bfbd72df3f7a919d9c,114552090
passed,push,c234e2791ab1add1d79d4921c90f6450087c9657,114068180
passed,pull,e9c805471a0155c6356d2cce5a2a6acc998d710a,114031408
passed,pull,709273d347b7c45e48d61194f1fd563bcc8fc2c7,113870354
passed,push,dba8cb29e865b30f7c9cca7c990229c8e4f45e5d,113699288
failed,push,7dc8d9085fb99fd19e4895085731ed63faa0fbef,112816329
passed,push,028885ebc76c72f0808bd276090d7c0fd7ce0d79,109238466
passed,push,7d55442aaa612b6eeff588a626c638c11123f0eb,109019734
passed,push,1950a00201e09ab05d55cb317fbb052380c58a0b,109019316
passed,push,a68b372b6abd72aa9bd5bb17dd4116dbe015cd9d,109011829
passed,push,e1a40631548d26a043e3552d4089a8fec596aa01,109011211
passed,push,69568c237ff20b144874776cf60aaee8ca6f9298,109010215
passed,push,2fbbf25aaba7d633dd5b7f6b1955a0ebdc87fa9f,109009971
passed,push,68f57afbbd4a6c7d424b3b0674ce4419774f3330,109009646
passed,push,f5ea437d3fb5b1893d01eadddbbaa1a88ddcb7c6,109008153
passed,push,dfb1427bbe6a2eaf66a0fcf163bd08cea4d1d8cc,109007251
passed,pull,f9d17e8592cbe4d760422f3b4752ca55e9e7988f,108951279
passed,pull,10f380d8d62c44476fabe7fe3a6da5bf20cfceb5,108910756
passed,push,c8bd435d24d77dab2805599859ec3e629bcfe0ad,108658940
passed,pull,03f5150dea41026399a07486daef4ab41891a10f,107927123
passed,pull,7c2e28fcdb17eb5b471139a4075eff5153c391c5,107462824
passed,pull,7c52b4094b8a33fcc1c40b4476d781ec1510bdf8,107462514
passed,pull,6ee35734db8be143ba663aba5df10a9b64991783,107436741
passed,pull,08ff4fbde26d7878f1c409d3133f83a23e35144e,107426547
passed,pull,84cda876fa5cf14b44f05933b2d5d009e9944249,107425033
passed,pull,8533536ce21cf1d0de6a402a1869ff9bf50de420,107422962
passed,push,95a1b7491479dd3dbb9d7a78b24cd2e561fdc88e,106630818
passed,push,adaf4dba41f45cf66917b289fa75bdd75709f127,106630707
passed,push,2ace4144e1e22fe664a7964fa5f252c4cebf49a0,106630533
passed,push,13e97216974655e37406419d3091bd7e53012f10,106628614
passed,push,47970bff861450c2c42570b1bcfad064dc117431,106628242
passed,push,1afcf71ac2a2049ca9da3aad60081f0dcddf360f,105858953
passed,pull,94944ffb7f55581de49d9c3b579ef8d92f96a968,105604850
passed,pull,396247c41a26c08cb74bafda5cbb2dbe5cd09a51,104087358
passed,push,79f3c801fcb26ab880e3a6920c125e373d768aa8,104072756
passed,push,9e27a069db344d985718c71af4c074f08a18520a,104071650
passed,push,f3a265701b60377b87e54010a801ed63b976c8b7,104071502
passed,push,08b57fef38eb422620b6efc4e58b3e557300f5c0,104071305
passed,push,89404aab9b7d7fc6f35f8ef6bcd46db5cbd58cd7,104071019
passed,push,ff2d28a92b28e5884e0e2d85ad9f99d31fa205f7,104069460
passed,push,773e8b07ec64e5b78069f2b8002b3e2b8b7cdc4e,104068808
passed,pull,c1690627924fca20e450cb705e76e63caca72c84,103774031
passed,pull,70d3113ea69fa2d35cce5696eb0f1fae6380d2fa,103772402
passed,pull,7c227449287c829f6a903e913b3a1b2113c7d7e2,103680728
passed,pull,1d1ed157dd6a8c6d6000a837ccb984fd1dfa4f8a,103582436
passed,pull,2712a77c253d00f647b23b45f295a21a0e277f5e,103570634
passed,push,640eae13728fd3f67176a1e447a39a150ec75dcc,103014073
passed,push,2c656fba0ff5e23faa9a235940df7a96d35b3a88,103009058
passed,push,6e3c1e824956b333b7cae8b37e566ae4db9552c2,103008130
passed,push,16a18e050744ddd7a7cf66bb9bb044b72ae86b86,103006637
passed,pull,afec85c26900c1e9e7b60f6edcaa82c260fbe67f,103006199
passed,push,1f61cfccb65a80e6ca42035c134706a1b4936c65,103006197
failed,pull,2f85b3b3ad6b2e7b4b17ef388a09cbddd19b42be,102999780
failed,push,2dddd8efec702ca36c950211287cb144a7038c43,102999778
failed,pull,9038b341f98e93323e167961164d23178d412144,102999583
failed,push,0d5ada349878b4a1f1714fda1219344afdb474d1,102999580
failed,pull,57bd5dc17ee42468d14fa45e35f3cb303e9c7cbe,102971007
failed,push,9a5da3259234090f57d63916586c7832c13aa5a0,102970799
failed,push,2aa7e55ad93a2a33215c25d299b257be531d56a3,102966314
failed,pull,dedb1275d8d0900086ff6c1c090074351faadd82,102308142
failed,pull,20c2d4fcc09de11f3f7ddf92a4018fce406bc339,102306358
failed,pull,cbecb4afab6510489203cf4998c65af7f0f9f317,102061039
failed,pull,679c2f4cfc1cb68f914f3b6a265f7a168ab04b65,101011455
failed,pull,f75969cf592f1ba322855dced63066d47b10bb83,99598192
failed,pull,b0c3c48979ab4dedaec8664ea02bd3410ba66959,99383594
failed,pull,102b7ef168ba939167283d2fbfb7aa83ecbc255c,97896154
failed,pull,112796170e709c35bd3cdb278dc6a7ab6ab7218c,97895027
failed,pull,ea3cc08b7ebd800cbbce9424dd2f7d2bbf89e46d,97889825
failed,pull,03f80c082357bb4f8fe60e8dc346e24955feb6fc,97837926
failed,pull,6b78c3ed1b5564faf5561288ac162aae5e606fab,97835357
failed,pull,64c3c94219d01d3411982c5696bfe1bf449a9752,96586902
failed,pull,178e4a8604cf937ad8d11a57bc2807bec887a158,94608311
failed,pull,1add8adb4f31acdd552a99b4d5e8116f1b2675d6,93821080
failed,pull,f9d39927c7b8fa99cfbc93d6c97ebe61d3617297,91451808
failed,pull,cd1ef3305448a83264edd2d633549077e2901498,91274613
failed,pull,5ea36eea31a78e00f81ad32ee70e1ecc0c70a247,90425023
failed,pull,825e3fcb9d27a68b19969c591168c167de494243,89807542
failed,pull,14a8fb8749957c458cc525a3a4175e8906d2f91f,89803191
failed,pull,ad90c75f987a9374b284a97257fc7e327169c633,88635873
failed,pull,bd813b1c8fe2a2dcfb6aab4d1dd62cfffccea3ba,88634111
failed,push,5d58381eb9d4560e2b9e65fbb7722725447f66f1,87250847
errored,push,df06ef4e7932d4a26063361d5e9a6894edb23511,87250380
failed,pull,41206b157ae338f419cbcdb3d54fb266be511171,87249231
failed,pull,e7396d900204d62ed2012f1374682ffb779c6141,87242653
failed,pull,b0d67a5c7720f481a51dd7b01361a1aa0cc1008c,85890719
failed,push,922de59569ba1d4f8f0d85ace6991f1fa29df678,79025183
failed,push,922de59569ba1d4f8f0d85ace6991f1fa29df678,79017018
failed,pull,01f5b72077665dc5b517583c14c79d99e65cbc0d,78896625
failed,push,4454302fffad2373194d7e424a944bb3ed20b517,75458319
failed,push,84db250526eb6c14e5265076acb35e23f1f11cea,74388588
failed,pull,94c877ff1e8a77fb9be514a793b82fc07bb5e237,74365243
failed,pull,981869b24565d569efee6106dee910c130909808,74363868
failed,push,e95eb053bbdb31e9a2b96fa19baf79cf03185604,74148632
failed,pull,5fe7746290795c60bf76dcc5fdc7dfe10f46264a,74042510
failed,pull,0b8f4f059a48d2cb2bc041b00b0e9ba80aefdc21,74037092
failed,pull,248d4cd6e54d1d68d95c1d9a51d446fcd50bbce8,74016399
passed,pull,bb46b7d83d17afdbf5c4454fcfcde02a7c85491c,73854231
passed,push,8464e69c02b0951bfc2954b90895853eae591365,73301469
passed,pull,72feefb7361587f7c8595195c23ae5ab7817f896,73207834
passed,push,6a2591f6337eeff0f1339b62ae6a2b0fb6b0d05b,72930686
passed,push,1904f99386b1c88be30ed235742cabc4e957dcf8,72930620
errored,pull,df51c48f394b83583e5daad1c681b35e589e6f03,72930604
passed,push,424cce63ea5beac65b8fc6ea7714b1d296a36c34,72929949
passed,push,e1ea2c1867cb5115ba545c3c58426dd6acd7c9ab,71504086
passed,push,84cf373bea35942feb257cd5b57471208ef474bd,71011884
errored,push,2e05644ee000355a6483130d3f3ad122dde10c7b,71011882
passed,push,b0c51627af9ffd8bcfe470a74b84ff83bdf1a61e,71011880
passed,push,f5f8b05ddf2666c5958f24a173f99978f067d29d,69993711
passed,push,0eb9a381c8ec1de94f72fee71852814ea6db73cc,68911990
passed,pull,35ca06fbeef51558f1a62ff2d06fb2d5d72c9c2c,68629424
passed,push,2444fafdc0685d591cb7dfec862baa2b10f8210d,67831681
passed,pull,46b07775d1e7b7fb17bde2cbe898573f8ac702f0,67830447
errored,push,2e7e2c30a660612947a401fa9afdf5047177ad83,67830351
passed,push,e55cb13125da9309cd16195eb7816d83a6121b0d,67830096
passed,push,3200ccd38c25534bedc9869bd4c7b25d905a2ab8,67297054
passed,push,0190668d038dbf12bbb08e5f8a557d65a16b5a9d,66694173
failed,pull,8d35d6a73e15cde56ad7c0b18015974023bc79e2,66154437
failed,push,0e434fc90023e635fa06b6f218681d439d22bdfd,64903603
errored,pull,788eddb80796818cd9dd84ca3f5fe971c48a3eb2,64903568
passed,push,f40e10ff5204ceb4b2de6e8f56987e25b57c66be,64516028
passed,push,f685da3dfb1a62e2426019ae49607cc58de511e7,64352958
passed,pull,d7c90506c40d616284dd2bc28e3eb20b5f5d901f,64352388
passed,push,35d9e3728d008389cdbb184e8f30949150bb1ec1,64352353
passed,push,c91ad030b120d8619468d9b7508a0a1e3e251056,64352292
passed,pull,145ec276c85ae7ec39e4e4eb1f0b08a7cd8a0386,64351759
passed,push,1a26a97bc1ca942558cff96818c96a7b1f003bd2,64351731
passed,push,6536df9d7265814ea97b2e2c53a2b08b27570dc9,64195310
passed,push,317df3d5c4617e12546788d35b28cc133c05ffb2,64195051
passed,pull,6b9b74bbe77d46f91fc6a271ec604c7a11d1ce5f,64195005
passed,push,c22dfd6f9e94699f6333548f835caceff9c344a7,64194977
passed,pull,a3f703192c963de4cbf9ff06b4f1291a83908b38,64194019
passed,push,fc7dcc0953f0da7e8d71481a88416be9f929ae63,64193699
errored,pull,5909fe6e49b98bc2d7743f754d34ce7238f6e3bc,64193685
passed,push,cca77ee3a1e611bf067c63c5d61d203ffabb76f7,64193607
passed,push,3367a427ad468306f070676135c0a86a483b69d3,64028043
passed,pull,342489ed49e9bb2bf198a92ad0414b37719050b2,63958752
passed,push,b8e9657e70b03c08accb67e81637f68c55e9e7e5,63958635
failed,pull,6f8fcf17fac63d78d0c13361a3486305caa31439,63958113
failed,push,4953163ce3a5b0dc68788b7f5dd3251930126a01,63957484
errored,pull,52dd4dde0018263253de7c9beea88b71a303abe0,63957176
failed,pull,2a6925ac5373991fc769a0f38c3f1cd6b5bd078e,63956480
failed,pull,e89eb259555d7378696b09ef02d03bab054708c1,63944912
failed,pull,f36b33b5b25515c0b3eb46e4db6f35a7f9fec0d3,63890065
passed,push,5d046f708ad5a4f8629d983f987296f9f9afd5f7,63889702
errored,pull,2076456b0c416a3a4b9c7f5d9d5a1e300430c50f,63889695
errored,push,2be27bc64f91f05c3a656bc2c924f29959ccd0aa,63889673
passed,push,e9d261d11a6e8c40341573d1c274301673cb333d,63889363
errored,pull,14e9a704277501c50484d17caf5ccfd471d64530,63889361
errored,push,3a1c76e23aa6d3124a374f204d9d761cc7df438a,63889357
passed,push,b7af2978a5202b1dfd1c15f7615c4dd2f41ed3d2,63887107
errored,pull,db15b710a46f4799ea78f9165870285d3136a1d6,63887105
errored,push,ed238e8ffc96a9ef99b1594dece01b63ea99cbdb,63887072
errored,push,2c785b6e4a42c3b73870f3e643d7daad8f405bcd,63886916
passed,push,a84d002abd54d01b7c75733258c483a14bd9fc90,63885223
passed,push,7ac3a9ce53a16b1b7a526e221a0ec5fb98a7e3a1,63885186
passed,push,ad1ebfb46ee3abd80ae2c095e9729383a31bfe18,63885074
passed,push,2c8874648704fbfed2410c14d71ad6fb0ded620e,63885020
passed,push,c98ab14917cca6aff20d7b70da22c7e213ee7b73,63884862
passed,push,7938ee83fd107f4b03be037d6175c8893d5de138,63884521
passed,push,75cde313e157715b57052c23e54fe940ecd7893a,63884278
passed,pull,12fea96f7a3f752bcf8a85e6a7efeb1e869e6677,63765032
passed,pull,42997a46c8b5e2ba7ac8683e0e44864b9578ba82,63764895
passed,pull,eec5810081b483a0ae1281b899bc463d086f7a9a,63764426
passed,pull,1bcb8dac90199ec3908dcff6cfe8b88e8ba25810,63763492
passed,pull,8d1d4cd5c4c7964a064b3558c506b59f22c55dc5,63763369
passed,pull,6c3e729e9d6cf20648ecb50f82fbb320aea1a32a,63762950
passed,pull,d85d4f5b243037d50e1f89f0c1052a0dde866c28,63762732
passed,pull,22369a38bb40c04649b1213b725ed30023e1b40a,63762623
passed,pull,2510158beb7ffa52472c344c57e47a8b49eb2fc7,63761978
passed,push,12e2ccc36280580e0bcbfbc0394210d999b37bc6,63733127
errored,pull,e1f211656849e2f13b72c6b899d84fcb869bae3a,63733115
errored,push,16c642223ae4e4bbd59cbd4d1cc4458d0b2e7fb2,63733048
failed,push,ba170683579334dfc53c2b34615915a153a455a7,63731968
passed,push,df869a816d230a64b3992b4f5ca95368e745c4a1,63731881
errored,pull,414231ff397d6a9c4c22ab0e163e21ab4711e6b2,63731876
errored,push,58ceb2046137830cf494f3908812aabb2036a0f0,63731864
failed,pull,00e8d9aa2898a24de5e05cb0fc23a4080179c5ca,63729232
passed,pull,22d5af151969fe66f362cc8ad36880fca54b97c1,63043542
passed,push,e5b4413374dd3422ee9579d9f43292882481d40c,62943637
passed,pull,b966e365fae59aa2f9adcc8f7305bf13cf582e37,62901173
passed,pull,c8dafbee0331b48f5e7a27dd4d6d48616761bead,62898874
passed,push,57a18d4426b3095424bd07527818456369c54bd6,62225088
passed,push,094b649a4cc6dae2ac57e5c9b3874ce905456e7b,61927423
passed,pull,7503fb939a8e69a2de54b1fe247ec0421ae9a24c,61926834
passed,pull,6343e96de8a95855ce5c68f7e962bd521680e004,61926788
passed,push,c655d30a466284cc726eab689f8e48ec050ffaa5,61923771
passed,push,5db24847fc65c8a5389d4b155059599a33db5fea,61560528
errored,push,99b8254fa554ca2b4f48d72a593ae1c6337bd179,61560397
passed,pull,a15aebe7830cbd7b2753f3bf7269b8c124501b86,61087711
passed,push,14ad30d31897aa6287a34a0f17ec5352eece35c9,61087269
passed,pull,2556a36c9e0976536da89e1479875f386800aa5a,61087142
passed,push,48321d522612a24a07c53691a15fab4058b2a3a0,61086960
passed,pull,4e090d252f9f7b5c779d9a48cd04adb794bfc254,61086555
failed,pull,3ea15bd77b13b2cc487a1a1390eab1f7d161ef76,60479343
failed,push,fc91ba62875e367a31361122aa31c950db77f90e,60479161
passed,pull,311d7632f045dfe4a7443cf46398b1ac610ce087,60144460
passed,pull,7a42e1849a7688f6c400752d1ed58575d88fb0f6,60017728
passed,push,fe98829b5719b8091b3549b5776c957b9fdc59d7,60006414
passed,pull,8b04b2c5a0983582d8de30b75da23b1afc67eeae,60006142
passed,pull,ab8e0930652c4961fff059bb2436d2bfb9770f82,60005923
passed,pull,5e863fcb14bf9f0f30df89ba58f4b64751495814,60005726
passed,pull,239eb924e8b49bc7447b9dd3f7d9d2a3d13f0458,60004108
passed,pull,da55b379fac1fd20682df35020e02e57032e97d9,59877947
passed,push,956ce6946a0879cf53e22cfe4e44b5c4693c34be,59813008
passed,push,418ba37e16448b54addf14f1b2d51c8d5e580b9f,59656141
passed,push,0d89c80f27b5bf2c29497316cb08dee9afe69a3e,57747501
passed,pull,ceff74ef5cb846cb44904dd1a79e8804c0e19a38,57703124
passed,pull,08b716d8b8f638e7e8b4ff8f9e4b0fb66a68a716,57661871
passed,push,6beac79a9f2732fe9148ab0604d059d4dd2ada07,57422144
passed,push,6beac79a9f2732fe9148ab0604d059d4dd2ada07,57422123
passed,push,552adfa2908b773de02a2817a535c400de32b252,57330599
passed,push,fdec0dcb029633ebabbe7061b95b5e4e077c817e,57321398
passed,push,db2722344079c995fc5f134aa76a5fd56337d586,56550398
passed,push,30356953d776a9dc5806cdd379c615b13aa782cd,56052560
passed,push,26b2b222603d05e75f5054eae32359d92812a384,55898822
passed,pull,d1951eaec4c869bf99b747fa8b22793dcdce413e,54725023
passed,pull,ec0082470631f43ec8c1476af99549a69adf5086,51925175
failed,push,53f3be72e66a0ab383801a7844ff6e7713379f3e,49850916
failed,pull,99da66f9a8ba17cac9d08ffb37b7cfc826bfc009,49850914
passed,push,1d62cafe0037dfa9174845346e47b0d286f173e9,49849488
passed,push,5b0c7651a345678a2d7aa8717e8cafebd9b10066,47869888
passed,push,78e395b8256ca5ade1aec771c5317548ed7316e1,47869523
passed,pull,01edf0c92803c7eef3c6a8b3f31ca01bd51f8f1e,47837203
passed,pull,ce3ac63e0cdec8e589bcfac33b98eb18d1ad26ce,47836814
passed,pull,b98fe0630512cb52d2b6693346b3a8ab262373ac,47834597
passed,pull,83b5f2363cded7021352a779a4d9a8fd5b25a04b,47831745
passed,pull,4c51e9f4cc41e21335241495a167319c3dc2e5ba,47829651
passed,pull,1e2205bc0e688cb2706cdfd1b1ec3d25a5ce0ef7,47473961
passed,push,bada755368c07e636fe28936da620fcfb3e731c1,47127278
passed,push,964cbd9a996a12688d1337e50a0cb3100ae0ba43,47125676
passed,push,802651d7087fdcd258f8585a640103e13bb8c476,47125607
failed,push,bb51c11090f28719c331c1ce94cf45f7a0aabd0d,47125149
failed,push,0e6c8c45cdae9ef91a8f3d54f6acd43c689087da,47071638
errored,pull,bcc49681fe790c20f4af545e2ffcfc9ad428cd2a,47071636
failed,pull,bcc49681fe790c20f4af545e2ffcfc9ad428cd2a,47051019
failed,pull,da2d77c33e547dedac776af8e2e2891a443efe45,47020315
failed,push,60c88eca3248bddf6eb5db72e22b2a87230f05cd,47011471
passed,pull,53b25280acec5ceee98c1779b39b44d7a415fe85,46852814
failed,pull,fad17d71352f0a1eb810521ea0f06bcfae58b824,46786695
errored,pull,812f6ffabaaed3036c0b4f61a3073b5887de9885,46776386
failed,pull,cfe7e50f2cbc66a922ac0c901d2cff24f7408e63,46774448
failed,push,52ff4bdf4ab86a80d391ecf7d79f19950bba5ac1,46722250
failed,push,fb94104ae8352e9528bf6dc9268e21cafcf37d90,44942748
failed,push,ab4ce1e14658d62d392b887d97858adfaafe8db8,44841323
failed,pull,e1c95744058a945fc9a9f7d2aebdb48666a3f0c5,44068149
failed,pull,ae2beb430403cf44def113fbdae4de37bd4df1b0,42003092
failed,pull,3ab54f95b84163bc9eb3157063ad75d9134fe6e7,41699252
failed,pull,ac89ee5590aed4523c95a80b8a8bff9061a7f1ba,41564831
failed,push,ce2f977480ac27e9da8b08622d76e20cbeef0b0e,40913188
passed,pull,3067dd393c01cf07b92ac16bbc26f6e9f24484e6,40524751
passed,pull,bb24901f37a35b314155843c03714cc142f54e1f,40349485
passed,pull,e2a4703b10908b6f4525373ffd9b9ef77ac12fb1,40346965
passed,pull,dee1d3cda30f34203b9b5f1a24546d5b4e6e86e1,40346213
passed,push,f4b7504285142ac04ba776fdcda6e9c0fa785628,40333771
passed,pull,7007a299fba730e8c0d8035e0ab97a838dca9f31,40282462
passed,push,6eabda7a5f3cdce8274e0319ead9e39e405361d0,40232563
passed,pull,ad361eec2125c16a89b51fe5f73fb029c61f4b08,39988823
failed,pull,d8cf9e2e34c56180cd63329f272b64e897ca584a,39969052
failed,pull,4706aa6dc2507c11cd5844ff62d8e339f0758e82,39959853
passed,push,2cec36710d8c049051fc4dd2538a4a7f627bbf00,39865823
passed,pull,4b54d9fe29ca59dcd3fc8152fe3d2ea960893838,39864487
passed,push,01707a462e8e91fc8631968be9f9391656b40c2c,39844458
passed,pull,b789a1e88d583f07ed0c8b37c41c0384d9fc7773,39505824
passed,pull,b88350c8a83dc88ce7606b3174f54096bf70fadb,39500038
passed,push,430d87b6f60246adf29321b39cfd54276a706144,39288113
passed,pull,a9e63bfb02c8a6816c4db55d54b00822d5529091,39263594
passed,push,b77ebc60e0a70efe2cd589d379929a4b75aec0e7,39260720
passed,push,f35a50a5c6dd3c62dcf56dd3ff500166956a8759,39260620
passed,push,65842e28d08d84bb89e1224f5e211ba50d4d5d83,39259111
passed,pull,766a45e6b0723d211334e9cd18f1701b7b1507fc,39159481
passed,pull,00aeb7863e45279e5301ce4f7e45acbd7e2af802,39159403
passed,pull,3f39395185706dbdd27290c4940fcd0b2cfd5c07,39159200
passed,pull,708e2cd380ba37035fbc9d11afc7298ecc1392dd,39152343
passed,pull,1de2095d152c276b5d1d352a9af80f43781962a2,39151898
passed,pull,180ebac83388394f5d9061af52523d13d10bb6b5,38962051
passed,push,cc268714232bd7dbf2853b7d6bebc211ea9fa154,38956495
passed,push,435bc02cd04f2c07a6ecab899e7c11fa623c5467,38956361
passed,pull,f80b73094fe521d7fd7ab0e9a5a32abf6bbf9b02,38951732
passed,pull,41157574604cfc69504972f1208577f5c756f5b7,38948539
passed,pull,ac0a409c80189018839b317c90bda37a0733edc7,38931817
passed,pull,60cd3fe72fd5fc1f81828c5626483b54cbb114fb,38861653
passed,pull,4b4fa644d7eee95fe2509b038d141a0171261510,37949425
failed,pull,2c4822eed527adb78887ef378223794e9110f092,37627949
failed,push,3a8c7512b4a7b776b711f6e57a4f6e1ebedf4c86,37627877
passed,push,e07226ba36696fb2cf1be8ae36939f7cc21d341c,37627855
passed,push,153dfafd463468d3121995cbb4a43a687e89dc20,37513249
passed,pull,3dc9039e2114b420c547bb999cbf896facaebf3d,37465301
passed,pull,d79063e8c1abc29e573e672345691988a7d822fa,37458149
passed,push,9f66cc7b0d5467783933f2085f863fa2b7f519b0,37427529
passed,push,5be26f6a11e617a9dd5ea912ec03609876cdbb7a,37426408
passed,push,fba34e1ddaff4af7f23b56e8b811c4a0c7fc6222,37326220
passed,push,696a99f697c6fe1fe94c5aae712bb6484e293e8b,37324765
passed,pull,695954b359e47251c705fa8066ff08c1d4027ec8,37321517
passed,push,bde168e51a2f08b0dd17c549b483ae8765686c1d,37321474
passed,push,55a81b2ff2b03cd1be97209bf24e2bafb6e16900,37316009
passed,push,dc87daf1105b0303fa61807493a952e12e4b67d1,37314921
passed,push,00690767b0bcfc485e5861f094baa90aa98df605,37314491
passed,push,6ee7784dae4ed33ccb320d6873899bcc0afb8079,37311486
passed,push,19c3d81206617afcd98ae594a2f6d1ccd9f255a1,37311365
passed,pull,cb4c13b722b1407ea4a21968fb2fc6b4f0079c19,37306635
passed,push,0ab6090f7525cc2a273d3fe4fcb4a56e6b4679e8,37306633
passed,push,a47d6fb19eee91342a2fa8dc107b520c8e81865e,37306503
passed,pull,fcb727ab11fb6959abd876e29398a61934dc8da1,37306368
passed,push,fb1db2b4a221c2dc686b5a9e85edd78df81dea53,37306288
passed,push,e13d8e4eab6636c32ceccda8352bb0e8f8054853,37230704
passed,push,1db17cd3a51ca521367f6cf37fd2578a6aba6ebf,37230319
passed,push,eb71f67dfeb2eba3ef772d51f9fe19839f54881d,37228728
passed,pull,0f72b4c10e1807148deec8a373ced006e54b9a04,37225679
passed,push,c0aa5baef9cf398002cb27c31495eefdcc542469,37225653
passed,push,0146c2dad0718500460b0cbe70074825320ea102,37224002
failed,push,6044ce628dc2cb01b43efe0a67114a24e860954a,37223781
passed,push,8d6ee745cdfb6cfede10f987e1d21edf58230b52,37222673
passed,push,349d9bddd6624288189db24c06ab3aff6de8c9b9,37222664
errored,push,33a4d44baab6fb50ab3e2648ca0b053884366af2,37222571
passed,pull,c39397694acc88c2fb81c14e34388868ad8ca762,37221664
passed,push,4d070c20b3cc1fe05b65018875e8afbca9549ffa,37220296
passed,push,16731b12a6fc6c3f1bf25e946ed4a56e3394af4f,37220174
passed,push,050dbb59ae9a2c050e5dcdcebd93e6419f64806e,37219990
passed,push,a3999b1d0051b3f7fe9be1f109af847e2495713b,37183295
passed,push,e618d3a93052edc40b29b22365972baf8f205594,37183293
passed,push,a5bfbe115c57e7e1118ff64a035f2da8bc8f53ef,36974979
passed,pull,0361d483270de234eebd521d0a78f14afb1e5e9e,36968609
passed,pull,3163da6b54c1373545c29be2766dd5c1f8ca159d,36907620
passed,pull,473caae49117daf8133e3342dd7293da4bec4743,36868450
failed,pull,9d7811eb363b45fcaada29145423697d4c43051e,36783244
passed,push,01c4ed3952916c0e9e9866e2704a1d5a64106019,36686451
passed,push,1034462ebd94abd9ada2ab9fa550084eec4b5414,36675662
passed,pull,e1cd9b541cd5cd181c355ff72e0f33f8a8f2ff13,36674502
passed,pull,8fd7293fde1b6deb0c454e01293975ed7f99dbe3,36671175
passed,pull,712fcb21a18ec75cfc778bfe34d06d422cd7629e,36671114
passed,pull,368dd661114531db3f7d5077e41f57e1c1f360d9,36621861
passed,pull,c4a2ebc9c86878c38a24ab6b9b5d6061254f5375,36591923
passed,push,ddccd5273cf2c402cd305e52243ebd3de8cbff99,36586480
passed,push,57663b4639ce61c8eb7f6bdafeadb6801415e2b0,36586364
passed,push,4055698a610792a124ddba80587682119b74b643,36586351
passed,pull,8f51f6cf674593cb4994f19cb885814b69ac2494,36582706
passed,pull,aae2c8214ace1b4bdca32696314a1bc4cd00d0f5,36581254
passed,push,9ba1e2cf88cba2a5be23e35e5009745b8b99161d,36188777
passed,push,27b43c2b2141bf1f745679414e43fc75fa0ad066,36083986
passed,push,04c62bb44e483cd37ea48089c7edeab1b5c7553d,36077337
failed,push,dd8af767894d8cb707b61616637ca06daca58ade,36077153
failed,push,6a29c540982a9b2faa8cfe32a719ef3556e18d4f,36076803
passed,push,6535081871ec2b9f77fc9bfb152f4940a5d2f390,36065917
failed,push,16662f9fea2176d3bbc9f8214128f77219a8ec68,36064771
passed,push,02aa9aeb14215fd7131008f8c979ea98c1018ae0,36063455
passed,push,1172331dd5c593f287d887c1d6d8b2704dcff7c2,36063416
passed,push,b3c671743d0ceb3a761e3b94830698acd2c9dc2b,36063327
failed,pull,920aea2294fce07ebf76119e4a641c2e2524ee28,36052193
failed,pull,3a5519d056e2965cb2a9d1707218d48b56b2b9a6,36052189
failed,push,270b34b3fd0e4ec8337f19acb92b10a20de664d3,36052171
failed,push,7fabd1d277386ec5220971b8c74398141b4f393f,36051278
failed,push,1319554f45513c603b0f1287c44b8c05b604c6bc,36051243
failed,pull,ca0de6a7cd957e01cfc0209bb53059ff9928a395,36051063
failed,push,6e72d1ff1b2837a834d65a54390668aede2cebe1,36050994
failed,push,1319554f45513c603b0f1287c44b8c05b604c6bc,36050831
failed,push,1319554f45513c603b0f1287c44b8c05b604c6bc,36047678
passed,push,b7ef47ea89fb8f8f006089877184897b6e3a2144,35832068
passed,push,8f90e0b29c2b31ceb3ff8a8de11cb59d681f0224,35746811
passed,push,e7fb8bbc0eafa519c47318bee9492024fd716c7c,35679014
passed,push,dbc9dc82003ea2f815a4c546fe1ae540f557147a,35677144
failed,push,0dc53c4d868ed1adc85a3cc9a44369c4058f4a45,35676148
failed,push,09ffd663cbf04ab3a3129446841da44feaaf240d,35671831
failed,push,1e12dab4c7cc409869f6eba43007b4160e14758c,35668440
failed,push,5381c8d3064a7b889e5493ecc264dbc288ea77f5,35668257
failed,push,cf6de88b2313464f98e711cf5eb47bae5b544312,35667761
failed,push,e305bf9462673a6330e758949a690724822b4b9e,35666094
failed,push,2ec4e48f5bdfd444e7693ec5120019dde70d704e,35652698
failed,push,632537b59c2e52eae4b1995d410fc494c7d04c99,35642408
failed,push,8432364eefb46446ea7e0176e5ea0daec990b950,35581401
failed,push,40539a6dbf6e4256c66b7d39ae6f1e2330ad682b,35580280
passed,push,c32f10805429cb8bd688ccca23eab77bbe728f1a,35474813
passed,push,4ced5b15829b39c84e8d5c0f9557d2b1ba4b2f7a,35474393
passed,push,4ced5b15829b39c84e8d5c0f9557d2b1ba4b2f7a,35470089
passed,push,ba3251e3bc22aded08208d513438145cb34a23a2,35458395
passed,push,88857149a016b70db3782fd5583a0b53bf173286,35458166
passed,push,3bdce7fa1552b4ea8cd027c1bb828e9600db2ebb,35456081
passed,push,9d25c7269a421db37d6e337d0acf1bb5efaaa5f6,35361106
passed,push,02f233e8f10d32dcdec28e7430a0f5984c3a7bf7,35359807
passed,pull,997376af6094e3695bd290dcd1ea5907038d086e,35349447
passed,push,4660d90f373139eb0028333adc1e417aee86ccb4,35349363
passed,push,4d68fe49a2fe9576fff9aed7512c9e5a29f318c0,35162005
passed,push,7004a0e7123d079c093e1a49021c2b3fd0ab5932,35159599
passed,push,dc43278685693f05efeed3a8f49576001e3d7804,35155879
passed,push,608cf9ca38379ccf080174a87efe4bc51923b2b4,35137478
passed,pull,a62b768aad2e7a1d6b13467525a1dc895f405e13,35131733
passed,push,83aee0b3caaccb564c07ec08ded9eb124761cf15,35131673
passed,push,8c211e8970ea62063391e669423ef43773ead494,35065845
passed,push,fb10d97457795d52b7fd874957261f6dde303de5,35064243
passed,push,33cf6e2ae4a02d3cf974cdee521ab72487af6153,35034627
passed,push,f3e9efbb31f95c8575967571b800470a50da3a61,34959653
passed,push,9067b3d543de7fd5e74df8015297318a2d6c5ea6,34958248
passed,push,fb60d713bbc3c4633b24551ee0672a924cf309bb,34956506
passed,push,df8058bff376b911cd993bde92084904fe1ce1c5,34954795
passed,pull,d9b3ca92d04006c10ff42aad2fc21e040989d4ad,34954797
passed,pull,aa3809ffb0745b9bd81f4feef3f7c16c581498b5,34954758
passed,push,84c48d237730433e18d07a4f60a42ba45c2dfa6b,34954184
passed,push,d5967db34551ee99562439e5077e4e4bcb46fb2a,34948598
passed,push,eed0b532bfd3798062f8235faf5563abbde3b22c,34948270
passed,push,428c86b3ec4d01ac21e27c636b5fe6c0f388ad90,34947718
passed,pull,599ce81352915c6d0dbe2ea004967693f8c4ab84,34947395
passed,push,d7f685dc4fb49662b6e3b12969ab71e6b9fb9e4a,34947391
passed,pull,bcb6f3b5a70f4cdfa768be2a06a093df0d5e616f,34933177
passed,push,d60fd8fdb9f4fcabf2742149b44d8343414517c7,34930351
passed,push,ac1e2336999ca18dffe64cfe9872362eedb5396b,34920686
failed,push,a47e9cad96ff8d86c7658599c9e5a3afc47666b1,34915549
failed,push,64851570db81ef534642cb494f88f980d88a8fdb,34915175
failed,push,91cbfc8a69198b353fed5174e59e6c8ebd685ab5,34913048
failed,push,3cd145171f290904df9943ee51db36bed91fa698,34912750
failed,push,5bb1677f802163d3af71863a6759dab45ae50845,34912605
passed,push,0b54f704a37d3c3742cdc57f6dfecdb00f34541d,34857821
failed,push,24500d028242098e84e0a777516fd750f7fb08ff,34849885
failed,push,0cfe4855f5cc958fbfcc47c3a00c7fbba79259c1,34846696
failed,push,adab45a3cc4107b4cd79e40a7e32ff7d722b5644,34844446
failed,push,71eb2c023aa264c5540efd3270e387c12a97afa2,34841322
passed,pull,7374fcd9f3cf2398ebf76e7c2ab46bcff8930714,34772934
passed,push,95f1cae8ec336b0d223898b454fc1e9712765437,34754852
passed,push,58e9fb34784b1fdc4361e05aa154eeacae34d1a2,34744367
passed,push,c39afa839528db6d721039887cd3e7a78b5978d9,34740837
passed,push,2d09bec9ebffaf15d07c0a8c22c544787e999dff,34738719
passed,push,b03568a09a43ccc7f5a517bd0afee6083e2e02c7,34738661
passed,push,750813305bc04b02c596fc7b1d6c1974a6802074,34717909
passed,push,9404981e1e64822d9599cbb489240d2e5eb36c0b,34717205
passed,push,659d0040294298d40919081a6e5a602b46548f84,34711258
passed,pull,bd42f983e4b7693b1cb60f428d791f35f2801fcf,34608409
passed,pull,d057cd07f631b336d67050a913cc97324d8bb9fb,34608275
passed,push,b6f609f95905e4eac57a99542ea2d71873cb8301,34581132
passed,push,2d68bd99f3bd5e95f886e74d8630806bf5d94c42,34534852
passed,push,e601ef7f6e2a1f6ff863aeda4ae64b0fc041f2bd,34534242
passed,push,25ba2e354663f512257a5de426b783d749109654,34517934
passed,push,c3695ed805f421521e27cf7ce2ecb2425b32adc5,34514265
passed,push,8481dd6f007ed6299f415fab6f04ab2f407e0b1c,34440747
passed,pull,db73736e1a94d25619a63299d2980dcf006420c3,34414379
passed,push,c74cf74cca6aad170ce0588e223230ea84670f05,34408625
passed,push,341f47237c6ee9192bb2a5d7fe025d9103374fcd,34233083
passed,push,7195ebc0ee04d7c75a62c1a41108c90e34cd3e49,34231884
passed,push,6daa6320fceaa061bab9f31878472123ff2e6630,34119779
passed,push,c54c11421f11451f348ff4b22017bcee0c99935e,33917220
passed,push,89a31afcdfb1fd9bc5f2bbe9c7351bce0cb5f49b,33914381
passed,push,88f149d62a7fef45a87e2a7cb94329356f770c39,33910231
passed,push,45931299c0e1321f1790bc148569c4ba2ab178ff,33902522
passed,push,f9dc842b0279ef520153201f57bf6f9bf4d5de47,33856129
passed,push,ee1bf933725f9ffd6828c2bac8ac0afaaf754a75,33834447
passed,push,123aa75246894929c9cf609a5750796813defecd,33814210
passed,pull,22299e5e8c459505230907304c26c283feb5cdfe,33758166
passed,pull,a098c064e3f0875faf043697af04a8fde68b7263,33756457
passed,pull,32b43933830e9aaee197e10f4a649461b745eda8,33739227
passed,push,61d47a5c7b649fd7f39fd213b35d9f78bcfc2025,33636893
passed,push,754053bd28a2833a460d9f32d560b048866c3cc8,33636822
passed,push,7feae13cfc2d1bd1f68f666227f6f83470c31511,33635600
passed,pull,44a24ff29ff76fa968ccf209875e80ff54fd91e3,33549883
passed,pull,8ed55036eb2c4abf0fb42cb9f05dee50db02b62a,33549417
passed,push,05b2bb185fd7e4bf44938c5a6f1a5980d8e77de8,33544567
failed,push,7c708e4bf78d0dfb948be3f602e5c6ec9d697988,33534068
failed,push,bcdebed0595754b649df688a58135ac2f22c1bd5,33533881
failed,push,64aeefdcf7c4942d89ce5c5d302daad0591e80fe,33532614
passed,pull,2a288d36dbe0333ca5fa674116feaa0bdcb6a47b,33530507
passed,push,abc84896a4b98cd7aa7776aa7acea339863f4439,33529824
passed,push,c588b201df2cb9111295d068c1e30c23660144aa,33525776
passed,push,c167974ad5533743691b7a3c8a962f777eb104d8,33515177
passed,push,142227600a36886c1b24c9f899e65dd9ce3f0cdd,33512822
errored,push,e48b3682d751d0226d68178061c3ee5f221a59f5,33512601
passed,pull,7e68f7775a4431876dedf59f2af8fb2c5a1f97de,33449227
failed,pull,78318df2783275c861c88c7949be53f6242da760,33438397
failed,pull,1e3cb4061a905c045031cca953a77b95a81ccb30,33438269
passed,pull,b0c97528c7be554007bf88991f0b3ec2bc1d5ee1,33390303
passed,push,b81adbe95002aa82b05d070f94fa71cdb93cdff9,33285801
passed,push,7fc45e0b01344133ab097df2f85b414c49b5e46f,33222533
failed,push,c6febc35271e97dfcda8e62d4a3fa8e4ddd16a1f,33219923
passed,push,2d691d31696262ede4ed96220d7cc651d70f956d,33214787
passed,push,a1a759dca3daa750fbc9bac4438404beae2efdb9,33206794
passed,push,8ed9687901a6665a8f7b6f825caa9c498733d43c,33203112
passed,push,88f074221bf9221f012d1bb25fbeddc7e0e25f67,33201974
passed,pull,4170a38aee99c92c29ae2acf324ecee24f72bd7b,33201884
passed,push,3587ef414067b08a58fd8893496df736a7037d91,33201880
errored,push,8f27d2ef42fb22481458ce4187bd614ab1a3e222,33200840
errored,pull,aa17e8e39f00769f6018663d272b9d66db93b155,33200842
passed,pull,9de1ae1dd34cf0a0b1d4626c3e5d3b72bf0812ba,33199341
errored,pull,6feb5a524d0212b5ff9e50c3fcbb9de8cac50ffa,33198685
errored,push,137aa25a180880b75cd87a50f506cf16fa5934de,33198683
passed,push,1803089ff6f183d0707b83b4dbc47cc86078e3a1,33197391
errored,pull,f55938b6f300aa7331fcdbaffbd230d22e66a29e,33197244
errored,push,3336cc12028f011c744593d90765de7efe834b23,33197242
errored,pull,4ccc365a8b6e58b42f78027f13a77f94107eba6f,33193271
errored,push,a173d1d4dc0ecd39a16e56d2b1c9a1d27e1b48c3,33193158
passed,pull,7182c8a486ea0c955f9f66afcc7aab1adb7c1d2e,33185102
passed,pull,de51102477d30a64908f6bb5f6d9b4df5118bedd,33137768
passed,pull,56377ee16fdd7e49494e6b062d0e6ca5bd7904f1,33131584
passed,pull,a9a0b70e4eb49fcbc464f4949683470db56cf763,33113252
passed,pull,8d08b2d65ba156c16da007797a8752bbab09a1bf,32984308
passed,push,75c4c5a9a20722d6bb9d19747c1413fdf81abeb0,32971943
passed,pull,599dc869da27d5e865c42c2c4021cc265fd8518a,32970187
passed,pull,576046d3bbefccd51125c428bb06b8f79c12ddb0,32921071
passed,pull,fe06b30fac4dae0e2446e5cbea24b6f541b4cf48,32920677
failed,pull,7bdfc1b1a404c0255f7a0061d6715c37f653aa67,32920199
failed,pull,8f71be7323103f8fed98aaafa03307e57f221fd6,32919593
passed,pull,b276943a925cd0d2801a3fdc425130cac8af0c84,32900868
passed,push,c997d6c582e42f00bd4a9d306b94b567dd96c0d9,32897371
passed,push,4c381d2b168083efabcd09780c5473cbc1374a38,32897254
passed,pull,6bc98013caeb7aff96de784a4fe5c00c7c849322,32892562
passed,pull,7ee9aeb45a42c92eb29a133a0fac0f0867e29835,32666653
passed,push,490ae619cdc644f8d3437f1ba3150a5d86c32fc6,32666592
failed,pull,ff2ef5e7518f156ec5972c57ca44c12498acb7e4,32663531
passed,push,64e88a33657b4626e897d49e576d61ca2292675d,32663162
passed,push,64e88a33657b4626e897d49e576d61ca2292675d,32663135
failed,push,127b445d23275214f44c00de76acea24f2f37d7e,32661999
failed,push,1bec537105c160638e151b785fff77942c010cc0,32660146
passed,push,8bafbac699cdd7e78edccba3e578ddcae176ac4f,32658094
passed,push,4a83378ed5de8a6129230376e37217a99b14ca32,32657854
failed,push,f9843a52ed4c01a084ed1a295c6ca7ab5b591444,267673483
failed,push,cfce848891c9792c538179dbf09feb5ba9996897,267673032
