Status,Type,Commit,ID
failed,pull,6a7c51bc80ac9e75e987203b435bd11afabeeef9,274011913
failed,pull,0ff34b7328fb3e75cc2d0cd4e1033919c7259def,270915015
passed,push,cba70ba1c54c83a0916254229b920681c5c0ccda,208324090
passed,push,bc64487c45df374efbf85b3b7d0e62b7080592e2,208319133
canceled,push,9cbf2977ab2717315b1f4dd1a8cb28c29d8d5bcf,203127056
passed,pull,80ff4482cbf3515fba2eabe65640d30a1715b01a,203126696
passed,push,5b380a94883ae4a4762c4657b6bd043708d0a2d1,193734174
passed,pull,6ae81a4cc34bb49acc4b0feab3ff17a62e30149b,193499247
passed,pull,c213546dc74029e379e8a981c0f45540f665b352,193496072
passed,pull,32b5db0995b84c758f51bcb48652bc525ad4d26d,193484926
passed,pull,78ddce526829497e89a95975fb80d0ffb26fe4cd,193484399
passed,pull,1be0d8807424622ceb50c1aa3e5868e8ca427507,192156721
passed,push,d6fe1d8c73508ef30883eb1f9ae965d15953e7d0,188532455
failed,pull,8579760647c26bc7561a47ffb72f05349d04ce46,172360084
failed,pull,f320ba6d4827cd85e343de44d8d0f5014a05ad87,172358551
failed,pull,0d860ecd6e678128b40da9ed7fc8119db0683196,172335802
failed,pull,79699f4fc4788d47c91f6368b29a73aa508c310d,172330533
failed,pull,e27451f6d6cb962ec73c0009e04a4bd16e63a462,172327777
failed,pull,a0420d2acf68f2194ea705e27c263858c76ffa74,172321298
passed,push,a077522d3415aa3530d5f3280a31026b4c2cd556,164670975
passed,pull,675aa6da77831ae2334a6a77eb14ccf0e2ac954f,161180294
failed,pull,5e784dd2f95c0541a941cbd84860bce7feb8f785,161179671
passed,pull,ae82c6788662305a2d2c9670f0a5280eb5f39a85,155249766
passed,pull,9d18d0b07cea4826bd83c8a5faaf1faf65150408,155249704
passed,pull,6a4fdf80e33b94ff5348f2dcc581fe16b4ddf46a,143006996
passed,pull,c5f7d6e27b606e86c67c8dc05d5d6893f353269e,140911587
failed,pull,6766efa61738dd235a2f1c5cc093da2ba3b0859b,140896857
failed,pull,552b2d9cc614904879bade291a123f4b23afe0ae,140896523
failed,pull,c1d3e48016e479541c1f36e2ea2559ffd0709292,140886935
failed,pull,b0abc063fe26d300ebb874dca869364341751b7d,140852184
failed,pull,619956bd833f7f195bfb5874f68d6342a7b4b9c3,140841857
failed,pull,bf14be7c7dc79c84fcaa0e1bcf335d36e83443b1,140839225
failed,pull,a63bd73d9be4682ef00c03fc43b5745b1010960d,140837929
errored,pull,1bdbb5d319db35abc47168fac650e9f0cc0c6e28,140829703
errored,pull,f126fd1efc749285528355f7d4533c72e9e1642b,140821060
errored,pull,ac4a44e9eb928447c48092d7a8eee95ed4056e64,140809358
passed,pull,d649b1183d066d68141a7713809ee0bcfb15769a,140762245
passed,push,0258a52487421a4b33b9e9426f7b13ed6693c387,140056190
passed,push,257b757e7f779030c910cf2520e1b95abe6cb722,140053543
passed,push,e734a97d4a6ab4c04f82ba79996bf27b12f5156a,139884638
passed,pull,36dec72ecd0d16fd3bb06ab83ec8e72c55bd9dae,139879399
passed,push,cd1b09af7965c3bb6e61463bf3f0b4429924c599,139870616
passed,pull,bdabd420142f50532085d49ed4386955345b7d44,139853219
passed,pull,f0a2bdac3cbfa8564e55f2ba1bc82ca308c6e19b,139852531
passed,pull,578799d4ebb0e559bcd6c2a5026d129be4f8b9f7,139852282
passed,pull,628357ca9b32856d0be99b1b1c0c4f49630c7b58,139850243
passed,pull,3d8b961d7abd314bad4d170ee8cd5b0c33c0872c,139849681
passed,pull,fcfeece727fb150f8f6dd7e12dfe127832e32ff0,139847801
passed,push,f8c93bdf2b7d16e0356689807671992367eaf977,139844234
passed,pull,8b68573730ece5c9103d23a5fe3af586067751cd,139834044
passed,pull,a0d11bc4f6b64355b3ce8bcd16d88d96f64a0acd,138837398
passed,pull,003db194ef96eb198416603d2d7eb1d679bfeb51,138836738
failed,pull,f6ac1b63db21c999ecfaaff55542708a2352bf22,138836539
passed,pull,09453cba8f6d61c62099bf2bfd4648dd8d0a47ba,138836010
failed,pull,deff959a312dceccfc0739356731d789b69337f6,138835855
failed,pull,16e5018957e232ed6cb93b24ffadbf3762db93b6,138834798
failed,pull,6779160e4656b1140ba00aedcd1f46965c537080,138834349
failed,pull,33f88dc5b606dd5b229958c40061f8e481b4d92c,138833357
failed,pull,821e275df0aa3822630e522df8b77f20f8f8fca2,138833278
failed,pull,1dad4b14864061285e925e446933e47845d5e428,138833156
passed,push,e1832bd9b8ba7e7bd36e10b877ac041b51ec1e15,138514975
passed,pull,07f5cbdab11568bd9c75cbfbc10ba93f7fb1f6e3,138490138
passed,pull,d8ae6a179ec5593bfb3bce861a291329ab976b4f,138478024
passed,pull,e6db688e89509488410eba06e851190d63cdf349,138473495
passed,push,3028918ce4182dd0dedbb413e6a8595167df2c89,138111843
passed,pull,e11abb53a11261842db5866a52ef17907f96175e,138110976
passed,pull,75daea4cb8d5dbd7eb6d1c6d70e77472412cd9ea,138105832
passed,pull,e34f2cd6661e4ac2a8397ed882c9fdc69384748f,138061372
passed,pull,1e778ddcf0238b779cc08d490f76bb1d65f5d30e,138060910
passed,push,501fef04fbfd8a9dee365ae37d8afe5347caa9c5,137913994
passed,pull,ee9c6a721405d185612ed76ae39c7494111b3c73,137912323
passed,push,4cd363bd5f9a72fc6771ac868aa914b0c1cf8273,137912314
passed,pull,ebb3e8410a46d3899503263fa2648757e5bc5488,137907945
failed,pull,cd008a0171a8ae1e10aef5eb402511f59867c8ce,137903809
failed,push,ef9ccb499dacf6cca46c5b048f65f739e25bc061,137903670
passed,pull,4622d154e0a02b344254abe5fda1dfdecf7c153c,137788930
passed,pull,1390082b1cc0874923d34725eb20816a76f9225f,137788195
passed,pull,c2022a74bc070aa8467a12a8fe6525e66c150ddf,137757969
passed,pull,98a36ddc70c402dc6148a981e3084566a5c772b2,137754887
passed,push,4241e2b65d45c496206bde990efd7b846a9ef456,137330771
passed,push,f8876e6cfdb62500a2987c5b3d31aa4cdacd2c89,137324128
passed,push,bbe5c520d66382b0cbfb009d576246b685d0088d,137322364
passed,pull,8a52669cb9e550b67754ebf6e76de4b375e91799,137321439
passed,push,dc50ef6dbf6f525e7cd62e034e8c8d7771842e2f,137321278
passed,push,3fee257ce5566b0c45253dc54c90c8dc8f1698f9,122213980
passed,push,af42ecee47a88c92753ff7605cd26e52d0d9f396,121958739
passed,push,3b4363e4f75e9a3f914806db969cb60b64c63182,121957422
passed,push,28aa2484f1c4a85ac61eb11cb477040f217b7b0e,111718989
passed,push,03335449852523a223137862737f81c47d2581e7,111691118
passed,push,ad455b4bc7da8ff08bf1a5045ce401b8aeef021a,111690461
passed,pull,b97608838555972607a4892310a5f1f286fd2923,111654540
passed,pull,48fffd891b06f107c9aa48b0f3915e9788892fcf,111591390
passed,pull,9b2512518a2ca6bdcdbd3be4490fff37bf1faf0a,111583859
passed,push,8cf46d4845ac2c00d3dc08bde58ad31eac94573a,111337597
passed,push,9a8bcfdfe253bdc13f9b5ff451d358d764574a04,111103605
passed,pull,c23aa241561b5e6feb65a3b8125e65ba37e8968d,111096546
passed,pull,e98d07959e9f0ccfdf3883aab0c7cf69038bfab4,111096250
errored,pull,089bdeaa9af27ee3920306fa02621d0998f2773b,111095907
passed,pull,1ba6caee75e3235324a65ad98570f00f677356d8,110691864
passed,push,62140c495ebec6c24c0febe7083cae9ec70ba4dc,107364335
passed,pull,19ac845ea5f766b43dda2267b0349df13841aa7c,107360861
passed,push,8d234dfafaee3cb4e41632004adc1970ea6cc16a,107236910
passed,push,ef8fdd49bc71932486d4bd2d489414f8452f579a,107236590
passed,push,196da25819cd2080f87306c391611f1113e3391a,106932879
passed,pull,487ba658ef3901e84c7962693099f9c36212c442,99663322
failed,pull,b2220f1771e02ae6f4a20d92c12ad61945fa2578,99661780
passed,pull,bf5293d5675f04f28a141b889e84e49a818240a7,91427208
passed,pull,71245b2e8abb531208c57b196bdc1a7aa8b4facf,91405792
passed,pull,6cfaa037a8c57b48275ea52883e693c3614e463c,91405579
passed,pull,679327093cd6c867852c9b6a3980ab682f3d5685,91402209
passed,pull,80db8c15bb5b5ebd51ce133f97958d0178fe4c84,91397261
passed,pull,4069460f75121ca7318bdda41657790759cb8808,91396265
passed,pull,6d9632f7312f66e1055178fa9512a173377bc473,91123371
passed,pull,e0d3b1dda5a207a2fb088acfa20d323bdc328156,91123025
passed,pull,deb908a80f6f8562612a55cda0aef767069dd767,91120551
passed,pull,49f1d61b4daeb7d38955bff4696a830bf8da8282,91065377
passed,pull,7c1cfd14405c26aab5cc1704891b1f09e3537a37,91053101
passed,pull,4e598d74d57c79402b2ed8d7fbcd69611a7201e4,91049648
passed,pull,e38cbde208bc8df5393e140162710db18418dc57,90925634
passed,pull,97d4c8e95fc8dd05b16264ef810eab94b7bea5d9,90925159
passed,pull,c7dd0be5c36caf986be2703c70b585aaf5ff6299,90900970
passed,pull,ad80c7b3bf6628f7567967cdb8aba5235d95ca8a,90724283
passed,pull,740e7f656f12f159121e0fbecd7637e7a6c0c135,90528663
passed,pull,106655634037113645373261c9e415ced52bda2a,90410898
passed,pull,5c70a340e63aa402357e9b3a3b6a6962424b7624,90409027
passed,pull,b49ff1bf96d6598a6fb785d9b9b06f135d36f39b,90387975
passed,pull,b10033a62476a5aa49be8776e4b3dde3cbe8199d,90313107
passed,push,8962d6cc72c51bd2d857bfc5c4e8b25f10333b38,87919761
errored,push,32a8b19de3ad1648418896e2d7fc6438d68f0987,87919741
passed,push,7195bb40327a50ea360f12007b03a68cbad5b48e,87918082
errored,push,173209bc3837e0dcd9d7b30811531b0f5ee0ce74,87917501
passed,push,1afab61c74dbb0f876a4127d6db441a0083d3b28,87915257
passed,push,a16c5a9da04103fc03eae9005618ca8e069739a0,87568909
passed,pull,9e8b6a7b05f4c762ad252c3ef31c926442b4433b,87560419
passed,push,32a8b19de3ad1648418896e2d7fc6438d68f0987,87099501
passed,push,80d2a2da8c65e333e4f5b2ede6febc2c3df33057,87095666
errored,push,3bc0ba433d0cb2bcc32cb4ab1d481939f6ff235e,87095654
passed,push,da5963e2f7bd12c7c1ee81e8514d6c491201123b,87095339
passed,push,3bc0ba433d0cb2bcc32cb4ab1d481939f6ff235e,87089770
passed,push,5a8ca77b03bf99c5c0e0fe340ba04a65b0e4bcf6,85162606
passed,pull,32a1d813f707eec63139577c9e9c24b209ad92a0,85161361
passed,push,9e402eef5ce103ab8ee249bdf93fe7119414f07f,84925946
errored,pull,c02dcb8ff4d1177abc792c3845c1de8852823e84,84925778
passed,pull,5d9b27d4252c344d8a75e0e1b11b31e938cd6580,84922472
failed,pull,6d8ff5fb24acb025afbf11651e955b446f30245c,84676822
passed,pull,1379aa7d2b5d9645f789d6e9c8d202c51e5a685a,73349313
passed,pull,9bd3ff5577385d96ab30dafcba39decceb25081d,73211170
errored,pull,08ab8db60442625fd6b40be4dc6a812755e505eb,73209982
passed,pull,91c47815cbc35c813c8624fb60f63364018e29ac,64037195
passed,pull,1aab287bd47371a2adb41be76e575ca9b41f119d,61269699
failed,pull,ab04e9f9595df6eab806b54d55d22b888fd2693f,61262149
passed,pull,26272a4484dfa2bcd4304c36b2f5fbfbab62d2e9,61261655
errored,pull,aec4cbb86bc382a223812b5b12d2c6cde688121a,61260054
passed,pull,b3b5fc7a0940ea430a1d15406f7cbd73c2b4e07d,61186176
passed,pull,f2d7bd4667fe46140585de7dd26ea29462d6f3f9,61185573
passed,push,5503bcca7433581bb90186ef3c3923b7d4a7b567,56879949
passed,pull,aa2b365a03da11ce02ce9d0f23fa6045551e78b4,56879282
passed,push,6238d92d741c1d7a149962bfc204c060346ff334,54623620
passed,pull,96d827a4883086e9a9b1d94212f639c7f6e9c3d3,54585904
passed,pull,cc53e369823aa581a8c526cf541e2fd9fbf49e52,54519490
passed,pull,14498d5120d8dc1b2d507c939c477b2292e5d0d3,54519447
failed,pull,5f4992d45bf9735975ff2c670591ab20f478ac1e,54518204
failed,pull,8fb97a0c6a0309505abf12d77a006dd5e866ba47,54242695
failed,pull,e60f85faf632cce0e997b184aa2ee13623ed392c,54189403
failed,pull,3e106964689aed25c50a4fbe15ea6ea515df93fd,54189176
passed,pull,6a61562018c76c00d71e1a2c538cc9471a401147,54179717
passed,push,e10bc3dda2ecee06fedb36ccc9cf75b71eedcb68,47802938
passed,push,880170f6a3df2ade2277865cc1dbaf3aa26b8cee,47314243
passed,pull,85950c0da7d9e5f6e375d3183ea1a53335cb6603,47312923
passed,pull,bc8dbebe0f81eb987c78c15dbbbfcd28406bbc4e,47312652
failed,pull,cfb9414f8d0e229e4bb92b2a04afa3dc0de03c85,47311909
passed,pull,fee37c20ca806a649dcdc819d3a8bf1eae567775,47215324
passed,pull,7d45dbb52fc63c665946de4e1613785c655666bd,45633273
passed,pull,0837003566ef01116567478a7230e4327bfadca8,40758085
passed,push,5aeb476a3bc5b179fb2ffbd73a99382b154a6ada,39152010
passed,push,aa3092a2057da50e25d463ce06b09a17ea79f778,39106039
passed,pull,f1c2bf47ecad0b162aca7d68f48abdf7245c7f39,39105744
passed,push,afc56fa1733f1c7d4fd16da37663ad92e160be50,38719946
passed,pull,b99baadb72ad1813f661c7e095fea8962e90b0bf,38715608
passed,pull,509f09ebaedc44ebfb6fee01548de1972500b74e,38711477
passed,pull,509f09ebaedc44ebfb6fee01548de1972500b74e,38711476
passed,pull,8744e253b3bbab72972472d87527ca853a1dd062,38711461
passed,pull,cd98f5bc329b2bde844891e78c1effa84b2c3d09,37843815
passed,pull,736d1acb10f7cca157e8b552fd1dfbb30cfbac8c,37842934
passed,pull,e2a855f2bb9a432a4bbd87a2e8f2803a60155801,37810227
passed,pull,851b994ebfc10ee7997a153d3b834e476c7387c5,37809682
passed,pull,1739829ca5e50c41329f5377487c3d132ea4e28b,37809629
failed,pull,f56301c771a021eb6ab86a18a99c47a79a9a1e7d,37549306
failed,pull,48ce4b8fceb69e454cad5db77c5b074847013dbe,37548998
passed,pull,be8364f449097ab79e7b804846061f4648b339fc,37534264
passed,pull,ec1cd5f4bd742d0f3f3b9107afb69732691aacbe,37533765
passed,pull,94c92973281aa854e0ebf61b555f2a46fadc1e57,37532461
passed,pull,ea6afd201a0261c9338abf010fb674a29f328fb8,37521837
failed,push,3b77ad56b74a70249d6ad29482fd5dcacca35adb,37504075
failed,pull,7dbbc00435175efa9e4adc4865fdbb4404780f9c,37503604
passed,pull,49b6abc77a7a24d3c493c48ad5e1d04b981e14f9,37502532
failed,pull,ab9c1949affff1579407529ec7fc4eba6eeb1a6e,35933570
failed,push,bb211dd47b557d76ccd477e403d703c82bac2b04,30278594
failed,pull,d84c76ab058648cd0b6457d842a5694af5f7e559,30237871
failed,pull,049911b51a31e7e23e460100282862607ab74e21,30210023
failed,pull,6fe2cd53decea97d4722803974420a7710061952,30194344
failed,pull,c103dbc35cc2992770dad7fd36138c927ae35d89,30183196
failed,pull,58eff66b059a4df9d44a5a50e909c12c6ca50f4d,30182065
failed,pull,ddd9ca3dd465fb9242e0dcf2aa88afdf1b6eca9f,30174784
failed,push,61e75bd19d3b81f3088c97bb68ac1c2af520d91a,26856446
failed,pull,88f54d46974c908041f6792553daca354def5a2c,26854818
failed,pull,e658f90545b0c96c6af43c3420b0eebfa546e71e,26796192
failed,pull,d666d6297da3c3239143a8644f39c41539e5bba6,26789746
failed,push,95c14283a6bbfe9a80a73bf45a9cc696558344b8,26758086
failed,push,2c7dd5c78fabc094016137cf48ec1b83eab62909,26757806
failed,pull,824e29405fa25a3cf3843525eaacbfc12a5725ba,26755974
failed,pull,7f507da97fd89914ac56b0e5158402058857ddaa,26755572
failed,push,9fc67b642b05726e1b77c470e7099918d357e14c,26752742
failed,pull,fd4f5dfce3b5bdc1fb8800f238ab35cc893808d7,26752481
