Status,Type,Commit,ID
failed,push,f376b9093ad1fa9e5a3386f6fc082de1e68b89c3,172024048
failed,pull,c97d1297a05c725f3f872b5b46c606fdfca82f07,171954397
failed,pull,1bb0e65c451d64be73ac0e65cdbc1cd5c41ec417,171873793
failed,pull,96940456da61b329d88fd40beb431ac7c80a4eca,171868517
failed,pull,aa2db5db04901bec6b4f2dea6c5a488c2092cdc0,171867398
failed,pull,df1b0eb7214adcf0d220dc61b4278080df4b1eec,171857846
failed,pull,6cd175af2d40801a7a4fbcbf91db54fc41919a68,171800067
failed,push,f21d3d11fc26070fe19b9d1588900adf17ec9c52,171778934
failed,pull,208620c598dae20ef86e38b704c1f1ce5e33311b,171725852
failed,push,e0c2aea7c71a8b5cdad5b6a5242a338c9722697d,171709720
failed,push,82e04516477d477c2626f3242b288f95bfb7560d,171694512
failed,push,e861a285ae211ca48c7ccd42c36850c2034fc5a8,171694364
failed,push,950be15714c0ad89761a26c47252b8c939102056,171691200
failed,push,65ad60c360aef1cce481d912ac21dbf0f1f966c8,171239245
failed,push,3f1bb341372cc19dad01f3e16c5eb921476f55f1,170441816
failed,pull,e0e4959958af3e6f4403c852cf7d2b4275a677f0,170423326
failed,pull,60c538e2c7e7bbddb9b5522a639f3cd270f26413,170421870
failed,pull,3c826473f66d8c8c610de12e93f1c58d8ce18d48,170216754
failed,pull,556f50dd7a7b2ce5d16f1357905d99065b88d61c,170126064
failed,push,1d7e36b55bbd0dd33d025989574b69ec14bb1609,168158122
failed,push,01adaf3a536a620fdcf0a4e97886a741893396e4,168125835
failed,push,65f77fcab785cedb2227a22d4f2e25e059cc5673,168122766
failed,push,dbec98f0dc0f1861259d37973271d419b49339b3,168092668
failed,push,6709f60f7e08ac6c0a9d4ab352b9bed62285236c,168078870
failed,push,0783fd23825e0e55cbcf25fe654bb1607e72f4be,168066071
failed,push,0783fd23825e0e55cbcf25fe654bb1607e72f4be,168064142
failed,pull,c016fb91c4f2cb6297c6f28daa0a06fdc5cc8b9b,167989720
failed,push,465f14bfdb7c1d775aca0eea3feedd7cd8104b6c,167989718
failed,pull,74a62eff2ca52d1f6176e4447b6c85fe58113bcf,167978183
failed,push,f92ce743c8b51fa525d9d62cde2ddc5fa1575fac,167978174
failed,pull,bc8fa451f671219dd806e3b0ec1a1c66530936d2,167975008
failed,push,ec99f94f32c25cab3c9ce6d7a204b57d23b3ae82,167974978
failed,push,b343384b8fc005bf092b679c3aa4ca87afd9c93f,167555602
failed,pull,af667d7d40522280e1def5883cb66712cb60eadf,166883942
failed,push,49aeff6a723c972c65fdffe0ee755d0ca72ae7b6,166883938
failed,push,f6a24203c1bd4ad862169cadf81243bfd6d3ab13,166153456
failed,pull,84ca6e2a2cd10052bdfc8c0920ac6da28ff05d2b,166153454
failed,pull,f600d3d5e985373583f5d8c4d681d90d5b9adb2f,166126791
failed,push,eecdc2ea767c3e41ff4c593a8a28c6930153821c,166126789
failed,push,b8a6abb7dc70475cb2de6590917181e716b9bfee,166048972
failed,pull,2e5081f9a06c8969aeee7f551e4e668472542f0e,166048965
failed,pull,71317692778c4dec48e3a8239135495af1063b11,165983713
failed,push,e9cfc294618e300c1f93b72f647c66dda96fbae9,165983707
failed,pull,518fbdf1fb00f1bfa79d647a55e509ae61a247a1,165649755
failed,push,6c237e24f44c81a46b8ed36299a4aafcf373c522,165649749
failed,push,1ebe83e30a841c9eb649b1a5637e137fa23393b4,165413367
failed,push,8cf230753f4d697741cf03882aaba0ae04cc086f,164446468
failed,pull,700b41745d97bc1968fb0128b72e8b7c5e811dc0,164443852
failed,push,f69485e32bf7ae20b95f4ba5d355a289fc6b549a,164443850
failed,pull,ec2ba15ac17afbe4d44d81d22a48452d36aa874b,164365925
failed,push,9707241dbb7f116407008e98d210abda301af18a,164365923
failed,pull,d3d5bc2fc3548b9191a9508472055f8f506343b0,164364739
failed,push,0444a35caece2595b33296ab2faa0d8c55e2a8a7,164364737
failed,push,af41fbb1afb01cfa0540959696357641f1db6a3c,164347477
failed,push,5b53e159bc3b767962405eae9872e53b86cdaf99,164334628
failed,pull,08d68f9cbdf3b39b3a8d42b9b4203d828fe95f7d,163280152
failed,push,91311e8e7b6b43aded7601f7316df659864daa64,163280146
failed,pull,5e8362bf3c450b7a9a8f3aef75d40affdecfa50e,163252555
failed,push,ff1c62da3a61e9f59570a78edfe6ff6e9cf0d818,163252549
failed,pull,8357d6d598c2212dc2b50e607627797fd1c1a624,162950138
failed,push,a6ebbdc060de060bf465549d773ba3f05955cb11,162950136
failed,pull,bf4353a2ade2a05d1a91f5c0f73d39bc8d8a9d3e,162949378
failed,push,aec8ab011e84ea6176e5243f346030b797df0007,162949372
failed,pull,f4a44ac921d122f3590eed5b42dbf99212fb298d,162913320
failed,push,a72f066b2f9518e04e248b2746fe7fa1f1522194,162913318
failed,pull,97e4bc65e74230112ee1b3c8bfdac6ea1bd73ad6,162874358
failed,push,8eb954211e2bf61163090d83cc47a129b198bf0a,162874351
failed,pull,0352e27ea5235895e466d167ee0fd639ce42ab43,162672053
failed,push,6898b89636d024bba5d8fc9adcf8252645f96fb6,162672051
failed,pull,1f523be894c055433ace11ef38725268e2a081b5,162664165
failed,push,1c6c1f3b38e769160356cdc032798271b6644a2b,162663714
failed,push,f443f818aa432063621865bfd2c0621f23541a3a,162642081
failed,push,f443f818aa432063621865bfd2c0621f23541a3a,162337488
failed,push,973cc80ec53ed0c57242fb7df80b611c2ad10630,161569470
failed,push,fdc5d4848381eb5f6b650370a459c32488b18b78,161568928
failed,push,0a749f40c272a3d0ec67d7e77e289331560e04ce,161497994
failed,push,77e30f78e4e323ae61a999c7dad3075731985f77,160890323
failed,push,a35ca8e0afa0c7a339193c1c3e6ae79624f610b2,160852839
failed,push,4e4a3f5aa5fbc107a7fc0cd4ff664442756edc8a,160839092
failed,push,da0b004af1b486856ad86f2c9a486e1dea29c812,160828136
failed,push,5cc88455ad1bff368fc219fc227fc5f6ac7eb2a2,160825707
failed,push,b1b26234680816f66cc28ed0cd85771264be0a4d,160824918
failed,push,7efc1d0a13c8fbf2083f0ec85907aac3889d28d8,160770673
failed,push,972d75ba81642915f315149d539e1acac00569ab,160770380
failed,push,972d75ba81642915f315149d539e1acac00569ab,160588168
failed,push,379ae3e3088e1c93366d7e1066078a00b8cf263e,160501738
failed,pull,a2e0e087feb5722cba164d9f78deed3e1ae50917,160501267
failed,push,7bf1bc48ec09c32d141f99d27cb3b6d49de73cf0,160501265
failed,pull,7cb20762072420bca95d580470d26ce2afcb7d7c,160500373
failed,push,b5137e89578272787e97bd803c75526b87dfd0c8,160500367
failed,pull,313fdbf5449a0462a04296a6e75fa95982cd4df2,160498243
failed,push,e678030285ab09f391859853cbeb0178f768060b,160498241
failed,pull,ac9955d497b215834977f5ca3a93146a9ce209a4,160482659
failed,push,629ea972511373f20bfc4b6e22606dcace0708ac,160482657
failed,pull,68b7ca8da7335eda89631f9dac3f4be327a7f346,160481068
failed,push,6ef4c70ca194df7e87f97b8b6f32b0a4df967472,160480675
failed,push,a6f8a931166f21a1074f5f83890dc88340fcdf2e,160462785
failed,push,a6f8a931166f21a1074f5f83890dc88340fcdf2e,160339925
failed,push,7facfe02fad725bd5585e6234d0da8dd6ed12e72,160339061
failed,pull,3203fc494a723cb66239d5a6c46ae2d27d1b0f35,160245666
failed,push,5fc69b32ed9f2ab98ec4b0372ea7a6777be41124,160245662
failed,pull,a3f61834da47e4f7dad6c4051ba759d0b78d8f2a,160244965
failed,push,1f1a230e73aa5c18c4cd341729689c7d6bddc7bc,160244962
failed,push,9b7ddde0254f1b0a73d3542c18a2e574848e3fdf,159136930
failed,pull,09a6046cb334ca7d67acc6783903a9e870e919e3,159134998
failed,push,dfa39ef02914099b4eb7d2f846d6327eb9345bb2,159127088
failed,push,331cff3fe3b61db0e862be9e12a7d6903831d25e,159126206
failed,push,76e8268e7654dbd7addac4e0cd756e4e62ad89e8,158572095
failed,pull,6c874311d0f027c1c5d6b3237359fdd1d5c9a419,157660274
failed,push,0c3106aa9d38703cdf8b374e2f8bac9387915da0,157528839
failed,pull,3835bcce9ace27d901b08febd0756ad0a3942f3c,157504647
failed,pull,36983b388c088ce9ef60a8aa60cbca769b8ba5b8,157501912
failed,pull,0c129c5b2cf8869fde2dee67ca039fe0018cb6ff,157462679
failed,pull,4a3a731aa40341ded873f9ed043cfb67e3f4e7fc,157461802
failed,pull,a34bb5c4741e6d31fe18bb1047046a342f362c31,157461727
failed,pull,7af62437cc0ee8ed803af689afaf7227105f837d,157460592
failed,pull,9e81969320ebbd7716aa3b6b113362ae9ff56fc0,157460359
failed,pull,e102944b1c62c5091c8e88b89f4f24496c431834,157460071
failed,pull,0617beacd8139397da6a582016665cc60e1b2642,157459797
failed,pull,316c6b8b61e8a60471ef3891ab515d396f1d8780,157459626
failed,pull,865713997ae05fecb813205df8714f4921cd5f08,157457515
failed,pull,3b6deb47507adb0036e7d34ad3bad5002886fbf6,157451158
failed,pull,2ee8fc376460b7d26bd486985fde9015ecd2509d,157450005
failed,pull,5c741684002eaf7f0991b9e1f8f8543fffe97343,157190086
failed,pull,1e460fb30da25837f2eee42e3a5d7143647ee0c8,157188498
failed,pull,0224247541c8401ee22493e9af9c05209a4bb743,157184593
failed,push,a2ca6c916c510eacb0e575b888834b57defd73be,156979774
failed,pull,ff26c6aa9cbd965fa6a1e059c46543d77405456c,156869370
failed,push,aa307b6b946b22c1f16e93a1abd016a2dac0ea53,156664528
failed,push,c98792a3f59947cada0544c7b1d7f77ec66581f9,156648951
failed,pull,aac3d4c0d4f2908ad5ebd9faef54828752c4bfc8,156611565
failed,pull,811a1e2bc963662b95a3e5aa47f3f36841064239,156610849
failed,pull,0da3b3accb13ede5fc2023773d38f15fde25177a,156610324
failed,pull,ea32dd3de03c9c9dd623219cde9ba77f5e332fa9,156607041
failed,push,929c73b81c9caf82f10b298bb78c4f12e66615e0,156104426
failed,push,3996cd3d20846a7ebed1674d72c6185afbc03f6a,154897521
failed,push,d8c751f8c83fd0c9480891757b807e01979e2a64,154814455
failed,push,962ebc84146aba45b5225ebb7fe0541ab66bdbc0,154808802
failed,push,b298526c0b8ce735af65d22ef9df3443684dfaed,154808505
failed,push,2aad4f0b13696df766a646adde3bace385492ada,154625580
failed,push,7804a2022e53d5dc9e3bbfc88dc301a3550330aa,154622375
failed,push,4037430ef2c0a4e8d58b1e7b3c26b27482557689,154570553
failed,push,38645f64716c2a3e9807e88f457e9779424fd345,154565220
failed,pull,5fbc35208a9674d038fa7fe55f8e32e5d139df21,154349689
failed,push,13bc0ebfa665491c20054d045ed55790a6aee747,154349680
failed,pull,838395ddc4bb385b78067429f20abd51304b66ef,154342727
failed,push,1e4146c5a85febc9d4f2d40f4c22a0380fb42611,154341744
failed,push,38645f64716c2a3e9807e88f457e9779424fd345,154262050
failed,push,8ed3698aad5d8dd189d95d91f18288530578254a,154261316
failed,push,8b9cefe0d3f00bbca711142dc8d46e43cb5b696a,154212023
failed,push,442bc567fcfa2c180aac634b0630098ed3ca982d,154210438
failed,push,0fc7a1b9913aa1a9c4211e1053c7312f83c462dd,154192768
failed,push,e5321130e7dec0e00a721611e0f32e62441d9319,154015051
failed,push,f7bcff0d82ca956ad56a21f1f8b043e0bbfe81dc,154014584
failed,push,0d758f0797cf30b043d9ac25db79c5e35f89b751,154011508
failed,push,2c10c5482a4625b69878ba3822d7af086c43671a,154004367
failed,push,703558f5c58b754b18f04732ddc7defe15b76d03,153846981
failed,push,2ee8141b038da1df180ea2256a0aaf7363332280,153837335
failed,push,2ee8141b038da1df180ea2256a0aaf7363332280,153804525
failed,push,a3fc8bb86c04a9a0df25397f81d361a467b45df6,153786941
failed,pull,334ceef588552cb25b924c733cd6919104a54709,153726022
failed,push,3afd48b1a283c522ceb6882463f6baa5f81fe3c7,153722976
failed,push,0069bce5c60c62a4ee2cc4f63ea4d43599c278f1,153462552
errored,pull,a386b1c2f55a7c3e8112432198fa0bb5aadb8062,153459271
failed,pull,47903242ec9718c6446f36662e890335ebbb62fb,153454126
failed,push,cdb3b4b7a4774d45fbce8e2251c4e49166af8d93,153454124
failed,pull,ad5aaec8cc8ef5280c0323df88bbd196fb0d336f,153450037
failed,push,fc5efdb49a64e2bc5f6a53f82cad8d1e702709b5,153448944
failed,push,4527d1e1c207fdbef9abc5f9a5af18201fee6d15,153444688
failed,push,4527d1e1c207fdbef9abc5f9a5af18201fee6d15,153162889
failed,push,bea70389b9747b351b5af04333ded534d690cf46,153161788
failed,pull,3b2b2fa75c6c59214b9693b7a6be626f7dd41838,153160414
failed,push,98565d9d8dcf66d66a4881a16e8d87bd4e1916d8,153159919
failed,push,20ce765ddb69957f07fdd314aca3bd550372fb49,153154252
failed,push,71cce89947af269312156cc47ffcb0f90accf558,153103172
failed,push,2874e28eb81630c5064f2c93cae042019ee1e561,152856029
failed,push,0e948469517c6bba68774a75d3f10369189f1b0c,152855212
failed,push,2c19d3b1300a0484a77ea0d439043d9e368645ab,152853081
failed,push,556bb350863870ff892483fb5705e8552201497d,152824928
failed,push,ac8b563157834a290af6c01f8c4c98716bc10eaa,152567168
failed,push,5104c727e93bc6a40df690e655581736ce139783,152552903
failed,push,9b0549c3af10ad17a5fee1681c7d5802ec77db2f,152542500
failed,push,404680e05a0805810565224b7c65e8e6d3fba215,152459801
failed,push,bd3b93a94334a21f13bd2834340b46a5b38dd95d,152457768
failed,push,74af0d748680be3cf7375049e1864b225278a45c,152299271
failed,push,74af0d748680be3cf7375049e1864b225278a45c,152228406
failed,push,a8f39d6cdbf7bdfdcca276c3db1285592adea3a2,152226269
failed,push,3b6bce2782c1049b9afb44be727787c93b72c9d6,152221512
failed,push,39c488963c1873f57e54bc1c0eab8cba23b02718,152213354
failed,pull,f0b4644d77ce4059ebc988a9e6b863972c03c400,152077661
failed,push,e5b65b11afc4f96bca493b09b172604835371568,152077657
failed,pull,76ae3028272b000e2d0928f97a3032d2162f32b1,151991421
failed,push,48cb2f76ef60d78cf76075be187ae869bf5a4d0c,151991419
failed,pull,15fd30eb2bf9346042612e1f2355edcece222290,151949415
failed,push,66dc7a5a241b95371a2814ee67d4682c91e06d1d,151948634
failed,push,6f2ae18b04f9868d2b783354fcb225d4cd418326,151948405
failed,push,a52304e2a77cc8174c93f095a390fcd4ebe4c834,151943054
failed,push,a52304e2a77cc8174c93f095a390fcd4ebe4c834,151856231
failed,pull,45ebc9cc7d0df649a297fa4698c9585fe7e1998a,151855989
failed,push,2c68d7737c92d34cb4b99a772fbf54413ec9f827,151855559
failed,push,a7b7c6d84a7e48e70be161f6d86aa1370ee84931,151850488
failed,push,88082b6af6f48d1c204f45ca7484cd06198f8bc3,151714532
failed,push,7453f56c8a4cf15383dcba66a326a800da7004b9,151714201
failed,push,a7b7c6d84a7e48e70be161f6d86aa1370ee84931,151668898
failed,push,515d7c333d40d338f7f84028d9680c4e188347b3,151256543
failed,push,a7b7c6d84a7e48e70be161f6d86aa1370ee84931,151249531
failed,push,a7b7c6d84a7e48e70be161f6d86aa1370ee84931,151108977
failed,push,14569fae2a5122af730c90985adb3e1c171c02c7,150524409
failed,push,c2ff00562210a6633ee236f7e09b60d4a2f8e048,150523179
failed,pull,aae4d80a9ed897b34bd8b8632c28ff96caf4d088,150520042
failed,pull,395c92f1a6df67f3ad5259a9dae0f1ad933b4372,150518137
failed,pull,319833f16f666431e31a596f28208a420a9e99a7,150461630
failed,pull,e73ed44c3fb988e94d070920127d033cb87478cb,150319951
failed,pull,ed2fa1b31f9083a9fdde8200f410eb30a3f80f81,150316110
failed,pull,6a67b22165d021c40ba3ae861d94950b1a75619e,150315862
failed,pull,80837d441829d96327aa27cbf6f3fda1814193c1,150302958
failed,pull,3bccdaf0543df8c34fd8d9e9a59330b6259036e0,150292425
failed,push,9711f24b99d040c107d6f4042666fabd3821b661,150277745
failed,push,1cfa24f8771a6c2ab201e630f91aa4a007f9ac13,150146488
failed,pull,819b0199ab1d2366bc19b44a1a3090a1f314631a,148736104
failed,push,866e40f63003293c7a49d272aa78b01233134c57,148735872
failed,pull,921a7d627f6626102fde79fef406281fa2f83a4c,148691411
failed,pull,0c4a39bf8fcf6748b1fe22ef86b1ea8d2555e90d,148584304
failed,pull,feb974a7623eceba86ba68f78c0220df14164d04,148582600
failed,push,b75c1a255cfe17f9dcbf9c979132fa6012ecc582,148543819
failed,push,b367383c7984d510464bedb37a4b6c748f6e6a39,148533009
failed,push,d6a101216ec9798a119c0c16e101143921de0731,148471490
failed,push,a87f22160c946006d3847cc173f23c61b4048df9,148470517
failed,push,0f56e9a8e5b55f23d3263b913f5fd23fe40f3ea3,148466037
failed,push,c4f32d787b6f68f1e4b8d78c864a4672b4ca6078,148465796
failed,push,f9f3146e7dbc1bae47ea38b6b3917ba6e56d853a,148464593
failed,pull,bdd2d51d92afebec24f5bdb631943f3975d7864f,148113497
failed,pull,e3473b7c7bf1a04452404ca1260baf3af66d4a4b,148112504
failed,pull,cd3acd4a03a2630b4c34807c0d4a06a284253fe2,147926275
failed,pull,fc18d62d0a6d253d8a01ad1b6e5359ba3ea6dcf5,147925191
failed,push,c327d8348fd63521e20b771854082c132d159caf,147922417
errored,pull,4d76f1be45a050fa23b1d89ddb94b82b81dfeb29,147922413
failed,pull,346671135bda60adf763a6414e2f1c88a60e8c2b,147887964
failed,pull,1d21738aedfb805a872d2b3c9c91483b667b1095,147882163
failed,push,c4f32d787b6f68f1e4b8d78c864a4672b4ca6078,147837356
failed,push,8ee3289d57dd65c9632a45464ffeade493f401f0,147836857
failed,pull,128446c666973170160d436b6df0a8ce312f095a,147827664
failed,push,7e6d7cac0e941524862e9089c9f22adc05dc95ed,147808321
failed,pull,4c4def96ade66446e7bbc4f1561250c935c4f960,147788125
failed,pull,dc69cf9f8dcd774a04a5a3f1fb3490229648855d,147783828
failed,pull,554283e7b582a9c6998726aceb61585719207598,147780642
failed,pull,3311ed6a9ec424b8c317e7c84ee30e503c1c2818,147775412
failed,pull,c0855213f916f6315c1d011e41a7c93653c090a0,147774220
failed,pull,e2035a7e9c37bb14025b0ac26b60ba0429e8e524,147770874
failed,push,eca894395b52fca198d63e4d950a94e545557192,147725197
failed,pull,fd83c819b206bfe514f78410c3023ddda4d5144b,147651507
failed,push,64be59c319d62bd5ea08e7557d9e3277dddf5ea4,147056710
failed,push,9dd9f76b76c96c7f78a71a9124f85f09ad5a159c,146994162
failed,push,bd8a5e3df42ef0573ffb218f4d857d4664ec5670,146993916
failed,push,5dea81c70457283d4ab874e86fa84be7a148fbcf,145392666
failed,push,ddd747545be8f48716c90745fdee8866f3e05778,145391170
failed,pull,9db86b143488ee0ed5a3fa7fd2f83e8f35db3244,145390791
failed,push,96308315942aeff2e55477528f6bf1e1f87453e1,145390789
failed,pull,f6eca2a10e552c5c78fc62d02c8b1514d315c0a0,145390677
failed,push,e33ce8c94c91bd1d4b12ac29266cef7e05bd70cb,145390658
failed,pull,e641c4a451bbbcdf3dbea1fd9999a1b426bbdf21,145317837
failed,push,c11c77fd8c4294e2d432d9d661efcb88bf402941,145317831
failed,pull,0e8accc83232f1ab7f294b7b27ae719ecd1d7772,145317341
failed,push,3a3ea171709f96f2bf5a62e62a972e313dd0e042,145317333
failed,pull,d22ff0eb02677edc8f34ae3fb944bcf7e2077d74,145313792
failed,push,14f633a4bbae6b81441c2dbc90e7dee2e30880dd,145313790
failed,pull,4919a094aa0e1cbecc08d6e9ded7bdc46f04422b,145313470
failed,push,645f58d388de080c7531c8cc808827eeb5857391,145313466
failed,pull,950f3337fad85d013970c51e82a619821dbc41ce,145313215
failed,push,6bd986190f6ac4affcf9fd7ef8e271eeff0773b5,145313062
failed,push,b70c47745c2b32e8559c217ca3d04cbd55845bb4,145310225
failed,push,20eb81a3d9a133cd2c664668cdf0881cc1e169e2,145255317
failed,pull,40a623f88b976fafeb25f40307862ba1f184a810,144712209
failed,pull,dd78dfd28f366b6d0c4784b3e8f9eea32ec0c5be,144517792
failed,push,576ba4e76be8be1eb7cf2c666e8e124e6f82c467,144447563
failed,push,be5194e71d5d53a3589944ff600d7fd8cc726cdf,144387534
failed,push,613050fe62e9dfb08fd0bd21e68952604095d6cb,144383223
failed,pull,563a1233f661449d8db3f675e6a8954e1f257eb6,144380508
failed,push,87dc2fe2e0eb1e07ec54bb12192de6bff32259a8,144380504
failed,pull,04ce5edf8ac4e51471926f0de453cbf8594a4c3d,143959050
failed,push,4b1101ffc7aebb8cd1b6470fee053eedbff82d1d,143959047
failed,pull,3b3697f47cb4f20485a3dc91c6ee379abd7134b1,143955168
failed,push,70d5fd1d6593c1433e90496bf858a8c7d10557b8,143955164
failed,pull,a332e43490ff107f570277850e4832d8f07a3f7b,143808630
failed,push,ba68c7ca258d55a5a9866d07e983f2ea43cd6484,143808628
failed,pull,6d5719a0a1d332df1b979ea12d69c2c64cd2ea00,142608143
failed,push,24582f5a40893cf2906de63ea1f371ab5b046f7d,142607585
failed,push,42ecb9bab23297b549320b15f69907b09fd3b157,142595663
failed,pull,812b04920c5734e6968ab542a08fc64a2d62fa32,142570816
failed,pull,c10c57fc40c09a74fc227c94844f2b329db666fd,142562749
failed,pull,2ff7d2f048334af3ebbb544067b9a3be96193257,142560088
failed,push,e044c654984816732a7c99a49cbf2ea4a1887fca,142540432
failed,push,8c0e32d2fb4b8670a7947adc53762940e257bf5d,142517834
failed,pull,b5acb9f51a717aeebe42699aad3ba5238e9709f1,142497961
failed,pull,8e609d76898881aa7b45f15a70874988f972f255,142493694
failed,pull,5c2d9c9af19a1be89d22e233ea71a2cbb420bd86,142460391
failed,pull,fba085a085dbc7124b5eb321f35b2dfdc3460be6,142292970
failed,pull,1b27766f671228ddc3622d43c1b5adfe5ef2a32e,142230470
failed,pull,21d6e31ccb07972513b55d28a25eac92f61992f1,142227800
failed,push,4972be39a72279d781dead073d1e60c2e61f4b45,142116918
errored,push,ecdcabce0beda94f48e04ad4a07ea0755696761f,142109899
errored,push,6558c116d697ce3f4aa91c12b2512e0ffc20d883,142109139
errored,push,7ed99e1ce25f9f2bd24c3c81aa4fd64fa745a162,142109043
errored,push,f38ca6ed71a0e5b478c686fda3fc23a76df46029,142106868
errored,push,031e35e152156a7280aa105a508a31fb9103fe23,142106372
errored,push,dc22b42f9bb7df88e7ba4bc8edca37bbe54b129e,142106293
errored,push,7f948567c05f6d623b33409623181c198c3e8a25,142105748
failed,push,46fbb3733c237c62d1f098fa14d83e1aaeb46b51,142095825
failed,push,144c8189a16d698d6b0fe4a38de9f0689deaad5e,142095639
errored,push,ff881e6dee9e423992531c4b3b651f1544df78cf,142095355
errored,push,16e8ce7ef8b6e311054771512400d6655a4c4364,142095256
errored,pull,3689c18e681bbd05223594b2e22e6516c059b85c,142042864
errored,pull,38df19e1bb344b9582f18146307161f59f07203d,141936957
errored,pull,626adceba226212213926f71c28ad431ab472525,141936548
errored,pull,2b7acdeed8c11f8983a372e13382cd32a0ceb522,141761036
errored,pull,ade87261157e63e9e3aacdb527f9b02dda2b2ddb,141231479
errored,pull,94ba99891a71d1d634cf5ba1bcf99047fbed6b79,140950364
errored,pull,a19897083ebebe583bfa40865a75fae869ba0d6c,140866228
errored,pull,af115c8c16ca61bc6c5c9474cb64b52906212c97,140717779
errored,pull,b838f4e918e013ce106d5be7c284bfc0eb515f72,140695186
errored,pull,31a062ccf71deb9eb8ba6a2a7659b0b3312a056d,140686071
errored,pull,4bc5705f0d65d660c283ea7cce02db93a47bf8f3,139884120
errored,pull,64f19a19be8172c61b611c03a6965e7990de5a4a,139761937
errored,push,ff881e6dee9e423992531c4b3b651f1544df78cf,139638248
errored,push,37947fd8dc82a318064116e532c589628c56d8dc,139637366
errored,pull,83be469f9cd527f03556edf3774e8e137ef9df01,139613151
errored,pull,bd0e7f36b782e1a89b812c94b2f41daf909809ab,139563406
errored,push,1ac182893c5575648b0cc5a6c3adc502cc367936,139453639
errored,pull,35fcb2c47c80dd9777c88d6b6e8348299fdb62ed,139274086
errored,pull,7ef556814140677979d550d43ff3488c0368f87b,139272454
errored,push,ada5e7d3666f93e8d16b6b2d5b2aa2a435606d6d,139151610
errored,push,0207abbe419f5e630e8509111b7173fbbd6be260,139027951
errored,pull,89fa3887d538462032c4d8dbcf0cc480d948fa63,139019622
errored,pull,b6b985a3616d051b85342af3349a35c9d4ea91c8,138998194
errored,push,7da52f89c2d08fddd1cf702d6ee577d88926d476,138328200
errored,pull,8748ac2f72ce231d7c0de5df97e4d4abf60eef9a,137915515
errored,pull,22c4eda3d6ce1095280c4319afe5777813dec28c,137382091
errored,pull,d49ed657737ffa189b67aa37e8ef0ee10be0e4c6,137117333
errored,push,aba5a01d77a7dde49cee733cf2a2189ce745f44a,137117318
errored,pull,c5e3d97fda9467bded6d901f12e7b3968b348b0c,137108802
errored,push,37edf06d7419cc5a10aba2f084897e1a94c49a20,137107863
errored,pull,308f64c58faf2b4e73723f04e79e9d17b4928206,136979032
errored,pull,26af682f643ce526a1c43fe45ecc70f8cf41c802,136976272
errored,pull,a0638addf2e2fd43f4c4db426892350206bd04ce,136790107
errored,push,df9ab1c5b3cbd219b18e9409f8a7cf4371f4b9ef,136130201
errored,pull,75d59b1363898fc322f503d79a000637b47eb51c,135735540
errored,push,1f63fd62b74cdff9d219ea0e774936a11335d37e,135658619
errored,push,4056423077af9dea3e6f63a989311c90b9bab126,135656842
errored,push,c42cda3266e5382375826bea57973cc832ab0a5d,135656268
errored,push,3509c18ab2236e3fdbd41d26987b421d0b63617b,135652092
errored,push,7c692b3b6f8cb960d33ddd246afdb898c5bbc7c5,135650471
errored,push,beb042d54c25891a70cd220378bc6412ffb8f54d,135649766
errored,push,c45ed163dba6c47a72e6904c93ea77f88afc0352,135649575
errored,push,251616e815e5f0c50b5121d94b41c510fcc7265c,135640039
errored,push,38de459bc6ef1a5c6f3d964c3d589fd9a765b2b9,135628780
errored,push,47349b84ab2f3e8df60a48bf3456fcc2b6586938,135613959
errored,push,d7a1f301801082eee3806f031e538d53860a515d,135578031
errored,pull,048984975f227c4db070f980eec912ad141cfe06,135441345
errored,pull,d7fb89dd4f06ce90807be89eec267d044b609b2e,135412096
errored,pull,6f6986e03600494067871d5debb2f6b6c3fd4ddf,135358544
errored,push,d6c17c2e865417de0ea7b355de5f3ef511e23e02,135341947
errored,pull,4049d34aacbfadb5ac6d2cd5f80bfa95673a94f8,135323840
errored,push,fa5f8a0966c6ab2322187eb81b949fce2abdc296,135320239
errored,push,7d99696129f057d2f3ec7171e5f476d8d1fb67c2,135320208
errored,push,aa1273e24f04f7058c4614247574ad2a23b99fe5,135320185
errored,push,6b93290a46ec77960eea46cf00f15526d3ea91a7,135320165
errored,pull,391f451420969e539b3ff2688217a77206479b46,134595208
errored,pull,e0d626651f7f660448219468140a967114105f4f,134563743
errored,push,6cd7b71f289767ace3b6903729639cd3944c6d16,134550493
errored,push,45f93e44a01f32775f4429cfec7a799284ea118d,134546991
errored,pull,ee4ab8559c6aa51e30ad6ba7ff12d236c3f46fec,134316142
errored,pull,ec66a74f020e95ae5b63c9107b5fd6ce50127094,134043699
errored,pull,dcc2ff542334c0188f3f4febf6987891f95dcb6b,134033105
errored,pull,a8e7de1a2ebe9bd918616eea0ac5a5ec65af9165,134014837
errored,pull,22cdb552c625e907198d63bb1797b5e3508d276e,130579544
errored,pull,1097c50e81ce6da7adf86bc4a84f06bd93b97d4c,130417455
errored,pull,eb6eced412d1ae98d8f12e745d855e09592a9a7a,130416983
errored,pull,b1380a21b697a8c0f38685d810c3329e1eca7c14,128930850
errored,push,6bbf762af2a92ce0c5f1b2b54e30bc500166c5ae,126548764
errored,pull,b1f3e07ae52e96a1018f23ddea494a9a8c6d851f,125265002
errored,pull,110c608ea743fb2cdaa787375866037b3af261f5,125240416
errored,pull,75deeaee38fb8f18117556075003aeee7515ef38,124608560
errored,pull,bf10702950f431949a7f42f999aafcedd65a6968,124608505
errored,pull,4a75b53d60c0036c12fd494869e6605803de1d0a,124604643
errored,push,540ab67c04f9a3b3440375c04d3df78b4c904956,124447437
errored,pull,6da1cd411f81eb34b264f1efd55a69e9f90a6c49,123168475
errored,pull,aa6fcbb4b870146ed683cf798542e03c1cfa2d73,123160749
errored,pull,75deeaee38fb8f18117556075003aeee7515ef38,122833286
errored,pull,78619c0e6398349187eb5171756a2d212d42e547,121280084
errored,pull,2dff6b9cc0e5593fef93a2f6510b313ee99bd2b9,121037035
errored,pull,e0caf61f7ef4e68f592c310beaaa8b6eb5de28a4,120878153
errored,pull,4da149f5c9dfa51f7153835cfa90bad398bed0bb,120743524
errored,pull,364a2e94032cac50f5bcb05b494cac36d141b81c,120736276
errored,push,499c4f379d5e2b35bdf37b5ddfc347ac84799b7b,120659535
errored,push,4ddac92d60fab33fd1c7456917ce64036f00b173,120534544
errored,push,bb944a0f0f2ac86a1bd30e28d57554bccde403ea,120534232
errored,push,4c2d58248ba201a8d77445afe65f11230ffebb42,120533921
errored,push,4b66da37d354038c5ec0308ec07f0a4c88bb113c,120465568
errored,push,2a6fb810b409b9f407cea6a4ba4de8ecdf346be5,120463469
errored,pull,03ac6056f39adbafc44061e515953d422759c1c3,120462604
errored,pull,3718ec48b4643f780f668bfc5dbbc9b5956b73db,120457094
errored,push,85e98f311f766f18debf17c0ab649b964b60518e,120447526
errored,push,6fe84f95ad5ee4ddc23c5d7cc9764d5916fa73f5,120445130
errored,push,17e80e016f1852dec86d24f5eb15ff92729f3a98,120442866
errored,push,832f3d0064c12b028372e7935c6333d228a1f220,120432627
errored,push,804e779246a2830046fea79c8061e7b5d67abcee,120370552
errored,push,7340f83a52e02d7faaf0d6a76275a57dca9d1df0,120370537
errored,push,e078959b2803ffa2330bd1a57df4b07e3d8cd085,120370535
errored,push,a58ba1f6583c19ddfd3157d4b610a15c654b2d00,120266658
errored,pull,387e7d26b384c378e11a679fd91e99adfc2ab072,120253812
errored,pull,46a6669a5edad128a70950ff7808a2bf4d6d6c75,119087671
errored,pull,c2479a4dd9c77f78973c702aee1f4bd886fd2b34,119070848
errored,pull,dece8f3e72ab4fbc56d32614ae5482cdf4edeae6,119061451
errored,push,d087be6192ef3d35df3d3b70d8d4e836428dad01,118910848
errored,pull,447b67349180b417d96e8a201900b054cc1cfb36,118910095
errored,pull,f9b12c654c6082fa48b8228a8264e89a36fe6615,118899042
errored,pull,e80fb07c41cb131744324e84b39722688016b894,118888440
errored,pull,43ea201464c955837997561bcc2e6c4616b41643,118887983
errored,pull,8e212c9df78168a16ffc0da45d3d14eba2c29ac0,118859931
errored,pull,e94b40ac8276f37cef6a33af4118aa993976bdfb,118783397
errored,pull,edceaf0f39ac315297e341b8a59b1161d80bbae3,118777141
errored,pull,d39ca696421019dc03e00d7cdde4e5865b3edfc9,118763514
errored,push,f84d3f08644f2fd43d2828468855bedd87ac9060,118752301
errored,pull,5c49e517da771321c7a29ba2e0d8dd644f990ee2,118749719
errored,push,857d7b99700912dbf9148671ddafe7fab33f8eb2,118725168
errored,push,cbfdc9de5f3fba8a877e7920afad07f084c88a11,118725090
errored,push,175682f375e69a278aec252e85e447b20c17308d,118725023
errored,push,4b2a23c1cf04b154bacb85118d7e3c92c9309df3,118718252
errored,pull,5d3336eff231e06f9b60b085ac9bc79d09152620,118612360
errored,push,bac74b72bc1cfc9661d2afa79d5a69b12e9d2887,118580138
errored,pull,af5a87f62244f0bb4a6541c0597308eaa0d5bccd,118571596
errored,pull,45929ebd2fd4b27c072c543211ffed57f1eb3d81,118565557
errored,push,ce89cca60ee2cd19e69a82da97bd79527297af1b,118504800
errored,pull,137fc170d5fbdeed23bc7c11cfa98f3038d4d9bd,118490775
errored,push,b4cccef350227fa7d334b823423c9c72520b8907,118461569
errored,pull,1c3330f95db7430ceb7ca6e973e803b0f65a9ced,118436955
errored,pull,66447030bc1713caa99d3af54b13b38df9f28f8e,118436502
errored,pull,9cfa0e86bbc42cd243e4d1b987ab04880b1da5e1,118433188
errored,pull,67445f0ef655a4b2b9633feb508cd41dd3dabe74,118382299
errored,pull,67445f0ef655a4b2b9633feb508cd41dd3dabe74,118373056
errored,pull,aaa102c4631f3c97f1215679a432e85c890e105d,118354751
errored,pull,8f99d7bafe020cdac599ca5acc7c6908d6208068,118316059
errored,push,c1efe2f0c5ea4a3a8537744f575d22964ec403a1,118316032
errored,pull,ac4af46c9fcee862e0faed801d387fe901bbeeda,118133393
errored,pull,d85a52f4c40b8b76de93f54d720edc80a6b5f582,117950597
errored,push,777f44f29c5847aa083c80f5fd5804da24547052,117950465
errored,pull,1588b445be379ec772a46519413c7f04dc4d5723,117643568
errored,pull,4f950fcec53b39ce67d5751454da37cad282f36b,117643381
errored,pull,df4879a4e64da1104de25c1b0324b7a159673928,117347918
errored,pull,d61fa0243e946f327dd0b20d516fc72a74523869,117217771
errored,pull,2d51bb71544010d9ffc89a03cd4b8853f10fc3ed,117217448
errored,pull,ac1927c8ec5b8e1c29d0e972876f402fa41630bc,116774745
errored,pull,8a5da92083e51911e8c513b7ce1ebc7e54133071,116252026
errored,push,49efca1b67212a7708dd0d4b503bf2a5db2195e1,116251759
errored,push,611e2b2ceee1799903016bbb42f9717cfabee8cd,115874797
errored,push,f7bbaae285ee6ae8483337df82b0f2dc2b1f2f4a,115869921
errored,push,4ef0c05915e198cbb3c72506f072dd8eed568b1f,115866216
errored,pull,6d7079c8869a2dab27076f580580178f1937d4ff,115763436
errored,pull,6d7079c8869a2dab27076f580580178f1937d4ff,115752871
errored,pull,57d93f86e017ee8f587261a341437f157bb4d874,115745194
errored,pull,047d099f1e8e73f2894036ddf3709098d50fa874,115734406
errored,pull,c9fc42e07cc53bf79fe22698a37e6d4ddbaad0ad,115708015
errored,pull,998861786ee158bc45dea7125ec9d62a691c4d2f,115618822
errored,pull,8ead3d3c28784680da27e3cabdab13644607266d,115583428
errored,pull,9714be39eed6a219627ca2cef87f5c9fd99ad709,115566714
errored,push,2e1edc2b2a5ecfcbe439dec93d0ef2fca5210953,115546463
errored,push,8e8a724675808c317fb36a8adb70d8c73f3bd208,115545607
errored,pull,afcbd2b53d845c8bf7c9ba23bccef5f9fe7fce25,115455709
errored,push,b3ebc6f4b061f1a9e7f5704b19d96c7344a292d6,115094306
errored,push,e33a1ae75236c5a879f0529cdfb1cf4231ef630a,115092711
errored,push,17e9247837ebdd543ac55be3fc7f1b6893b16339,115090240
errored,push,9a11c8e42eb5a37afce83e447099a724690a4132,115089868
errored,push,febc28af9894a93d44af1b2215eb817d9d08eee5,115087099
errored,pull,f61724ba0aa8e61832f43b847bbeb9325355450e,115074923
errored,push,2139755c481e4a6154a73215830710803a459bdf,114753895
errored,pull,7e75b2a7ff8400d7eba6b3f26436ed6a93ee568d,114673237
errored,push,c8489172ed670cfec8f852c7ad366ad26ee3350c,114266913
errored,push,fa71a5f77e98536146df81694b12e08c63a3ff98,114266624
errored,push,d59f60fcd504609a24e6997b42d390b439c75eca,114244620
errored,push,70d004d5ec190761cb034aa7c7ab5ba821f28f26,114243447
errored,pull,bc5ebb0b76f6b80aee701767bc002f2c32966320,114223199
errored,pull,cde702f301d4476843d20e44d99be5c9a2068c97,114146179
errored,pull,a3ecbe8c0f2063c08ff8ac9265606118657a5fb5,114144251
errored,pull,6283aee267c91b3f00071bce230875c417750042,114129136
errored,push,d74685904431e2e40d9e560a84194739c8c167dc,114084221
errored,push,42f902a53dcfea114f8ecadcf1d1630c205d1975,114082832
errored,push,7ae011d9166e76de5a482a46e8cebf02c37bf6ee,114057423
errored,pull,6cf36670e36c6d2071e91410d9a69e5647de07e2,113992357
errored,push,fa55d70e0121d207e887c203ccdf5f69be8f9fe7,113987942
errored,push,c4d4bb9a08d568f95f91809bf90493722707dd17,113981067
errored,push,854a354de9fa3fcf7ddfcf74b9bc444cd2d750f6,113980791
errored,push,d8a00ed58f72a3c43e9b96b09568a6033c620c68,113961185
errored,push,832c46a8842c832a590c3a4afd38a36d09dd6824,113960573
errored,push,0261126f4169b8a634fd4795434a28b8c65737fb,113912812
errored,push,c85cc4ff49e9071e8c8804733b3280c93055ff8c,113911707
errored,push,b266c65362351bbcf56907e9b30d3ef344348346,113910992
errored,pull,4d58e6554ffa203f7d095bb9c5a2652f2b0afcad,113853840
errored,push,d8a1925f57622bdba0c7dbb8afd82efd80f7fd37,113847963
errored,push,879f05cfca645d5d5955739489bd70962232be23,113846320
errored,push,a840ae68b3d8e58db13fa2b04a3a141d22b6d14e,113845937
errored,push,c29165565fb53e649a5bb673fb8805ed5a12cf94,113845636
passed,push,abce03de022042f481dd38d2da2693763afc9ff2,113566015
passed,push,927b7d47225b89a6651eeb50ea10f5c6240f6a91,113556335
passed,push,0f27924a97cc1e81beda865f6173ddddd9c4087c,113437484
passed,push,e0e0bd74618dc458261e565a162c10329904ce04,113423791
passed,push,0a36e3e8027ab9a9822448eefd2d6e71730e5204,113420085
errored,pull,510749ab3912e7cbae5e421e959409b441395c15,113324369
errored,pull,510749ab3912e7cbae5e421e959409b441395c15,113312265
passed,push,806c5d194295e9dd6d2c28bbc17c6697f8377fa7,113274060
passed,push,806c5d194295e9dd6d2c28bbc17c6697f8377fa7,113273853
errored,pull,56071527aa19e5b3904d3cc1536425d561f875bd,113273836
passed,push,aafa1f9262cdcea6a3e7161ffd6979a6f743d059,113273777
passed,push,2ffd210c6beaa3de7dfc351e26170716de24b612,113134352
passed,push,ee1dc21b6c5627bfc3e9baaab06269ad4a49bad5,112982136
passed,push,5e73723d8b9a665eb379d67be839f290202f170e,112940707
passed,push,39bb6cd7c65419db43cd8141f6813e31c6be0d10,112898375
passed,push,a561e39184a95e3eec1acfe24a5f8d99dbdd893b,112897300
failed,push,694581b3f8b19f25a6bb5fbcd078d856a327c057,112811952
failed,push,fc924b57a7f9eb202aacc69b33d3ec4a6824e848,112809599
failed,push,84572b0138320fdeb4e678bae6a1366005ca934d,112806208
failed,push,1d80aeaec30c95fa710b9075265833a728732963,112800654
failed,push,d95789c293daf704f28c73ddf62aabeca66b5aa5,112799799
errored,push,378a4b196ed9c50d95deb881077d363221bcd8fc,112797347
errored,push,bb1c5e54827c1f43b4c710c4e04139c46480e635,112796063
passed,push,aafa1f9262cdcea6a3e7161ffd6979a6f743d059,112784970
passed,push,98d1fc75049e8a77139c59b2d1e5376b3e9fb110,112695038
passed,push,f806172b9f0929e9c8b63072bd23683c88d92b9d,112693193
passed,push,fdc42712f7c4dbbd027a7e8526328e6fcc6effd4,112644274
passed,push,fc57be743e237dd4638a5724640ec422c1ea9024,112558434
passed,pull,b7a1f1e5b7c97a38808aa89881255d39121cf5ff,112553447
passed,push,89010557dac2926d670b09b700b27f424ad7baae,112487558
passed,pull,538ccfd7b39ce29f775896088e13f22d5496c2f3,112433469
failed,pull,afb14a8d58a8200ed251137f327078fac5f70530,112432250
passed,pull,c39316ae59fe9ce6d77b499e84896a89911a90c4,112427351
passed,push,8bea10846d2c5692c56412a0452bf4efd62767aa,112418653
errored,push,2441ea03028ab10429636d79386e181983bcfe3c,112376603
errored,push,51f767b185b31ea154d0f15c2b446eab10b31f7e,112369323
passed,push,522fb36876164ff6843833f430fc949a20d77909,112272037
passed,push,a4a6708da481f2dbace8aa8fb7f0d005ab46d41a,112271646
passed,push,9f67dbe081ce50a5e655c181bd861ece43753607,112271068
passed,push,974911da299d7a3a618881dcd04b347ee623d93c,112261317
passed,push,ed82602a37e17cc8c523e1c9c8d91f4954c2454f,112259487
passed,push,f63faeace23f8b06bc0e43dcbbf010d42e900678,112259272
passed,pull,b14c24e986cad6af64fae43589b97bf90fbd7354,112072292
passed,push,3ed3afac77b6f01100de8702b63ffaf42134d961,112064103
passed,pull,25ce8396adace6ed906ca16c705baf770ed2dd54,112051820
passed,push,215825f82e503e96284833e18b07cdcfdcfd5293,112051818
passed,push,5bc0ef9b2af8fdb3fe28c203888d9914831a5f6d,112049734
passed,pull,96ec86d0f45bb87641c18e0dc4fece474ad12da6,112043731
passed,push,1894518796a51c7b8971adcfb2b54e89421d4fe7,112043725
failed,pull,ab9ff4d35052dcf43078e34ad28f1805e200c13a,112033532
failed,push,c1c6ebe8c6e8a6b99ed12a10df80f5fcccc32649,112033528
passed,push,24601cd4515d6df91044d7eb4c34f74cebfeed17,112027618
failed,pull,d4f3010ce8e21beeae921665ec3a6473482bf8d1,112026223
failed,push,915faacd00d64504213f7e56fe60ffe131aafb5d,112025713
errored,push,7b9296bec39a55438166692a2ece07d90bdaa66c,111866763
errored,push,b330fa1238e7f0bd52550c7d2d66563c49876ab8,111865376
passed,pull,f40b23124c0f218b84315d5f99a51ec3695f8559,111576766
passed,push,f70814da0125f00e4452b051f5471cf776b409bd,111553036
failed,pull,e8839ea6301711130029f1e9564285c5055e2fe8,111523876
passed,push,33885018a36f7960a558d2dc1e4317c2f1359868,111513226
failed,push,84188169eeff495dc85397c68255a200091ea961,111507710
passed,pull,27b1bdb53347b5178ea6c7521479d5af5f85e9d9,111488860
passed,push,922efebfa891d824b794027ced25670b16675e36,111488853
passed,pull,332f443468ad07a21b628ca922bd0b5842f23400,111487380
passed,push,22f1f6487e1f340b5a99008a864db602de5a8d26,111487070
errored,push,22b5ba20a5b9fc7e5764289aba3f6c2df03bec49,111253375
errored,push,22b5ba20a5b9fc7e5764289aba3f6c2df03bec49,111253216
failed,push,ae93a9732abee4e54f57c8710be0782d4b33bcbb,111253214
passed,push,5d2d9a878fae04527ac727c6c1216d6c7f4abc8a,111253206
passed,push,91f7e8e2ed517fb34750fb0002fbc81f275d4dcb,111253196
errored,push,944e61189cc8daa46876d7d8cc6cea15fb40b667,111253165
passed,push,e7adec5b8763fc5bd4cc051b79a2f0ee1b7d0ac8,111253150
passed,push,944e61189cc8daa46876d7d8cc6cea15fb40b667,111248827
passed,push,edbace20ce20a401940e5f8ba89c0fb30d09b9f8,111235833
passed,push,f5a19d58a9cd5fdd781786ed635c8b167f9f194f,111225305
passed,push,e8bd7baeb44900ee0e4e08c9766b56f3eb713408,111204815
passed,push,1e6b553120779666f34b3c800f7d2e847e17f742,110951834
failed,push,69975a4be059bed8c2c531177eb84f8eaec50526,110951023
passed,push,285b81a349a68e8282d240771e35822d6f1a516f,110809981
passed,push,cc7916313df0ee61dfeb618a9cfa99d3870e1a01,110781505
failed,pull,be7adef1dda28ffb59377e907408827ce27daec5,110763580
failed,pull,2283b01cc366813eaa47472546fe213f1515b153,110757424
passed,push,14fda6605a23ce444504069acdb140c9938701a7,110613254
passed,push,ac3be4ec1b6f58ddf019aa75f6f555146a611d13,110610881
passed,pull,66da7bd96b73a55b8cc862ddb9cbf3e988729ea5,110598500
passed,pull,ea6986f2185c33f68f581feaea23f6e99525a860,110595351
passed,push,0a814a1a99c51042152c83e64ba183922ad71619,110591840
passed,push,20bd86f1fbac0077f87ecf6ab08d725c1486b3d7,110587815
passed,pull,20cf52e62de7abb870873115aa8dd2017eda2bc2,110573333
passed,pull,72cb8b8d8ce86894d8afff5d910be40d2061a238,110572949
failed,pull,78882ccf7c447d0d2b0f30c4f714c06fab2046a0,110570926
passed,push,9e5b0472c45e99def6ca7d9d3f8f0d4fbd8ead74,110496148
passed,push,e333dddf4b308a70431016b3baca887e64c40c5f,110479887
failed,pull,31cf173f441473e8bed6f6040171c251d3058923,110448413
failed,pull,d3935598c71b1b2c68cb31fd7c573ac69fc2ae2e,110435691
failed,pull,e18df5c5422f2e1a5f621c85032365eae5bc076c,110433823
failed,push,41583b67a4bd43a9c0b21cd96a8fc219ea0ba1ff,110432847
failed,push,4a68c25924fe41203b7886de1b719b0115cd08d2,110431242
failed,push,b5d723ea4565d2b1d275d88968e91ef195e8cb21,110430539
passed,pull,781b058955ae05b573c7f0b6c4b83697b824c612,110427298
passed,push,8f88bada57a7987dfb6a302b735afdb00c0aca75,110398484
passed,push,535d7b1b39c53ac8509ca4d4290322af5f85ca2e,110392476
passed,push,cf661cb31551295fb7376f6e97ef90b3298c804f,110217811
passed,pull,0bc2a81a9736c434f91e3e326b5a53a35750d7b7,110211086
passed,push,e5c2a654d6662790d215be59a30ba75e629bdcd5,110210588
passed,pull,1c56e9a743e4d7680c41869ed82aea7f9be18fa3,110196166
passed,push,7aac948f4faa7fa9509f7112747d2d791f2f9d35,110192439
passed,push,bd074865d2f9826982fe3b44644f45aebe3a863d,110192263
passed,pull,c152fdf2c6d9bdb325f82563407752b1ed1e5ccc,110161126
passed,pull,160c6136dee2f6ed54dfc12fdee3575d60ca9acc,110158032
passed,pull,ab145d3e54ecc803181361c86e8304098c56efa4,109965053
failed,pull,ee7924cfb6ba67aacf9e818150b2c66942a1f33c,109964264
passed,push,08f81ed09ca50475de531d8d380b25a033bc17ad,109944389
passed,pull,18928c1415f79103817d578f624928eb3f1d2258,109936274
passed,pull,6c5a8cee28961ca0a2da73cb915576d404edd09b,109847038
passed,push,a07eec198c578bed502a5e760c290f77e3fb26bb,109847036
passed,pull,c2cfa10730d5723ed0d393ad3c198218e483ecbc,109843833
passed,push,88b169727d4de747d715caa8506ae0e7b1a34205,109843831
passed,pull,d7522c73f064a2754afd4c5fdcd41f374cc0f750,109644864
passed,pull,ee8dc23529636aba96776311a479401d87d26c22,109640097
passed,pull,bf822c15792a192ae36bd421c3929f58c903cd93,109635083
passed,push,1f3a2dc2fa179ab01622c4d4d7b71546673513eb,109460766
passed,push,24d62b8baddc21b2f4e856512ec07978584d8452,109457294
passed,pull,c9733ed52c4da2eab40663edbf8858bd8e3e4807,109453679
passed,push,3c7cc379ffce01a34e324091b9565b4855de30a7,109440666
passed,push,9f3dc17ae83845917bb5106b52fee775ce220200,109438121
passed,pull,6f03885a7a50ac348fb6467006df0102e0fec951,109222152
passed,pull,0d986c99b6a1cd719fb5154a7eeb610e7020b29a,109214896
passed,pull,894766f14b4ebfb6ee1ec242b8e5c009bf1c7a4a,109211259
passed,push,95acfbc963693fef65996b1f1fdf790d852e11c1,109175726
passed,push,2fc2b057df967419dbddf0d3d9ee5ab49ea76cf7,109162479
passed,push,82dfbb66696daa63049670ec01a7d26e171732f1,109083912
passed,pull,b1ad018a1896b7c054e1523051b2fec35dc82ea7,109064817
passed,pull,aadfd17d1ae7403799fedeeba63f326fd0ab25a6,109063433
passed,push,63c6006fdc2be8cc8704064e51c57dcda50f8d2a,109056985
passed,pull,8ac2ce822eba2c62b9a04ff83eab9aa02bee2173,109044345
failed,pull,01d5e9b756a86cd92622f520ece6e40c3a31927c,109043690
passed,pull,e019a5fc8782571c346e8e154f169bdbd5446e32,109028891
passed,pull,aadfd17d1ae7403799fedeeba63f326fd0ab25a6,109020095
passed,pull,b8e2d5e7e064413c5a8bc6d41cf7e50b1e807d22,109009097
passed,push,02224037324156ea3dfcbb76f778b96ce60f84a5,109008844
passed,pull,da8c9e8ac36eb13d74caf95e1e454c086c63d00b,109007159
passed,pull,6ddc8e63a91762f8c578b26d8bdfc3ec458f6ec1,108877654
passed,pull,0be9220b9e31a4275775c916da24f36370cf1e0d,108876612
passed,push,f88642384338a1b00876dec8bb90cdcd6f4777db,108687087
passed,push,5a8b2562f742bc738fd14b09c83756e964e7a3bf,108681765
passed,push,9a3fe53f6a8c2702ae63215b78b0ac58b5dc30be,108678829
passed,push,c42b204e4c4e17fde833837acc5a5d7a1ee0c7e5,108660294
passed,push,ab8b667af81b7e952d705d0399fd6b6b3ae2218d,108607130
passed,push,930a3c8156ad7e200fee959d5ceb9dc5fc1e2e53,108599279
passed,push,23ae3c2f5bca38265b3045767a8b85b5f3c0f372,108598795
passed,push,e0646d22080f8a0293a80a8efc67ce762a612b0f,108574472
passed,push,05caa512b992e62314b46a66f2d9c87e0d697d89,108551296
passed,push,710d891b8f2a487c752f43d4616ca2057b00d30c,108543024
passed,push,13df8e5553b00b71e8bd24c6b09a335433c6006b,108541967
passed,push,1b0b37d37b58ec003e40b5e0bfc3fb40690d4d1f,108540854
passed,pull,c5cd716e9293ca5b38a3e5568a7d603a439db123,108540491
passed,push,eb96cedb8a1d0786c98baff8e7acee055c4904fb,108528753
passed,push,ea57026563615b452f06d846fb614738bc168453,108528467
passed,pull,513225da6f9329c7411292131676725d89185989,108528465
passed,push,e115d6b69ffa5501ba5270c395cd6c7a22408f63,108527534
passed,pull,21b25b1106c0db73e15307ce9f7af768d176e2eb,108456736
passed,push,92a7af55c4f8d732e3cae26dec40b8a0a7d98477,108456734
passed,pull,257ec91e122332ea763818f9d9973c60af6bf25b,108454181
passed,pull,4f724d6e6ea427f2c604a692bd2859ad71a888a4,108344450
passed,pull,e1f095a04c86a9d869481c38272d4a4cade3f44f,108342388
passed,pull,ad016d4a468b0a46eca9d1671ca7556fab0f6ef8,108219916
passed,push,4edcd2a837db0917549e80af270c1a7d2e78ca4b,108219864
passed,push,302553538ddaf4b871b6d1f16008e02e740857f9,108183019
passed,pull,34076415957e06ca8f7d8361e647ba82da65bcb2,108183017
passed,push,613e3950371a7d7434d5073b578c7374ea1447a8,108182942
passed,push,4b76150d3d32e38dd377cf7eeb7ddbe5dd5dd029,108182202
passed,pull,7b7eb67ac07f2e5a9c796f2802766444fa0ac679,108124153
passed,pull,2c4b6739d41f41ae9ce882cb813a21d76ef76e0e,107994657
passed,push,2c4c6d5ff7ca0539d8295681c44aed5a253a4ebb,107918220
failed,pull,aec3e4532e10472f9bfb30eedf138e1373d96876,107825249
passed,push,22b5ba20a5b9fc7e5764289aba3f6c2df03bec49,107536512
passed,push,17b85de49ab81f875f03ba0974112db07cc9b00c,107527369
passed,push,c5cd16c3d171cdb34fc5f63e819bfeaf28072238,107519051
failed,push,55b9c66a9d7b7a589d3a52b5316a3cd0fa815395,107518231
failed,pull,a42c1f73b62e079e56e79ba4a34ecf6fb84d76a0,107516633
failed,pull,44dd05b17c4733d4f01d8941257b901d3cf3e6b0,107511687
failed,pull,d83e0e4b8c1e18611bea554a76ae7e93c5dfa340,107506724
passed,push,c52d7197e59ebcffb26c3cb6330c7145236e78cc,107269543
passed,push,c30e92e7e9aa62e462c81f48a132c0bba7701823,107267967
passed,push,4188751706f7199bf441d53fa1b28e10717822db,107262964
failed,pull,af07b4275890655b2fb255252b65b07861c15f4d,105976854
passed,push,e4a565953269761e483ddd0714ced8414d3f399a,105560008
passed,push,2bfc5634bf339c733c946de221650f9ddea4d9a9,105554696
passed,push,c6b09b75a59c7c56ef4873101bd5b003a9949d39,105523954
passed,push,c23d62fed6e3a672c3a972d34ea8bf2670c55e18,105088031
passed,push,354c40446d2dc167af72954636c05012183df032,105040453
passed,push,d31a3b92beb50266b79c521c19047a9fa9cb9168,104866311
passed,push,6601f03386b3f63da8176a0557989c879fa2ff03,104736482
passed,push,a16c646e6c51e5e2dcbf486c32377078a70aa549,104735008
passed,push,da6a47b74c12532b94f1b4352498abe73f38e670,104725351
passed,pull,4457b5cabf2c792d9240bce9758ae834990c0ce6,104711505
passed,pull,b3de6c3ca6566eeca08ed57f280b68c85e5b2724,104708442
passed,push,5d568e6b7141792bdf470c9c4a1e7e9e9cac1072,104699781
passed,pull,dd355939ae59cc13a527bee96965bab5fbedd07c,104682949
failed,pull,31aba2c12e76b9a8d2944b42e83fcea8ab533352,104678439
passed,push,1e08ba35f9a7baa24ed8be61db3a3b3535d373b7,104661366
failed,push,6cd1bbc68fe46e1a8fceea2a8fc82eca01ec0ab4,104660625
passed,push,f66381e8b731ba771617b18a207f94809620c754,104658975
passed,pull,6b86226337af537812dfc86e7a5be4bc949c2760,104652178
passed,pull,4955d47ea59c676abb8a7ecdf31d86129144e861,104535665
passed,pull,fac46b77b002c6b41cedb5cd5ee059700156dee8,104531725
passed,pull,08ba53f6aa629c9afe6adb8245649fbad7a79973,104527359
failed,pull,5bc0c870d297c2c3f669ebcecbcda09451157f22,104527307
failed,pull,81f244634b924b37f0d2c7fc9347790184e74e87,104527088
failed,pull,6357225227a96dc100864fd03bfa50b7684ed7ec,104526564
passed,pull,475952ee96fb9bd1e4763b1a0b77f31dae73fa93,104524029
passed,pull,475952ee96fb9bd1e4763b1a0b77f31dae73fa93,104518320
passed,push,7d15739a61bcc8753f5fa1ce3d6f8944171477d4,104518259
passed,push,f317b476cf6d4b8cbf3a1bffac0ce136d2a8f346,104516867
passed,push,e326e50342560543fbbd5c42ebd03d9b19e54daa,104516595
passed,push,00431238e5865aef7edf6b7c6a10bd1e0fc0accd,104515442
passed,push,e5c80b1512ec3f608f761481a5b2644302842a3f,104514857
passed,push,ffe3e259d1460d2a3b03eee352f7ca0a016ac8ca,104514509
passed,push,147ce1e20230b5092e20f8ae68f2cff53e9b091b,104514242
passed,push,00950db3cf9c9f38541b28b17c26266a66dc0c37,104514058
passed,push,4c08b4745fd8c0880fd5daed70dc3a745758a6b1,104513110
passed,pull,86a8d0e74cf7e1468fcd4c3e674a4ec5d4b6a554,104500734
passed,push,291839fcc989ac49a5fec90b391ff3cecdaeac7d,104494357
passed,pull,09ef76dc8a2854dabfc586250604865fc2c1b2d2,104489857
passed,push,ad555a2a38e5795ea428c258198f9fc627897812,104485314
passed,pull,5b443b310bfeccb0da6bd024722b33cdacb1f337,104485034
passed,pull,115694dd6e6f96a45e6b9a9e8ff7f567089b1180,104477403
passed,pull,4fd1edc35854ee1c9ca2e835078b8d765af80596,104477039
passed,push,94e08c6117c0d4319ae874b5faa42f18eb845a07,104448992
passed,push,6a000edca8aaa1425377c08921885c5b69ed2dd7,104447008
passed,push,c55d3b88e4151f2bda144608b3646e04f2ef0b00,104434177
passed,push,3a3793967c672a2b2f69b6f0a3aa0a9339299d16,104434096
passed,pull,cb64f5fb6033c7a4a85c82cb56221b736892210c,104423312
passed,pull,e3d969f4faeb21d30aaad547b7ea9b7e183974c2,104422601
passed,pull,f3ee1352d8f334c27807f0a4502aba0a861b22b3,104372848
passed,push,13f903fa2438f4f91c9549dfac678417f66be6a3,104352964
passed,push,b22a8919cbb0b0628dea14af588fb56d2a1adc66,104350534
passed,push,c937769c84f2a1273243e777894aad28177db3c4,104338870
passed,pull,37f395edff66f71661f9a494e4d8e23edf4e1d38,104324537
passed,push,db9f520e4c6112e3e32bff73b24880df11d1191c,104321311
passed,push,3e62055dca9bea6ca9fec45b6a6b30803672204c,104315968
failed,pull,31158951e1ffe599b4af9f60dde16c58b6681818,104225292
passed,pull,4e99814d02c299b4429fa863c4d09d9565c0da88,104209055
passed,pull,c97c432c252e85ca7318644ac5810afc80dcb92d,104148855
passed,pull,8688a4e9b7e6864643ecd45c68d901a0f0c8a2c0,104143765
passed,pull,7536cee4976ec4e240680a4d71fb78c2cf5072f8,104085482
passed,push,9f0dc031fdec17cadf3c24ab6c646f43a0898cad,104081591
passed,pull,bc6b44c72c0a5ade70a49a4e01ecd77eb03df428,104079496
passed,pull,a45dd6971e03739742350468b6a4735e0506c737,104078926
passed,push,4f523dddcc7c9596d282b808297802312ad9e599,104078470
passed,pull,64bfe0037bb2963cec1e50f966eb70b3af492668,104076873
passed,push,e5552a21af4146d3addf615892d070ac104ed400,104072746
passed,pull,0ecdb19d5796a22b0850a738d59d9b5415b689d1,104064184
passed,pull,bbb850702e0507e32528b37b004268af964e7728,104061829
passed,pull,f92f276a68359ffdfa3df2ca56808f1ad483d6e0,103867106
passed,pull,f0be3acee5d3c4b314f66b42443371e7bf21f399,103864344
passed,push,74c579bbf2f8ee9d5709f6ad0f27a7c81061e984,103815701
passed,push,74c579bbf2f8ee9d5709f6ad0f27a7c81061e984,103814287
passed,pull,d10c36b0d87955376bdda3b894dbfc66e4b952be,103641082
passed,push,74c579bbf2f8ee9d5709f6ad0f27a7c81061e984,103606677
passed,pull,813f062ad211ca654bb92673744cad0cf7e9ee64,103593644
passed,pull,9965de8445c045816b52f7940b512538d98df8f5,103590870
passed,pull,83ecfbba8da10adfd0332e86e6ce22c99032fd95,103584206
failed,pull,6b9f0dc7b845e8f60756c96d0cb709f9b254122e,103583928
passed,push,5fbf29c3de748812203984f98a05eb9eacfd0fcb,103541166
passed,push,1ae0a79364dc82675f52c81b65ba610eb71e08a3,103540348
passed,push,26f3049352347b6ce7cdc74d0cb78f4de498b7f0,103539359
passed,pull,fc5be75241fad90e596fe67c8a26c4dd2265d275,103538847
passed,push,f95fd32b34388bbe789db2ce82edba6278286d35,103538845
passed,pull,27c0c065e693df0c44004418dfb822a2e9188d45,103538582
passed,push,c9921cd9bf14648e48a7cf5cbe1ad1e614733a39,103538580
passed,pull,6ed23a922ef57eb12818837a25749603955ca34f,103522855
passed,pull,d0fc94a4eebae0675c54e5b43e6f61d3e00c6f0a,103502935
passed,pull,ca06cc9a4da4864980e4ff10f9da382ee8ab0597,103485843
failed,pull,4d277498aa53763d02c38c76532ec85b3312af6a,103485492
passed,pull,7f173db7e973d48059f94a31ec43103ec488676e,103372522
passed,push,d3166e1c4e89b64fa78c06928c9895e742c81e97,103362332
passed,pull,54a47b0a55be4e86727a2901b04ea23610b1e6f4,103361521
passed,pull,a6ce39496eac1fcf4f1bc47c12b4663a5a3cf0f8,103354469
passed,pull,599a288623853c9effaeba04b45ecf1111960380,103274808
passed,push,a2ba514e040f98acaca12354d55c92727aedfc19,103265769
passed,push,40df0c70948f0af2c555a73791daeddd603f4c87,103264831
passed,push,9c2d62d7936203ae6897ccc20abe6ed98e023660,103263301
failed,pull,654ea25f21ed9ffdc7064bd427fa38468844be94,103261975
passed,push,a695ef1147374103038ef5bbd99dd19921fb775f,103248953
passed,push,9f3cb997e0e450baa70edbecf7e99e0bd2656080,103248613
passed,push,e0d2f92b815b86b09edb2d53b5091ee920289846,103248046
errored,push,087b6434a3e8c13e601c7fa06dbbebacb995bb46,103247620
passed,pull,1c7fe569cccb080c7d077f5e9b46aafb66dd3b10,103241458
passed,push,5097671d0069e0efe9016ac8d7f456a8ab7b1dcb,103239866
passed,push,1949df97ce2ba079e2dc28452addd39e936e053e,103213573
errored,push,4ac10b97d74185ed12bc51a84a3599c37fe438ba,103129653
passed,push,6649296f3e7597af420db7d1bea0ddd82d0c82b3,102850001
passed,pull,154fd9fb50291227507fb1ebbefce403e04ac1f4,102848375
passed,pull,ac6684cd466170ee0735406a7694e35b4da221e7,102793436
passed,push,5218e150f4bd0307b61e0fc5a10d96eecbf86c2a,102793121
passed,pull,19a0e0338558ae8253868ca7c03a5fe2115a109a,102774633
passed,pull,30a632cbad2bbba74ecda2d9de0450c12a2acfd8,102749747
passed,pull,2307d5993376ec0607496f987b014a3b90b2cb7d,102647315
passed,pull,d8c1ee3d366b4ab1bf11c02b1790e5a2bf64d244,102613218
passed,pull,e7b1cae0e0441abad2eb12d63077f834cf0961a3,102612556
passed,push,e62bb283b3c7c28f9824372285864fbd10714be0,102608627
passed,pull,2aa10a48bd135a208a2fdac6c3b2893201f94a59,102593821
passed,push,6a990196c6241d0b18a152dd5b60f86fdbae772a,102582320
passed,push,4843c529a1cf2accb8e4028f904533220ba19545,102582225
passed,push,7f040e24f7e2219dc6d9f2d4550a3205117078c8,102581716
passed,push,354557630da2394968312ee6295939c87b17dc05,102581201
passed,push,bcfd324788d5d1056ac5e905cf0b306b9c93d0f4,102581094
passed,push,a2f08a45e141f290b846ff140ce50435dbcbe665,101347437
passed,pull,925832d68b29761e19785aa96c256ca136fe138b,101219973
passed,push,bc6c8a47671e044201d767b58a7476852596afed,101219886
passed,push,20435e9799195a5ed83677082ef36dddb357955f,100980676
passed,push,c14dae522854d0e8c5aa4608b1bf90c09ffe0416,100835832
passed,push,65111e826e1cca8a7be32dd7ba232586f8f07e5d,100676461
passed,pull,03e6de7011df2c6b3388c09d4a691513a711a397,100620255
passed,push,4e854a0d40b2c40adeab22a52645f2d7265031ce,100518796
failed,push,03d98eeb44ef0da1de748980ab97b4ad429e8967,100518708
failed,push,034b3c721816e3f41301b9c32a8002214c9f7e5d,100518586
errored,push,f318887e85445b487bb2f3e1265bcd14c0f96331,100518420
