Status,Type,Commit,ID
passed,push,384a93b10b52da52dc6ce3608ce80ed28dda7c34,290493163
passed,push,e84643cad0ebcfa85ee401e0350b8e05a0468e4d,290121011
passed,pull,f5fe8fab1267044686c5d6a929a66bfff6fd1c70,290078728
passed,push,1c760101a7fcd8798eb0c6ad3c277ff190bcb22f,290042724
passed,push,40df21bf55c45ca190ac65ed58641b54ef454ef1,289570956
passed,push,01d18f2c3db799d144cc8e3308da3fb2ade19417,289526986
passed,push,2f6370343200faec3de904a5cf2e39345acb33e7,289130278
passed,push,50b0e455510e599e418c18ccd65a4b53f9dc3b50,289069021
passed,push,da90c7743b5085e846287f4bdacb9711384b6c39,288734048
passed,push,957c1a5455508120d224f6d0d8f3bf8afa3630f0,288724668
passed,push,0ed66d89488c7cdee558aa82b4422993e7bd2fa9,287209791
passed,push,a3e680ed62b116fd7b3f521b61efa85290c63c7e,287202417
passed,push,e9d8295062aeb67444c44666588ff8831424a80b,287119381
passed,push,964df6b105ccd7f5bccc5462d16a671af0d8e09e,286760227
passed,push,7df1ae57b4015ec4e39a3d050eeb6978255df81d,286751822
passed,push,b6901ea356dee240f15d5be6fd0b195d212fdc35,286730012
passed,push,6c5c9a543ed9c04b853d78d0382068124ba21880,286627064
passed,push,5c2c138547560763d050cf5535a1b94fb8577dda,286579272
passed,push,87439646d6f005a4686dfc68600e894a1137a0b9,286573243
passed,push,1f697f51921ec3cf42fb8a37cc148e744bff20ca,286220407
passed,push,6641f279b1046297cf18d38e2aa44cca93d75042,286192254
passed,push,130bead827402e841282eaf8f197c6c4ce64ec4c,286160295
passed,push,9bcedd8f5bd2354d133edcb3e058b8f0d4f28e8f,286152138
passed,push,9a96b6a9195cbad137bce618104eea5c4217c0a7,286132243
passed,push,fa3239443902d9c06d2ac64f05fa19ef7f8a60c9,286055058
passed,push,3dc87b992dc4d3db9ba32f10e575994ab8a8f475,285708515
passed,push,f2be0be06ef49dee7c5dfcb3a0231c5ecaf5b621,285653840
passed,pull,3476d0ea9f76eda9bc58279b1be0e089385c871d,285558093
passed,push,da978f40ce0ce13f19dc45023883964d219e001f,285549441
passed,push,2927518ac86e8ed1d09038fb2b03c86c894ea5ca,284302853
passed,push,918c9e98f3d06e815507c31764e69c38ad2289ed,283760731
passed,push,c94822bdfde0a43df9f576df86e5880d1f26fe26,283744782
passed,push,a8f4ebc429d01150d3e35980373cb8c9c123aeaa,283712541
passed,push,11d3683ddba029aad2c9da7769c528cbe99d6fd3,283186791
passed,push,378bb20dcd5e9e84d218348f9bfb166fc2b5d6b4,282862416
passed,push,ca438f5a1f69d37e39f506cbdbc09fdb1e569838,282794400
passed,push,fb763eea9e4abcc47391baa5c9d909f4d520c1f6,282437490
passed,push,ec9ac201975685e6533a1788e5e8bbefdd9cbc30,281413193
passed,push,07eed063f9dd2b6b6b121f76d9656f8e61fb61c7,281278960
passed,pull,6f4ef105c47c69d18c58ca46db740ad6157b5519,281100673
passed,pull,d90e8fa71e53cdbe572ec1a3cb9b05f3421ea59f,281097455
passed,push,71f8c47ff2acb1d5359c350d8a872016a3fc5e19,281031045
passed,push,984b19d5244406e22a537cb90b7cf40b7cd787b0,281015707
passed,push,6fba8d15ac48632e259d6b4851615e081e341b6e,280956687
passed,push,bc27d8a03f5400c08ce627df49a64715634775c5,280925606
passed,push,6d8d9d97f73cb5663f794edd7aaa1c7ede725203,280897921
passed,push,50752554b24b5d7f8ee4535435d2330a09de7c5c,280608149
canceled,push,e3b8c0b6f07c1017e80d86758191d6898517a546,280577963
canceled,push,956f84398cf1e5f6b536590ca861d4a9d0210258,280567244
canceled,push,e4b10774c57124ba7fc9d0b6ae047e6312cdd974,280543880
passed,push,82fb7f70ffc4474d9d08fc301af02ca979a253e8,280466654
passed,push,3794eb819ccbec40229cd7df4140db80ead227e4,280152267
passed,push,6a297bd47bcd0494b300f52352dac570f49fec37,280137849
passed,push,b458e6fb63d281f778ccb09e534707b3ab8cb190,280076865
passed,push,e2a4a28427011c05702cf2c1568c5067baed5337,279672029
passed,push,c95fc106ff08d0652b5d661cab9a73f38697eccc,279610196
passed,push,76c3823ece47fe170d83c963d7d445c7f87462eb,279523577
passed,pull,61a01424a21f792a7c1f7f557b7da37771f94e18,278736782
errored,push,8b4267b28dc8e2be748f03f07005ac45ab9b3223,278729877
passed,pull,1ddb6693f688d4dbe515b42d1909b5f63b238ade,278722655
passed,push,36d362ade4d4cc3ca59048af4494ec226003a52a,278629787
passed,push,ac573800bccecbb72f509d9024acccf48ccb6f4f,278242974
passed,push,946151d87b7999c614a7ceeb5536047193487f58,277999357
passed,pull,b9de38f9073568d1f8d18d516f33c8f67df10413,277699751
passed,push,631696beffc2f8f216b3fb0da32605c472935504,277499931
passed,pull,00b1f838b86dc9794e9a627df0511fb6393373b0,277480897
passed,push,27b0d3840b057814b403fa8b194bad5914b166a4,277469386
passed,push,bf6141998e60ab1e434db8e4bf4fdc517917407e,277405925
passed,push,1202bb2f3663d052e97d62340e1cf445a817efc2,277035360
passed,pull,072c64a821d25cbea4403900bc75a07935a5ef1b,276889827
passed,push,3a053c298ce800315a92365fbc8f62a08babc09d,275584695
passed,push,54868978f04f1903e6e1ec70c9766752cf9450d4,275571056
passed,push,db2e7fe9adcbf44e4964a26be9f3d7b52a52ca21,275251485
passed,push,63898e263ddcdae00fc760fdaf97d90c8a656608,274857570
passed,push,a49e1d0fca1b37df1dd3bd32289c97c3fb6f684a,274715837
passed,push,bfcb6683c15a97e9121ab5a6714f7922a720f048,274612265
passed,push,68db9c6ac5c87c39846f4c690f662e52946b93d7,274604366
passed,push,b89a6586f5da3a943e4b412bd61cc6bc199f451f,274283617
passed,push,6afde5c3fdcf7aeabde433255d91e76d1da40043,274182625
passed,pull,17a0a2c6fba34bbc2ce3a88bc0548ea0a2f36d63,274046341
passed,push,0725dbcf74a6226ae0c173aed70c098e3293e02b,273370780
passed,push,0b9f32ae3c38c9edb41ac8fa7cf240d5c83d3d97,272974535
passed,push,ffc3e679f785cf6780c2bf96bdfdcbde41cec87b,272131942
passed,push,82092f975dafb3964f4d4e01354adc974a1b72d8,272106157
passed,push,da36449da37d67a52ad4dc99644a1c3ad1720625,270855730
passed,push,d1dbf6036e22700411f04e478e974cef428283ec,270539286
passed,pull,efca9d52e8a9d949aaa9daab0e24e10f9c5d90ff,269879753
passed,pull,f7a87eda60dd87fb97412b646a199e26643cba8e,269873462
passed,push,6247a70229b36fcc56af402d3657f71afc481069,269656317
passed,push,3a1a7b25807f94d28367d4dceabbb4b8ec54082b,269287784
passed,push,c2c98c55c6bec6477bf2b5a9e82f9cb08c0c962c,267641949
passed,push,9bf42862f877a0ed8234bd484aa0089a3773ccd4,266823671
passed,pull,82cd74f03fe0a94ade2bb5f87f87b787ee473132,266297037
passed,push,c2db40a99121238db368f6bfaabe2b81b615e927,266129314
passed,push,89fb0654edc987741441c5329fee606a4a2a9224,266125193
passed,push,f438db66650063f9faa91c592054873c8392e512,266033925
passed,push,d8bf23b9d0f51d29bf7d75f10e93dd5fa3a8f351,266003617
passed,push,c428cbb42f767451d973a0b543112aa992ce9ad2,265997881
passed,push,0f664c613a3ab9f4a302f7891157c89579830e6a,265992124
passed,push,97f1b638e22d0a31fbe19221d78ca7a7ba2b68d2,265965488
passed,push,2eed29bd6a913e72c3eeae173b84948b0e3d2353,265716335
passed,push,8cdd8c718cceb67bd94c83fe60544ff46f9f4460,265691003
passed,pull,83f1c3b5ebbd20bea9cc78a71f43891f1f747e44,265521842
passed,push,2da8a91a3702c6a318aaaeaa1f7164856a480d17,265254845
passed,pull,bbf493f31c3c28e926495f21c6ac0187b738c378,265090228
passed,pull,0d7a8fe8c783538c259153ea879060e577995b00,265089227
passed,push,d46ffd3d0e289c6fb1be3e820f57679615675f48,264829900
passed,push,d21e3b97f1ea4e43d7b0467ad109011780dd988c,264800535
passed,push,d7501abccbd666a8db4dff77fa110c801a094c75,264776154
errored,pull,06a575cb774de6e830834b2bc2c9b86c426b3286,264695846
passed,pull,7db5546f0f5ffb2036e827c1b9a30a0b5fca22d4,263963316
errored,pull,676c3e29a659bf04c3aa4d244d326bf27be5a847,263734996
passed,pull,38c7e3c1462f96cdbbe54fb6dbc6cccd51908b7c,263646289
passed,push,a3da73204a12c81331e5dc21bfcf709e0a4a9b07,263608329
passed,push,7e4b3875c63758b1a91bb3a82d7240f414e8ae49,263601729
passed,push,c412a2a1dcef61402c54a8094a39c042e6b2b1d6,263565777
passed,pull,6acfde607b0136d30346010efdc706646c1039b2,263509229
errored,pull,c731f8d7406919622a7a1058559103d2e78201fb,263300933
passed,push,8158909d7bda9f98a4576f89eb5fd88cb12c2bd6,263219375
passed,push,44eb16b1bc5ce5928675b6e34cd521d861ff0696,263213498
passed,push,9e964b3326b56e35f459d843b48a7ced88091b6f,263196794
errored,pull,0368ae3419290f8ddb340273665c003aad842c4a,263138841
passed,push,fd6b6e1cbdec0bff0753ac0d5cb82740d00c5ea8,263092743
passed,pull,4f5fc3cf2c284f11e1f141b31654f3bd2228fd38,262961478
passed,pull,7d39db5e18d3631407779a935a44893e2fb22832,262802120
passed,pull,7229aa8526425c0ce3718f2438406e4e460a5009,262796568
passed,pull,2c49fdc39392b8075a39bc10dedf81ca9558fc34,262641565
passed,push,6290373588ef914111f0896b8d0c86a15b7f0f6b,262365837
passed,push,ec242d7d1ff8dd68dfd4355b4089267e4aaedef7,262361885
passed,push,d37fe31537e6362cd99239e0f8f6d3ae596f2db0,261973432
passed,pull,5d3f1c0b7a7d40b1f8adf6e07845c674003e089f,261233426
passed,pull,1d1e5a35cd8990ef0164cd54493e274d460fcb90,261223654
passed,pull,d2cd93e0de6c86a4b77297b157fa4b0e5a70e227,261222980
passed,pull,08501fca515d2b0b26810a661dbe70a53ceee34c,261220860
passed,push,b48cdeb618388a7b1d1c782e1ce2cc60b4f4efca,261152900
passed,push,a8373f17c4ea0b2ad87b7bad71f9a2b27c2c28a1,261081747
passed,push,4740f24c9aa35cc6c71aa7359018432853e5e7ee,260658020
passed,push,106e7ee5433dad1d66a6b93aeb0e13e137900464,260354953
passed,push,14c0d5f37ce76a081dbd1863e4f1d33f8f61cb52,260214323
passed,push,a4c537ad34b241ba01fd9b0c9326bbcd71e2b60a,259941849
passed,push,59dbb4532455eb9a9428025120d926268d48ef01,259879462
passed,push,74f5ccae9f8875ee063065534e1bccf90458652b,259786330
passed,pull,e8cc20ee9bf0ada81cbe0dcb0b5fe6998dc977a1,259733957
failed,pull,f022fc5f3d555a5907ae2d68e348ff24a1fab44f,259722924
passed,pull,a349494674e970b24ad7a607ad844b3c1554a18b,259685739
passed,push,8f203c48cbbfe47569d8101a12a8fc9384e09674,259527415
passed,push,719f2c581f4f09f55c2121c6ac469c7f4314ceab,259402313
passed,push,2c8e33543f4df90af29186215159b721b59696db,258606254
passed,push,2d4c517de9f12ba4dd2d9f720e700d7c835ecc4c,258249414
passed,push,40e4be42409251b80efecb7ced96fbce8b4af90d,257837049
passed,push,934e3840945d3b866f80c28135a0369cb32d7163,257761206
passed,push,f885eec20a909645c6edfef412bf39a8ec4c30b4,257432436
passed,pull,4ff8443cdc1ee62184c89885c8323c4c8d77b3eb,257199403
passed,pull,2695c724017afb25bbc1caf0a8b2a5a9084ce1a4,257093175
passed,pull,2d4e58e11f93456b231a1fba409b84e301f04eeb,257086940
passed,push,6dae21fe0e3c77f1cf1e92653134cdd4a05742fc,257044690
passed,push,0eebe158820481f09a9405569c44423cd0b84e0f,257011692
passed,push,04d8a7ebd85a88837f840a5c16a5085609e065d9,256979362
passed,push,2ed2c6fab7dd31e9bc86701d202ccbf364c1e661,256503225
passed,push,73e17314732faf33224987fc37df9c3860296888,256183795
passed,push,6d764735d00ca9782b4bbbac777b8709f8a0aa9c,256169090
passed,push,384deaf4b7a632a9d28bf2b309ce137feacdad4b,256153954
passed,push,f89c0039a925d681cd7f4990e9a86bbe0179aeca,255830867
passed,push,cf1478062f646ec0d7e1d96f8ab52e7194b50ce8,255806221
passed,pull,ee1fccdac232de6ddd3a7897f96691660ca8c1f8,255476419
passed,push,71703b40b42c96dd1fef03a760e2e648db11f792,255329155
passed,push,f6af85997cf46e040edfbbe8f9d1b4038435d5e6,254848058
passed,push,551343910c2974abf0e81d7728d975c6164f26b3,254592125
passed,push,44b908162cd4498386bcf67b07413bc83f4cf80f,254559359
passed,push,73a1a498cf735d10457335c97a780f0e9a17c0a1,254536812
passed,push,ee12894c9d9c6b057efd3465391ab0f779b8af94,254507090
passed,push,71b5b85e1d219b706702356108fe1a9b2fbb15c1,253834588
passed,push,dd78480631626802e22edc4d6d12fc869288e954,253627404
passed,push,68c8619d8ccd8811dd5408b828b7e3a45f07f21d,253413619
passed,push,d6c6d253d22bf80ce5420c9d2aba59af9263d8ef,253352353
passed,push,66b3e26aadf5ec82808a0965b2a894addb0970e9,253342611
passed,push,fc3d9d75f3c991deff0e81317e21ac5ac588643d,252901187
passed,push,9af3558717f000154e8c623a6b3dbb0655698ba6,252871959
passed,push,a0a62ac531ad052c8f7ca6e979d6f0759e5e2e60,252611993
passed,push,247a0bb83d37d4ae67f307ea2872780d8b8bd1f1,252440729
passed,push,85765fb568e60631e06b315237d2f10ceffb89ea,252434550
passed,pull,68f91bf3f9c2d2a8567cf9cf424f23c49b9fbbcf,252146974
passed,pull,a70aabfa64f0d8cafb21b29dbe46221d0f93d46b,252118983
passed,push,bae9a59c562acacd1be81c4421fb2c96b6efcc18,252028205
passed,push,0f6096df9105ecbbb2d32017eae8fd63562ab298,252019464
passed,push,826bda60d3c84c8142da6f0e8576c68540d51891,251296016
passed,push,31e08d06683a65c85dd9f1b743599494e2c2be5c,251223672
passed,push,3af4c3f4cb7a60a059e6714ab516bbf3b6e69117,251208721
passed,push,bcb3d6528966b1fb33fdcfd51c2ef16b190cb611,250899603
passed,push,d333cc92360b9afc92787fe964566a6ba9fc0d20,250851160
passed,push,9feba7c949ef9fd2092c05c29dcbe0ddba7a7cf5,250824944
passed,push,c1018f57bde175a1504b6f954644456d6bf6ff1e,250758341
passed,push,f8d905771028396cd88c7a40af3712df047a5e4a,250130722
passed,push,a6d5c57f397cb79da071311efb333e9909d3bb05,248808765
passed,push,b8f00a8b52efc6d382d87be3a1c7b506fb537f7f,248799917
passed,push,49e145257d6dfb36ca1dd17a144d81c635504b9e,248214685
passed,push,c14cd014c494386f669f3bb26c8d4a6ea3af6e67,248115758
passed,push,c7e4e8c7cb06a15c657b9502024bbbe679465e68,247257989
passed,pull,b8206a16a7eb054df6359997779f565970ee1919,247224531
passed,push,2daf6f6d1668b44d0d489b936db50ecf2b358160,247216005
passed,push,df3d140681a84b088db3f0602de7dd612b336240,247197675
passed,push,98fc407531ef6588e6e81c8737107e84abe5f29b,247189490
passed,push,440c639c017c6d1ea6ce303554e6a0cd52c271bd,247161889
passed,push,05ee9c9bb43cf0c509a94247d57dba128ebe1163,246334824
passed,push,c6812506b7c92a67fa6aa6b85df5cb2d04156e30,246309426
passed,push,a3e5514784cfe739f9e3b28bb24bdb0e24711a9c,246216672
passed,push,a1027f367b9387994e8c3327127fe68b542fa459,246203182
passed,push,240a807d3d1cbcad99481ede9530af0cdfadf47c,245855130
passed,push,3561a940b6f7523be5ec69080a939dd0912f04b5,245421211
passed,push,6a932bfef2e0e199c71537301c42c2bb6c1561ad,245025447
passed,push,ecd2e52e45d2d8cc6c512bd66a4b6748e69c4669,244695662
passed,pull,18a0ce5a2b3395c3f43fa1fbb151907233fe8176,243901224
passed,pull,e2369457b1b10dd3271bd1bc8d484565ac98107e,243842906
passed,pull,6f6d2cc5061785a3170856e06693d60b112eaf1c,243842852
passed,push,32011a8047f56ec0b9205294518d018e2a106f0e,243836804
passed,pull,c8dd6f4c4601fe9e6ec19595139162d8286eb3d6,243832877
passed,push,a0f26cc0ea343ce1d88d521f8b9ded3c677da032,243742183
passed,push,8f22dbc8ea0c1abdf044846057f6df8201ee9961,243708280
passed,pull,8c36d8819407d3d2288c55c8f195baa3e4da23bc,243655640
passed,pull,a3dd44e6a5e9f58df85171fb7e58756443e37b47,243094343
passed,push,d9d6e7b27c114b7b2541f91c450121d27325d6a7,242898925
passed,push,c03373ba4d757904e3300d857464b459e7ce25f2,242867934
passed,push,aa5656a140f3d8073ee5422e3e25576041dab39f,242619838
passed,push,0ef619507ded5f35d9a974c817403586dee5af6f,242514011
passed,push,941932c2c4a10a11df6453ec7bc78f55e12617ce,242499062
passed,pull,c7baea811828aa137852c7ef32fbb40851e3665f,242457131
errored,push,304c634d977127085b49f174fd1aafefd09b2bf5,242241359
errored,push,d8de12dfdb6b6beeec13e8341ea5e85e40201e7f,242227643
errored,push,8311be9b7353b9580649559a5f3ee699672e3085,242159491
errored,push,f7c641de871e80ba27ac3bce72d8ed0b095e6949,242153831
errored,push,d87949ab9d95fdd486080151a66fbf0c2373b981,242149740
errored,push,94a96d1ec0c0167a4c5b9350f125429fed3d1d4c,242141334
passed,push,16f42af9e1f1ae37ef4ed52c1f0d705aebaf8194,241319855
passed,push,9121020b37bf975122e0f8fc710a1c981297b6ad,241300466
passed,push,46b73bb6c40aaf319aac43ead838628ad4b59de1,240953968
passed,push,2d30d5eda0f37e9c0b2dec21f19837b8d41f2699,240938479
passed,push,fffd2b1f67d158c7b4052123c5032b0ba54a910d,240422213
passed,push,69804d7f9f7acd0a92cb73311252df2bc58e8cf7,240406402
passed,push,c602af0409089b10a35038581ee011236eb44529,240112963
passed,push,b52953f7fd4425e6998d32d22fc0ee4529ce8402,240096377
passed,push,d62fb4b351eb4c074e5d207519d6e9891a67f971,239708000
passed,push,4867ca09bc6e65b298688899d259e033e2c8cdcd,239559100
passed,push,6d8771908c8eb77f8478fb772fcad090a902884f,238903576
passed,push,b4fc54a63768fc5a85935e38fe2694b0563aba81,238897128
passed,push,bfac9e503fb5d48aec2ad1b309b505b3931269ad,238815449
passed,push,6b9f45d390961fc72aef5362b57b89e396cf8761,238778353
passed,pull,7c4423b5f272f5b1234d3b287bafe48b93a5ff79,238579772
passed,push,fac8339c87815fb7deca0cf01d61a5146355723f,238389760
passed,push,dd0135801d003f34f6bfd1503a09e69e3b7090b9,237669703
passed,push,107f311e182d4b8298a10093ae4c5c6bc02641ec,237665198
passed,push,2bfed8709b80a4bf52f07e9def492a783caa51ff,237560930
errored,push,f064c13c15d67373666307f6beb3ae842d9813e3,236471730
passed,push,312aeb938bd35b5b7c8930e19ff5d1ca38e49424,236150668
passed,push,303fc3f3a623a7278ff11e114fa935200ff7080f,236146673
passed,push,ae98be88f1ec366a911c19e7aafa1a0704e28422,236135962
passed,push,a419bfe81a95f2e7bb01d33f74ecaa98e03394f3,236110515
passed,push,16cb7b6ea7443cff86a2d097646f6eec470c2aba,236080523
passed,push,26970483185d6d62bbed3f048a9e12e3b6c80c2a,236019375
passed,push,6b203dc664cc5359b02bde1abb86efdb1c1ead53,235748568
errored,push,a52c22b1ca567fd4184f5438ff0ff0d00621cecf,235741658
errored,push,fce5e62628a1eb3eab4dfdb7b6f2ce7fa3567557,235648020
passed,push,f816d1a0ebef9c590aca70bf9b6a642f02528bcb,235383014
passed,pull,3bde675367ba8507224660b562fca079b2eba52f,235375874
passed,push,4d0e0af4b495249cd1c25a30c5024d215b003093,235298236
passed,push,7bbdb221feb446cbd38202c133818bc383c413ae,234933926
passed,push,4f360c974a342932b2eb1a2133bfe1467f45a497,234933431
passed,push,aafc7d686304e3b0b0cecdf4182adc7402c57be3,234930944
passed,push,8297ad4522220c069d4a28a489a0c31d0c577a5e,234926643
passed,push,bc996973fe6ce1ecb67803aa1ff5bdf5df59d182,234911870
passed,push,58fa7011ce024c0c904d4e0dd6cba78fcd08975d,234109271
passed,push,4068f7b94c63ffd1d81636be79c42542876c8fd6,234052455
passed,push,20472b631602847af5d2797d9b991d4deae5e86d,233670757
passed,push,eb3d015d84cd0bb9804335b3832b63005406dbff,233658105
passed,push,54087fa7ccc66021f11e3d1bf478f44542ad9856,233365961
passed,push,abf316f72678d722f0f31b45e7b75cc7209d20e8,233336812
passed,push,f8c04290c9cfe7599b9c33f045ccafbbd9b501b0,233294621
passed,pull,02a310b1281bfd0c8f55285e03eca72bb61b3c26,233073270
passed,pull,9696dd3ee2dba19dee2abde2c4134fe0b0dd6eaa,233070799
passed,push,e361b664359de989a2390e5ccb2efed420882e9a,233021751
passed,push,c7344737d6311d81c213aaef58e5536ecc57c252,233019482
passed,push,19c39725be34efafa59edf6238713e97f6565eb1,232444044
passed,push,7d463d975988a5aa1ffe4f7c76527e6968bda378,231588433
passed,push,796102a6229961b69640a673ff2001207959c3a9,231271820
passed,push,24c728189bf1546920e37cffad7c13e15712f380,230878645
passed,push,5b8b71c1375b2222736b3f58528df99180ec8a1d,230862919
passed,push,2ae174e13d795cf61169eba8b843eda8aed94282,230821818
passed,push,d5c4ea28bffb87f89b69588ab4d86e7d2b23ef88,230806703
passed,push,f5383c763766d91b20af835efc09974c283fc408,230526278
passed,push,e4263fc33637608bf4055fbe3e06bffc877cec5b,230374333
passed,push,7b2c5ccbf7b1c8c6715a6c5aa9aded6420205d83,230130927
passed,push,69f2d98a2a5bd8a9d77c618cc5a10efa4f97d98f,230127385
passed,push,a2c6fc17b66424fa2c545531b52f13c3a0afa9ab,230121509
passed,push,6150eb4fdb60924f34584f3f0e9b8978041a53e8,230064545
passed,push,e68c0e674b22b9d49d402e0151aa15e8c645bd4b,230063656
passed,push,961061a1de6331881343342d50381b5805918e4d,229966951
passed,push,8e7ff6a20794497109bcdae369c15d81d35dc3e7,229286893
errored,push,86c69d974db94391675e8d1e8d6edb87f89343ad,229146938
passed,push,8fd5b7625d19800232a4ae4bd0be4f3b0104587c,228919183
passed,push,51310fb7ce3749f38165664966cd883395b643a7,228871857
passed,push,fb98ccb2140750a66050fc86e3b19e58a0af12b3,228754314
passed,push,1904b1a8034f208ea18cf849d36315e4ef0a1146,228716918
passed,pull,08ee65c111d8ae10048c69162cfed65fd3aebd17,228272521
passed,pull,8cf08abe3ac071c164134f2a10896c7e79974193,228255686
errored,pull,fb93d1624f52bd4cbb9f10e1c091948e593544d9,228254554
passed,pull,fb93d1624f52bd4cbb9f10e1c091948e593544d9,228248297
passed,push,6092a4a8b1087f92d0c3169b9e96d53c54ca95c4,228128326
passed,push,4c70a77f1673d493758bc9b9507e3b6d111e9491,228113405
passed,push,8f7bbd4c73f72b504d79c9c7fc5cb75396483de1,228105690
passed,push,36f003175073e645d0cf5f8467778ab63879c304,228095026
passed,push,df13a6a748528dcd01f0a943bd44baffba90a4a3,227972396
passed,pull,09512d3877fa7f7fc3dc0d559eedad112a7927cf,227791879
passed,push,b7cec214a7aa9efb7a989f9e509b4ae21dd328f4,227654799
passed,pull,22630a315b9e10fbe5ace78037f012140f042bda,227519812
passed,push,f92fbe4e0eeacbfc1eb947acab04760f9adeb7f5,226937388
passed,push,f35bb61b508e7976994da1f91786340b4923cb8e,226876819
passed,push,c6f1fab908370b689249709bbfdd34985e7563d6,226534348
failed,push,cd8fb02a9c762707e5b7bbc22507dc8569efe430,226525568
passed,pull,eced86923923cfb6a34c3f374ffcca508c5755ed,226519233
failed,push,c3fe1be6005c7cff988d0b964876c1db967fac5b,226511254
passed,push,c3219bd56ce239f215ff9f05d27fc6250f6d6efb,226441613
passed,push,8f4b4943fe130f0538247b77b0e2125ad40f90f7,226104785
passed,push,f19c9f1a74ec2fbdd5efa4e3e6b249c8667a4164,226068191
passed,push,a35f9ec4931326f9f6ab173c60d15e7e4ffb4425,226060393
passed,push,36150b3ac22811ebaabf51ee76d32b3d2427fb05,226044726
passed,push,c198afe6dd2938ab972c78fc506c9282592061ea,226039218
passed,push,67cbc789e9cd523c38a75eda917fe7b6e42518f8,226025570
passed,pull,d1cf50a19bfe509302568757c76bb4031c6e3865,225577058
passed,push,38e537e6ed6e9e9a1908a68300c7d18327bc5bc5,225302749
passed,push,03f68e64d2b5ae4b30b9376a2643a9ee56fd2e1b,225278544
passed,push,813e0366fa399531035b8359f70da61cc8b499c3,225268054
passed,push,8ed1aec5cdfe3f88e94ec9a03707d56dd9ac3b2f,225263930
passed,pull,ce4044f1ce7d5b9575c1229d0fed8a972b4deab0,224973720
passed,pull,4bbb93c592cbf002d4dc32fd73d1209fa5d86ea1,224900162
passed,push,e8055622b25682f53ff9ca3b2c89a3fcfe9c6c45,224466598
passed,push,c2933b6954dda50676cfbe6eed7acc4230e6b6e4,224427441
passed,push,9b94fb3965c6869b0ac47420958a4bbae0b2d54c,224194288
passed,push,a952dac581d7c9207a5b0fa1ff28c6eb81f9c2c9,223641908
passed,push,f1d9dd1eac94f43cebefed73d695ca5c3dc9ca48,223264438
passed,push,0fc2c0c91ca6651f46ab5daf469f9efabf8ea895,223189588
passed,push,cbe841c3f8cffd18cea980d2745867521393dd44,223179513
passed,push,af7ab7e1be1a87cbfb739be64799d8a11adcbbca,223164602
passed,pull,9e963e6213e16b2ff8f6ea7970332434f51a27e4,222386763
passed,push,ede4f49324d2e27f0938d6800df81d2dbd48943d,222213590
passed,push,10fe7b6743921e1ee1415f178ddf30f0365a436c,222187382
passed,push,fc77a95208d850878fa978f4df768e7b2cdf7c1a,222161505
passed,push,ce9b72aca77e144ddc7caa2284a7805775d1b9ac,221811129
passed,pull,cfee9657dbd2e44c0ed2ec9a5570b28be3bb6859,221671146
passed,push,01bf8d29a279759a576fd86682f83ccce11657db,221475942
passed,push,1a6f679f075a3b6fc84298be8d9fadefe3d00e52,221452425
passed,push,62d3295e4a39274aaae0dd2e4a13430c72ec534a,221403669
passed,push,4754abf0e349b59f82f8bc959c99808a04f5c432,221387458
passed,push,667a0d0a722edd410c4b900637e211ebae18cc59,221152797
passed,push,5dee802e8f416d5c5d8bec9a1ea350d33d6698aa,221109784
passed,push,7a68b7bf103b6cd83e60b0d444c63d1a4e6a1479,220963441
passed,push,55ea7068c374058ddc6a956957297cd1a881c759,220671063
passed,push,cf65da75d56898a4961ccc02b2fc50a7fbafa3d8,219888824
passed,push,d881d014cd5fc4bc46790836b9febd3ba438079b,219717720
passed,push,2552f2668e11aa517b85b64ccca5f1d4507fc622,219410162
passed,push,170610e8f19a6f52c1b44fea4ad65fa6d3228aa1,218992455
passed,push,f4d6360c0741d939037b05146627616419451e0c,218900409
passed,push,bf7bc4923a8b66873e77a98706a8ef14488eaafa,218469204
passed,pull,f8f84ad57077b9be49b23c40a6d9833ef16a48e5,218466447
passed,push,62156ea9c16daf4e885cdeb99be1a021acdace63,218183575
passed,push,9fad64c2874ab1aa21d3ecad54f19ae4a25f27fd,217351283
passed,push,978fbc178cb0b6b12543f878689744ed542781da,217331098
passed,push,6225be0aa01da6aa1391837690279f5af5fd0ea9,217315169
passed,push,1fc328e3e43a56f43b2bab25fbaf4d9908a9a8aa,217297521
passed,push,99d61226b6da2f50d3b5b2c80434b6f93a82899e,217196009
passed,push,a542db65cada2cf0de00102bca24d8f55c76d427,216491113
passed,push,206a5acd76e8816ca54f4e8dc787e53ed8bfebf4,216454880
passed,push,5090ad5976b8d1641511a62d91cc43716f02e808,216429746
passed,push,557649df91e5f8bab4d5f39d56c81bd47e134b06,216108946
passed,push,6d32720dc75e120cca5d4f67d2a5f98db696d929,216086737
passed,push,06bf86aa5c00511eb745cb450222054cc4b86e36,215987310
passed,pull,008f68bb4a678636f64de76fcc0c2cfc8122a114,215746699
passed,push,f24328a521b3c4fce0cdb854f9d7d36c03a673cf,215694048
passed,push,8494fa9143fa219bd7acb4fdef1a133a6ba84e69,215689478
passed,push,f1e86cd6472719de2cf8f9e0f16632e268467ec7,215679983
passed,push,d7f2dddae1f04e5040faca34819cb5d1c700d48f,215673395
passed,push,82cf44994fa37cd79d0f2c3a7de3038df5b51843,215599019
passed,push,72da1ce15303d395d4e6f659e4ceef41c3dcf935,215548000
passed,push,15ba0ea3f295a2fe322ceebaccba347ae0fe3f21,214991475
passed,pull,92c8b1e6a62ae0e2e1e88cbbd69b6e446c9118b7,214920467
passed,pull,fbafaddd8d43275fbc167a66def15c3a1856588d,214919876
passed,push,f3ff0becb73f674290dfe5791a4222da6c59c9d0,214716783
passed,push,ffe3412b986325b0d2e7d266ca829d62983e919d,214669211
passed,push,948c3d8353ab0b069c63929ca9226922f59f671e,214658804
passed,push,dbeed4ae4cd45409ef6ad9fa66f203a45250c2f0,214316718
passed,push,85849257e9e7fd27cfa517402c079d268cccd275,214289386
passed,push,4c67c7213f3080cb8ffcee99d006635df224f149,214256717
passed,push,c5225fc88eccd9990e9e0e2c8f7c6f8255015a32,213971067
passed,push,14978e59e56fc770853c3fe3cecd6b8c4d97997b,213947722
passed,push,af5e29f3fd05df9a05e597380b6922cc9fc15995,213932286
passed,push,d4c01969d0ec27928063d94880f001fe6245aa2f,213521923
passed,push,1ad44a00d1301b610feca0ae80be458a0d0c0392,213428516
passed,push,7bde6040bf36313a5e2567fa0eaf7cefb46d4bdc,211917939
passed,push,32c885b3cc561f64dae7efed3d5fee516ad359fa,211868752
passed,push,2b8af31fb49ecabdbefe66df8b369e1b137d10f2,211824845
passed,push,1d3051de806987f41f69edfd21cb0a8cff0e1dcb,211488170
passed,pull,a49cabe5921ec0af48782d38888dc1303a651a8d,211429402
passed,push,eb62a02b48b4c55362aba4b98a182887f132397f,211410917
passed,pull,af0a8ae3dd44207935d59b85201029f061f95a51,211178721
passed,pull,57379b8ed466686bc8e46eb5943fb6d9773cb5e8,211177194
passed,pull,29534eb4589c97901578e78705775fdb8ea3f2fa,211176613
passed,pull,2abbf27652f2c0b355cca37646a98b531d7521fb,211169963
passed,pull,49e31b117f242ab316c88569ffad740498815a47,211166623
passed,pull,24c5e10b6599281c3929db977f4d009cbed628b5,211166361
passed,pull,78beef9f4d57a9bcb354966bd283db3f509dc838,211165833
passed,pull,7643f9b8d277d52fa3f9cf7664a20982aa06f4bc,211164146
passed,pull,ac196a8d019b62a8c82b646d369ab2d5d412c116,211163072
passed,push,ea7b9e3af6844d4f5a2efe7dc98ee30f88c8cfbb,211162549
passed,pull,63a4d3c4dbfc7880506d07a96dbedadc930dc89b,211137332
passed,pull,951854368878dfda088aff2e1a9d00d3b65b8bd9,211121893
passed,pull,0848882795a9b11b53cbeef00fff151045f372a6,211077655
passed,push,2848e96221c469b08c7693a18afba72219443f5f,211016874
errored,pull,6e8c5457370a4f3bcfbeb7258c731a7e05134b60,210874847
passed,pull,3240c4a6a99062af62b9fb391017771f68a871b8,210747548
passed,push,0e2a0eede5bf85f3c1f64e5752501eddf9ab7202,209840630
passed,push,c8765bc9e09df13164a8513efc91141767239eea,209414532
passed,push,31985701e877434941c97891ba732478f0e97258,209400726
passed,push,1445486132811e9ce175ce463356c659d8e6339d,208628042
failed,push,3d27caceeb1b90fb868d98e6d690394d3cff339a,208619328
passed,push,663a903b61003342b628eac9494573cab13a1316,208321933
passed,push,ad998b11bdf7c33b730b2248e7438e90b14e39f3,208303498
failed,push,2162846b059a0aa4729eb6ba9cf6f6a8e73fa9be,208215503
passed,push,5b4cd94406bc2ab1c6a1370e5650c8ee9ee64a70,207496422
passed,push,c7769b29de954b3469fb1d9a25a80cb333fdd0ae,207459205
passed,push,f1372238af0da9ba3d3b068fbe244c55a3104b57,207395129
passed,push,4906fbbaeb22559563be02b0e765fda15426baff,207100103
passed,push,2203451442f390f6fb9aeea95a90f790d8a4a061,206763670
passed,push,53e2de6e9cbb7fe686c3a28180770b884c02d1e3,206614713
passed,push,379757e3b1c22fef4b19181e404c6abb7ad58d50,205900707
passed,push,5b1fc2e6dac60e84e8bd59a29e66883a911e7cd3,205022130
passed,push,45a0e3a8df9be0823ac38c668fbd177c4ee63de3,204973776
passed,push,327440e01dbe1d7f9f3b09f5866e4e6b19709cb6,204762072
passed,push,e375c341d1a447b02f6ab5f8a3db43e2943e0d00,204673892
passed,push,9e2592468378e55556e28d643a6437322d35c480,204653957
passed,push,1aea9748a3e0a73e8b82270c01ccf8bb92264f4c,204338360
passed,push,7c11b8d9220b710d5598b774e22cc774f68f40e7,204272106
passed,push,8a930bc2d352cb4c8def02d982b795f0ae48a229,203943916
passed,push,15c2b776614a2be35668eba77af1bfe5a7cec2fd,203938619
passed,push,7cb2291988f653a27237cfaf8e98e2a27bea2690,203917540
passed,push,c0b74877c604d6c8190b03d8470435048650f815,203892787
passed,push,5076898002c108516cadc50179856e0bb2815fa4,203870324
passed,push,717ece9ad6c9a3e27987b65efb400e79d671eefc,203849626
passed,push,623896f9180bd20c05b8c550f4323038f86803d0,203837898
passed,push,5907979766f539d8aa810459bd0194adefd10c95,202757616
passed,push,b17fe0d57083d37f87301dd912f9548ec11d305d,202675571
passed,push,6f96135d896e671b14f69c90d6d989f0652da1e6,202277922
passed,push,89a8e3f6757b809ee43e4f7d172ba3b5af9b4c36,201982260
passed,push,217659fcd585d0512f77c020835f2a56db059ce5,201730630
passed,push,0fd20594150e5493138e83462b25b81db2507f49,201240678
passed,push,aafccea1e471dd936966182b3e2a1dd03358ef8f,200205144
passed,push,f267c4a0c11104099537ace3be89d97b96ebde95,200029515
passed,push,108c4422b3e1d5d272cefe6bc4dd1433c8708c1c,199737285
passed,push,6be638b6cd854cc8be93210bc173e22d88d74593,199672442
passed,push,a1a83d407f3f19891b7032e151d945363c441780,199333136
passed,push,994a379dc3b787c34afb0c3de65e26bede59bd81,198956016
failed,pull,943f0702dbaa40c07a3b80c8960b5dc65a92ec01,198797992
passed,push,cac2e34369fe1b6b71ef0006e6fc50766fee8147,198358906
passed,push,aaae2e9a6b9cab0429f4589f89603742f28f6bd0,198246931
passed,push,612ea8749817abc6137755ca8e8af0b5a1411026,198060432
passed,pull,273a99a9cce213f0fb51789f7b32aa44715a733a,197506996
passed,pull,1a255c0e0d9fa416f8bd661fc9dafcb92ccdc723,197472201
errored,pull,9ce84eb47a5c74e84b79ed10e332f5d98fd42cbb,197464861
passed,push,93e4fb0aaf1c2304589f431c644f4bb7fc9e7363,197069736
passed,push,0e29934933f33379de953727171f7ca1ec616a58,197048164
passed,push,bfbeca9d086110432cda723050f37e1fe7a60e1f,196753588
passed,push,28148e763d5eea95f532df630e8eb87b993935d2,196748446
passed,pull,e05b6491142ef9ac95a410951dea29a6f7d9ac66,196128566
passed,push,7fa9839366d4eeb0e4c942b11f2ba8162ad40481,195616010
passed,push,8a991157845af123f701f223c8f2ecc245e82977,194951815
passed,push,1ab917eac078a6c9f6cfefee6859855b6037a9b9,194865664
passed,push,39a92f259efe0dc73221af42b8f7e5f84b0130f4,194637404
passed,push,3def13f60ae4a72e59a8426aab6e3568613fe9e4,194535428
passed,push,829613401de295d6c6be65ff08d67d02cbbdf5ab,193863258
passed,push,7c59e96177901f12491cf25a409956f1649fa42e,193853379
passed,push,26adf8f40095d21904711b9edf94ac258754bce7,193779733
failed,push,e3f9ba6a707b03559910bceffb74244ac9a8db13,193498244
passed,push,e616b8ec9612eeb5ad2b616b4809e16ec8a53bc0,193438752
passed,pull,a5de067cc30f7462a8e69d010c661b45d35f003c,193294185
failed,pull,c011001c03796d8a0f93ec18db824b83285e360d,192158181
passed,push,b0b03e7936397e68960383d2086f342f74d1c1bc,191656946
passed,push,896c51abd32e136621c13d56b6130d0a72f4957a,191457123
passed,push,0f025e5d5d39a5d1ab709917f725d48a8464df50,191411299
passed,push,65ffec58dcbb7547109896d5d96ae0581dca4cc8,191352294
passed,push,6df14d7ccb07d5d61f11849c201345504b5e836a,191017985
passed,pull,c598df76ac32dae90757e6d7e542895e1cd08b8d,190474950
passed,push,79f777a7576bcb363b1a5fab8a7ec653f48d4c05,189628419
passed,push,be87e5ba9046a8f7827df0d8e0ff77e528d7cdee,189562205
passed,push,1554ca732769fc93a4a198eb5764c2e7bcea3f17,189061390
passed,push,1efc5ce983c02cfaa2ce3338bdfaa1f583b66128,188972161
passed,push,cc596a037d46c65496c04d34e8717f63693c9cf8,188693835
passed,push,154e9fb53bdecc068b394e3450e00197855e52d1,188686451
passed,push,cef6bdc11c67b01ebca34b3a83e293add2733f24,188668072
passed,push,9c544ea02e7c20b6950c58b48a2fc13176e170b1,188649515
passed,push,d9f088a61c80fa47d09ccf05a8c3608a47c5e4c0,188616397
passed,pull,db11f77c6d1daf043bb9302973f5487f28f61c20,187520119
passed,pull,f657b936e154be4290a007874c54f39cba10c8d5,187513504
passed,push,305a4b97c56ca04d7e487c59b21b148479561117,187510484
passed,pull,b9cd8f90de9acc3033fea72cc49276cc37c22e4e,187483629
passed,pull,abe54fa6e567e121011db3cc16f30626393d977d,187482973
passed,push,717a8f10865223ccb0a7168ccfde1d43d541cd5b,187291011
passed,push,34891e692832c45bdca08bb4168bea1778d98256,187278364
passed,push,e7936c2c38761c81f78323244e5405e826dc50e6,187259382
passed,push,f74b9dec6b2447b4e81b555a8f8fe0c37e427eb4,187101616
passed,push,424695b378bb2eeb7d147a126aa497e0c196243d,186106008
passed,push,8dac290de1588c158c3eaea84890776a4986c0a4,185842331
passed,push,dbc3258d66075a766d1a67ca08b8631d617af681,185625074
passed,push,14c08642e4048ffc5151d31728404edc6bf2562e,185513542
passed,push,4d025889e59ef9fb8e3886ce51cd021022429142,185311922
passed,push,c963e69c9cbea48eb221b7d5f915f5494875bf30,185224891
passed,push,a11c1f923c3094717cc3310b2b71f06f08c35d0f,185223694
passed,pull,add6be2c2ed21ec707c00e22a70518a487ece77a,184841411
passed,push,a11c1f923c3094717cc3310b2b71f06f08c35d0f,184388003
passed,push,d4c3c2da7ecaf514c649b836470b6f7d86009c34,184383159
passed,push,586995d7b6afdb680ef63d58f5b225bb6e09aa25,184273706
passed,push,5087f785bed999500743e2775192ffc17d14bce6,183994038
passed,pull,fe8992bcc1f1c3add4fa733de95a6e9eddbe179e,183569408
passed,push,6fff60802ed6d8157b6178842ff9d164aa0fe928,183387906
passed,push,fc6515d1314c37227e81324806ffd6fb25b8d597,183285637
passed,pull,484f08a12f5a886a46961966e34b4ecf628118b3,183237666
passed,pull,ed317040438c883acad55deef6fd49f2c1754bab,182718466
passed,push,5a42baf73ca755366e9aeff5567b2ef70d891852,182638238
passed,pull,ce480c6b8e25cbd45dd7a3023ff86f4ffc18a8c3,182556347
passed,push,04a28f4dd88f2c8ad85becb3d375cced2d6c86ad,182087586
passed,push,1684cbd29c26cfb6254b8781936a242fd3a3fc2c,182035811
passed,pull,abaf45f6b02aa0c855e758cec41b0c0740861105,181922881
passed,push,f81aa2d4ebdd92d2594989eabce878b60327e8a4,181772396
passed,pull,e3ab117f13a868d6f2591b7989c8717c83360a44,181740841
passed,push,20dbb7318d6a3da8111ce2299e840d7baded8f66,181539867
passed,pull,db5f1a23cfa51e4424e309f40f6b9794d28ee24b,181537751
passed,push,15b547abb7015069bb464833a72f433d82b83829,181491926
passed,pull,89f41fd979fbcaba2b588759dd2b3112d6dbede1,181415386
errored,pull,aad92de5ade1a04611e69ef0c4ac34bd31d517f2,181411605
passed,pull,fc8730df6d7ee04266107e8f2649605fbf0d90a2,181378973
failed,pull,9e98e0fec835b100b0213435950378de92beafde,181006331
passed,push,e7e4c5f115ca3edf6d126f3dd2682a54d7305cdb,180525592
passed,push,526ba0d4b72902cc1d4a2430c57fa56565f60453,180441708
passed,pull,34d005940983902ef1a13dba8217916b6cd95002,179978350
passed,pull,79beb98ff230ecdaa7db5afaa9ab630ba04bcfd1,179976972
passed,pull,ca66fbd924437945ee2cbc79d6b918ffbdb007a9,179974876
passed,pull,84f4d3662f3b1cd9f326b4d633c56f6ac5151f0c,179974647
passed,pull,3b978a040cff7cf098a4ac0ce31d4d94b235a3b7,179972577
passed,push,adce8999989d80c80fda3607dac324cbd47681c1,179560266
passed,push,2ef955163b3d43e7849c1929ef4e5d714b93da96,179551315
passed,push,16e3f26fd31ced35fa8a71ab2b1091ce9157a90f,177806224
passed,pull,faf879f27c2601c1dffc394369381aa6a4014409,177737219
passed,pull,e6ab7cb6cc3f69dc4f8ea840b38239126eb7afb6,177181409
passed,push,f67ab864bde63fa6602b5688de0440957ffeaa2e,177134355
passed,pull,3dea5dcfda27b6a0bc673f7a0d14626aff22d0ae,176929888
passed,pull,194cd691b830f3c926d85868b82dd1eb3234cf45,176869222
passed,push,d773e9f04c5b099b52cde43d37d8d9a21ebf0e3d,176801624
passed,push,17784aebfdd7c24f5476352361f5e87867a247a4,176495957
passed,push,fb7fb7d39fc523d6f5ddd109250c153effdc776d,176491566
passed,push,77a57f215fb6eb5a2c982ac1843299f21deb53d3,176380822
passed,push,bd3633c4f98b8545c968356c73de18164abe07a2,176072803
passed,push,0e2a6cb0fd2f5d95f58f63867d6ff2ff36505b8e,175784705
passed,push,e6541799ee6fcae412645075fabb5ea65fd07d49,175739152
passed,push,1e63909061cc0391c2ec91d7ba985fb0be9a75e7,175729356
passed,pull,5b6bfcd8c65ab3d3ae4ef6e3b33fb43497f19988,175530615
passed,push,e38225a3c2a2c611aefe00dd8a40f8eed97cc2f3,175199476
passed,push,6b1046fbe17c1e40f554df906973a57b28d72e42,175177179
passed,push,9d028d0014840f295c35e1edd85e049d561864a3,175119857
passed,pull,f8e56fe0eb6112030ca1134f94f567c74e134519,175059735
passed,pull,b088e00d55a8d99edb2d86c313dcfb486568a270,175057479
passed,pull,2d94b8e97dec2eadd7fa44ff3a6156f7d7108599,175016176
passed,push,c2641e083e31fdbd9c09b33ca6a3546f5f69fe28,174956300
errored,pull,7ac6072f913202de68bd8508a5708c48da89cbbd,174779863
errored,pull,4b06cf5fbfb39f6e26595caff93cf2eaad6bc511,174779666
passed,pull,e98f3bd56ec7d2b67e002511f8461d6f7be15141,174403474
passed,pull,4e6ad45a4248ea6d7e17861cf7f4212a53011758,174345347
passed,push,0c2cd39185c3dac8a3ae5f3c3289e77e1c2356ff,174335222
passed,push,a6db51da4bf3c8e521929ae82ab229974c1bc2cb,174324912
passed,push,3dcc44d755609ad760ab2d885efb5a0d952e3e48,174245007
passed,push,bab5273ad9903ddffd4a748924374246ebb441ec,174237953
passed,push,a707ddc0e363aad68824b79e288f6b863a1579fd,174223611
passed,push,709624fafd1540fc1d8144794fa86fb890f0d303,173883617
passed,pull,397d8456c6279387cf56e2dc2fdb07800713380b,173860070
passed,pull,62b49742abf8b2677f660bcaa70cd88d07c973fd,173447863
passed,push,90434a14edfbbd2487f1a28b195556f3302e68b2,173347698
passed,push,700b11a874766945967f37501ed364ac07632ac5,173321261
passed,push,aa06fbd86fd3d0447733202f6a4dc8b3f83ddfb4,173278581
passed,push,86fb7001aecb8954dd15ee3c64e7172b4a6e512a,173275876
passed,push,b43760617011dff5424ff301290ce67bca68c891,173257305
errored,push,a70ab0168d75db566d7e974220a0d0b17e514cf8,173250807
errored,push,85eba51dc93caabd074c8e0e7a5ddde8ec8f1108,173243232
errored,pull,96eb1a29c26d4e3f33b19a2ff6f5d55bd5409c2c,173205316
passed,pull,0f4e6e447570ffe1b678a3e3e099dc2450245b82,173169244
errored,pull,098f3a83e6a168a9bf1297d42f920b8cb39ade8b,173166719
errored,pull,a9e977597d9c2632b1bb73907931174b6f7ef754,173162692
passed,pull,5e5fcaedf1a8cc9d151ef5ba8fa4cd42beb0a244,173133817
errored,pull,26966cb92393d13cd5ffacb3472da0f6c8b58a79,173130821
errored,pull,30f39f4e95bbcc42afac14b93c1e9e222c382f34,173122512
errored,push,73e382fa877f80994817a136b0adcc4365ccd904,173060691
passed,push,d4593835188550859a05537676d01944fa2eab01,173003372
passed,push,db72cd2ba6e4e6026f769bda5dc2160e0b54ba41,172986751
passed,push,19db9fa37c74be9762ba22b8b6105dcda6b9d9c6,172734779
passed,push,0bab3764871d492f736d487eb45b7010e8c8f080,172731054
passed,push,3365f88e3bd761ea88a1324b0fbd9628bf261c57,172700414
passed,pull,486292d86e8d9c78b1d7f9108bbc0c08cb6e0edf,172496148
passed,pull,f5f84723aab0b48c65ed20e93ef7ef2094af8bcd,172400756
passed,push,0f3f53a1f51495023a8552df6db25ac8ed44ae2e,172378318
passed,push,7108582d5dd3b7ce7e6fce53b9407591bfcea17c,172370231
passed,push,c414be307af45d8197f3d8b2db256cb369f948af,172357031
passed,pull,9f260fc70e99b2e6a37ae3307cab3f1fbd3b0544,172162916
passed,push,c5231cfd14de78cd50099e095798fba6726cbe9e,172072027
passed,push,5367a2d0687ec4c1901f693559cd4d2d14ca65d1,171623262
passed,push,128b7f932530a1d0772f143b98872d91ee32cc14,171554124
passed,push,93f58c7358fd0c604b58cba7b7dd73b5208af0ef,171520475
passed,push,166af44043222077630027e4a935cb9462de5bd6,171507714
passed,push,df5a894736b1f14e4e39c54a64f07c51bc0d3ce9,171492733
passed,push,65f6b4f4b132a051616403bcf74e4034a19d92a1,171492649
passed,push,9b494fbe1983f7bb49312d307b5da01f954c03d0,171470556
passed,pull,1f742a3a42767251fc562ae7a8e2ce504dc409f7,171440359
passed,push,5a5a6cf012b5bc4638f75fdf9d975086f0161c12,171436556
errored,push,fbe7acc1eb68481ea1c54844e8de603b4e7f75cb,171226892
errored,push,d45cdd4ba6c6aac4fd16abef14cac2d78040f69b,171219667
passed,push,d330fc7f880b49e9d45a44e7650d95a6f7afbe23,171167855
passed,push,6b20d80ef7c21dcef3778d43ee54e7a7e9dec881,171128294
passed,pull,0f8da1d05ba4f4f9b5d1ecaa234325c5455bff99,170833027
passed,pull,84d1318b8c91071513acb0d522d4f7a44099ccb1,170831989
passed,pull,8f4fcf62c17a5c7c7a6dd5cdc67f84f4efcb071a,170831557
errored,pull,811b80f62d7facbf20c691b0a7846dd7a5da4d70,170829443
passed,pull,c02c0e7ab626b72f404b457f1b09f6a211e80896,170693173
passed,push,e102fa4a86dad34f375e06c8ce0f52ea264588c3,170579168
passed,push,790362755a65efab7c0133060e6f2bded4d6c9a9,170564979
errored,push,3978c76e0d8aa8018266c6f6581a7a3064c37a9f,170557488
passed,push,a0d7cb868e63d0504764c9fa329ebe6664369280,170551324
passed,push,f809a6c794bbef61241905e5cda04316a4a694c0,170502973
passed,push,6a3ec685306baefba7e78c0b18cb43771b2ad34d,170477492
passed,pull,f6a5f611f5554da35dd2c6f46b7b27177c799cef,170281756
passed,pull,ddfdf84d885f1d76b4dbba1c024df7292b6874f1,170281143
passed,push,3637f153e2ed42670583ba07e8dac680f3917f90,170204346
passed,push,c91323f873e93f88d9f30b5e503f72a11e1f0486,170199764
passed,pull,09f6f24afef63b2953175e07c71343e6f636cac5,170116892
passed,push,9b4c062c1a588509d3948fef8170ee400d3b145b,169533059
passed,push,95d622574fe3236777c6c9649e1044bd01178122,169359715
passed,push,079c5100feb1356c99e0b6642b6b84e7fbccca3a,168938664
passed,push,87eb1b59bc3316c85067d5d9c404c3d6e5b835f0,168649001
passed,pull,47c42c77831d91bc2bd788677f9b487e257f76ad,168550890
passed,push,7970182d52338b1b1517479ee2e007f1c318be23,168369669
passed,push,ae80b8af934d280bd739f24959f7468a1ef5c077,168364014
passed,pull,0dd2fade838b5adb7d1a03641138ecad85a07de1,168040761
passed,pull,59a17335b72acf2e518a9d2516aa4af3886b77e0,168037517
passed,pull,b49cb3ab69c476993e6c845d5bc9143188a42337,168008502
passed,push,55acb1dc34f07d029d8a73378a981c1f94c92b9e,167927736
passed,pull,4ae2f802143dc7ff7e8b414c0a588716023b229a,167922926
passed,push,d67899df652c8a889c578a53a639d4c399925e2c,167017678
passed,push,0915b414d10d0737ac8fbd4819462d8141a09c8d,166784465
passed,push,dbf37a8b12159763f7721ea79644de9080d53e99,166774218
passed,push,4f87e773ef3e99c83f224d7f94f961690e073b95,166537587
errored,push,f54a81a8e2cab81d153ac2fa6745848a49f4971f,166503089
passed,push,337f44c1677ae628e4d218ce9260c59a2f518976,166137829
passed,push,fe8d349aa0dd8d57d65c2ab26ec42285f60ed879,165913043
passed,push,ecabb5e5944271d31a93b0054f548da40a9c01f3,165889286
passed,push,d495460c48e05e635db1aa604befd534f15c582b,165871246
passed,push,b0b302c0853f78df97ba9673082bca191c091fe7,165866028
passed,push,3d7c23f11a8a4541daf7cdf3461af97364b054bc,165810360
passed,pull,541c1e8beeaa4252b9f9dc8a64b498397a3a0ab2,165657359
failed,pull,0f00d58f84c3bb0e02e6c65a95f97c34a1a4ec98,165655960
passed,pull,8f2395e5fc828bbc416f4d31691c19f251908cc0,165653594
failed,pull,c14ca09dec5730dcd9b020d8add36293b1e093bb,165646822
passed,push,48daa0a71422bf38fb08f9149df614d411a8192f,165303461
errored,push,ca9c3513be29aa84a054e1c6a322dbbbbc4beda5,165240571
errored,pull,817bd2346a322c5415f59f2e0592c4a659f1a472,165087063
passed,push,df5a894736b1f14e4e39c54a64f07c51bc0d3ce9,165067528
errored,push,32130d5762f306641150ecd2325bb510036b14ff,165067361
errored,push,3cb09d1e686400d1d70e0280bb13e41535290281,165056085
errored,push,adc36ab47b87696e794d4cc63760dfb02c1c0365,165053211
errored,pull,2c0765e1b7818cde632e522ba97a17e3161e9018,164962958
errored,push,3e3da1d3dea1081b2134546a973e1e5e7ce90a01,164951572
errored,push,5c3454a2d87ac27d381653747916b4a369dc6b52,164743913
errored,push,782eac76781420dbecf4aa1031d718eb375c7a96,164303834
errored,push,845a2b5b046ea3de2848f27288864d3d1977ea1e,164143736
errored,push,ee94a94f524c1a7a5e916b023449b650b0af33b3,164081859
errored,push,e6f030b4afda2f4ac54a3f36c3d0e8b738772576,164016565
errored,push,be55ffa1284e56bb0a168a144b35b0b394da375d,163830114
errored,push,7dc13685f02c853bd05a8af57bc4c1aae230e630,163814946
errored,push,e0fb7507e53e7a641935d2e24bfc687f9f2028da,163811524
errored,push,d69c143db45cfa4a5650e78dfbc9aa79233bfd29,163806328
errored,push,7e751d1fd186317ac1ee1381e069b56ccaa65a48,163726204
errored,pull,cc1553ada445d83a1728cf781269e35450be2eb6,163602215
errored,pull,7aee5322435f781d3ff7838c7275f93418a83787,163601558
errored,pull,57861e8ea5e97d28a9a23449d8222b32d8134439,163601197
errored,pull,73967583e09b4b4e682810c92b568c8383f24029,163597660
errored,pull,919fa5673e285339619a21b24a552a6a5a87e836,163539281
errored,pull,f05d9f9f1c5dc7662c604f7c077ec9c25095325c,163217711
errored,push,69496f5940ae16ffafe7ab5102dc6fe04937490a,163202799
errored,push,c6a92d7fcc762a200edd1731771db06bab30ea92,163164291
errored,push,ed30c57898385fad5d862414c264244ee35f0e5d,163159032
errored,push,f02ea7e285d73bb13fe02a4a05802b4710fa3d44,163107331
errored,push,b1929feeb03a96c2ad420f0965e8f3bda530b365,162808089
errored,push,267fac11a42ad56158ff9f6158a0a8a36223ed86,162799674
errored,pull,7d6570d45889868f94db05ca09948e8dcd9379a6,162591979
errored,pull,451c53509a8d5d6970573afe634abd65f965f5a4,162591741
errored,pull,e0b56366bf6b4d3ac63a1e53c641c4b940a79d9c,162588628
errored,pull,f454f014e6d821ee858c390cace9bf5026d0d689,162588496
errored,push,11628dd9c1d1cce954a15d46079abbc5e74ceced,162263050
passed,push,0e19548257d527d7ba8ef01cc6c2255377c67467,162046251
passed,push,2ee096111a29f2d5637b93fafc99bd541faead19,161976251
passed,push,e9522d04f7c9ebf4549cd4017b0d9fa520b5a2b4,161967044
passed,push,98fc976258eb6b37adb78528b003e4eb09ea8dae,161959725
passed,push,c298e2dcfed6c3f42407477b9fc6fc5094d88468,161705405
failed,push,ff41ff1ee2133b47ab413a28f006c28a1f9ec2ef,161697585
failed,push,1ef01141f1e62dd157d401e24a152d2b3f5114d9,161679741
failed,push,cb3a29fb67936c2bc52b1cfee08cedab62950282,161636738
failed,push,c1b7bf5e39bd7483dc3925a14eb546a89a00ea1e,161382886
passed,push,f3118bffc136c93f0d85ee929f7262e0b2d700e2,161141815
errored,push,8025f5489b0cea538ada78f8c6590292d4ae461d,161103687
passed,pull,43b60cc83e7a248803828d0919532745d7ac25d7,160950683
passed,pull,5cf9fa3b17bde1b65cf1753e8647cc6cf1ece134,160896070
passed,pull,c015a9529908792de411ea99ac76f2b079cf14de,160895503
passed,pull,f89b4afd0b757bd5f0756e51e08c8e47b44cc323,160895155
passed,pull,b1be5de5ba215c5fd195da40ac94fd62e30267cf,160646864
passed,push,6ded67ff124f1be4f318dbbeae136d0c995faf37,160483338
passed,push,69fe97fdf4a0d8e3e4cdaa392e66e8dc2e08821b,160478939
passed,push,4fed015b8a30a7453b61d4ff3bbf777d6a0b2abe,160290290
passed,push,a01a16a72597d635805b1f28b61c3a4a72cb6e33,160261829
passed,push,2d9d38c335bc38adc7045c90283f8e4f90048b6e,160224240
passed,push,881a0cc8322d3147ae1c11b8bdf3cc6baed04a77,160210540
passed,push,7009118a0601ea3a2ff2629d10e47c3138078f55,160190235
passed,push,e7700e6f78d9594d1ee37d43bf4e0aa1e58b4e7a,160174432
passed,push,a6995adad802a7d21a8223916d8dcfd4209e5998,160165332
passed,push,a0f46c92c5c3ba95e9221da930a5970957af456b,159978292
passed,push,b319db437eaff28841274bb04d4cfbab7327d744,159952518
passed,push,6662777b4bbe4bb49f3d044281ea1929af38108d,159943607
passed,push,c93a083e9d0c61170e3c0c9183d558d78322dcd4,159722566
passed,push,850e58bc7e01ef3ec12e64f4198881b3b772a81a,159715034
passed,push,c27c6732c9b690f1ae6c8f3fa53e23cebcbc8c85,159688198
passed,pull,9a75bdf1e9f260d59fefffbfb688f5c121778143,159376337
failed,pull,e71de6a448907652c5a03e7cb1149750916977c3,159370232
failed,pull,5650835d83361c4df0e448326b2b978085ce9fe7,159368741
passed,pull,7881f4bb69eaa181cae1b81a9f5febd18703d93c,159296140
passed,pull,a4e09aca41ddb47d87cd8b3ec9116bf8c1c5c334,159295690
passed,pull,36a5b17ec48b503c5dcf5f6c30cede248f514ee7,159271325
passed,pull,121444697f8b230fcd581cc00ca9acd763438489,159095611
passed,push,fa7b9050c3632090928a3a34dbdf97fc55bc5e3d,158800438
passed,push,35c56277f3127ef90a488cf595d4d1c43d58c925,158740380
passed,push,1b4881c26e8701ad2f3ed835743fe0705c01c840,158519296
passed,push,93efad911b41aec2199bd72b9ee4bcec017e8507,158261406
passed,push,66d4fbbac0c56aae90582c62d74f1bb437d275d4,158224548
passed,push,29972d7c185b6acd0ca09132c315cf8eebbb051a,158219631
passed,push,41e03385ee37287845312b1d15c5d7bb378d660c,158205836
passed,push,d2b300f8d1aff1b58b2353b369b079741c8fc379,157960524
passed,push,bc506b9b4c2caf6ef77f02c9a181a60321e38635,157899231
passed,pull,2ab6759d0a2b77f4c2f886df4f8d7ea047e8a3c1,157351715
passed,push,d7a8ec278d82466bef86eecffa03ac8e7c3ad557,157303565
passed,push,0c350b5c61e48d1732ef1f5b1bd82bf92ca4caaa,157296069
passed,push,ece87b099d211a4bc52f18cef24f3cce10fb52e9,157152139
passed,push,192c4b1c1dfbae11a3b4705f135ede409faf3426,157138491
passed,push,38f5a373214a2246393f1274a1e71ee809d33526,157099586
passed,push,db8cac30f1441a9bef0a4ebc47c46bd97716c121,156935328
passed,push,58f40144cd50246dfebd00d36e372527ba912d0b,156894581
passed,push,5e8b9f6314d30bc97c77e17511decfcf85abb815,156834022
passed,push,212b62566935763aeb4d0dd9082b1238b4b6cb58,155993239
passed,push,3cbc829d062920b02efc4f99953f28b189a1641e,155372721
passed,push,bf011acab6f16f61abe35581cdbc2cfc86e488cd,155148755
passed,push,fd3c30f0efd09435c010f5fab52495554242ab52,155146244
passed,push,cfd409b2d0b6ed0ee35589d8471a44689eddccc4,155121074
passed,push,3208687a98d6decf4074389d6b2b40e667ac6dae,155072037
passed,push,760da0368b49188928c6efd7eb150d3df7fe96e4,154854947
passed,push,6c63cf3c8a9d94821e2b24a96fb4c3564377051f,154753868
passed,pull,96cdd28a704b4e28c7ef8bbe0bb1347e9ef5f1cd,154575212
passed,pull,855d70d940988d33027552340a6fa2ef8e45650d,154551775
passed,pull,d16c446262526300f628dc8073690174e6a80c28,154549060
passed,pull,d16c446262526300f628dc8073690174e6a80c28,154544580
failed,push,16d03d56aa85457a91b48f5b05dbf1701b2e880d,154544197
passed,push,484e083653bef124948c449edc56195323b8d00a,154504704
passed,push,e9482f34d0960a1b789301905e6ce59123d8a0ff,154480986
passed,push,f0cfb17400a63ec566886edc22c98f1e98b281e3,154271832
passed,push,ccccbf25427fbc2141ff9b502c6cbe467ac2a967,154258902
passed,push,ed63eb90b1f2feba71d7d3cde8c4611b853add6b,154182751
passed,push,e16c9e16b2e645d884944b721522aeb85e4c8bbf,153379537
passed,push,eb62df758064852a95a8095b4d3b2ff61a225cd4,153350805
passed,push,aad58839648feb938333a92330a99f9fa093a70b,153325161
passed,push,ed00daeb58e8ba143bb0cdfd4547c57985e2c862,153319665
passed,push,9718ea57e02620a44683465358ca8705438b89ec,153292610
passed,push,41becc60f5e1d8b121846c890478d39e6ec42979,153070096
passed,push,c3f9fef2e589d1555873349cce8c380f2c131653,153043036
passed,push,151e30fc903a5b6ed2c62367fea9150e929d931d,152975376
passed,push,99d3a02aaa9ad571c380fad7c2ac3b1377785b29,152778211
passed,push,949b399eb099f9ebddb101139b6883229a744483,152745294
passed,push,0798e33d8384abc87e673cdbca52b80ed5904ccf,152722488
passed,push,ed84d09dff4e10673b2a28ed2d12d09865b34d86,152712602
passed,push,6e62ae569837d8d2fc9d51c3ac6eddf0468f9143,152698006
passed,push,0f0f616ef7962d97748e2b1bbbd539e96dcbc7b4,152482757
passed,push,13cdfeeb204c4b3786be57fb5a0ea113b29ced31,152448639
passed,push,4b77bfafa9a59414a732e6f298f34b468e5e92a7,152444345
passed,push,572fec480544f11385dc8462d88621776fae2ec8,151830516
passed,push,c82e55f354858a7abbf4516db54e13599e1612f4,151613252
passed,push,df95c9ee241355679bcda83803d551186b01d727,151568024
passed,push,e8ed22a752dfd16ee3ff83f4233654775357b300,151553019
passed,push,62c8259058f3349cee51b2dd392bfe11664d4e9a,151522015
passed,push,8cc9ed6f04ed6d785227249a1fd1be621c45b17a,151507026
passed,pull,a87bf0fb0f3f22cb73a454a2cff81a27f7821a33,151494643
passed,pull,3ee2f06546d45df58a21234fb6897326d64982ef,151478977
passed,push,80a312f5a6c565d9dfe1355d723222c7ad8f4d1f,151247410
passed,pull,ccd4a70bc53ba34d216244f283762310cef23c31,151232578
passed,push,5178ace93305d4c203ae866f7c3a442f952d8e99,151025695
passed,push,5562218b96f0b262deb5c0d2288c1bcc339dbbb2,150979637
passed,push,b3b5b648499b186a5cdd0361339332f224b7b98a,150945252
passed,push,739a6f681c622033709f69b7145b61e226b9a852,150938781
passed,push,061da3b34c3497877bb65db6874f4e9610bed2e8,150655887
passed,pull,0da9b9cb51db7bdbde8b76229b6373b6801d7015,150636767
passed,pull,0f22e32a8a84275176db911069a8a990dfa7accd,150635420
passed,push,7aa9178daece0553616f192dcd7a2fca771994c2,150331933
passed,push,943bff9a21627e48cdd64f6d53cc8317aaafc76f,150156815
passed,push,b501c7cec28c94d39c172c58fd7b5f506f019295,150079235
passed,push,8f4ff6f348be4bf9ffd17e5a90d0f4b5f78aa9e2,149896622
passed,push,62ab4d2820243c1fac6c232a1cf7b7dc455ca107,149869772
passed,push,e2483714e1cf3cf2ff11c6954f228ed0dc0d8d7e,149845972
passed,pull,864fe89499775244f2e050f8e1751e018003f67f,149611876
passed,push,71766941fdf7c29b88c9ae15e04c8532d603a642,149483919
passed,push,f5b1c23b1604c4bdfb9902801e1fb61f17ac9ffa,149186834
passed,push,3776f45d1054faaa5e368db33dc5ebcc38af0292,149073561
passed,push,5803c43d7e79b969b12fb61ed423dbb07fddfc6c,148920304
passed,push,c48fdcf1825a68426f205542c77aff30c49804d6,148589809
passed,push,48affd07a86210f6e1b02a080a59d2b894adeeb7,148551888
failed,push,4bfb25c13ad69f837c5171172517b9b109d6d5f6,148395413
passed,push,d6235bd2cf3a551780b071c7022b2c8d2c96e955,148121692
passed,push,bfbcebedcef09d26538e5ad5c9a7cbe7d99fddc0,148035694
passed,push,c46f7980cacd5dd91cef64117e1bd0f7419a1c85,147795150
passed,push,c00b6e07ad609901919093c74012147b64910213,147735569
passed,push,1b2cb0589e53da75777f857d526327dfbf0f2890,147523158
passed,push,2979ffab1dd3ff6c2d0e9c24d399f2008608932c,147506714
passed,push,85461bd3a1f2ccab17293650ad7660a481ddee25,147498153
passed,push,15f94ddbb6f1537bb5a8651c08a4c4fa592879a7,147287588
passed,push,202ba853a79bdbb987bedb54839ee79109b397fb,147192534
passed,push,545da1dd55a20982645f365f2f30b53ce52af39b,146852690
passed,pull,571477fb6eb6fa54fe95b9793eb76970df54aacd,146082350
passed,pull,8bc084e1d8cb2646b9466d479d913d0ab9d19cc7,146016093
passed,push,288ca09bc98b3d2a20beade2133378706884705c,145913216
passed,push,095942751f789e930877cd734355afb4b7a837a4,145900918
passed,push,bb7a1ce573a6da955e095869bd3e06cb1449ae9e,145692498
failed,pull,d874b5a2e76aa2bcaa017568836e8637ac9de6e7,145126010
passed,push,d6ef78ff26c28401c4bd8a61b75cfdf052b65696,145065125
passed,push,453d9218face0014267fe39fc1e172c231b203a9,145061013
passed,push,a01998946b92508ab53b3fc8939744c1061dd135,144991387
passed,push,501e3353f543e2cb3e0f147ec1329dbc7c7a6f3e,144633689
failed,push,522debc80a9d3df903a018ea54f8aa419e82c44e,144632195
passed,push,ab7808a6c737b1ae9125f074f552f7d89103ef2b,144597893
passed,push,cb6938e0dac102685ded36d70e6225b01f1874d3,144315063
passed,push,8be417067dc8a2d3c312d38cc712b7ea3d446dc5,144195779
passed,push,8319b5479afdf51629b8a08144604c40fbd6141a,144181264
passed,pull,dd915903586c8bd90e734861c02fa6485046dfae,144158882
passed,pull,30b991f139f484dee884a60f3e0265c2633b4f39,144150834
passed,push,6439299ec90bf6af70e7651ca4cc8a5a468edbd2,144053537
passed,push,f64d1070bf6f8a5d6778f736ceb2f26254286918,144049611
passed,push,78272bb5fda64a50355e82634deb2076dfab3b11,144026580
passed,pull,70b4a5e9f4b1695c8109e10bb59647c4849586b7,143991836
passed,push,373d18a79d446b2770b7b16545c6599203088aae,143953366
passed,push,e5367f117079576ba10675ae78ed4752f250c640,143947836
passed,push,acbdb82fa74bbe28ab1d81376f38d7868af8ebee,143795663
passed,push,bf357415a7ef30e3100e7e8e2fc6b80129a9b74b,143751266
passed,push,cfc06d3d2f2eec021b6d58d0c50e6884a4b63869,143617318
passed,push,18080d258c897f4e357d95675c9394c54ad1719c,143594004
passed,push,cf2ee16221e38a2e600975f448b71e21fb321275,143442364
passed,push,f1f4c88f47c7c2a260a0d9410392e233eaada068,143312093
passed,push,f941b2d560f71d98c07c049d0a22cdf2f443f5b7,143062193
passed,push,d215851eaa46fe012abc4232a9a65544c52e3a9c,142818248
errored,pull,5de081a05c7572df7950ab651093355012fd54a5,142800613
passed,push,1a4d70b4ae4d3dc01670ce825d1666dc8a66cabf,142727144
passed,pull,dda7b28311523c267365c15d1ec58df5ff212d88,142268266
passed,push,a5b1ce806d6b6e9271debc430d335638bbb327e9,142245416
passed,push,1b1163b7e2c121d4a5b25b8966714201551976c4,141437252
passed,push,47685055994a5f873c3f2d2f41190a519a883bf8,141420960
passed,push,26304fc503be158226f1af31e06173a8d158fb62,141342168
passed,pull,25b18d7f03a23cd00ca89f3d8e65c41af7944d15,141107951
passed,pull,2b3d8ab47bacc920e2c7d0d1024d7967d51a8b62,141099930
passed,push,2eecfca0cc07d3773dbb51a71bfb53aae8ca774e,140907652
passed,push,165ef0d34adffb8a5ac84b859e9d58cd68412193,140833285
passed,push,c482dbe283fe2d87d9ea001f3fda74132134456c,140814563
passed,push,50b4633420711d95606d42e5a2f0abd862771d6d,140794068
passed,push,e5a731c3b7507efadc2a61b7c1bf69b964a646c4,140601996
passed,push,58c157015408bd6a11d3be9e4dd76cf617d3db53,140585699
failed,pull,9a383efe94825215904b86bef7fb3ad6c6f0eb69,140549787
passed,push,a2fde5411366a29259483c521955ef1fdcef280b,139823511
errored,push,29976218c6e986bc836706fa5e5fef737f10a2f0,139760218
passed,push,2278f6654038473e7e9dc09e07686fe6913c78ce,139750195
passed,push,9b9286cee07f3b239ae61f25bbea0e2fe583957f,139741549
passed,push,fa375cce4ce6415d42342ef502988454a62b211a,139525721
passed,push,6cf5dc8665a8396637f401cd9aee6985a65cec7b,139511297
passed,push,0c83700802007d8741f09232836ac37b0b3c11c4,139305852
passed,push,ea4973c60724570d957f25bd827a8cadbba71ce6,139301425
passed,push,a0844f75a6138c438453bd7bb8853e80bf0865a9,139224522
passed,push,668a35673fff8ae3acb8d12a3d5fdda41c1af20e,139036165
errored,push,5a6857187b707cdb6ac16fdf7c995b410dc93cb4,139016304
passed,push,c514e3258a1da18c5609422743b4eebc2c887b4e,138972157
passed,push,4736eea644d1d22e3f48bdfe4b315ee0e6288cfa,138617666
passed,push,ef0b70ed311c37e0f9d64c5bd36895d4c02235df,138563923
passed,push,f5195606e82244b2d5c581aa3b160b798821826a,138405248
passed,push,f159e3fc4d9dec1beea0cc39cd887250e6ea36b5,138399631
passed,pull,27ec880775e3b5c6c98a8c58de90de069ac5eafd,138312445
passed,push,dfe6f1663fff4181d3e24828324b18beabe83a1f,138136591
passed,push,81bab84bb4136603a247ad61a51b699e48d82c4b,138126752
passed,push,2d5bf218070babe00f63d663e55828e7d669c539,137589384
passed,push,eee9b2146655e142bd3d39675a9efc5c131b5199,137519325
passed,push,70f37c12b4cb53f5bce07084a150ababf575596a,137284389
passed,pull,28a916d426b56ba637b93f2edd05f7c044b4eb7a,136965494
passed,pull,b539cfaedfe102ccc114a98ef2891c28948dc53c,136504394
passed,push,ce340b320b78e7c3c758ece0a56ae17dd8e09a09,136308320
passed,push,c550125af4a0da6d2ba5a6dc6d44fa400824d9d4,136299255
passed,push,cee9942d5ac735d8d143dad9cee019670f3b8ada,136229913
passed,push,5cac6264bc946d8532fd64b91da38a85646cb5b4,136043645
passed,pull,3581a59a3e0c84622181885bb3b91a0a26c60ac5,135460546
passed,pull,15d52cb57705581d6844705e620fe8289ef9b110,135451893
passed,push,e53a8154368689026b3216fe259be4129c89fcd5,135107007
passed,pull,af7dcdfc65e176ac7af3ea4822a7fd574420f0e0,133782003
passed,pull,343d223a7c837036e80efe1550d4c67411ea8909,133776781
passed,pull,7a7e2d90ccd025181056f4b79978ef0313059b94,133532294
passed,push,52a6955f2a3f7d5e62bcb9561e5fc563b6e7fafb,133483952
passed,push,21af9b60469de976a0f7bfe38f48a5f10b906a9e,133148503
passed,push,6c23ac1620a6e78bc313fd3e6c0ee2fd6520ac6a,133142980
passed,push,7037b865b955e0bbe697e735ed62d644d3a6ff01,132562799
passed,push,7086f2ee96caee74013128bfa80b9fcb21b6a01a,132313887
passed,push,b09e955cf24482736cd6559786cfc10120ab867c,131708956
passed,push,7efca38f152334b6bca45c411355607d39b4c4a7,131668778
passed,push,370c604dda193d01913c02a05630f3ae80bdd688,130677957
passed,pull,6f6fb4a5481f57df1320c34ca5a710c3c249c9c6,130549445
passed,pull,a7f6f77d6408c45d988259d0eab77a6046d052cb,130549009
passed,pull,917e7fd450db34a9172ccc7c4bfe7e75d9ba183b,130544616
passed,pull,72e9e012279897ee767f7f68d709ae18d9f7fef1,130533154
passed,pull,1f1e63d9f1772a0b81ea179970ebba00d916aa2a,130532457
passed,pull,4fe1bee9b722d25e6838edab99ddba58bc795b61,130502870
passed,pull,2682490bbd23c643209804f4403a3b9a4d43243b,130502608
passed,pull,a0689008b53a6e9f6967de1b141ba1c3a2464539,130366443
errored,pull,8064c5bca9da9ae7465365c9d13032f47006cfb6,130361227
errored,pull,1c22a1ec72e675f1aa8f8f1138e4025dc314103e,130360774
errored,pull,042d786f0d60ae3c82011db3d506397c636cfa67,130360329
errored,pull,71d5b8590f3dbc92a0b4bb62f4fea49e5ef5f75f,130358544
passed,push,47b464a12eb901ad935b43a8720a152cb3a1fd4b,130079866
passed,push,8d0c8b531da925e5afa35ac9e9bced969d5213ea,130001582
passed,push,7a7a663c67b006b1a01f2603a2aaea62972aaa70,129487496
passed,push,c234ed7f015dc90d0380558e663f57c5c445a288,128095021
passed,push,14a372375b2f3786a0962966aec378d62dc7831b,127879152
passed,push,42bd9bef16ea055965aa8a40ad1242b950702893,127802048
passed,push,18b794aba3d0bedcc0f65b41e66521db25f63323,127618530
passed,push,695f19022688ac1a724aeffa7eddf0f8deb6f0fb,127600288
passed,push,a393083a312bbc0974be0ce567e56ca17b7ca757,127546348
passed,push,6c86373a9f7407af9a8a921435ee2e0e1ade922f,127233996
passed,pull,3afedf13de7644b1e239764617ea3f3b50b9a313,126096602
passed,push,1de67afcb295c771fb00a98281c6becf74926e76,125937729
passed,push,ddda106332902b7b0888eb3b04b8c538e6f3e8d6,125933914
passed,push,6ea15f3891e17a993fd87d86866296442980b591,125846170
passed,push,027e336819e18d7ac9b0d65301c3eed9ceaf3264,125828889
passed,push,5ab9ab92200446e240934fb0b06d9cb497622f57,125644540
passed,push,2ee69f587c4285cbb80f40d0d81c517d4778878c,125085188
passed,push,a901d4fcedf9c1aa621ebb2c1257c0279dc47a3a,124825731
passed,push,b734b00d9c190db6e70555d3937f32fda9f52985,124550848
passed,push,80dad6bf149f9b8d66e4db4436034cf6b7018398,124515346
passed,push,717146e3910cf4e5243defa3760c456c4dc16ecb,124496998
passed,pull,b3911caef14c7c8771e7f28e48d25796c8af8cdb,124393416
passed,push,e6003692500352e1ba59eee5c93bc21acb3f46c0,124264247
passed,push,4c39fc6e3543700272764fa707311bb7c22d3e73,124246247
passed,push,d02eda3dc4e1066f90b091d29f0323287cbd5b95,123955131
passed,push,03e61eefd8bb423859d35809d50877f8af8874cb,123917079
passed,pull,d7aabde76be45a8b1a2dd061da5f37e68ee8235a,123646415
passed,push,49e7d716f0f72d00c490864c3d11b815cfe93ec4,123411162
passed,pull,9b958d717f1d2aab8f027c807acadc5acb7c5b87,123363157
passed,push,c2abe9fd5346ed443ace463d31b2673f0a1e3d97,123352853
passed,pull,9c305a58b2eeb1a41a38ba248cf9769197a705a5,123234134
passed,push,e0198af556f68cc3a5cd20d638a5bba00c731c48,123091166
passed,push,946ebccece2c45cce528cdc6d2db1aa31d2cfa73,122850405
passed,push,2645626b6c724f1b9535e8bb49663c11e661a5a7,122279032
passed,pull,9d14b5475f5eb73f69f57af4afbc871c6c1d4abf,122132816
passed,push,693e95371e544e927a2f6c3f3ebcb9b3d6c2f525,121519868
passed,push,2bcf189a62275bb23fd92edf4dc72e9ad849a89e,121511407
passed,push,2f3f7b1e766d4831c87cfc210c5ab46b12d289c9,121467066
passed,push,0b556868431f6bc11c12e41ad18b7ea4b8b226f8,121218270
passed,push,bcd212c9c7134555114ef6892cd61916f1f5ad71,121163907
passed,push,5f0f00090a2c2f00916aefd8994988cce40f0060,120911919
passed,push,d248cc8c4d65694d934e96526e4eab0bedb8f5fd,120903230
passed,push,20cd7a4f21941f993600bdb182fa00e8da3c342b,120683466
passed,push,c995616f2409e2b20e890e415d6dd3d38d5bc1fe,120116395
passed,pull,76b50fcffaf39d9850fee06a588bf1ab8d61b22c,119970775
failed,pull,27735f85f380ba3f335c8143d4b56019bada2368,119967337
passed,push,5b608043b9d56a4427a2d8c1583f6f3c5a4e1023,119866282
passed,pull,021ce7ce01b82946ac085389befb0e2994adc76f,119841282
passed,push,519be107c031c05b506d407a7b7cf5578a2764a0,119826871
passed,push,45e1848250b10d88aadf726005612d1b2d328a1b,119554105
passed,push,8992cc01ce05904e3e91da265df0b832cc925546,119253899
passed,push,65e6bd2efb54b9f6a94de0771db698cea8d2a1ca,118121248
passed,push,eadcba08e2c5290afbe30b88d1773cca6e82d980,118052805
passed,push,276bd8045c98935858ff068cd64dd07a7dc42fc0,117801695
passed,push,94f1bf053ee27fa06b1f350646d57dab42d413df,117773348
passed,push,72f1743e7c365f6d979625d55fdfda8c18ab127b,117746060
passed,push,e31ea8307811fc8e82503fd901d55c7535c3e125,117738363
passed,pull,3a7e84b1ad3d902a1700bc12cc2065e470a1ab13,117645082
passed,pull,7d5d0057a04f1bbe247fddb98eb7b0c83e0a1763,117619500
passed,push,2ce6c11ff71122bd9b55766f9116ee3b7bdb2d75,117549995
passed,pull,8cd091b5dd35db3cf2e7b6baec7581eb4f66c15a,117221424
passed,push,e6acf93a0d2fe6fdf12f8232b6002a66599ad6c7,117140299
passed,push,7e0795df212bd33828d23f9fc27532f95d376192,117017031
passed,push,63ae85444ead5f9f4021877bf4a74599935cd608,117006097
passed,push,c925b98f0dadbf1fe836fe70251ba294ef8f6c81,116982139
passed,push,6bd4a49baaefd36e1f7c8c4d28a82d688b15a0fc,116971693
passed,pull,5ba13b4f067fecc756fb2581675259cb042c9fcd,116878708
passed,pull,dc3bab757213c54013127e6799fb82185b5ddc52,116858728
passed,push,00ad4b03340a6b58134e5f6f5c46c0eb775a3895,116647913
passed,push,660e86d7f4f6bdc165d923fb7851d11648ab88fe,116461753
passed,pull,812f440dd90b853336295a8163cac58fd5fc9bee,116352912
passed,pull,4d7b5f09b541be877254feec42988f7b4728f83b,116344763
passed,pull,5c304fcdbcf893bfefa9eae6079dfc92311b2e61,116344372
passed,pull,64b18ca9e30fcb89c46aa6b3dcfc506fb3fea4aa,116343613
passed,pull,6000cccaede1f9875d353a983583cd06cc706bac,116316435
passed,pull,7e6b3834c7b0550804521527a151362f9bf56982,116239591
passed,push,a25d9cc5d20a6b4faa8370a1afaf5b0f50fe361c,116239291
passed,pull,b143c3fd4c8b872480fc2d5f3c173b925d16c2fa,116238775
passed,push,7d436409f79a40cdae8c247d9dacae841648f4d4,116155324
passed,push,219235d1add4557c4a92db136b056f1afcdcae55,115917629
passed,push,a27bcd2f585ab90afc52173cbed38d1d573c51f3,115858890
passed,pull,0d6b25030aa6f46044a7d4c19464643d09203b47,115851210
passed,pull,93d0523f9796e6174a239e9d960bc5a3c0deee93,115734169
passed,push,2cd4d629a2b6f1a462643b248e0972f44c5133b7,115385585
passed,push,15ad032a151d8b3f3bbd2aa7aee83c326f9edc44,115134341
passed,pull,0efa33859c0ec461e5657c44345a2c365da87b57,115091957
passed,push,8a44aef49e970db93d5b3406d74b95e916b65467,115051111
passed,push,ba2024d4e147cedc3fb442746872b46b11fef8a9,114891671
passed,push,9a2c0e531ee7202ec0aeae35b7e4bacf6b8dc88e,114602375
passed,push,001b5850d1d3beec5caedf8002f87b33c1399471,114559602
passed,push,d1bcf31967d6070df7d65a181af62e5b9e3665e6,114548278
passed,push,189aa74b143dab4c7d8d8568961d39abe01e9209,114531090
passed,push,f38e143893dc6e7f8cdda979a4f1d2623623b028,114348634
passed,push,d810fc4b42d80b64fd118c2cf1483fb7682d34a9,114326226
errored,pull,fbe1cd7b4eb358f2d8d932776da959422c17129a,114278424
passed,push,a54bc6e1fea45a672837f334362910dbf1e6da5e,114251003
passed,push,dffed2f7420dff52045949bc3925ebf3491d1575,114248962
passed,pull,ebdba18fc4e2f1a162877adec67143b4e7f96bf1,114211818
passed,push,71b34733742f6381fc2f384121567e02968aba71,113913618
passed,push,622d9477e597d01553dad65be1f8eb216ac5431f,113685578
passed,push,a2a2ebb9aa29a5d24182f394125121129f936155,113502424
passed,push,6daefa4c432de3b3c26010bae33bbbefc347db64,113500325
passed,push,8c90f965ecbd401e5b1b70ed434b5ff46d9b77de,113492093
passed,push,06ab00ba27e5473b1461e5a8693a814721581fef,113251165
passed,push,f7d482d79eb1f6953d9b421d94118d34f0428406,113247958
passed,push,5364bf33e15c46c1b362ad7a7a5208bc012557db,113204573
passed,push,f5855cd04305aefaf519b42a737a6651e84546d1,113159474
passed,push,2d97fd8466f9bf00c7a90d1795b3ce0b891c030c,113155793
passed,push,2b384af7d7c63afa06cf684c24867757d7e54969,112934502
passed,push,9ee945dbee63ab6171f3eba73a2cb1219cc6c952,112910370
passed,push,b281c1fd5a960abf179fe8f4f280daca47ff2156,112765768
passed,push,892e323fca32945cdfb25395ca6e346dd0fffa5b,112689949
passed,push,b76c4183becbcfceb618dcecdfb46951209889da,112663576
passed,pull,c2a57ee29a32937cc8a9bfa9050d60570e54c863,112613097
passed,pull,9b676267f5671b51f0460ef63f8980f7f3c53096,112366201
passed,pull,2eafd9e291dbc2f3527781b331b846fb68d87992,112364231
passed,pull,e1ebfaf71c7a23a4517f42556acd0ce48ab3cac5,112363793
passed,push,012d8f4f9c07228c89c728330abaaa6a87cd318d,112154965
passed,push,907f05f02b50895a4d7515b40e3ec77d16f3c6e5,112111774
passed,push,bfc61d3bc529ee57e362db2075e261d66b7ef591,111787079
passed,push,67374248c30a9b80d146adf7f24fd60e3a6cf8ef,111754474
passed,push,f6da31136af15dd324d56d253bc17c5b9afe9759,111741095
passed,push,8613c4dbde2aaeb871dce3ea0e52811039ee203d,111284893
passed,push,517267d764f32383fdac36fcd6eabad855dd2f93,111277822
passed,push,e719a651ba846fd77d9a132d69f4e79a0ddadccc,111273427
passed,push,a2981bf2a683ccf67665a790de07055c06710d4f,111069620
passed,push,55f03321aea35bf38d2aa7c766aab02b8204da71,111024376
passed,push,ac083ab0599d9b3b4a59191b397e1da8fc39a99f,110988662
passed,push,0664d966535b95328b684b471ac05c481b55f297,110973224
errored,pull,c62047101e36cce92d2d9e3a729c4485e50f9872,110740770
passed,push,428f6f0cc751bc7c2f11b3ed5d4a2f9e3ec2cfb6,110480681
passed,push,1aaf7ae4b4b2773664d2462a258de506f7e1de73,110476984
passed,push,83b5794ba8370017a70a8e42a65370fc15bf6fd8,110400228
passed,push,2e3bb314df50a750c2298d3d0a13a30b95d49734,110228842
passed,push,b47da45d0ef44dac5f7cc82c7f1b2dff68b2f7a9,110195058
passed,push,a5cbbefac2ccc846dedfa0608125b85e92f20d75,110186710
passed,push,728300cfd7c7303d78fd272ce53bb61d85e7a567,110155391
passed,pull,834bed812ee50560448ddcab7718d50c563de695,110051509
passed,push,6d717b9dd7483d4b01a852b639753ee7105cfb34,110034912
passed,push,20078868d0e6b7739cc806319dcfe1534f82d74d,110020732
passed,push,08a6bb421f0931cc4cee499a631c651e4633787e,109998712
passed,push,9cbd75163ecb22c76cb5e8198022febfd4efb664,109902541
passed,push,024e56a668b8a1d2653655a5530ed9f4ed5bb166,109900571
passed,push,c6e21a35f3113a7a952a9615a0e92dcf1dd4bfb3,109888665
passed,push,b14197ec461092de12ebb8657f247412a84a5ff2,108881392
passed,push,a72b6e39f3b9800591adcfaa8f6d3c03254f05f0,108789372
passed,push,7176c5a66db0ab298e3f77d55760b17b74933af6,108662241
passed,push,f976f2b8cffcebb525dc2c8f06a99356578a4449,108366964
passed,push,b1f52443f73317a68e79417cba536ef6f69ebd5f,108358949
passed,push,aaf8877fd7aa32cc24e85fd3b5c9ffc6f3cac51d,108100669
passed,push,0bb149bf18b0a6968b2706edffc3a14616ead7d5,108052577
passed,push,dd813c144c86e9ee02bf72becae37fc1f5e1cb7a,107851695
passed,push,8d8eebc9fe60c8c06b18f4d684813e537040f3b9,107841491
passed,push,5f2e2d68051197dfdbec7c400dd7d97ce097f569,107833653
passed,push,d07efded0b474f2520bad78238db21e61343355a,107804665
passed,push,e1faec5f1bf6c8e0e880956239e18e2f1593387f,107772591
passed,push,21def41580dfe9250a3a1b8044a9899841034af9,107670840
passed,push,3ae3b05f1247feefde3a6cbe48dd5fa4735cfd46,107658006
passed,pull,f084ad501f1f51fd7abfb666f6b170e30ab09e54,107584387
passed,pull,085aaa471737258eec4307a9cf8cb1afa618f4f9,107555406
passed,push,fb3b3245bb5f2393870438e8540d7d363f917b07,107522638
passed,push,af44761113af50f1955feceac9dd7dfe2d127bbf,107274307
passed,push,693c8d94861f627fd772c347b4644773167b3990,107094135
passed,push,248ce9fde9013bb1562b1f1647abc6017c37811d,107023077
passed,push,eed5980c2e584151af3c674b74945ba003968c03,106804553
passed,push,c0fe985c62855adaa3a89cae1ec797e1150af3b5,106796715
passed,push,0290fa93dde6ee26255a0679f9f1b5f9677401ed,106785565
passed,push,8b0051972aa91d50be08542e027e0e017cd0e542,106562425
passed,push,2067e7725ee32d373a253d1fb24578751f3d712a,106553613
passed,push,6575f8aa9c348c9a73dc1e327e4bafb116442b44,106548503
passed,push,76e7d7a81012b19d5c29a76c1807a41cfc55575c,106527048
passed,push,6336404e539bb948caac14b4a00152409c3e7120,106474923
passed,push,8b0ec570c69b969b47262eff5935ddc7a80ced50,106387364
passed,push,2e112b74caa773d6d57c3766a8086e9c59d39bce,106338661
passed,push,1ef638f369964c1d1f56bd0ae588535c6abd99a4,106330904
passed,push,18c84380cb56e74d7e5c7209199624ac112f86e4,106324066
passed,push,a66c6ebb733d54c28b71fdbaf295f5f0d799996b,106298908
passed,push,026d168a41b35855a35b80f92aba440585f8e5a0,106287444
passed,push,6e8370d443dc3f2da70ca0befda68cf8d687216b,105752975
passed,push,4a68440ab9d8d60e13a48bd4441fbb36347efc58,105480204
passed,push,f001be54c2e3676d39623942e96b97699d42467a,105432282
passed,push,5b587abdfa0e513db8a11b7265ce8689d1edf277,105420984
passed,push,88e42e657a32f9aaf0fa705d40a164431133d342,105401453
passed,push,a1fb228f5b30cbcf93c4f912cddd479f36b620b5,104975812
passed,push,8f826b1b80fc43aefe3925a830f75bbebf101c15,104968140
errored,push,98815a1b93a18d917d37eec508fd1f06905ead7d,104773134
passed,push,8fbeb9038cbe8b382b1ee188ae8459203cd04fb5,104669703
passed,pull,7efc411828c2f4c391ba2b28aebc67222ba550f7,104501021
passed,pull,8255343d9749949fa60a3a108237392296b6015d,104497528
passed,push,919ffc3d617df7d049e8754ae62373166f879b2e,104123175
passed,pull,4aa2084975650512f8d4e896c6d635ef940aa171,103975165
passed,pull,993b5b7f701b1e05a78ecfe597fd899ef59bcdce,103974706
passed,push,4760f6ca0d68b3a374bf8754967c0cb50b54977d,103941820
passed,push,4b6ffd496674b55a6893bbd705a7486d661b1b53,103933349
passed,push,445c56885ce2616cf2b7690d8331964a3e099e85,103876299
errored,pull,e62f1a47ed13c7f7705d240f3bc81ff3666aa91d,103869425
passed,push,6fef0b0dba5dfa40fe30cdd6fbcc9d3908801e23,103683013
passed,push,9b826b4b45ecca5a77e94fc82581ca0600a29aa8,103385811
passed,push,3ddefd829e9fc0ed033613cd7d74427e6397c745,102709310
passed,push,fe66108ba9a4443da4b91f70e57f5763533d3ffa,102436298
passed,push,6f125ffc33d8b186a6dcfa78735cb54b80b04ac4,102418969
passed,push,5f195b68c222095a5e09e21fdb28c08238ed4735,102391307
passed,push,0107253bf87eecb709b4df2804ee63bd29199f57,102378406
passed,push,fe4170f6d89470ac57c127b12aa853c3c50c9c1b,102155094
errored,pull,53e1724d7b4aae3c2f6e17fdb2a9a17946a76d64,102070204
passed,push,1eb3090b9fbf13cc7e249d3bbe4e7652339192cc,101898744
passed,push,7256f579d7166a10bf4ff406df672a41531ae579,101623460
passed,push,a55f0896718693e112ca95107fb0f0e9384f13af,101602083
passed,push,621a20dd9a4ab9b034a492ff754bb325fa449b70,101581986
errored,pull,20a273aa14d45e348b8996faca4f22d8f9113d14,101251589
passed,push,dd571af41c828b6dbf3d56e56dda073c295fcd16,101142612
passed,push,e3f2c557c8ffa03962bb542bfe18481487b9699a,101141089
passed,push,0787bc502c9c639e8d7c3648466f3f37990016c0,100939456
passed,push,08b6bb9877b53e9a731f5a22f7db43e1c8648a48,100913884
passed,push,b467432088344f2d805744c5bb175e167843e497,100908508
passed,push,f68659f02b5e59c51ecac61cd1ac94041c49a0ec,100886934
failed,pull,6a6d627548fb77b1cf9fab6342581e9af4557ed4,100864332
passed,push,d6e1e0c2712f607716a13619505e74f00bbce34b,100847434
passed,push,1b0831c9f9229cd7049e24b2f62360b5e05bd78f,100629618
passed,push,e5f4c665001e8801cce23aa2a5fb493b7219fc04,100603515
passed,push,15950e79dfe33c36051c58441d7fda9d74509677,100167099
errored,pull,d0a18a6d2d7d60fb9ef955eb1a81c662a42ee447,99605908
passed,push,ecb5eaa6672faf665e6bdd064866ad795ad2d394,99334157
passed,push,f4bbaf7cc919ac885c5b3df424313f5b568cec25,99289884
passed,pull,e792c1d19d8d497fd54a93a8a456d47dd233d571,99287947
passed,pull,2cbc0c1c5805227576564c111396f3c52a22a3d9,99286902
passed,pull,49c0b731abce9caa85d943bfca01162a3e59b7c8,99147256
passed,push,7d3af5b5b6a4427220581b5d69df68d6d00418b8,98548583
passed,push,6ff77cf5941d5caac9672ce148ae6f7ab67cf144,98413290
passed,push,5d4abb0e70b63105f08baf156999580d53d1ad40,98208115
passed,push,aa5a184e271d86809d2dcb80e90dfc7dde5ca261,98136476
passed,push,cd78ca12b249fb1c2ad0ec6aca324e7d733da4b7,97702573
passed,push,8ffc1e3d94e3ef9f87734ff10eed8837bc020098,97680949
passed,push,d904bddd5194e3ebab7130a8394c1a4e93e9ebdc,97550482
passed,push,7e84e741f9f154476abdabce422f3c2360a6ab74,97531505
passed,push,1d14953afc82ec4c29b47d4a31a4d49bd722734e,97292081
passed,push,aa242aafb420e623c5f11ae9d952ec359246af43,97286589
passed,push,133f276136fb59db96eddfe7a43886af6deeae23,97283233
passed,push,4adbd561a73477763bfc77508f49889a2e2697e9,97107845
passed,push,0b328318604e3991ba48efbe78a6f73de8cd2f24,97015106
passed,push,379c224e53ac8684bbd9b50bf6986ed8ef13e581,97013538
passed,push,4dcbc834151c35573ed64e8b3b377afe68963620,97005949
passed,push,737ff2f3509afbbe8b959798a27f61cc8cf11d02,96859801
passed,push,326ec435e287eff23e72f7a98cf1264c876f9b6f,96857817
passed,push,888fba24b94fc0538a28d6f7ee667a043afc4356,96846151
passed,push,dff906257e001decaa061c33f8b1c1916606232d,96792983
passed,push,1b6b439d8335321a6f4b86af95cb49937b386c75,96774018
errored,pull,1151a987c8187a95b81339fc0ad7faadc3f302e7,96427369
passed,push,2fa06edd823eaa29cb6a5af3e98f296ec1ec0356,96352445
passed,push,621ce7fe1057d8b826093037c58b35bfa4fa6368,96343962
passed,push,e5070042c85e764062cfcdf48943ae8feffe0867,96310699
passed,push,bbac0656b2da4ef4aaca040d6caa4d76d927df7f,96309241
errored,pull,7a1fb6c8ac28c6081c7c90fe0473eab2b942e7bd,96268072
passed,push,dca69d597725d9270159951a805375070fd46b6c,96094442
errored,pull,292ccf402af7b7c141fe1a60c3d774fa8785d843,95991550
passed,push,daa84b68f31898f67a51207e193ee2ddabb088bf,95893134
errored,push,daa84b68f31898f67a51207e193ee2ddabb088bf,95893127
passed,push,a87dfb2aced2da2250d279b6d4a804650a0d6ee2,95866191
failed,push,1950bd3e86b9c0f7caba0772cca1d252c900a9bb,95855680
passed,push,00772bafbd858eb32ab5ffc6ea6a67197354ae16,95846182
passed,pull,8e34ccc5ceedcc3eb3ec35226aabc1c5a60f0479,95814860
passed,push,57c01464116fc758b7d1a7f4e355a4edd91ce752,95652099
passed,push,22d76943fcc5effee612cc12e89b7027ccc27aba,95459651
passed,push,16850211f730ea37a040ab46dc2c25821048b02a,95442271
passed,push,82810968135e9ac4c9120f44b0936d478492066e,95406430
passed,pull,956dbc50f7cdf805e6446889cb8626bed6904d75,95389814
passed,push,3f825ffd9d4485afeb70bb73fa10daf2facf0893,94978638
passed,push,c85eacce7d0358d0489d93ef60a4e7cd79aea080,94950766
passed,pull,2523401b6fef884a95fb6037a6759aad3b946ec9,94939864
passed,pull,b2c7954461605b925c3fc2b051a5f37484f9d8ee,94867797
passed,push,a87b7038cdc5b59169943ad7af71317ad8454d4c,94669947
passed,pull,96f3ad8814bf057d451f286bf0d67b6525ef96c8,94463097
passed,pull,aef32ed307ce1880c6d8a7d34c30b3813dbcdc8c,94461664
passed,push,f8fb8c005386fed668ade679bb1469355fddc4f7,94250356
passed,push,8d4cf0a55f703d31c7e5d4680094b1141dc5ee68,94244482
passed,push,8d4cf0a55f703d31c7e5d4680094b1141dc5ee68,94244470
passed,push,0a686a644ca5cefb9e7bf4a38b34bf4ede9e75aa,94044779
passed,push,69a42c5e6fcdba03e1445a8eb9acad7177c6a714,94010591
errored,pull,4313e6106133a8c10f467f5de3dc2a8d4bc12918,92422382
passed,push,04ed59121f88861eb24d59de0a0c66aa5400c748,92306409
errored,pull,1bd6fe63531f7b91f512e22f39f9b3d46d604e13,92254963
passed,push,daf4349567d344e72fce935aacbb68857327e3ca,92070751
errored,pull,58c3c6dbb4c0682fdb30cf07b5142e31da6a7c16,91986970
passed,push,71e57ee88a921c820d44897c3e9f5593709f8cf8,91614075
passed,push,eef1c0b22f32fd966f19b3c3f049a113b992fe4c,91414025
errored,pull,83410dcd7972e926a743a17301f989bd45a7c339,91405389
passed,push,0ff281075eee2af8e87d14857911c89a681dfc20,91387938
errored,pull,f0fb3b7de6793f80d6b6c7f680c6cedd3b313b7c,91332672
passed,push,2c735d8e347c429ba4cf97c255e0793ed87e0cb5,90971120
passed,push,f5ccc73b907631c3e7084f5ca281b61340abedae,90956773
passed,push,ce57ab2a17f6c04afadfb98c42f99a550b877316,90763614
errored,pull,5be83f3e6c403e245e577440c35698fb778f8521,90548824
passed,push,e20bfcfa976182e4f435807ae0c58e7707fefa75,90352386
passed,push,c5b947f94fa2e9cfc8981e85b66b3bcbbda8a66b,90126610
errored,pull,c7d6f28a78fe01e83614538c587d4cdcf7b2c4d3,89796375
passed,push,d3d3c98dcf1cd356c5afe1e5345b1398d5d1835c,89750192
passed,push,987230520c1871fd196df1d7a685813d3680b28f,89747151
passed,push,97d14313b8cd6725232f2458dce376571d81bdc5,89743032
passed,push,86daa5957a113a729dcfc75365de889cbe200a1c,89670746
passed,push,acb83ead07974893aa37d5e30fe8c4e1bf814241,89325002
passed,push,107078903eaf1898ad0986257e69444378c13bf1,89241281
passed,push,f506c13369d250027dfe9d5ee09695c839d64270,89230491
passed,push,37b5f69eecee2350f765ed1d613914e78f514e9a,89149649
passed,pull,5cf815777fce1523b8bc0e10a17e62ad35dc5e67,88852931
passed,pull,13858030eaa2e85adc1855028907da5c781e2b46,88850285
passed,pull,a153d1e72add80e6816c5c478abfc4622042cbe9,88849129
passed,pull,a31e60a462bd054fe9999f36b551f084de0daf42,88840196
errored,pull,37b8c8edb2e643fa664feabbafa7100478068031,88560376
passed,push,41c3a220300dd8e8b6e41f7089875c98a14cb7d9,88398582
passed,push,6b0e07b84a7a442965c2c85f0e1ea108b6f0c257,88347537
errored,pull,5ba29c73b229f2387c1fb49f97848833e172c5ce,88225502
errored,pull,954f6af225545ad50f92a7672e1964f7b0a4130a,88213347
passed,push,d00572edf1c42f9fc9d2419a615588404efd656a,88189840
passed,push,b949116fbccc42f90e96c9278c3593c9903a32be,88180053
passed,push,57cfd334a6bd2830e8971101a925bf5c4198cc72,88119710
errored,pull,6ecf26d7ea021e0e464f9e12d1b9c75185fdbb39,88082052
passed,pull,18a6d6391dccec0991c01d74dfced4db7dc64773,87978949
passed,pull,be4ee469fab914924bfd99d492e8e7c0a50a25ad,87900675
failed,pull,26ff5f6254b647ba99ba3b2732a59dff3c0abd63,87859948
passed,pull,5a90346ca9aa9b6be1cbd8984cdc1907d99c8b35,87765645
failed,pull,d6b3e0d24892aec1c4e41e90965f63a93a30d6f2,87750982
passed,push,8c412a725f91ccf05fc5231ce2cdae99141edc8e,87749169
passed,pull,437845dd5357c11ac421f3b4765f2acb24100a8d,87740045
passed,push,32c0b4c9c9badde90f4c49cbee72f12786a49d3d,87688516
passed,pull,c6cd371e741d3694422ad67ab392bf8f8e92812e,87652819
errored,pull,a964f0024244346e8d1a6c5baf801e265f781799,87645821
errored,pull,01a14202798e2daffd66dc6c812b3018a617d930,87641969
errored,pull,2285ab74ed4c43bdc86a0f4d45d033bb4f9b9a84,87627423
passed,push,e4dec2136f396f462de9f31c035f04a3686f6cdf,87543541
passed,push,42f98108422f92cb6620d6f22ff78d7ce491d76e,87530163
passed,push,cd3cc46a37e1dc005e2ad4ca3cc28ebb4b9a99ae,87515838
passed,push,d76cd8770c519d3341c91fb01aeb2b0e4026ab24,87488610
errored,pull,5b12cf4ba522e0a1e98b5adc68fbe4009aa7b379,87295665
passed,pull,bdc0ca74a49e0c91250c2b242a1c3ad93d6dee17,87093829
passed,push,2be61aa4ac0427a36c70ee75728b91d4bc7e246f,87089199
passed,push,5b9f5ef77666d2e1ffe5489d503facee83133d99,87075711
passed,push,44a2592b04490ad26d2bc874f9dbd4c1146cc5de,87071960
passed,push,c071822d399b5c0e066790067d575c6a56740762,87067575
passed,pull,8b25096aa31273949bdcae82a89647688c60dfdd,86988828
passed,pull,d21087b666372d0c1cd73861777c8e226e4d8a68,86766944
passed,pull,87ea2e2f57b0bf1be2f9255ac9e4c021c1db0ef5,86764370
passed,pull,6b583972eff71ca7d6742d716185bcd73569dcdf,86655829
passed,pull,27ea4fe93b999c99c27001cfcc15f90a320c0496,86643322
errored,pull,c71a2ffc6569cda9cec7868e8c4590815d55446d,86457513
passed,push,1a1b97ee1f065d0bc52c91eeeb6407bfaa6cbea1,86404432
errored,push,34914345ea2c1ea55fca0f72efd962022a3e8dd2,86399923
errored,pull,19e59b3d8939142b1126f02f15bea8b21924de71,86348815
passed,push,bffcd0a6edc5febbb7543128f4789e968f099ab7,86212908
errored,pull,ca759731d5293ab7f875de8f6881223db000456c,86133390
passed,push,63360f3f588a4a30d2d2e43ee6ec3f724d38b546,85737606
failed,pull,5d9364697ff68c74214bdfde461ff4b6be12c9d6,85701787
passed,push,73da46a848acc327b956d6ef6263647fd6457d2d,85568158
passed,push,69a75be1f1f8b15a03fe8aaf985aceadc7a10f41,85556939
passed,push,7eb6b3de60691344f52234184a44f22eb2eefde0,85539863
passed,pull,baa2d4b0543448708e27fc6d2f48a8e1eb676586,85533847
passed,pull,ce87199b11542457f5e3a04e2b371d4e74412324,85532984
passed,pull,ce87199b11542457f5e3a04e2b371d4e74412324,85527633
passed,pull,b5b6250ef2088aded82c02b6daa72caa12ddb64d,85485585
passed,pull,8e2bca67dfb3db3c4ace2a807996b6bf1dfb6c76,85471810
passed,pull,9530bd7b5bf5a8bcef87d290c7464a1244e69fea,85379351
passed,push,c7f97f64a32dd742461e22b1524d5ff03e844260,85181243
passed,push,b5c5f028e0b5fe178fca45a71b9b1e16e0b403e5,85179716
passed,pull,68ecf8e613c3be6fd07098d3080c2db24c9770a1,85101376
passed,pull,3af3e5f710bbdbddb0d2c370c41e6a6246f63252,85094718
passed,push,bb5673f60ce9dcda1c228b0d0e2ce2485468f965,84989075
passed,push,68bc047eb60d7f200f1190878d2f0c067bb9b842,84924266
passed,pull,50f5e2aa33954e91c7a42be9c47f25c59844c396,84879058
passed,pull,ad6c1c4cf3eb181c41b06699c31527d151c5b646,84874002
passed,pull,df5797ad816d03021eceddedf775aa16be3034ce,84866551
passed,pull,8897e6093983fd2527fc4b0bf2bf1e4d406c9702,84704659
passed,pull,cd4ee15837015a034d487334344b8f5eb70db5aa,84703397
passed,pull,0db6529e47db0d0e5e695d44ea5af26ce836efa7,84682282
canceled,pull,50112d77b111cdc73a4e176abf547d2a3e6614d4,84654887
passed,push,80b78c8ba68e32963e1684787a10b7f78c91e81a,84553992
passed,push,2025f478bc3b9f2ecca4918f80ec4a6878788afd,84510427
passed,push,e7aeee328e1d6b42fea2c0971b46b9ad649e2398,84508014
passed,push,83923892da4dc396e497c956f00cb4c577d941ec,84397601
passed,pull,eb0998accfadee7316607fc7a2e051f1cb97387a,84262940
passed,pull,b0dbdc85fbd6b431214150585068751ea4f9c9c0,84260228
passed,push,91b5db6570568265aec0a4636023c0e0925661ba,83741468
passed,pull,529c039da027d4fc1c822e10d1f53c9225b35d92,83597286
passed,push,a9f8b899c07a33c2203b4e6cf84861646952aeed,82992346
passed,push,b01e8df8a7ffdcd3d52c960aadb044fefaafc8ba,82928451
passed,pull,065f365a20b7992d95d8752dda54f7c4b76d3346,82888654
passed,pull,3091b888b376268cd8734ba8480af15c45467c9e,82866226
passed,pull,5883008731a3ee241940104aa09e2df902f40a23,82823792
passed,push,60fe0bb1bf3257779474af8fd80a59cb9a2f402a,82760038
passed,push,43081bd66bd9a4881a91001abb7d62855de3e4cc,82758916
passed,push,40c67d60770905d5dbb3a4966f492b95e9052886,82754404
passed,pull,d151cde23a901459a84f7c6184b76a1ab9469d0c,82678912
passed,pull,3770b7fdf263d3d5dec057a914ad25a48ebacfdf,82595659
passed,push,1667927759ca66835d3154c99d25fa4799e507d6,82576396
passed,push,611004986159134f4c45122279b5a93cb14bf3bf,82557756
passed,pull,fc25030287529c5c5c54a4b3905e6148138d1a70,82543282
passed,pull,9ab8ecad85e9fd4c8e3d3556444ac7fc42c480ce,82539603
passed,pull,691773888b87c55831b7c1f58a72a7849b2f72cb,82418585
errored,pull,814a95c6e90cd61a8aa16fb74a40008bd208a631,82418249
passed,pull,9e320097abd41bfdedb619ac01a98124b67fb1af,82415614
passed,pull,c1b3156e56ece51a23496201503d94ce7c5c9683,82415363
passed,pull,5e1869dc15f3f08d485b95a5f820e855e795f3a2,82412303
failed,pull,04f5f75a4330c0c19c273cec2e2c8ac6af6fb543,82408531
failed,pull,657e050555b49e64ee9a59b34c48f7ae6183f902,82405683
passed,push,c115c594de2f63bc710260cfadbe44b3b0e6ba25,82218707
passed,push,508681f2a02cee7865a9b7ef82d8d64dbdf8cd6a,82210760
failed,pull,9ffae91f4cfd03b92fd9b8049044a234bfa628bf,82125132
passed,pull,e08f682fffbf577e7eba64ee4eb97859789e6137,81450191
passed,pull,f6b91327fd3ae39c40f1a9d8da139d0d0bc2e4ff,81450187
passed,pull,87f5f437e0da9692b1b1766a9353a32656e4bfbc,81449030
passed,pull,1553625539f8c7ae81c39dd77d687dd17d95532d,81449026
passed,push,54dc1b0b18f5f77e675101ddb48e9ddfb1f1666f,81441620
passed,pull,32c6d4ca32577e6db245d7349d2bade1f2d250d5,81340561
passed,pull,89cb3bee01cbf9bc8122c6eda76ab1320534cc2f,81273607
passed,pull,18650039b41b2e359e907772f68658d6d4b4bfff,81243530
passed,pull,fc634011a78417e720ccdddb82dea392d73f3fa8,81243513
passed,pull,f26aab370e662530a228fb0999de63a3b6a30347,81140439
passed,pull,7a52b3cdd73ea71e964604b5f26d09535ce9c1ea,81140263
passed,push,49d8026ac5cc8d1d0acd4bd79f0a22f5b8fcb8cf,81058644
passed,pull,69f64ab888e3313cf3a4f30e65e0445b27fddcfb,81044274
passed,pull,0e1a47f99e1845cedf86f6b94e868d717af7864b,81043769
passed,pull,92ddd136d9afdc4b10c7d77741f46b9b8416fdc3,81022258
passed,push,417170e76e39b20849c9d4b36d40b9cbff48c17a,81010094
passed,pull,aa26aa4625e640023366bcbcdd5cb83aaa3bbe80,80971468
passed,push,07326071e771c9244123791f00b848cc4f44fd9f,80875653
passed,push,07326071e771c9244123791f00b848cc4f44fd9f,80875646
passed,push,8238e01ac71a9ee16a64e581e96801d488d06fdd,80496597
passed,push,37aa9ba6c22fa8285f137b34c309ef288374c35c,80297683
passed,push,faeac10f40ccac6d851983b1d88bb95a6c37d3ae,79515631
passed,push,9d094dcf64f6e7b51306c47689160025169306ea,79460849
passed,push,70a8f94e0690a51bc8b106c563a09cc4435d5cfb,79456911
failed,pull,e2d7e1dc3e9dd3d83eb7397e7df5702192702fa0,78870739
failed,push,3f1d2e422a12a29e5ac7425dc323c4b99470f0d2,78800308
passed,pull,1fc36c6bfb347e4f195c987ce493982683498dfd,78640519
passed,push,e45dc70105840d3816a6a1f08c9b6365ab7d8aee,78632542
passed,push,ef814effebd9ac91dc7d4b89ee14d46782bd6b62,78614763
passed,push,bc26f3c3b47acef8bba45ac4a0d30250d14063b1,78578723
passed,push,7f357b8db9dc1c0564c99689e29f5f927e623ad7,78208183
passed,push,6b3a586b9f4a0ad3936fbeace6c66f940aa7530f,78202680
passed,pull,5eb9734c4caa46ccd32a6513dfab2d2ac22bc37b,78175735
passed,pull,301f2493c57a84d14351c8e8e4f0721966635d54,78016513
passed,push,878097bc15a46e0f9cebcf27016fe9bb2c0109f1,77594414
passed,push,ee7ff4e772ba4273e298cd50ddce1333e8d654ba,77591924
passed,push,f95284485db2f50f5e88c95348d737ca1c6b0c58,77212537
passed,push,07a277bb9ab6dacd4bdbeee49024918be4159cdb,77165143
passed,push,062b226bad9d86479a23329e8c40cbcfc833d21c,77141558
passed,pull,e1e7139c1692adb49e8d9960dba038bf29ef18fb,76420469
passed,push,a34e7053d0b1db281893e0ec430f0d27ffa8e85e,76338451
passed,pull,3ac2daa11b2510a5481edc8d20e7309a4cc4ec47,76326635
passed,push,1f2b8775c6b29a89261cef3ddf33523b043c9056,76296455
passed,push,c94fe82560e55debf0778af2db287e091d01b419,76282276
passed,push,8fafcc4cfa302f75d70d3943b26ece226c45418e,76274091
passed,pull,6ba0641a24ba923cfa9ed54cec110bc71e359643,76156364
passed,push,3a604328c28919480caea60e754debb8ec84b75b,76121582
passed,push,623fe38bb7151e3afd3c539a67b06be9c0b663c3,76114004
passed,push,70b6e02a7c8ada33d89472ccba88ca9c55a22689,75648522
passed,pull,fc981af225a8722117da841ea44757f0c846a04b,75597323
passed,pull,c4ab7bc6d83b32481701f86d6a9ef7920dd489ca,75596019
passed,push,b1c37ad75c31fe7cc7f57f2b5427f44ccf2c0fd5,75496317
passed,push,047addc8b86b71b77f19850500097c113f4f543a,75477235
passed,push,fd2ed183d135fe0fa80b8aded6c56926160760cc,75467472
passed,push,b2fbacd11615d7d381d598e6c25d13bed0b49d28,75452751
passed,push,655c55c1bd99b610e40f1ca3973edac3aec60486,75422787
passed,push,0f4bd484fc6e1b779da9a4178c336f278e81d746,75312302
failed,pull,d9c91173be5436ba81e63a849c96169620b3c523,75133049
failed,pull,d9c91173be5436ba81e63a849c96169620b3c523,75120674
passed,push,cadd7237e484818b55be97883cc5d83f0f0bd6a7,74982943
passed,push,f884739190740aa4a73a74f1a445bc1bce382659,74976638
passed,push,02da7eaa207b2f31080427c88291f40c872cf6da,74965528
passed,push,462200278acc8e0224496a8f05ad3480dcdc679f,74963910
passed,push,9ec5f9cda354997424ca4012345f383390a4a403,74951312
passed,push,46b7091ca5c39464f67e2bb74b7fc48798fe98be,74907547
passed,pull,28cd86f4f1da62fad4190a4e8c9831c74366fe30,74819511
passed,pull,5cc3582865f4475fc4651907648aec5a1e6bb425,74819329
passed,pull,f128f9bf1dd1a611acce787b8fae2d9e471c5ab9,74810263
passed,pull,3e89d56625cd0bdd611cf7013b9acac808eb7400,74791505
passed,push,77dbca52620d360e15c0e4ef4ac71d6e0146298a,74606483
passed,push,9e56ef17c335319d21f1f2c454176c9d32687a59,74471011
passed,push,1670960e088fe9c1e78b5d7dd7c0505741bf2988,74462373
passed,push,8ff490732db7a71adcf561171b5444ddc61c8990,74452753
passed,pull,a5c5497f643e386c95e9e90a236a94c8567b03c0,74302816
passed,pull,14639fd98f58b7e18ffad31ec513a8a730369e94,74302121
passed,pull,4d1e27077db632a1b4f5b243ca4eaf2986f0cbc1,74298309
passed,push,5cc546f8688ded5fe8c0ceb5d36a631f00b758c2,74262691
passed,pull,2b967dcf17fd7c6a0f2d964480db403c008342bf,74258182
passed,pull,269357aff4767a045c4560b642e4dbaf70e70fe0,74257598
passed,pull,d4ab72ed1446ab43640129454e4de04a91a671f6,74229973
passed,push,273f6961656c6c5512ea8be49a0086fb0f6a29e7,74059196
passed,push,c5a469757a46757302030da1a00cedc22c6afa6a,73984973
passed,pull,c44109641d6773d3bae20f2f41cdb16c2baabac3,73663256
passed,push,755b2a8a851a15e7d9fbe32fc8d99e7670717631,73014928
passed,push,3b46e4c7725a828c79df9d3abbece1e9aae7d98b,72504567
passed,push,46d6b3cf6b814720b1cae280ac53d27c932d2bde,72364457
passed,push,46d6b3cf6b814720b1cae280ac53d27c932d2bde,72356989
passed,push,19de0d57cad063a5952dc2f33a573cb8ed0494ff,72356597
passed,push,19de0d57cad063a5952dc2f33a573cb8ed0494ff,72182750
passed,push,5c981c7f47bc4a3e30870dcadbf092328d4b13fc,72174100
passed,pull,3a968e12771aebbc7e5195dcbf1e5d55482ca4db,71901630
passed,pull,151bcd47625f0cfb2c6543e92572577b59e54980,71642213
failed,pull,300c13b30684fc6ca3451ed6c5782f50bf65f2ba,71640741
failed,pull,87811288d7bd9f91e91ae5c6eba00543dc80c70e,71639728
failed,pull,22bcfc5f3fec3ec3018fd613db3e105346613919,71638629
failed,pull,03397596825cdb8f5f6c372ef9664880a9effa18,71635260
passed,push,5e4e5eee5d5df8804db49ddc596682e7910220b8,71418883
passed,push,799f5952d9d6aac782f9256936cbe61c2d088935,71340177
passed,push,b7f275422d25cb592eecfe37b86aa7c1aa9a4059,71337916
passed,push,a91e6f2f18e7b5a9e72d4d782e11a111729112fb,71131916
passed,push,00adacb0ad4f35d08cfe1927b7fc1e9df075aa9e,71114596
passed,pull,340816491851e2949366b9c4b3105fd71630d07c,70879736
passed,push,f1ffbe598cec1c91a87926fb05df4b3176c3232c,70401558
passed,push,cbe012e7d5c8315a4418b3ea2be1e288a07a8ee9,70123642
passed,push,62c3f0a82c32cda85df28f77d08fc7967e52aa6f,70119756
passed,pull,35029daf3de89f554632de3fcd34a4581683d23e,70018415
passed,push,ee50c94031ae9449d52802d03241791cc2964194,69960984
passed,push,612aaa17a6cd84000779d01a03de37bcac00a1f3,69911003
passed,pull,2522d2dd8e128bdfaad7837c1ef01cdc8f9eeab1,69892160
passed,push,56990330cadcf1773b14334366348f85e06935e2,69758733
passed,push,cb0cf6a40e815e662fb63438dbbfebaf6d9dcb80,68533379
passed,push,e9a23fe5ef043723c428a47ca96049306fcf813d,67943198
passed,push,7c1296bc9422a15d9971b62ef050f660df42fcf4,67869048
passed,pull,11436790a0955331daac9202393f322962f098db,67552129
passed,push,d675f3c0a3c96c6a2569a677f5a94c586d68d75f,67070819
passed,push,a6ce7b511bff96f39c56e598143557dcff08db86,66966159
passed,push,3d04a569461d2d4bd978d822b3e01007d2e4bfd6,66928218
passed,push,287c48c59c740892190a0858218b7383b14f1b98,66895153
passed,push,67862aee98a823bc8ce926e4599b1eb83fc695b1,66477264
passed,push,76b76a8491d7e1cfe1f69ee00c796d907be3e8ef,66450902
passed,push,578a7944a7611b7433c05d5674fe390171004798,66236976
passed,push,cc3b0f8dc48497a2911dfe31f60fe186b3fed8d4,65939138
passed,push,9ac7331cdf831adf55842cce6fd9563b09d4766f,65301628
failed,push,3bea24c6ad264e9a450debee9808993bdaa25ea5,65150091
failed,push,b7413f6197c78856b7f706c773f4b9a415e4e996,65119629
failed,push,2b9d1761e6f913cbe044f1b80033e555e1500539,64954459
failed,pull,a16b6fe3364de6a90c5e86cbb4a3192d3bb1ea54,64363539
failed,pull,69d087ee632a8a57c54e9ced9a0f070f52a3a23f,64363448
passed,push,64164e46013f0939a0e6539620c33588ced0e6cf,64157217
failed,pull,1db898b217b0a8eacf3697310f7ec297977d0f31,63837803
passed,pull,627a29383995a5ac57c93d6a1d125c283b40dd2d,63556790
passed,push,01d5493fa96a16e4217dd5c3d2e953fca0e93a94,63390539
passed,push,3446f7093562549d863ccb00edc2d5907d4038f4,63368833
passed,push,a12990bf76c59305ff7b28ffbb2a90cdc367f688,62706893
passed,push,bd833b03a3b955c7c8107bf2be8930d297510eb6,62595433
passed,pull,c72b0b1efead287407ba46f451e6320ebbbc91c2,62423914
passed,push,9f5e84957ebe770949265c3eadd9ef355edc0e95,62262232
passed,pull,c6e5b5e8fda722324ace7066ff8ffc8ebb3309f5,61498275
passed,pull,bc2384e175ce95d6f52f096f9a929083ddc379aa,61496060
errored,pull,0c74e7a8c74a9777391e8521bd35d823913f967b,60859991
passed,pull,78a82692a3395bdd7b117dc13bc2dac699ec86ba,60829110
passed,push,9e23ac36e8fe0f54d399d54b67b3c484c46eccb1,60445210
passed,push,35c470b214182b163e3030c0e59cb6ee5c53944d,59931225
errored,push,45d5463b53e9e327cf1f86ea954853f781773677,58965787
errored,push,0506f938b4855bd2148e644ca2dbed0de0ed3024,58806604
failed,pull,863d12e3f2b17fc95f747aa77632d24f5e66179a,57439878
failed,pull,01159c6d2ad813c00f072e10db777f25b2f631f9,56996320
failed,pull,1e7f8194000ddd3bf933a5cc1678b21ba6869987,56720643
failed,pull,d4acedb7f737a148621f1c5cca7976b7fc0d06cd,56643279
failed,pull,45dc46590292c5d5ecd3876f474555b33648392b,56292862
failed,pull,2dd6ca15c64c0413074aa38f4fb88ee5b5fa46e1,56292425
failed,pull,4688502ac705de66d8eed08b66337adf3b05b8ca,55568875
failed,push,7af428ed5883d5237849d44a76d8ec0f41c10080,55551245
failed,push,8d6c68415db141d7e44e7132f0ed39c571d47468,55542363
failed,push,56456cb58c0cb71d7c0f05047e13718ad202b748,55527325
failed,push,ca402cd09435eec98bf662eac1a74dad6376f36a,55520966
failed,push,34f3e9f690dfd6f8352f30647c020ecc72ec5078,55236595
failed,pull,50d25a8b11466116840b65af3cdf9c5d6e4f896f,54681162
failed,push,1839378a0dc48379f018597adb0cbcadc3225d34,53659072
failed,pull,af4fce272009ec0310910a35ce7a8cb949c6377d,53461581
failed,push,58d63de6e4a839ca87177d0d77d6f7216523b31b,53392396
errored,push,69a86a80e79bed7bbc8afeea431eb2c60e7f913f,53222838
failed,push,3c7981efb11ab50bc98393a6a897859b8a4990de,53062940
failed,push,0d50b3add7225681826af56d8e5fc23e7405c9fc,52918591
failed,push,f84ad90572dc117039662560ca68d8c600b6c8b0,52909141
errored,pull,7fa704d5a218a4a4f1e4d691ae2c051ba9d9fa62,52834975
failed,push,957450e1f7f476718d7d13e7723baa325267c763,52340383
failed,push,64d13d81d5a3ffc35955a76b30eeed7921d2be5c,51889028
failed,push,7939255ffa8474eb55de08a230501598ae40a96f,51879858
failed,push,4b66ade572cab7a3f49d500e1c913659ed86593b,51877004
failed,push,1f6f5a3a56078740bf31066650da711b9247ff3f,51839346
errored,pull,01c6b49f29a25e3452ac5291487b5c3a1a7e7c59,51634584
passed,push,ac4dddb89b7557e20f17c9464f3adf439373ac0d,51418420
errored,push,7e5909477f1590a48348d79af2f6f07d6c0296c4,51412956
errored,push,8a593f3eef9bffd4a42135aba919883dd44ba6db,51397165
passed,push,7e4f51883753e62647f18018622a8f63de33f730,50558651
passed,push,a8ed2f87e111ef6781b816d683c7e51946295805,50551790
passed,push,2a18d13799f5de8bd39c25a5f51de859ef979e76,50548835
passed,pull,309f411bb3e8e40fbc30bebf9dcbea8a52a0fef6,50473308
passed,push,5a7ce45092fdcc00f7a5ba9eaaf7431e6c8d25b9,50416841
passed,push,e176380df8b0bd2d3b921858aa8a5a960d6ea15a,50413497
passed,push,4fc149cca70e2555f6d2a57129631c25526dccb1,50114289
failed,push,bcd8abb54113d4ebd3f245d18da8af99ba67098f,50090564
passed,push,a451495691f7e57de33344899e3ea2e0383a14be,48905117
passed,push,966f3b23cbf9c8e568f681f62436836530f1453f,48901818
errored,push,9028da557b552ae2d3dcf79f1978a566f5825768,48826005
passed,push,15384c305a3e1550d2829982a9944769e0778cc0,48819345
passed,push,8f1df29aa3babf441c262aedb6176714c6749596,47979923
passed,push,e6fd8a1b0710209c075ac0379de1c24bad650d77,47968669
failed,pull,67a71fd7561281426e0ca263f30f8272c8a6a0e1,47846066
errored,pull,e2c0095712a8add557072b33dcb18fcaca6b5e19,47831918
errored,push,9b446af7093a8dcc6cea883a10fa1e9cbc63966f,47698205
failed,pull,52df6ccc69a68e79233cd397f45c0b0080f7a83e,47286358
failed,pull,6d6faae2cd66fc0ce3ce71328efea0bcc0462ad1,47276833
failed,push,07df39abc6fe9c8e58006be255b2b2995dca8483,47190433
failed,push,3c090f535a548473adf3a7bd66520c377e6a696b,47179780
errored,push,fa24bad4e4ca19c18294062da539cdc78837efa2,47171398
errored,push,3dc2bbe30d61a97ad5426de39fdee619cf6dcf7f,47159219
failed,pull,53351e69ee79418c54332ef036090a0c61df0e24,47119065
failed,push,62bb8bd4f4756cdd796651397eead05637491e0b,47031631
failed,push,651774d3734a0f72dd7bccab9e57bd9579cfff0e,47023221
passed,pull,363b288b3d535bde41179bb0da0c0cd16ea69e3a,46711960
passed,push,146e1f88021bb405fa57611ca787678559d32319,46230122
passed,push,542d9336fcd198f03d650f2d19f21bf10e56701b,46227681
passed,push,e370ddeb7558f0028302c5aada1f89b469417b25,45463958
passed,push,99d2816f0a099430f28b69639e9f6f5aae388812,45363657
passed,push,b480594c212d7664412dcb7880fa33e40b21239d,44974202
passed,push,77ccd12bd901f83637293ddf760253ef57c305a5,44613147
passed,push,118ac49cddb47362b28cfd893f67791809d60679,44611283
passed,push,207dcb8706476005759f05f2584432c2b9ab6c0b,44499878
passed,push,59373217a53a416d614dac67b2cb531abe418291,44355778
passed,push,a70f009926809b9a37ebbc16ebbc9cf71030be11,43113051
passed,push,e152cfd14c610c68341de805bcf71589652f6133,42882040
passed,push,3d0512c9e7cf138add01a594a21ec4d46f836515,42667753
errored,push,d6ddbb7981b9e5b5c07231f8895bcda133019c63,42657702
passed,push,0f9774d76fa6b0d7353b24e0550af519e936da07,41499653
errored,pull,4a2e64ec15bbc8e6690093374df5172ca36d5307,41301482
passed,push,72ae31fcc225cea1184ed75d82892a0d06339a19,41264785
passed,push,b98c1f96240f3a4fbb4557c0b8498ea46f017808,40678187
passed,push,92801fd18d29072116bff0014a0365b8dc9ba4c5,40588934
passed,push,ff4513325162b835b98cbbe4b7c1ad7aa9282a5a,40348586
passed,push,0f256e07f91fcfed2f6fab1038458e8355beb65b,40324835
failed,push,2ba0fa47fd72c932c9f74e9beeb1abd09773e7c6,40241190
failed,push,dc6f49925d3e93e3e7d2f52be292a454ae8346eb,40227446
errored,push,6e62f36aaeda5b0340727a48859a2dca81550c75,40217317
errored,push,124e573c32b9ae3d39a7e59664855a4821783904,40108472
