Status,Type,Commit,ID
errored,pull,d04d11d1120d8c8e6bfbf5b8aff6f62413d4de68,283067993
errored,pull,4708c5048c1d4a64f1bbb9c0d5dd1c5bd60df9c7,281508713
errored,pull,93cf1c43d1d365e1234db1d2372165bda9c1bf21,278267417
errored,pull,b0f632d21f6ca62b7b51089a0b9f24df035d644a,278266069
errored,pull,a5fba87103a79699f489e70cf4880fa9d96e2937,278264656
errored,pull,6dda86f54c90e507d4b473ebc8de52f452f25b0d,278131135
errored,pull,fc2c6674b470403c28728051969d4e7498999320,277299717
errored,pull,abd8ed95a46535db9baeccc596ed97f6f88cff3b,274427435
passed,pull,ebceebaba759cfae8562b8f86f93e7d4196e5695,259940867
passed,pull,ba67fe2296e8a94edf55be0092d6a78e202151e6,259938091
passed,pull,e21253942b808cb626b70fc943f9e7408751c4bb,253619916
passed,pull,8e05687d4cc4ee15affd9e07825eed7fc3c7eca0,249518522
failed,pull,8bc5e0b71c72e11ac2b06c20799c38c128e9d8d7,240428380
failed,pull,75501e436f33a056fb99a925e93da036babc3cfa,240428053
passed,pull,5991e11cbe4b92828bc83dd5e925f708b5961519,238852376
passed,pull,45ea4233e6aa53bcb1ca0179af5d99dc39df5de1,238805707
passed,pull,23daa04629c9aa7c5023eca7343e3eb8a0dca85d,238697119
passed,push,e7bef34ef6379735e2a58df1b23f351bb7e30e44,230387595
passed,pull,c5efcfe4bdcc3bfe15e4667d0e24924496aea720,229234937
passed,push,d2f039541811ebc6d0ab3ba94df302eb70d34037,219519853
passed,pull,623d4acd9b9ac0800342daaa388422f9c047c355,219518794
passed,pull,62efc334f0f56aec2e9127c58b0bde01e7490469,217269154
passed,pull,21c76d55de09978362eacaf9230feac2c219c9a7,214973171
passed,pull,bb736f1ca7eacc217446b305d70198683a8a3b72,214966636
passed,pull,f91ab58b1bd02e922a121bb13118f3ddfd16a7d4,214961570
passed,pull,5229c2be12a86c6d6fb0c9467661fdb826c10e8c,214961039
passed,pull,53dcfcce49317ad6c8ea8bb3f385d6ed5797bdf6,214897610
passed,push,fcaa7e533299adcfd7f60746ed7371d9fe158da8,213784947
passed,pull,773f769b16fcdd7e1e4a63288193af520d44c094,213545968
passed,pull,0d85fedb8982e6c6de263a82c47a828614eac0ac,202134125
passed,pull,cac54eb582cfcddecac48435c41696ac6c6fb311,197661233
passed,pull,879ee44d2cf7e8fc74bd2b0d9be6e3c704ed8799,197180407
passed,pull,27e6df149d6b013bce37402ff1d7c69480e818be,192958486
passed,pull,e7288065ca40ba59d14d09144453be5c1dcc4923,192780557
passed,pull,b8e914fcdcc1c276a28b8d195c4c4a41750a9d0f,192029824
passed,push,a94a1e35d3eed1f62c6018f5116c70734d28921f,183392163
passed,pull,0919ec27d723117358dc9e0e2ec7ebd7cce62ad8,183385625
failed,pull,c55829594e7e7c802a4265a31b9e8ced5b37ffb7,176852249
passed,pull,6992b9a39554e580845c1b90d00a6fec955b7ffc,173453325
passed,pull,523286e0664fba077f221aede232004f93b154b9,169913371
passed,pull,e8ffa7a76b48d2942f17de99d4cac8d507065894,169911904
passed,pull,e8ffa7a76b48d2942f17de99d4cac8d507065894,169911652
passed,pull,324c0c2afcd0936c538808619533f05cb209bcfd,169825340
passed,push,7329be524d82615f24faa2dc902fb86df0c793a2,169287068
passed,push,77cd074d6e7da23ac2282dedc642ecd56c3e12db,169284160
failed,pull,b7d1178df681f025b3c32639a78b859bfa9640e6,168970594
passed,pull,2db4c6e9ec44cff4b83a8b0c64fd2318c8f2e9a3,168844003
passed,pull,3281404a6adb7ba40c26275ec6ae79e42b2074a7,163963579
passed,pull,dbb9d5edbc0737f3842d32b24c6eb6c501b62830,163938093
passed,push,36542433938113806c8d1e3e4b41c64d9b8a0dca,159642916
passed,pull,696e938c6c12ac6a697caf39405eadf53ff9d2bf,159638816
failed,pull,235bfb6478bb3ccec17c7aea747dcca91720cb12,159633475
passed,pull,f5dd1971080ec511f0c850959ec37f0134a8403b,159080652
failed,pull,4eecdea7f56b8b5ecddcc84f704ba9e2fddc61ff,159080245
passed,push,f905d59ac9c3c1ad57c755a1abb29c4fb2d6b7fa,158304504
passed,pull,17906e4eb96ab8361eadade7ffc6966aac10309f,158299870
passed,push,05070de40064945f83e11d464e43027a7592b366,156052804
passed,pull,d0c7f3e63682daee0cb2facf5196cbcad5e4cd11,156049279
failed,pull,f954df6f17c4f7b474885d3cdbb287341a267855,156017741
passed,pull,47afb6efc2903aa4e0b34b62bb2db80f23ea0f5b,143550529
passed,pull,74cf0fc8abfbf148d063cdd215d2ea4037d838e8,143547467
failed,pull,05e3495136773c2a88c4f1769f9d0188ca25dcd1,141834714
passed,pull,0ba18e74a7feeb8a961fcf723362ec0b44e5b491,141145832
passed,pull,5337f7d070184b3fee35ea5564e1b53e04e9f7d7,140265362
passed,pull,0e1d8ab086e6fc0bea3c5f49c8b7f676f3ddaf61,140262180
failed,pull,4df2d973f8e3c339643799599d9979602808c777,140123105
passed,pull,1ac5a36d9e976420b53faff8c5670cfa8a2d6d67,139897554
failed,pull,4624711111120f3c97a8bd95ad7d420cd287454d,139890240
failed,pull,482738822dcfec0f7c8bc6fffb4fb930d5716116,139879815
failed,pull,6ec9831926d8d299ba49b8f60c8bf0329831fa94,139829618
passed,push,abf12145c135199140823566038c50074b4c4927,138470340
passed,push,8afc973fd4e56c0ff5334319d62c7e5f8c41d01e,138470244
passed,push,cc7bb9318a89d6bbccf87f61c0ff5ba9a5a9e17a,138429154
errored,pull,692ebf7414d66cf6cfdafe23618e132d2bf466f2,138429111
passed,push,01e417a6e11047ac1d86c9907184c2ad8a1f198f,138425784
passed,pull,a268da3580a8cf4a02e60760e4476659e002fde2,138420048
failed,pull,ad0e691af9fbd583ad88061a848f9ce9da933b65,138405427
passed,push,7f9a8c870bb42ea159d2efae6dc2f4ad89e2fb85,137370877
passed,pull,6223d55ee50b47f9763e128ff8df219497994b7c,137366626
failed,pull,a52daec396880de593539b2dec9a7363be50b23b,137357144
passed,pull,ff7072785d3dbf4d840e0400a4936a4464391a15,131046472
passed,pull,104b63f83c8f4fc11cf1ebdbcc4cb5d4e5f19f66,130630030
passed,pull,9807355e4c5d7579ebbab2422d68e679d08235f9,114415521
passed,pull,9afb291d41832ceb7c073822807784ddfcbc1e37,114413384
passed,pull,a409bd3c902ea50a7568a24d639b6ee1a0383985,112343397
passed,pull,32de03995649b4c62c304d65d1a636c6559cafe6,112343127
passed,pull,47e70773b18d664606634e2b6c226ec2ac27a42f,112335230
passed,pull,8e91f0261b94f3728725174197ee61055d40fe35,112334934
passed,pull,a4c9585d3796590cbca050c8c846b421191f91c6,112331017
passed,pull,14a24a7e6e402cb6501fbaade6802cab7cef7712,109073315
passed,pull,51b54d4000b0bdc488774cca35fc8c8378f9af24,109053813
passed,pull,348b3eddb9c69f30230e8536efda059c98757046,109021110
passed,pull,2c4d7c9e484f257963b54b80c1f4a129343066e7,109021061
passed,pull,cf21442d09e406465ce3d12f36959ff6286d591b,109009763
passed,pull,5f591738a856c80e61eaeefddfad049ff5d84bff,108883113
passed,pull,5b49f0d7de651e3e0803fca023a64a14b8ae33f1,108868313
passed,pull,660f7f9e767233538301c421ea0f19a0e0f23ee9,108867839
passed,pull,59edd792ae17055b0c8fe11c551afd89432612a1,107694506
failed,pull,0fae3b59c409399330fd6c01ad36f17b12d7eb07,107693629
failed,pull,08518a3573b9520eb71ff31ca22c6f2cbe39821b,107693006
failed,pull,fefe88799037d06afc932bb54eaabb7e17c82500,107691851
failed,pull,c3555f53a6545095df8da347c3e535c54da99b00,107687508
failed,pull,eeb1d5f2024f3e4f261663eb359ebf97ac0fd339,107686856
failed,pull,c5285986b14a098662878c349e001fee34cf4d5b,107686798
failed,pull,261e3b31b0ba81fbdd4b48ae1e3fb5d2793d2f98,107686364
failed,pull,3bea4ab12aebd16c6d7e476eaea54f9ba7f2c405,107676941
passed,pull,8833bf0c7b5154b5e2ede922939b8519d7f0c80e,107535053
passed,pull,fffb99c53d0b34528592ac458f3e6196fcdb2a7c,105295772
passed,pull,a2d58b2b7adb393ccca80c8d5bcadacafa19b925,105285455
passed,pull,03a8a11e319dbc1f3e7c61457da13d0a92a0a7f4,105108238
failed,pull,d2b3473933eb3f3935d3246e89d4bb65a3148b02,103973370
passed,push,9f0fb561a5cfa269ee43b1503e3dd75d1493e9aa,103864255
passed,pull,49189d36fa4459a730a08ffb62c32498353f8743,103728388
passed,pull,d0c841af9be8186a3982ab8450215047f013d354,103727453
passed,pull,aa8a3ac72d5fcc050a0dfb82d334be96148ee89b,103678982
passed,pull,8dbfb26ad9289bda9ff9dd988cba3446e36cd78c,103678354
passed,pull,2901c18abc216df363b48666b2124e1f5b8eb825,102993028
failed,pull,c2839cc566fb1d7b03ac6f6a41dc3b78fd9190d3,102980062
failed,pull,9840113327a75624128b7da7d3df372816068d24,102979480
failed,pull,b69eccf96ae25a1e562c44b1167f36ab3608bd78,102979250
failed,pull,769daa14a7d1938b61edceec3271efdcdbde167b,102938951
passed,pull,730a9e671a9110e1e429b2fbac9895f4e67d96e4,102937746
passed,push,844b9256d6ea95fd1909366d0d0a9910d7ad5f0f,102922970
passed,pull,0494e18b7245eec08a732214303f5c1e7d18f678,102898798
passed,push,b0652e1007db3cc54cc8b3fab1d24c16129a5e58,102871827
passed,pull,b420725b7a6d142eec036744d7dce855669b08e0,102864920
passed,pull,b0368cc779d7558a820246c5459838cc9006f5d5,102842058
passed,pull,56bedaf9ad7b967a7499a3b488d340182ac968bd,102833446
failed,pull,d293c1100935a5044df29bd1306609e05485d0b6,102827987
passed,pull,dd8e753eddaaed59e51185faeba15636b4fac020,102824695
failed,pull,2c131cf9a3e570e6a009341ed0692b311b94183d,102651850
failed,pull,e7e1986d08124b08a06d8cbf26b8eca0265ed5b7,102619902
failed,pull,8650226ed1efc73ed63ed4bff46f4f60f511649b,102608430
passed,push,8d2103a67ec66350ca453933e59e00b73c08ad8d,101926552
passed,pull,3f9bab479f4453e56ffe05c28ff8f69d14f67d8c,101884591
passed,pull,ab68b3fe8bb157c1e9fafa874c5bc752f954d8a5,100919483
passed,push,2e620fa57440c97815ede15da244631b006c5446,100672622
passed,pull,0b6be5a4e12e412f9365a24e4d8fad4c7007ad03,100670455
canceled,pull,599d7b9694e61d0669faec2c0a0f730e119fcb21,100669530
passed,push,059807b0c248731b0e780adb075b7db061987917,100642865
passed,pull,075fb75a4a1fa7c9e2592c9533f8731908a27eec,100605166
failed,pull,81e6b78ffa6793ff49a9c863d3dc686a81f23bd5,100459800
failed,pull,9f6cc40b89d5cce5ce7554f8b75de8cedf30f91c,100365111
passed,push,1a56b5b7af2ea41d4523e9961a9b8351aeb136ab,100139427
passed,pull,29e0a52c1d7ed7974da10606bc8ecd82f3a91461,99542027
passed,pull,9770082685c6f0992acad66820ba2574a68b4b5f,98463065
passed,pull,a63143605e4168e73f01710933321bf3bc475ff9,98462908
passed,pull,e4314cdd664266b9376a60e98533c28f75d37c11,98401214
passed,push,fb01e9908d6dc1b562c20d875687ba1cc8ebf8e6,98353040
passed,push,b18f23fb9b3d072769dc0f64044ce76b2527f8ac,98352110
passed,pull,d1bd8e72341f620659b2b54b3fa243f77c7f874d,96610989
passed,pull,febed0d59dd0515f262b707342e19d708d995b9f,96309710
passed,push,f4985ec30d5b0368c17792dd31aa0befb5171b34,95235734
passed,pull,02a56f19579ae5c4aad36bcb03cfc60b41d6b455,95232527
passed,push,d7354eceabdefbf5b1a14bc648786aa8535e4ff6,88149010
passed,pull,fc763a81de963afe96101bbc175c04055b7a354d,87944294
passed,pull,dc7008f5860da547e7d65ca9869c5d7adb5848ed,87367819
passed,pull,de80cc251647d518ecb0fa58ce2aaa53a2910f5a,87364758
passed,pull,10ae7147669300ed1a1d369ca861317f5d5595e6,87345790
passed,pull,b481e117b397285c92264b6bff47f514cf69fd60,79816976
passed,pull,45417e2f05a7d24032525e20cc3608824e1f322e,79816533
passed,pull,0f459deeded7a8fbb97316248bd48ff5ddc79872,79810192
passed,pull,b681bbd6a2b36bb4fffa375ab4c83717177cd7ae,70650366
passed,push,abc78c361d9018da211690b673accb580a52abf2,69783337
passed,pull,d55bebf3e72eeda1c28c8b8e48c699a026e078ac,69757947
passed,pull,32b19e38f187110a4d1de18845df8a7d3060fb89,69384808
passed,pull,809621fdf8709a51b5ed70340afb295713a7f5b5,68987664
passed,pull,f5e86b19d5220f9e1cea4c89ee9398ffe0c45c11,67693185
failed,pull,c4b9f11a9a165f231c17d9358cacfa97474ef1ce,67691937
passed,pull,a0576dd69929e7e51d6bfec8a70bc7cba242feb0,67691804
passed,push,6a0ae3724d1d97714090cd8697d9f8df3a622941,63478510
passed,pull,990f55f322d1d982457f75b756d1946d00e3fd74,63390836
passed,pull,4fb39ea3d3a61a27ed75855e4760fb1bbecdac34,61975226
passed,pull,8dbfee605c5f962d0d4b8f8d3ba199c965155150,61973242
passed,push,86e8569877f5c82d8beed61d1f6ce2184b0153c7,61621258
passed,pull,409aab3e0283a590c0b425599df3e001eccbeeb4,61555459
passed,push,e407dad12885a15451bfc52d30edde3b378ffcd7,60575302
passed,pull,23ad3a3425a22d64e8fe42d69a9d51791d5e8df5,60568097
passed,pull,b1b52f7c7b53688b73ab226128a4a2420f2e3cff,60504637
passed,pull,1269b74b7387510450731be3396d8af3b31a5052,60501184
passed,push,11e2cdbdba7e17590e2f152482eb218771596c59,60452949
passed,push,0318b78f0694e6af70b17a4ac973528ec2577316,60435939
passed,push,789ea62421534e783f0f874f2d02c3efefd234a6,60432770
passed,pull,8f84d8751e5b8a722b2ca149f80065d424662553,60414918
passed,push,57e87fedb5af85511af7247d2e58781c176e2333,59780060
passed,pull,b6b0c70514943d15c731366dfdd544c6595c9dc8,59774400
passed,pull,1c85bf91d5e5a47e262ad09c694929fac327d695,59707190
passed,push,25b0a46ada0f8a5a1c3b3dad109ff2b0b3bb12f4,59640579
passed,pull,117b149043189da56577545471c87eff94917ed1,59627819
passed,push,34722845ec3316a78e6131e752bbd0647e3c12f9,59535552
passed,pull,e27e951770391f061c1679ed815a89021a60cc0f,59485924
canceled,pull,a728b9198f3a4278895f5e193c2df2825af279b9,59485119
canceled,pull,935de0876a69e7df8322fb4be53d690d0f0902d6,59479940
canceled,pull,7139540d2ae3d3cc2c3465d1732c242001a82a6f,59473717
passed,push,e3f556653ce41ff4e133ab45029c261db9ca35f4,59436548
passed,pull,ae6cea7a6c725f0c7d246980bccd0aa6762b3d93,59399130
failed,pull,2efc574eb5e3607e91f55850b9aabf5e1c8e5007,59330162
passed,push,06669e7978846489c0b80ca5a18f3cae0283f089,57669194
passed,pull,20afc459d5bf45e3ecf55e38af2095f87c21b6f1,57263848
passed,push,fef0dd6abce2b52d45d9f33da837491d0e4e17e0,55697685
passed,pull,eb58cfc239d539b4cf6dff3085b5df94bc1d7776,55564072
passed,pull,c3b255c07f58ebb1ed1a9b7ef5187c10220fe563,55513954
passed,pull,6ee4e8f8b1bd986b67ddc8a54dab9aa17fc29484,55304088
passed,push,156c8cc762fab971efb727c7ab107fa243be2fc9,52160547
passed,pull,65855e8dd3ec179c8f5c8ad9dfafaeadf00e9408,52063344
failed,pull,6a9e0c7bbc1f57ea1f566222ee36caa18cf9444f,51554768
passed,pull,5884572698062379b205538e4e0ca87f85cd0688,49871039
passed,push,7ddc816ddc30f328690193be6e70a476a71899e7,49410122
passed,pull,67bd1cdfbaa93bb14d9eea3d8903a32d73d4a705,49389110
passed,push,b605a34702d8d8112983aca891e3e2b6987ec45e,48410200
passed,pull,4058bc0b62f0460c35d038b7f396acadfb7eddc4,48202348
passed,push,eee07108ce4eb7554c9eebfcff3229a3c7be354f,48200227
passed,pull,7e5d3e9dbf7723bf6037ae13cf1c89cf61654bdb,48018328
passed,pull,ed06447e25bbd6b15ba79189a06c5d1d13ae90db,48017479
passed,pull,498b6f40e605443260fc53f0dbe7ae1ef40dbe71,47939118
passed,pull,647234e67627d4d8624aae94e39e3f312d2f8598,47886297
passed,pull,71f2570fde635157a30597345488ce2cb79eb017,47886171
failed,pull,37914aad2fea351e8e13a6628f55b0b3ea979d34,47883688
passed,pull,0258ddf5792fe568a95d65eb5852d8c3087631bb,47603176
passed,pull,22a58e0e9b38810d02228fbfbdfcd4f437147fe7,47602843
passed,pull,4b60920d3f989dca9605ec108441040de979d66f,46207425
passed,pull,d9f69599bf1399dfdf877e5b7acc1ce906a46ba9,44644272
passed,pull,e53356c24c7c7e69182a3594feee1768786834fb,44644207
passed,pull,ef0d7f67b906d81f86d401e3e2587e40ea9f7328,44433388
failed,pull,618c74d3fa55327336d5c991a509becc90b62a57,44432197
passed,push,ce7daa94fa8f8eebc6cf40422c56f58d93b24446,43154809
passed,pull,f0e0251e8540fe3606e51891694e6c0df514fbd8,43152544
failed,pull,9c2d7c04cc42653cc3df585312cffad2d29d0cac,43124986
failed,pull,41e420e529dea8877d95abe54cb321776b72eaca,43046828
failed,pull,6b89babe77227a397cc2f749439afe521e65abd7,40686599
passed,pull,5d3a0aef82ca5c84815096ab27f43371e04fc08d,40328363
passed,push,0604fc7487cd2108d6c29643c578bdece8f27df3,40324672
passed,pull,1b81b828facf4d18ab271c80c4a852380cda6586,40323154
passed,pull,8b9a8392b8ea25f59c97febb6f1ee3e5a38fdbf7,40321712
passed,pull,7a39bdc6188a5bcd85cb47dda5ba9bccb2baa163,40319520
passed,pull,a837118d60b9d8fa1530b9a1279ecbf306bfe6ef,40316624
passed,pull,c5b66e327be9074d33bde989e169a09ad6e3beec,40315404
passed,pull,a56e3fbeca719b01672312060d79bd90688b8844,40297499
passed,pull,496e688d581a85fac7e8236fd249d7ad8eb6b8c8,40236738
passed,pull,8ba835483d4c7a3f6b6b11bef9efe7ca08026ceb,40220916
passed,pull,1205317b617e9467713ae7a50deac0677c84339c,40206232
passed,pull,11c9429e55a1f3c5f8db4b2df5f8744ba2900340,40191061
passed,push,b0ced518adbcc9bac8c3bc6889f0b73eeed662ad,39949918
passed,pull,acfe332c54133eeafd4bfa9ce13d4d4665575a77,39938472
passed,pull,844fff42bd6a80777544db4093d67cec96bd0fa7,39929890
passed,pull,1110f4b696da551c2de3f301ee5b24f71902acc4,39788085
passed,pull,b6138d9842d3de9aa7ff35ba6936fec2860f2235,39758955
passed,pull,aa5e1ab0f3b36264d5be8e0021c66eda7d612ffd,39659195
passed,pull,32d39d025f71912650ce2552eef4d61452208d1e,39636784
passed,pull,0725d62f43974d2626ae564ce8d6191d50166221,39633834
passed,push,1215316c7bae68bde9133f8fffa43c074c156633,39293902
passed,pull,561172aa705b74dc754ad7e707d25160a98b1945,39190070
passed,push,377e16136521d6c9123c662a375cdd8586f1bec9,38649338
passed,pull,2585e8577a379aaf60f1675d0bfc3c86965a3fc4,38647196
failed,pull,e3de05178eb0e56ffa9e4f4b3ee9a35b0268639e,38642160
failed,pull,0c70d2376d3dca9c71b384eef801cfefaa06791a,38537805
failed,pull,8eee0e02437dde5bcffcd1e060ae1517867ae2de,38533592
passed,push,e73f22b4be6ea563395ec737b409d7f3671d65e3,38520745
passed,pull,b65650406d40e3db047e94abaca1176dee1d5f73,38519384
passed,push,0daf9e74a5a65a12f7d3299f9a80112ea7a111fb,38350463
passed,pull,d1946c4cd014e9f04ad6a1ee7032904bc5f66fd0,38349342
passed,pull,7bdc0867928869e45aaf3d04762e9019c84fbe17,38349130
passed,pull,e14b0a491e021d2ec9ec6542d5197001da00c22c,38339217
passed,pull,6d5e8cea326155205cbab836a22dff76eef36253,38339026
passed,pull,32632871e876316e33af63ff7daa13e518f1d540,38276763
passed,pull,85fc8174cbad66e27adb4c9c30fc77f92bf7643f,38255101
passed,push,c040e3797e30f4b52df1a10637259b2e08f1c0de,37556948
passed,pull,8e438d2032a2e77fdb696b3279d2d4a0621fbdf9,37530550
passed,push,2b4dd1617e61fac3869381e9e7728b488badc5e2,37419413
passed,pull,6dd5f7b6d6f858ae7bffa0f8b85028baaf23da6c,37416280
passed,push,d1358898419a9e596d7f15e56a897976bb267fe0,37295954
passed,pull,5e4c43b29797bfd4f90527302e246c0b4da1a089,37292900
passed,pull,9d1141e8df4bd1c07b7220aca8aaafdd5c23e586,37193066
passed,push,3f1d2e4d65a6b64f6513daed059a4636e7aaac9b,37043975
passed,pull,dca077854427c2f4e85aff2f00064890de6f217a,36989341
passed,pull,92012520bca22b331177a2ec9da42502efdf75e8,36989175
passed,push,d520c6e500ce2427681584c60970033461725a47,36979621
passed,pull,741d0a715e750c920044cc7a0d291a9d3235148a,36958328
passed,push,8d59cf35dda54252dc7c86c2255e16278e290d75,36202009
passed,pull,4b5cefc7838320648950086a2f26dde25bcacbd5,36199915
passed,push,f396c56e409d9410a8c99acbbae8cf1caab27863,36196221
errored,pull,6c717e9588d73b49764c612985dac6dbbd11a65b,36193271
passed,push,74b915b1eaa6de6b5efcf905b346b24ff563bbbb,36192706
passed,pull,211a4f92fadf2dc01ab835834dffb7e8fa8bb062,36183258
passed,push,37f39b5bd02a4d0b302eca11c72756ac2132a48d,35354272
passed,pull,8d2e64ea4cb05ac5a1ce612889364a24e4916b51,35344402
passed,pull,0830c303907d0dbb10ef16bee701b4cae9fb5437,34645828
passed,pull,4180612b7c0281d0dbb7560deaff0f5219f7b0d8,34643428
passed,pull,49acc92370e848f4490b26cb6a78a72b07e94bc3,34638899
passed,pull,621f1ba30a2056493ce2f81c0c35c53bc433f852,34638693
passed,push,a1f464df82d7da91febd9d5c3345118afe9b7ca8,34636285
passed,pull,a44246ee7aacc14d115f439490b4f79e1d2caddb,32776273
passed,pull,aeedf5927eab13e669fe575d3b009b3d4af5f8e8,32775606
passed,push,4ea2c2a7d0ae4d62ab39f74b1c9186f605d2de87,32272820
passed,push,a7a1f34e8b4b5148ce38711609a79319c838e48f,32272493
errored,pull,4f4ff75c7f43372c7dcf9feb1eb570446bb2af76,32271362
passed,push,3f02dd5fe0748fb8ab9b3f3682b96b6c8e6d7815,32264193
passed,pull,8b2bc68b52f2862248b9c7361a1bacd3b7c2273c,32263845
passed,pull,3aa3037b40a854f51cdfd790b242bada31089463,32252460
passed,pull,59c7096f97aaf224aef3d146b5a51dbdfa0478ec,32148175
failed,pull,630d05781b43b655dae2e974d81293b9aa27d55a,32105492
passed,push,fd493c07219a8acb13102ab34407d99f7ee32dee,32063548
passed,pull,bdd4bea12abbe8ad08d3f7f46a77942efd8b85a8,32038107
failed,push,48afc163c047e44361679b470a86e465778765fb,32032552
passed,push,c229763b2375415b005cad56c108d7e1dea8585d,31936508
passed,pull,c458988854fc329597b1ce7e5641a1ed2fd6ef00,31933259
passed,push,74bf84b76f0e8c86708241690927f0e156e6d4ce,31871093
passed,pull,f0d63c00f29664f0644535521260f7f778dfbc3e,31846260
failed,pull,85b96d656fd9ef001d11aff98c504832708d57ce,31836469
passed,push,2c80ab4257ba96e25ab658a3f4355f66a4fc48d0,30967635
passed,pull,e35362a9e7f9523c80e30b6c790509a26c44fb5c,30840737
passed,push,c6c118f787a790ee0f29a23d52c1f5a56297bc05,30805661
passed,push,173d733b3becc0f24751cd387a1b97d09732b41e,30649464
passed,push,a73f78ac1b432cdc9777b61dd24209c70f9b5517,30598889
passed,pull,d30793c87a2951ed2d957e159fde7b42330f30d9,30499942
passed,push,5372e8ad9a1ec46a1d0b2cd37db5e86f9cd4eca8,30489027
passed,push,e517637622fc95153967bd24b664167011e4b098,30488447
passed,pull,4585b77885d23e19c4549c470624990b65237733,30481751
passed,pull,32a472b943ab65ca8408092f02aaf058e6c41cd1,30408093
passed,pull,ae7e480fd0fc62f052a73f66424e7d555a113082,30408068
passed,pull,7021c7e80d5fb5bbc71452194c5a4469d110ba09,30401896
passed,push,1aa8696b21f3fcf060c5fd8c5d50144e3e0577cd,30270914
passed,pull,cda1f7aee270e58959f9d1550cc31f24449ec643,30268939
passed,pull,8c6d7d461ef338660871dca2dab38af4da8d65d5,30267068
passed,push,5b65f8c4dcf95a89d3b5ace2dbee3e54fa963722,30220963
passed,pull,0d1cc47548157562399c4f95ee83411f0768d186,30218789
passed,push,50b3d3d70b3fcb1423650beedb0d175cd1b87a3b,30085614
failed,push,a0dba5fcc72078214aecbd6dcf7432e08308ef51,30081917
passed,pull,df5e3c0ebd212cc8add390f83d8dc17d7cdeb497,30062522
failed,pull,ba1961e56e634e98865634261cee5cde2a177944,30016723
passed,push,c8bdc596ef1455d998c6dfb893b84e746a6cc1c6,29723366
passed,pull,30ec2b947f224a3a87f45844214f65f170d8d823,29722386
passed,pull,f215f06303685167737c8dc2ab794711171041ff,29721943
failed,pull,0f262ef79a6cfe91163061ccc95d92c947f765c7,29720910
errored,push,0983219ee941fb261d5729c0eadd7c2803f905a8,29653481
errored,pull,6cc2346f1f87c30ac2bfbbe1e6532e564eb8f482,29651114
errored,pull,ef1ff690482cc33487a4359f4832805c4c551252,29646378
errored,push,d3f5d13ef150369a1ec8c4c7efbddd52665aa4d5,29644354
errored,push,0c27536bb1d4d16ea7fd1f5c66c649eb5419ab8f,29641477
passed,pull,8518305aa4f35827ac899316bf4484ea71ce607b,29638633
failed,push,0ec824f958a3d6a5203efc583486d477512f5322,29630409
passed,push,77d1baed916fa0050626cbbede9c959f1987c2b9,29598349
failed,push,be5746fe4da45aaf9ec36b6d9f3e2accacfd8e41,29566575
passed,push,9ddd15ac3d03893924c2823861a751ea8cdfe3b0,29561499
passed,pull,84c45b0dbed91f2d7ba8fd269b31bca105ccae69,29560426
failed,push,9c583bc06edb58081c42d8cc3de47cead3b79940,29538643
canceled,push,4b8795e9dc0724bc74de1870ea609d1dbeff809c,29537864
failed,push,7b9fb9df9521ac6c5b60662bda6a22baf2aea058,29537412
failed,push,3d407b71d23f8d1a73d46d7be9bbf6dc735b7cd1,29536733
failed,pull,976c7b266ac19a937b1dd71066e1f3ef2f32130c,29533789
canceled,pull,037eb61efdb4628432a7f9109e8dc1f16a6ea418,29533488
canceled,pull,da4c91b978fd5fde5a38249f9ad1428a58e75f24,29533008
passed,pull,c9886c40a4831c100f5d79f0842308576a2c7d46,29532749
failed,push,7f4b3534ca76ca5f294d7b62babef924b77d02bf,29530645
failed,push,83cfc50d9b39f1ccc3c7b4d82fdd45a9331f858b,29530030
failed,push,48efa1fffa92e37cfaf4ef9bfb9313ca6b61cb19,29529517
failed,pull,14c69973e19339f686732ff1e201b456db1d2cfb,29529152
failed,pull,dbe9b6e0956b268dce647302ce55b3c53b8315df,29524241
passed,pull,1cc932770f768968a6bd40837486fd2bb6784789,29519886
failed,pull,b19cb7a44e0a4a97d43ed230bfa35cc9b1f14795,29519812
failed,pull,505a2c8ee8e3655ca7499d77e741e7d282df4445,29469893
failed,pull,1a943db080226457b996a266cf93ac5c15e52bec,29469636
passed,pull,0c547d319d039e302229e076adc695b50faffbe0,29468940
failed,pull,f5ed07ee41138285f6c9f07de361c7b4bfa5a158,29468260
passed,pull,214bb6f66542f97269bfe5f867a0cc18de94d5ad,29468041
failed,pull,6d4d7ddf813dd769b041c08a43dac84b7a902013,29467442
failed,pull,a8acec5d6a82f1f1f03731976423d7f33fc90218,29467265
failed,pull,10dda7a9c0b196a49a56fc7a77e5f8e203e416ea,29466574
errored,pull,dc8839103254eeff9c256c03aebce571b9949cf7,29466120
