Status,Type,Commit,ID
errored,pull,5cceb8a9417e361aa2f9a7f237beab3fcd97faf7,289600185
errored,pull,9f4cd5a733ef3166078ef88e22758004eaf95b77,289223141
canceled,pull,fee3b34e35e29a697d878a695b63e943a28c326a,289166792
errored,push,57c3176c73cce93d2df0b0e2116aab756310cc4f,282463268
errored,pull,fe231043affbfc3c15c531c352d986231612cf3f,275250543
errored,push,2ce0fb70492af785545082d0190fadd5daf4db9f,275250514
errored,pull,8cddba5ec14a19c9bb2c3a4742493d597ffb911c,275249359
errored,push,1fbbd23226517b632a61cb652b3ea3f03d13ec37,275246117
errored,push,79ddf40ed53a3abac88e642eea6d638844804be4,275242960
passed,pull,e1fc4b9bcb8d84a8034f513f154f13f513694d9f,269054106
passed,pull,d943ec26b9326444d7241df4f494d2699841ccbf,257497102
passed,push,79ddf40ed53a3abac88e642eea6d638844804be4,248972019
passed,pull,2685e88358ebed6c47baa258a947a41cfb1b64b3,248966638
passed,pull,0c73649c995da396112cf67fccbeb976c3a0c987,248962707
passed,pull,647860a4cf56e3bd435d73f3bb87e8f499d05f70,238392722
passed,pull,d9c3d9774b78e234587b147a8323b05d37cbbb5e,238386557
passed,pull,c796c4f1a403a4269a8d1a516c14b278864d8671,235339691
passed,pull,b3b253f20a293fb3e71dc9a5280d4def8464a5a0,235302489
failed,pull,c2261f6addccbe63a61f4a5f155d2e244642c4bd,235267837
errored,pull,52afa5bb5c15644650ed6f2900d8c563dd5c4d0d,235248085
errored,pull,29c592808d734a03f9dd4d136977698c1f38e830,235226968
passed,push,20ca47122e68cec842a090d2572c30a39cc6b8bf,229514860
passed,pull,9d129b79c32df8438a281fadceded24773da37df,229514773
passed,push,d0e0e804521b9d1f9b9dd24de5a715e66466f1e2,229514755
passed,push,8e43c96af0edb754781d9b821365da588808a39f,229514716
passed,pull,0d6b3c77e368f37b380c5df87ab21a05aea47b50,228875343
passed,push,cbda5fb7011ec91b0a3a8753ab0660e4bb9360f4,225428164
passed,push,7c8688499799e97c27db46a44a70eba039fc43dd,225416823
passed,push,3c958c23ea05d82e961d2349b8c4b8bdebcd5284,225415897
passed,push,0740d7b224c6627bc1210bd00aff52db6703d34f,211527896
passed,pull,a3c252c77d8fd43c661a4982dec1e3f5132edb23,211513565
passed,pull,7a987965924cc291aa256c062baedfe6756537bf,203444702
errored,pull,744697f0eba93224ba20b06e4481f2b813f1c150,203441033
passed,push,7a861a3e2d2917cf4b9200876ad0716f67bc9c6f,199012260
passed,pull,709c37303d1e006173dbccfca8c05791695430eb,198385677
passed,push,57fd88b34bea69005c0a3bf0ad547a7a3acb2005,190399780
passed,pull,250ac6d2b6353dd48c2b76c82380290adf6a1876,166284356
passed,pull,1e5efb4aa10e6f585faf31565646d8ebadbd92d0,166281027
passed,pull,4c02be2d8d8e656cf39de886a88a1ee436cb299f,165959117
passed,pull,30fab442ef317377d55a086c664533dd2d3ccd50,165952418
passed,pull,3790016431c4a84463c6b2d729a73a5015c305ae,162822327
passed,pull,a667d9c787a42b16bc993bae29f370e6dc384424,162029110
errored,pull,52d323ebfa9f820cad5557ffbc6bab8b09ccd8df,162023744
errored,pull,97fd09335cd0233f1c3e226b7dab2954d664bb2d,161967435
passed,push,68d2628da08909239d1fa4b1d71daa2ea3a22df0,161439187
passed,pull,1db8dfa3556253c116b8d84db2cdb461a6ea7699,161423092
errored,pull,8f68632e91f5e4aaaf3fe16a0b2327d45f3f872a,161361186
passed,pull,0b86427ef1baa6958ec3b2b2dcdcf587f51a1588,159955938
passed,pull,07ea0cace0b1f7aed3db6d430489fa6cea0c8ee5,158297454
passed,pull,880fc7c8b44a3aa1c41288f4f8004d30121d38a6,158012686
passed,push,7992c8c4836933d61af891e64defb1d0929854c8,157998514
passed,pull,f4eb66b5596571dec23e6b04f05b65e640c6d9d7,157993226
passed,pull,91066f1b5f7d33fdcc32f28c59de0c065431bc42,157969322
passed,pull,6574d0525580ee62bed462d413fc040c0959eca3,157969105
passed,pull,f4c9453c4d6d33716c80f42da1b7a76249246677,156912274
passed,pull,12c6ef57637e90b425f00ae05faac6393a8abef8,156875722
passed,pull,df78465cbacb47eeee25a20923ab65b59819998e,154594982
errored,pull,df8d17d00d32aab94a7bf30a3b814ab9c3e73754,154580676
passed,pull,1919acf901f395e0123470d24d9f6431f575eb63,154342586
passed,pull,04f3c28c83a1b16f8943824574e1c11486c9b6eb,154342436
passed,pull,0638736b2287ebe1bad722eb2b711280be0319dc,154342200
passed,pull,d1c6f0c4800ea7ce6c27727e335bc2f1c6c55ab4,154341370
passed,pull,325969691a96ae76c900500edb8b0748cae7e614,154338301
failed,pull,4e1f92134eaf3d0001f189e4f5fe6403d387cb92,154302371
errored,pull,2c18c45e4d8fc51766984fc6a9939e0471e6b21c,154291280
passed,push,6c7455c554bfe95d0494785ebaa30989b33e4c63,152820239
passed,pull,33be843996350a1965aa6cfb664cb7096cbf9d1a,152806604
passed,pull,cdff41a05953b359b943559463f9103def7fe8aa,136879717
errored,push,e38ec8f718a8e950c9fc394b02e4d8db09995ad5,130998033
errored,push,24a2d1218edb831716246e81b8d7a20d745b6f54,127361217
passed,pull,32a917aadb42b681b5f0019db6a4d70993b6cf88,119390386
passed,push,e38ec8f718a8e950c9fc394b02e4d8db09995ad5,119389917
errored,pull,de43359d972327113476db9d881a6293c7c08b2d,119062853
errored,push,8a5f4347ee8f85c6eb174102c378079445df0242,119061782
passed,push,841a1508f4357d3ff201a8700535c28b96731445,119059880
passed,push,841a1508f4357d3ff201a8700535c28b96731445,107306231
passed,pull,9d0f4fcc84992a38894a4a65b8dd5ccd3d560c4e,107302562
passed,push,480b8b978d5160e1c3ec343ac5703c3cbc75770f,107302266
passed,pull,9050be930da5a7c6c2f5eac5abd74318bbba37aa,107291935
passed,push,97251116cbab7f04afe931ae16c4ad800868db9c,107291787
errored,pull,ab5184c5068110d104e8ba2dadfe4fd1e74301d3,107289982
passed,pull,1e43a60dd793a5e2867e2d2ead1edb3ecd3c1801,107289522
errored,pull,bc6839d5fc551ce7742007a16f316814a01b841b,107284500
errored,push,ffea36479a918cbe6385528cc4213ae039d44e0d,102433807
canceled,pull,6c59354b8a146ab31ec1872e26e5890410c4cb90,102295577
passed,push,4b9dda0a11f7421ef8ebe4a1c092987525f9e841,92152110
canceled,push,9b2b28a8ea73f130365ba87ea02c16503702d8d0,91949628
canceled,push,d3c2d58f84aa6c260946660d3b69159ad8c5c552,91682703
passed,push,3e6d6b5f602ffbec451a5e9afb68c5b97507ee25,90213716
passed,push,dd2657f30b490874fd6d1ee75162e7c6b9718bec,89759427
passed,pull,87667809c77e870fe5a1cddc5e16a1dddbf3a828,89754709
canceled,pull,861583fd84f3c4b86c56aab185af1ad8aeb388b0,89754628
passed,push,8fedb6fd898c623f9adb7052a080a052873a322e,89068386
passed,pull,40d8fb984c855daba20b10a4a0830aae21b94b21,88916651
passed,push,ce037c23559f4bcd4b798cd38f2f3a0e78751004,88916387
passed,pull,56ac557dfab18d62c5b359f124c7e4b62ba393b2,87555890
passed,push,2fcdd56d979ad8bb0d0afc0a767d6351be7d0baa,87554216
passed,pull,03d5d006dc846e46efb5ea1db0df8fac36c2c273,87548121
passed,push,c31caa57c3cd324ac1cff13433a398c64cfc3e7b,46611032
