Status,Type,Commit,ID
passed,pull,8f66d074e2afd70b8a27bb9bd9f192a05bfc8f64,223065178
passed,push,971fe1fbc031b1e6d37d32849b5723e91f125146,64192897
passed,pull,13b9343a119818a4780e78e915d5d4e404188b33,64093091
passed,push,eb1b33b443a61bec08ee5dd865a2ce8a96b743ea,64033544
failed,push,dcdb9c4311d1241cace9b3c1c8cc98b9878b9556,60730712
failed,pull,43c440b80249aa33584f4d8a4ba99ec9df50f013,60662292
failed,push,3a8bde5dc80968bb20d68abcacf99ee962e90003,60438051
failed,push,0270df3799f2c34690ddeb287114266dabc2498e,60351480
failed,push,f658552e90a5e74ff5cf0933f8349b56870e6d85,60351358
failed,push,fe266d9d0ca89732c33d5ad94074703b7216d374,42591664
failed,push,9ad331f46f9f9b8f9589ed53632952e3ff8e0858,42285063
failed,push,f6bc75c70c3af16bdeb57d0dd868ada00db1fbfc,42161133
failed,push,4d87c1d16ac9c2e7b6a456ada388b8470c6be1d3,42154574
passed,push,67b8354168c9b2d1e45dca6c029a4abe31e21b2b,42154458
failed,push,7ab0b247a9730b132cd173e5ce71317c75ff3d25,41831546
passed,push,67b8354168c9b2d1e45dca6c029a4abe31e21b2b,41296552
passed,push,798578e8bf28fcfc2b8f0deab925f227a61a1680,35304026
passed,push,e11a04b3923fe8b3cb966258c0080031f8efba6d,35303579
passed,push,57fcb936a70c4930ee2635e91af35903955ea8d1,34953123
passed,push,9cab1f1ba4846972b48fc86310dd8fbf2b30a564,34865102
failed,push,62aa26b0713a5a4066c219e5c82b66c085eeb33d,34863446
failed,push,edf465c89fc19a7cd3a27ec93c85120ca6b086f2,34863303
failed,push,dcb3ef97b48f5513310ccee0195880bc90401f74,34863046
