Status,Type,Commit,ID
passed,pull,c8715b475bf36491e354d86992f9c1e181116761,290661206
passed,push,480fadf1ac4b2af13634035a2c6f7996061acb2f,289601452
passed,push,b3128946f234b969bee40a4fd880ab25e7b304a9,289598510
passed,pull,940175d5abceffe7f59290c52daeae6972a71860,287973012
passed,pull,f9e1b5dbd37d7eb9bf6f50874178ad80c896f797,287837264
passed,pull,bab578d3fdf205418105d35ae25bae024fb1f3f0,284376340
passed,pull,1a319a3ce9feeb50e03a2658bb794dd0220159d2,284147565
passed,pull,83f4769ef052467a5430b182317d7cc62077b229,283539072
passed,pull,38523a7638fb0ddf8ed5644b3c423bd50e41f831,283536385
passed,pull,cb589e3df9827451fc97230d49f81a4cb997bce2,283212268
failed,pull,d4cea06633e4c3a59bdf9792b4c9a9833d8c2bb4,283197577
passed,push,b61c6517b8cbed79770c96c6e508c6ef055c6734,281818241
passed,push,ed6eed2c64a5b7de689c38358c24714c09d3f5cc,280747745
passed,push,e36d6b7908c453cc3e74fe5f70fe251e9a048cea,280744734
passed,pull,724c1ff5ac98c6125866149a586531ff746b9adc,280277430
passed,pull,8419a835c19bb1848bcf1bc49d529bdc23472bb8,279409861
passed,pull,bf4abd8e00eda07c984e25a45b995ec1e6cd7aff,278049811
passed,pull,c5375c3e82f2058bc5535ea02861cc19d4bf4ad7,277747913
passed,pull,da3d750920f33b577c5e4f65b54f83be9cbd0bbd,277635806
passed,pull,7ebbc02054b9a14aa3b33e9d0a9359527c20ad64,277627056
passed,pull,981a5c21845564e826107c764516deefdc764549,277621674
passed,pull,3488673617d2ae2c0d7e2b9c78749066c437f43b,277616911
passed,pull,2b5a75570843359a03d125eb8c57432bbd64d889,277614242
passed,pull,d779e067cbdb35343d6912e0fe250ce0f0eb41b1,277609778
passed,pull,4a3efa78b5b1b388b544218f2e67f6f3511dfeae,277609571
passed,pull,fe4098df0cf70861b9413cc68c329b1c86e353af,276183023
passed,pull,05ac487e0af6ca847a00b946616675ed83dbcf05,276182153
passed,pull,3caeb04e1cfcf41ba0616252fc7564b91b9443c4,276149367
passed,pull,bd6f705990fb3ab9e0b8cc3b917e7384696bb66d,275355874
passed,pull,6e0736fdf5130ab0cea89b6ada9a1d8740531874,275354851
passed,pull,b87d1877f4b711bcc5fc1217a13c3e72a2fd6bd4,275338247
passed,pull,2c03b7732c090b62bb2d6a85d82931558af2be17,275326647
passed,push,3a768ad0320a13a6a85d285482a5847398851db9,267817084
passed,pull,55eace18c807edb49a8004335659feff474a4052,267767849
passed,pull,9865b631aec9fbba0a66db56818e7c9c08c340c5,261866146
failed,pull,c501588a13ad2ab4a26a6fd79b04ff1d1c08f00d,261861096
passed,push,0818138873b59a72e177c4d12e2e0495de146d22,259209442
passed,push,518ef6831427e39b880b2d3954ebfaed392ddba5,259009427
passed,push,edbba1af9bb88b1ebd9dc0693cea699accc42829,258999654
passed,pull,cc2e23f99b200e0763c1b987a44dfe6cd385293f,258555357
passed,push,277a39cb82800ada607338ee02974a76a07534e8,257977316
passed,push,1665eb98b3d5d2052a6c8d670ec5eb773dbf9308,257976733
passed,pull,629b6c5f9e82c9511da8e27421eb42a39d7cad40,257280637
passed,pull,24d6f9106153dec266a54a84a38999fef8af5674,255903844
passed,pull,658106c050a0519aef0c1a1dabceaea9fe393502,255902956
passed,pull,67bb55c3daa36b48b14b1189bc98c37bef1ddc4a,255902753
passed,pull,7301c7a58567e800f8a6e0e36ff398934b17f3b4,255833043
passed,pull,dcf9c6f8426de90753c0cf7fe31b4865c4c99684,255826654
passed,pull,8eb7830d37d6990b124417b06c5ac6ff0df0f0c7,255516493
failed,pull,e40710cac6083c0e6cdaee4094ba8db7e53f25d8,255507551
passed,pull,0dae81a56bc85c0a3d286cd6dd370de278faebc0,255355605
passed,pull,ec9c9c37173823f445590e11aff793bf77f47c64,255317920
passed,pull,7e2a4e462d7fa3f18b22d74a0cb9a3f1f959487c,255182906
passed,pull,5b76341b81acd919de25c37b3b7962598bd22986,255124837
passed,pull,3adf700a1729455667f2e4db2f0424e8e39ab053,255116010
passed,pull,ee8e8656ecf2a571685d15c0cf28f2ce31ddb978,255115617
passed,pull,46d0b095a2df391a26067369425d229fa302e2dd,255075983
passed,push,fb15d7c9e0181ad4eb0a1ea13b6035487e596f34,255042463
passed,pull,2d9fd1bf3ccffe6bed0dbb8b40cb54b8f71bc3e2,255040493
passed,pull,2030a29987152e86cd74be4f7cc9a7b8b1ee277f,255040212
failed,pull,1426c0ebce541692665b2b57789ed30794c8ae52,255023129
passed,pull,631a24ab1605eb50b2fd61a01f8982bc27fb4d95,254648038
passed,push,090d2e69a94a470fe64e4a2d82e49de65a8c5cba,253083423
failed,pull,010c9b682ec383f95af2d135a73477b1b34997b5,253046501
passed,pull,1ff3b322af296fa175e93b5895a0a11c0dda695c,251956454
passed,push,46fb176e755a74c3c6f93b86bb8adf03b6d0d36a,250605771
passed,push,a54ab900e07057ac7774573f1c973694aabb3811,250605748
failed,push,a54ab900e07057ac7774573f1c973694aabb3811,250605734
passed,push,2b262a77408c95f4b79f18e30a9fa599bf7bf5fe,250602236
passed,push,a9565950372cb133967980e44c203c76558e5c47,250593167
passed,push,3135dde4202fb4ae086a601a6521c8c03e451e67,249832647
passed,push,5808751fe8b25ff9d34e026ce2b6da07c18c4409,249832640
failed,push,5808751fe8b25ff9d34e026ce2b6da07c18c4409,249832636
passed,push,9b7968964ade83de32c1102316ce3fcc486859d5,249779958
passed,push,9e6e5de189ee1871050aeb2c6409fb8ee8dce994,249578234
passed,push,73129cc9ee05cd09622db286763156630c63e7cd,249563729
passed,push,b0e2a8974d0a9c866e7ab5747b745938362c7267,249546477
passed,push,925e9bc06ae2b90e3cb628ac7389144282a55ba7,249530983
passed,push,da35b8f21eae466f77c6c9a7589e12d07672d17d,249530542
passed,push,f44aea2b61f351332bfe175609a32bf77bd40ab0,246966433
passed,push,da9c96aaecdaa259baed5bbaa647569b99ada1a6,246966354
failed,push,da9c96aaecdaa259baed5bbaa647569b99ada1a6,246966347
passed,push,b715d1e7c6a902b0ba5cfec9df51ce9c12b4203b,246062182
passed,push,5aab94f29271bfc130b9e6cf395281c4b50d74df,242102011
passed,pull,f4df8abe0c1f9893becb487c3dde31195515fd25,241655617
passed,push,43d7c18a56b7c31cfa505f55129675f6e6af937a,239187125
passed,push,0b18516c1c36d69ddf54454d94e33a67dcf06625,239187101
failed,push,0b18516c1c36d69ddf54454d94e33a67dcf06625,239187093
passed,push,ea48e680d9eb73530bc220065042ac3b0732fc0f,239186728
passed,push,ea48e680d9eb73530bc220065042ac3b0732fc0f,239017348
passed,push,3e1a1dbe58c29096939e813adedc284b84e19851,239012047
passed,push,0e994a47836b31d465cdbea89357a55b3a802dd0,238630369
passed,pull,a3ba3a66905d73cd967a53e191a11bdffb5853f0,238628735
passed,push,385da3d6ed7138435840408437061223fe512723,236497849
passed,push,6e41d48b76e00119cf1093600a324acd1f840e45,236497835
failed,push,6e41d48b76e00119cf1093600a324acd1f840e45,236497813
passed,push,8dea39faed9a56f2e90faddab3f6ed285f13e687,236495328
passed,push,62a4dfee9542d0728270a9a441272c2b78c894cf,236495057
passed,push,7bf382302e536b2fa3cb0924a4f8c2b111d734d0,236489755
passed,push,cd1b6f0e07673dd0ef2fa3971347ddacaf52af8f,236250637
passed,pull,605d7cfe7b6bb031647a3490e36f899b721afd26,236249634
passed,push,e55a2643e16426bf6bb585ebc5eef5365aa220ac,236233062
passed,pull,23e4fc8bc8ac8f70aad6df542610fc0935a13a66,235920203
passed,pull,09368d32e449c2ef949c291749994b0da86e6e8b,235919717
passed,push,80e41c0c530f210ee2dc94919b877e327ee2ba40,235909065
passed,pull,467942d5cd25011c1ca52e5825f35fdf7c9b26ef,235894893
passed,push,6d2aae73504de3f2de7e50782b04a3c92f5fe50e,235689706
passed,pull,18376929bcaa39e7117506afb1684540566cada7,235503639
passed,pull,ea45097d17c5344e5bfa719dd9a3c1ab3e12c941,235503264
passed,push,9b28b7737905452b628eb16ad11dceb578586e2a,234831120
passed,pull,46a067403a64bab11d88ab1c76f9ff7f9ada42ee,234688094
failed,pull,c1450c93f923520dcd2bb0a4fe83bb3f338bebbb,234530718
passed,push,90e5e92949cbc982dc75ca208f7841f75bafe956,234501959
passed,push,40ac9117d46bcd4d3af0a518cc56f0e7fa309c34,234452091
passed,push,2adf14f053e60ffb5b88bc76e83adba680be9e04,234452089
failed,push,2adf14f053e60ffb5b88bc76e83adba680be9e04,234452083
passed,push,b39b943473720a8ca3e08b981f43976f5926f0d8,234255117
passed,push,a2ab78d0e91b68d253ca00c949a9518b7215ab72,234249134
passed,push,ff5412b846656133e1bcc534a1ec5c5d257954e2,234248518
passed,pull,4634a3e6bf1e4ce0a9ac949ce5c6b12bac70ecde,233893620
passed,push,e22caaf7b09fa302791bb8eef590c975bbc537da,233507871
passed,pull,c84c1deb0ceffa19ec93c5bf3bf155335b0f6286,233505453
passed,push,37e3859bfcfe754e0ea0a079bd64684aafa14ec9,233097668
passed,push,b31ae6465658246b4dc8e1a7ce34b1dec715cfaf,232239090
passed,push,1ddc96bef09434f15f7f632614ebb15bf3ec4d7c,232237114
passed,push,626df48f9ef25b540043d23cf0ca036ed40c8879,232237073
failed,push,626df48f9ef25b540043d23cf0ca036ed40c8879,232237062
passed,push,bf27976a9f42d7bcd6f65e436c0661f968d911a4,232231624
passed,push,0db460b41aa69e38604ee6a44f12de46136aa186,232228047
passed,push,6d85895e74d366dbfb7a6f48b822c42e98a2dbd5,232223556
passed,push,890abe9d49f003e894c2587d1e241aac0d4c39cc,232220166
passed,push,76cb1b777c82ab533f1878c4098306908d73d4d3,232214452
passed,push,ad97e35be06bc79d1c3eec2d9707f6393951ed33,232213409
passed,push,91adb385908d08d1aef2465670e63e02a21f7398,232202616
passed,push,2adbd6375879344c249b39d4574dde286e383aaf,232011294
passed,push,3696e0bde8d1cbaa2544c40665d86feb5c0fb7cb,232010422
passed,push,fb0b7ee8749bab2a0c95c6625f42aa65feaf4645,232009364
passed,push,5512a442460df6e0e69209c5155fac22bddcf7d3,231647694
passed,push,0c307c2d5707dde85c50f12452a52f50fb7a0cc8,229863513
passed,push,88ca537b160f79b0e79a602fa052b3dc99f22611,229862833
failed,pull,ac8f1973e9a6bc2102e96af42a6facfe7cc8c9f3,227026307
passed,push,af5f96088b94b998fb5b9433f63b0dd271636ad3,226612679
passed,push,8dc06b63318a79a4cefb48e92a6b6b286e64d3aa,224827827
passed,push,68f3f1730dcca5ab76f6127332aee86af4e7fb45,223864371
failed,push,5b7c2fccfc8369dc4fb5440f8c7053a79d91ee77,223861373
failed,pull,86d9d3a5f007beda836f767a8151492cd7718224,223516264
failed,pull,9ca4432278d86fbd5a963c38205d2229812e02c6,223510869
passed,push,9dd0e32b166c458074a99cd3098695f5e5258685,222500442
passed,push,8b96f8098c74bd108d8bc53b7de50aa6e32fd7bc,222499464
failed,push,78d87ac24a984dbcf6cc7224f1d9fe5170992804,222498854
failed,push,d164f0113e97666a9ea19dcfaa15b5ebd8455d38,222498342
passed,push,635811706ca2c34b508178560806048eb533364b,213713197
passed,push,49b7f4a1f05226b4abc904764455c8f8bdbbb8fd,213713190
failed,push,49b7f4a1f05226b4abc904764455c8f8bdbbb8fd,213713182
passed,push,8549f287a4d1af300fd63ba0cbd815fca9349df4,213712526
passed,push,619178e5b49a584346cc957d7372b11317fcbb27,213707225
passed,push,120a01a94abf03f41400ef2d1f86579c7f05613d,213707210
failed,push,120a01a94abf03f41400ef2d1f86579c7f05613d,213707195
passed,push,987461d31c5230a5e7e04b441cfda2f6d42408cd,213704256
passed,push,91bc7712946d5edd0826694b6ba3ddc655be16ba,213699696
passed,push,811245000afbef8b3a714d54dea8ddf1a2ba482d,213300778
passed,pull,a651850abdcf95348bc4356a7b79bbb4a27662ba,213299954
passed,push,8bd348e5578f5bf868a4c73cb38b3ff0f0dac82c,213295442
passed,pull,9b604bbfc21f6bd8c9c91da93c87ab5ec8443cf1,213294957
passed,push,ecb9c9ec0e702f49feb8f6c6b140d781d29497de,213289391
passed,pull,27f94430e5133d51a9cf64309ce0be22b9bcdc60,213282888
passed,push,b19d99c478ef67590d49929a08f3ffe381668949,213280066
passed,push,fd8b54e69b7f1d6090c708052d12e0fcc2dc1613,213279593
passed,pull,f75e09b7ddc4515eb88e1b1059cbc26f7829d3a4,213273169
passed,pull,d929e2d444d35ee189cfe400cc5f87028117a791,213165011
passed,push,9b0275891bc9a8d514441cc8e9be576f8f165cc3,211632110
passed,push,73c6a647f1d92887cb788be3d5e71ce18d1f2e97,210858020
passed,push,47a932064e051e33e58018f808ab8b8aa643b7e3,210387793
passed,push,f8f7e7e4543c7ee601cffb2ab35a6fbf46cc172e,210385993
passed,push,cc0189646c2d65404379bafccf48f2f1810f4553,210359508
passed,push,e27e3841622742b47f18d83515d3e639ee49941c,210359500
failed,push,e27e3841622742b47f18d83515d3e639ee49941c,210359490
passed,push,11b2083b701e6f5f1b95da450701b51ab3907bd0,210355112
passed,push,3aeca53ae4cb974493e468ecaae3e02f32bd7a3a,210342926
passed,push,aa66f590194eeb2a47ca98244d72f409e7211821,210195323
passed,push,33187fc1abfda22a064ba6fcf23720d5d8a05268,210153648
passed,push,f5897326971779e5403156f2743c74ff66209824,210149501
passed,push,5a6257ad76e54366b4fab9a899363b10b1ec7899,209937747
passed,push,657afa84a00d092d9f60ca622cd514b2ea8089c5,209919915
passed,push,657afa84a00d092d9f60ca622cd514b2ea8089c5,209918005
passed,push,c44caea1eb2403b9a6e93f81591624a5bb2d4deb,208146281
passed,push,a88c791141c43bb509dbacace486c1614a18d73c,208140544
passed,push,e4e4093447c94842fcf4184e55b825e5d8c08dd8,208132653
passed,push,95b2f03f573d5b1a598d74d2171790701037f3ae,208110600
passed,push,387a78b1a411fa4da91ab2982443ca18c0f8ca61,208065274
passed,push,6317e5ae77aae281aaf1bfbe3dc23cc2ea50e22e,208019549
passed,push,2a1792afa77634990d0b9a7d1dfd3e1c5c8ea5f9,198646942
passed,push,7ea53ab5d13e5b16539f7b526132378826b7d0f4,198269203
passed,push,52a263467a3dd3dfa1705d79ffc48c24deffc160,198266440
passed,push,62e7875f5b1018dc35ddfdf98832828fda08f505,198266438
failed,push,62e7875f5b1018dc35ddfdf98832828fda08f505,198266436
passed,push,d023778512fd84e9ec4595bec911e6b150e91cc4,198266308
failed,push,5ede48483fb2e7b00d9edc5bc1c478641d65e27e,198265180
failed,push,516b8cc51acfd3ec55af452b817477c2ca99616c,198264239
passed,push,de678ead53de3597d224b0b5a8c2243afce8dd06,197927529
passed,pull,3cd1b5065f0c48af9a54ada589442b6f0fd26287,197926192
passed,push,6c69e65225aadac67e439471c5bc48498c6dbb37,197390096
passed,pull,be1553a0dc0547d5d2aaeb97ec7799f492f16614,197314984
passed,pull,75b7de282cc87e8e9fdb01feb8e63b451c6f76c1,196974114
passed,pull,75b7de282cc87e8e9fdb01feb8e63b451c6f76c1,196922953
passed,push,d5c00515292a4766a496aebab56fb4b6f34269bd,196491688
passed,push,e3c8a218625122dcdf56f68839f09f50ffe1708d,196088767
passed,push,3b050df00109f7151f7b1bfb8844513001619ed3,194128035
passed,push,ef18236e55c1c76f91b000dd428e37a86dd1beee,194128026
failed,push,ef18236e55c1c76f91b000dd428e37a86dd1beee,194128022
passed,push,7f751dff4825ab5d48100104a5160aa6573dfe26,194127914
passed,push,286d269e45aed7c82ae6f060d1612c6ccf0612ef,193659970
passed,push,4fc422a0176a5925ef9d4553f10bf19c8350574e,193659966
failed,push,4fc422a0176a5925ef9d4553f10bf19c8350574e,193659951
passed,push,7f751dff4825ab5d48100104a5160aa6573dfe26,193654629
passed,push,8900e442e53238f117599c458ca42697c3e66387,192199280
passed,push,4935087fb3034e9c0462c197626f8d5fbc554b97,192199274
failed,push,4935087fb3034e9c0462c197626f8d5fbc554b97,192199272
passed,push,e1c8441c742dcf8f66a3fcb21ac1b348fdae3168,192198872
failed,push,c9d10628ba45d49176256c8550f133d0a8780126,192192250
failed,push,911e031391b2d96a28b20b9dd9e20a833d91222a,192190565
passed,push,5566511c074009b2d04bda6b4c8d09f4ce72efa9,192181239
passed,pull,7d12c22833adcbb1ee4d17a8d59b9415d3cd5bb3,192114701
passed,push,f544d8f6ece71935f1c89879f8d09d052f2a1148,192104149
passed,pull,98a9d6835cfc1450b2496a4f7565e33deb90764b,192101572
passed,push,f9fd73e5cd5ff9811e624e176b5593f862ada2dd,191826035
passed,push,150b438be79945bc4379be8bb84a0895425a45f7,190170827
passed,push,4627b9ce949a5793ff7a25c015e17d178a61852f,190170802
failed,push,4627b9ce949a5793ff7a25c015e17d178a61852f,190170778
passed,push,6d7e1cae50f173f331c67d2a44d2e251867f4c2b,190168962
passed,push,39dff2fa66f0bb798ed1f0e3d2aa58d6e10e1947,190145755
passed,push,d28a5d4341d1628ea62c56166e0643c22d3ee8a5,190144716
passed,push,2b1d4b7438444117b08ef946ef37989c9b45b110,190141291
passed,push,5f01a7da4aa6e8b24015c940c577ba5935a10122,190128869
passed,push,4e7a0585efc51e7080e184722e1ffe58471c3b7d,190118899
passed,push,fe26449385f18bd76a84e51cba97ba13cbf629d6,188930368
passed,pull,108ca0c350b3229ed8c1cab38febcd3f09786014,188848082
passed,push,47d7d9411edb553b745a2c1c43475b6353fc4b0c,187952809
passed,push,7aef0c4fb8a659522086d15284ed25c45addce5c,187261309
passed,push,ce04ccd0ab59d2c7a460bf484383016cbeb4f896,187260685
passed,pull,5e44941e0a061a0e280a0c8c8cd573f66ee4836c,187235203
passed,pull,5c51eb858ca96113f41efaf3362b47a7d4b61402,187120985
passed,pull,0d3aafb4fa2bb134cb5f5256eb0e4d02a6a98f70,187108068
passed,pull,5e768358f171170d42bf402892fd442f0868c122,187018970
passed,pull,e6828c469cc89083d13b217aace1df0337262fb4,187017921
passed,pull,70a5550b1b425ed9637e8fdba6d9282192f89924,187013731
passed,pull,e29f77c05e69598c8352cdcbe9f5e58214103a5b,187011529
passed,pull,994a479e9da3c38c8b8523f39101e9f849defcbb,187010430
passed,push,a6323adb62a7569d1f667ef9801f0d02d8c61148,182147670
passed,push,7d90ebc101abb9c367636c2de4e7be695f3a64e3,182147599
failed,push,a6323adb62a7569d1f667ef9801f0d02d8c61148,182147568
passed,push,2b4b2c4cb0203aad56a1ad959297c463d8048c02,182145397
passed,push,c55fc3c3d3e7e1c42df76c44bb8c1647ff667a0b,180844582
passed,push,aa60eb656978a88c465e82db1778b503fc864511,177833540
passed,push,0507783f1a981428bed430ef272259578e3bcf9a,177734525
passed,pull,69c357efac70d9c5456ccdeff3fa6dddd37156cf,177652312
passed,push,762cb33aec7d247dc4eda9a5840f17e139e9a939,175009810
passed,push,84e4420db91abc0f40699457be9200d535ed8280,175009808
failed,push,84e4420db91abc0f40699457be9200d535ed8280,175009804
passed,push,be0decd6ed68b8f5201e945c11a586145023e1d0,175009387
passed,push,e916712e84412bfc561d48e0fab5885dbff81ba3,175000233
passed,push,f696656f65162b2ec07627711745003a15c33d68,174991360
passed,push,19063ef6025fdf8146440394694cd64242dcfc1a,174955397
passed,push,3a4f21f75872c8e083cb1ff7f2f6dff58d8ac75b,174952605
passed,push,91e0f697396bb9ac9992e4dc2a93977a5d31a929,174943369
passed,push,6aefb86d2ee2615be1a18659d83c72eefd387b5d,174931957
passed,push,a56d943660a27b1d25a26160e3f4e0c98cfe65d4,170679712
passed,push,6a3f9371b0edc6e46c94a2f3e6ffc9b498e48e63,170679704
failed,push,6a3f9371b0edc6e46c94a2f3e6ffc9b498e48e63,170679689
passed,push,933ccd52446d8c434be8dd92cdb249bc47a9eb7a,170678761
passed,push,2aa9435f03ca20c97320cab5da18c4c22723fe48,170676242
passed,push,f35a686b80f7e07ecb701008070963fc6ac02052,169070468
passed,pull,186300b57b2a730f3831ee9a765f61b79f4bad9f,169068657
passed,push,9ad6a732fdc7bd33f879c174ddcc813ac8966fcd,169045598
passed,pull,bb22b9c4d053c09979f8ed61c15a3fb619118a59,169040866
passed,push,cc25606b4a5ed93b0c740fcf9a9297f9ae39cf34,168858032
passed,push,df255279e0b8ff6546874821420072243b266561,168839976
passed,push,d4afab11bbebfbe3ac9602af3e4bde95b16a5eb1,168838010
passed,push,62f25d7add84aeb57448790d8e148302efd0de47,168838006
failed,push,62f25d7add84aeb57448790d8e148302efd0de47,168837996
passed,push,f6e3512511aa5de0ce077ac96c5502578894f3cd,168836532
passed,push,728716b984a931a1f3a47bf9a8e6a3a92798811c,168787457
passed,push,2fc474d55ffe01ac1a8957652555ba578f31d4ca,168787451
failed,push,2fc474d55ffe01ac1a8957652555ba578f31d4ca,168787449
passed,push,8f114b43ab1cf48004e4a09a3b9e2de25e6acb92,168787221
passed,push,070a5c8ba7e8704a5206e10a99ebc2e7db85d867,168773334
passed,push,37628bec59b2bb0d049534cb045142ca85eadb95,168773218
passed,push,631987ef1690ef5f7d450afedffb3eb9c77ec02a,168486201
passed,push,77d83ae11d40575e3d0b36eb7690a92c9e1eb1e7,168484699
passed,push,c9042733b2ff3c10a917eb95c2f926747ca2128d,168471534
passed,pull,cc3d8098427119130171554c8543896f8599f241,168286669
passed,push,ec8a4d6d4e64e36648ef1b3ef36087e6c750d8d8,168143985
passed,push,10f06c14811091ede08537b5e25ca6b7c8d0c8a2,167548674
passed,pull,542c72cd477ef4b4756e39e9f283d98d6fd17685,167485141
passed,push,b30926987f7deedfef133b18955f2eeff5b3ec80,167215823
passed,push,98e4d8500a2500774d3741df583e2f70bd5b5384,167215808
failed,push,98e4d8500a2500774d3741df583e2f70bd5b5384,167215806
passed,push,0ed6eecd2e42b207bacc6a6d03866f7d54ec942a,167214320
passed,push,646b2a6f3baf2fb5c476e833294877f6d775502f,167206590
failed,push,13b95dd427047ea1d565a70d7d10485b261f6eb5,167205060
passed,push,206c78285ea21f52fff558a883ea09fc02ea921c,166326963
passed,push,424f316fe244aca204e0745efca0356c3e86b087,166326957
failed,push,424f316fe244aca204e0745efca0356c3e86b087,166326955
passed,push,55161534224fea2537732dbbc44c8db907076094,166326724
passed,push,3a7721035c0f3e328eee7e67f6d2374870dd64a4,166166135
passed,pull,ab596f214e2e5f163141cb08c9bd089cdab04af4,166100130
passed,push,6a7c268f41a9d989eb44c355fb97eb6065c04064,166091411
passed,push,50af704a978eb113ac60377537a982ee1c8ce551,166091267
failed,pull,1bf7d965ac8cfb40d8bbab953af4ca1f9d1751a3,166075387
passed,pull,8ea4b531c1a293d3639fb9b1fa9726cc245bf692,166062810
failed,pull,2fb047af2d74a0018f21ae8ff0e00ab78a62abe1,166059089
passed,push,664d828d50aa6cce63de402a282e323d969e5b84,164826128
passed,push,8741eaebf0c217df77417f2d525293e71074b89c,164826122
failed,push,8741eaebf0c217df77417f2d525293e71074b89c,164826109
passed,push,15f1b6c6734afcdc47507fbfa69a8a89eacd130f,164824062
passed,push,2b3b06de244f8d10459c3fcfc132a6d0b74f2446,164552708
passed,push,ce3c520554750bd70cbe39fcdb1f1f65c52ee8f5,164468696
failed,pull,92cdbda83b065f484ae80c5701ddeaf4596143e4,164468306
passed,push,749c480d934cf1ea69a8a7ba2bed5a072229f72a,163525728
passed,push,93f88895408cbaaafc86a3cee62841164e653a96,163235360
passed,push,dcd39f9e43dd9929ccac8ae74bcd5bcce789375f,163235312
failed,push,dcd39f9e43dd9929ccac8ae74bcd5bcce789375f,163235290
passed,push,183acbd2f2aa2d41da83d516f901991b00dd77f7,162487425
passed,push,19943b3943cd28eee5e51e6d94c48cae38bd32f3,159460144
passed,push,c7449bcebdee9510b35da68465da6a56c9877e4d,159460138
failed,push,c7449bcebdee9510b35da68465da6a56c9877e4d,159460127
passed,push,2f3e0db6442b7c636a0c7ccb07881df0e4dfe6dd,159459908
passed,push,8ed8cc798cb8aef2632567de93ec02a45de94de2,158039230
passed,push,b716df70006235295ca1e7281a13c4060712f3e5,158036771
passed,push,86b9393fd197d8692443cc4a0ff7b2e6fccd93f1,158036765
failed,push,b716df70006235295ca1e7281a13c4060712f3e5,158036742
passed,push,f261384542703ded217605e98cee91792c7d9773,157419926
passed,push,f7f83bfecef6185c96e4a2e0160e316d4d3e1122,157413883
passed,push,160027fd73349d47a46f081a087a1afc6ae49402,157411035
passed,push,b5a35a03656d76b6bafdc5ce9c0cfb05aab888e1,157392780
passed,push,6fc64bf42910924fd2d13f3cb9ce736965df1b26,154819293
passed,push,4543a5c3691e2838fba788281b247df12f26116c,154526266
passed,push,186cb1fa7eb3d2baec9657b5c4ecd1f87bb8dad0,154371100
passed,push,8dab27e19be0e48bc79f579712e2737545538226,153426834
failed,pull,b5b2b36189bdd3ae24f301d85350233c254be5a2,153420434
passed,push,9c98b6b2d50d697c044f51cc61d10f79d0fa9430,153343087
passed,push,dde0de4eda728bbf0309ab47e5998eed24c914d0,153212957
passed,push,521d8b7a8eb7158d952388a10f98cfbf8b542cce,153212955
failed,push,521d8b7a8eb7158d952388a10f98cfbf8b542cce,153212935
passed,push,b7584e6ddb433d473fd8a602179d7bd5155dd477,153212623
passed,push,ce40e38940517fa62d7a5efdc3588c948caa8ef6,153210175
passed,push,ac8542a295d31725a4fd217753d560d946e38d97,153070245
passed,push,09fac55423769f6bd276334a84391618afcb2f4c,152868369
passed,push,ab28b838818e349290a7769c8aa78b8135335519,152863600
passed,push,5aad9bc71ce7663f4f53c95442e1cc793fc5e665,152833033
failed,push,dcbd268a4f6f132fb1265bacd84cbd70872d63ca,152824938
passed,push,ac43f52acccecf8a05d7ed77454dc8492f5f8c1a,152821997
passed,push,3347bdee2d0307b9c9475d169ddb8d51920cdceb,152772293
passed,push,b3ec64ffeff170993ab0128b4bda3b21822d0855,152620406
passed,push,46bff007aada95bfb488943f4fe99b980a8d9019,152620309
passed,push,132117038d12a328deb33fce5db06fdaa10ef8c5,152604460
passed,push,20f0cdfd7166c2dd3269039335a2e7d609f8972d,152604435
failed,push,20f0cdfd7166c2dd3269039335a2e7d609f8972d,152604431
passed,push,496ff2d6f296edf36b20b7a4098edc91370ea321,152603215
passed,push,3b2e373bbccf6a820bea369a28e2254fc1a4b086,152580024
passed,push,67ac176f1b6a36b1a6d041058752e6601eb599d5,152569602
passed,push,997bff43c402f1f53e0b72db60bcf920f97788b2,152566624
failed,push,9c8a2b5536398a0c3ca7b42b2c51312b0c9f7d83,152565708
passed,push,cb0943d697e21fa602daa8b546cf62680fc8f845,152561734
failed,pull,efed72ed28bc14d288d134cbc90b24709ae1ac67,152474409
passed,push,74ac0255e4a039a32c246d879d98bb8295428002,152337965
passed,push,ab2f42bb3151b2247032586ab0e6db72689fcec3,152322658
passed,push,342e32f95804817b22c90b0d4ae13fbb5d930923,152178199
passed,push,b1464c5082e5784f597ec7c5ca4b1bcd5cbea253,152174066
passed,push,fa827a33b259b4e35cd0012c1169248811af9ad9,152168372
passed,push,a40220cb197e054a92e5bab5504cb6b1fa946889,152167931
passed,push,138bc698193ba4fa9680f20cc38321cfe15525af,152163407
passed,push,4f2f7cab879d9f0d3ba5f206fae09e9d6f97bb53,152161993
passed,push,6438dbb63e5f7a1453f4c6c307b0ffe036a3553d,152161151
passed,push,69f4bae2e946ca9a5003445caf321d896df8ca0c,152160832
passed,push,2e24f7f4ca959ce6a03d2e13ad96d9c59c7245e5,150865944
passed,push,6ff94e590d4f2577d71f042682acd4409543581c,150757844
passed,push,27714bbee796742ff83201bdb822025ccffc2d4e,150576387
passed,push,b293e560289b81a206b3914d9b6c372cdaca035a,150575195
passed,push,5eab895b6b33173e39b5882f7a7b3df9399dcfef,150555873
passed,push,522d5786ac2c585a1c2aa01f2f9b0ccab99dfa27,150327026
passed,push,c95efb9ed201ae0dbb940defc09a977d6b4eb90a,146307492
passed,push,5451c3f1b65e34b5459f87bcd17b1c5d6021eb56,145717225
passed,push,63ba27ce340e50d3058232bccad36d225510b36a,144672964
failed,pull,49568893de9d9700b0f900f03fba6ee45a10aaf9,144661476
passed,push,2590514bfe571c0cc7669dd68efe66999c10bd81,144622883
failed,pull,a3291e6f4308e0f54b6748b73d61d9e843b13061,144512188
passed,push,4e61899f7ebd960c2cfbe5dcee8acf75e8df0da8,144353519
passed,push,0c5e9fa235cdc37ef71bea53c38c014740f52840,142979497
passed,push,cdd241facd933ace3c29dc77d3b6f1f945aa59b0,142941811
passed,push,260cdaf9f9cf22cbdf55665e4f5bd52b52aac314,142653675
passed,push,3c804feb5c4cc7d85edf0ed1d913cd87c45e88eb,142068551
passed,push,b572f39ed09929078a06e3469869740505ffe228,142067034
passed,push,bfbd00bca18e003dbe55cb516b11a0aeeb932589,142067030
failed,push,bfbd00bca18e003dbe55cb516b11a0aeeb932589,142067028
passed,push,56e2188cb1e93dab70d8511e60bc27a344331679,142066597
failed,push,6975644bc66c59f0abd1a75dbaa6dd017f070b53,142064773
failed,push,65b461e13c3ccbd8fe5bd1b01e9440afa0dccef4,142064369
passed,push,7d356855f110921a212c9feb90f8ec5455213970,141800419
passed,push,efb95c6330dd62abb95c61a956f92fd7f91da0b2,141800417
failed,push,efb95c6330dd62abb95c61a956f92fd7f91da0b2,141800415
passed,push,1e94eae2ceda4fd665aa1aa84bce51c1ac4994f3,141800356
passed,push,a46f2cc9f829c6756bb7a897f6de818d439aacbd,141796212
passed,push,cb5235c18740033cce4637193055e73fecfdc8b5,141792412
passed,push,98a7a6d3d8d5eb3d0ec2652be8c20098f77c2ecc,141792375
passed,push,e95a64e2f6cf037e68c4d15286dd3c40010ebec4,141761588
passed,push,3ceb8b649cfb89bcddd77624acb9473005229166,141754786
passed,push,f6720288232996b6be29e46b59c5b6e53a09a450,141752630
failed,pull,9309da594e48e27d47b7b6e2ff175ab29542b24f,141752417
passed,push,e906b2333f04d91d38d55ef48028bab6f5b09628,140693418
passed,push,28a0931e3aa7f74041baf14082ffee67f73b3412,140321808
passed,push,0ff7b5257be87125aab8e4ed829c4d50795b2b02,140318260
passed,push,3ec7ee7af94e0c70f9702fbee44776e7dc7a93b3,139711890
failed,pull,5a6e2e65a6a4361fed2f255de6c7ea53d2291d08,139639326
passed,push,896f9e8602d5d2e1d61c7df7bf57da7a90dff1d7,139350849
passed,push,613c186ea8cdd9881cc925b10684476ec661a3ba,139350841
failed,push,613c186ea8cdd9881cc925b10684476ec661a3ba,139350837
passed,push,1b8c76ab6fef574963ab1941dc6aaa6dba28d26b,139312495
passed,push,154bd8a7729343de1293d3134d12ff240cbfb9a5,139079519
passed,push,c26d4bcb47d6cf5d1de4c8062b2018b3a49ba538,139013621
passed,push,d96fe3aed076f378f8cc9a97ca1a70c2a46c8c07,138822327
passed,push,6366c7db2648b336ad3b7cba9c1a2e1cd3b95aa8,138822308
failed,push,6366c7db2648b336ad3b7cba9c1a2e1cd3b95aa8,138822299
passed,push,e387e909d9ffee7cf2e66a97ade684bcc011c463,138774853
passed,push,ed5a94f61b3d0fa59cfa753b31f59c05d67733a0,137936394
passed,push,72a7f33f3610013629eaf71684651ce913ea210d,137632016
passed,push,c82e53c14f2fe6686df7f6d06add434f9fce94eb,137368462
passed,push,847883c448d27ea39c5e83e161479a28b891a777,136497321
passed,push,cea051e2d2bd1f9306fcf70a93fe2b63fb77ca48,136497307
failed,push,cea051e2d2bd1f9306fcf70a93fe2b63fb77ca48,136497275
passed,push,e234dad9457751db8a15094794a10febd604455c,136495846
passed,push,e88b3a87d12bb5ed39bf9e7c310273fbe694c7be,136368230
passed,push,be9f3acea7cde0c822fd7f3afb5523a83b144333,136353138
passed,push,256a7a9471af13a289c91beeae6dcf9ba5d3afc2,136353112
failed,push,256a7a9471af13a289c91beeae6dcf9ba5d3afc2,136353085
passed,push,30461044af5ae665e558bdb424077fbc74ca5dc0,136352553
passed,push,082e7276c5a7aa56550c6cf355d4f3dd05f908ba,136312583
passed,push,aec6c318ecbd83e8c2812d7095515bc4e3898b31,136082332
passed,push,33e0a378b53ff5dfdda24e0a9389dd7a0c545c8d,136080179
passed,push,59619a1836bac4003c5140dfe43edc848c7e7f67,136045582
passed,push,365a408a86086506370d739d8054753534487524,136044809
passed,push,957d9ab901994a242c0b085bff8a60db4e95a71e,136041312
passed,push,56d38d3cbd122738af4a04675d7549cb40d8de8c,136040530
passed,push,5fed1e8939d56ccdb77af5a21a9c8a9701d0f6ba,135360493
passed,push,60a9f5ccbfbe4794c1293e1aa202916b4de24c9c,135356417
passed,push,57cb999194b6d7a9234cadcfd47c7d735e4e1b3b,135356409
failed,push,57cb999194b6d7a9234cadcfd47c7d735e4e1b3b,135356405
passed,push,387c3ba6706250d2ba77c746db96d5925dee069d,135354765
passed,push,fcb640847de70269202b0ba13d1529e583a7aa13,135178761
passed,push,a6acfd656c097c622aab1e4a9fff23299dd6bda1,135178757
failed,push,a6acfd656c097c622aab1e4a9fff23299dd6bda1,135178718
passed,push,3c85e014d9fd6b4053b9fd7d5b19953b895bb14f,135178390
passed,push,10442e3419c83c9ff88bc77db1dc46a523cf3d7e,135178260
passed,push,792ab876dd42c7a958170ad61ce881b07eae0163,134954321
passed,push,71ae25df2c9948521b1f7295d6b1646978943598,134954255
failed,push,71ae25df2c9948521b1f7295d6b1646978943598,134954251
passed,push,8e27632015ae7aa61eb4248ea3dedf12238c45ce,134953800
passed,push,d37a599cecfd74a3f3cc5112ea97311f878eb617,134951789
passed,push,f06c2fb83e17fbbe90686d9bceb6a29393becefc,134950812
passed,push,86d1d7881431e4cf095344ffb4fe5dfcdca229b6,133544907
passed,push,37ba6229460d47811974150dda951245a068d1c8,133544903
failed,push,37ba6229460d47811974150dda951245a068d1c8,133544897
passed,push,47d21af806a34ef72ab53255499457017ff555de,133544574
passed,push,cab4000c695f56734651960c8247a4b0188fcb8b,133542480
passed,push,3b76cf751e3bb33a6bea6d290c9d5372b363b860,133536736
passed,push,154e2c5c41f4d0bcc51ac0880eb3e357c086df78,133525271
passed,push,50331fe18300f6265d58724beed6d933a8887bd1,133300904
passed,push,db44bce560e92596b3dded7096dfa95e375eeee5,133300226
passed,push,3d376b71437e5f8cbea8f1c4a6fd3d8318a2eafe,133297118
passed,push,73eedf3122761c8988125c05ba98c0eacc964594,133296489
passed,push,a9c73e8dc6fb18942faeebae042adc903c334de9,133293515
passed,push,f87579789db6e686e8d70294b8c77d3d04e548ef,133290116
passed,push,cd1d30f6bbdeab18ec81fdd7934658ad48732db0,131350882
failed,pull,fe39a2097209d730d403b4dcdeb988ab4e4c86e2,131345752
passed,push,1f2af4b261be2c0cd40371c51c715002682f7326,130718048
passed,push,1e8e7a9956e2ae1a1cf5328691c74f0ba69711a8,130718037
failed,push,1e8e7a9956e2ae1a1cf5328691c74f0ba69711a8,130718026
passed,push,4b1e60f71bfda7ffe60f4c2787c700eb942c2ba9,130714677
passed,push,a4fb60ac4838397f1e91478724b9896e3549dca6,130706501
passed,push,cbfb96de3924fb3a8ab064ca54b3381684f4706f,130706431
passed,push,3dfabeef61d5d19f584c207de7c0a523335d80b5,130165493
passed,push,f4e840472692db48755a1c8852baedce0cbd41bd,129851832
passed,push,66371c43e86ba7ea6954a659473df85366d76c8e,129851799
failed,push,66371c43e86ba7ea6954a659473df85366d76c8e,129851768
passed,push,cf277ea9b158751c3c167b5d160309bd041b3c36,129851240
passed,push,9a20446fcd8ee0be7124a8486838dfadd514eb4b,129835166
passed,push,89ff0462b7d1404973271854dc79b68bec524d52,129835126
failed,push,89ff0462b7d1404973271854dc79b68bec524d52,129835098
passed,push,27aeada9938d5f4ea36ffb8c4253895d86dc6fe7,129633154
passed,push,17a54ed31aa353382702f7f44fd548840738cbbf,129572571
passed,push,ded8626839d25505aa22f9e9ab974afc91b03171,129536636
passed,push,1d8ac10b2c395dc5cdadd53b7694efe187c92eb1,129350540
passed,push,fffb89996baca74bfee29782550f6eeb0dc7e29c,129349101
passed,push,9d2ee2e180a385737563b67cb962345e6651af16,129337193
passed,push,3b6bfe9f18352ea409a568b506967af8b2c079cb,129027668
passed,push,e8969fb6626b5b292edd137e7cbc5e959844b38a,129027647
failed,push,e8969fb6626b5b292edd137e7cbc5e959844b38a,129027633
passed,push,799a1959b867e072174adea92cc3821fb5e08dea,129025261
passed,push,03030aa189b3ada61b14513fba064f502266ca94,128763365
passed,push,b1e877bb5786f3b1d4423dc8cd142bf15407dc48,128763349
failed,push,b1e877bb5786f3b1d4423dc8cd142bf15407dc48,128763341
passed,push,39c7a3d7086cf71ff43705092aa37c26d3238933,128647708
passed,push,f35de55acc3a0987b99eb43fc67f022b7949d9ac,128645278
passed,push,e44ccfbe87fe32e980387d277f0163a7168f562b,128643517
passed,push,ccf1b22ebd729f4c66c0a15026b03965855bfa91,128611609
passed,push,427395ebd6603227e85e14ec48b12dddadaac44b,128610509
passed,push,65165f3808b4fb06b2fc97e9a898cbe5c406e988,128414032
passed,push,279083345a4cef7666b5722a0b4e7d05a7c074fa,128408672
passed,push,92734b8a602c6f1cbe218607246d1153507a9000,127993565
passed,push,7c1546752c4067e8d9844ae995f4ccc9877465c5,127993555
failed,push,7c1546752c4067e8d9844ae995f4ccc9877465c5,127993537
passed,push,0d5cc984637a4b999e3e6bc5c6db30d76bd3ad9b,127992629
passed,push,d721b95b712f999a3219b00e2005cfa7ba1f103d,127988635
passed,push,3bf65db64b67f2ab2351ca6c5b5caf7f4b56770b,127970363
passed,push,fd9bc089217f64358bc627f8b3b438ffe190eea5,127960168
passed,push,1ecdb20cff93e864dbf0d011b9252a85fe69e1f4,127905453
passed,push,c71d4049a7c1fed6fc32415c5bdd8d2099f3b354,127901136
passed,push,2900ce4acccd2dabdb4146e34bf7a72a4f9a0e52,127901100
passed,push,2900ce4acccd2dabdb4146e34bf7a72a4f9a0e52,127901029
passed,push,39ef0657fd1f56c7be5c0bc230fae63df9b5f450,127900451
passed,push,009ab8fbb533e3d4589e942abfa3095236fb964e,127896496
passed,push,f692d32091121336f264c96d416cf66ae7802a38,126835645
passed,push,06c2ced5e63fa2fd839ad0e11a46ac4c0a0de1e2,126835375
passed,push,07883938c5e3096d9b6c847aacdf70170d83b014,126005448
passed,push,62cac985b2f42df479bcf35ccf7a38caf44e4965,126005422
failed,push,62cac985b2f42df479bcf35ccf7a38caf44e4965,126005416
passed,push,af8b9d84ecbd090d88c06cc7250d0d2db37fe232,126004966
passed,push,df6ee7c886866a1dcd11cbfcdba479372504ee2b,126004498
passed,push,45b55411f3ee83d4932d00fb7c54ef2d3191e24c,125978178
passed,push,b68da36f0845ecf0a48e3ff480fc3e0a818f9644,125978159
failed,push,b68da36f0845ecf0a48e3ff480fc3e0a818f9644,125978141
passed,push,f597c4a40809d1a2c8ea2d86bca0a27ef242bb99,125977816
failed,push,a49dba1348041ebd8ecc9a411ca8e8ca46ebc901,125975699
passed,push,f597c4a40809d1a2c8ea2d86bca0a27ef242bb99,125975372
passed,push,1de2ea020943b9a8745de94a082772732a02c8aa,125974137
failed,push,1de2ea020943b9a8745de94a082772732a02c8aa,125974120
passed,push,f597c4a40809d1a2c8ea2d86bca0a27ef242bb99,125973521
passed,push,737e9743cd4e345a5346ef0a3ab8342dbd7b82b8,125971069
passed,push,79290861678bac2cff97f96a61acc655bbcee008,125962269
passed,push,09b1a3acce57262cb20e25a6961750fd754d3807,125951325
passed,push,847d5ffc4a731f4faae0672bc859e510b5219843,125063100
failed,pull,c65b0518327749e8b0f0ff0f0a35aab11e06add6,124992908
passed,push,101ce82bfd24585d829a5ad56fabf7b9bd24bd7b,123228418
passed,push,352acbae7355e15215d9e77c0a8f177e3ca8db41,123225373
passed,push,1f477f3ee4a7231d5de1c42fb3ed62c8760d60c9,123225360
failed,push,1f477f3ee4a7231d5de1c42fb3ed62c8760d60c9,123225351
passed,push,05da824267518153fdd2c0cf60c773a4056c7110,122148892
passed,push,38e51e66f9c723c2abb6b7896d2ddb12a20702c9,121863560
passed,push,feb1da3fb4e31938945ead06dc13696bddd82c5c,121851876
passed,push,6d27d97667e20830c3a5dca67a1d6d645a632236,121819283
passed,push,0704d1d9be84b5515a8f138e940c6c71818ca239,121809847
passed,push,9988962c9daeb6897f4d78969b33be20a3989700,120399842
passed,push,3675d9c39230aa0c3b2850c0f1add3f83fc12fbf,120392412
passed,push,80c68cbc37f2d9f6ea8fa3c406e91d664f995b04,120212853
passed,push,d99cec548a15f34f3283bdcd3d2bbdf65c63811e,117523694
passed,push,375b2605f0f0b9c9e50b3c00bc220e65511ef2db,117389503
passed,push,e611de01075d1891fc64862154e0332d88304772,117388046
passed,push,5d95f8991b27733b2c0f2087bae234b837c438c8,117388007
failed,push,5d95f8991b27733b2c0f2087bae234b837c438c8,117388003
passed,push,73c3d40bebb4c8d3b9c40717b859ca0f7d0a1c24,117387080
passed,push,120300a8435beb95794251657bdf2816d4c76fd3,117260854
passed,push,9caad642b52d1b2b551d99b2b12ca589b9fd20e8,116706370
passed,push,6a07066f28a99272af0fff0f8813b24263ae3da2,116003808
passed,push,bf9079f2512960f0815472a63c3c2411f7f5a4de,115962319
passed,push,0b59a5b73daaf8a2fc5b03119c835118f1ae1f88,115629266
passed,push,06557609cd724e9bfbd8f28a104d0cdb8ee1dd19,115492922
passed,push,5439d86800f572d4bb1b5bfe590a2d3938ea555a,115492891
failed,push,5439d86800f572d4bb1b5bfe590a2d3938ea555a,115492880
passed,push,b837e45fb6d985f5d0a5e7995f71ccc9bad72eef,115492602
failed,push,dd43efd6027121920374cf29c570817eaa09ba51,115489144
passed,push,178b599f2bf2cebd41303ff9174e50d138268310,115453562
passed,push,2c5fbce39c065e4cbe8c887dbb6b10a367f55258,115451102
passed,push,704418491204fed1f5db062256809cbfd0ca50c3,115451080
failed,push,704418491204fed1f5db062256809cbfd0ca50c3,115451059
passed,push,8cde369a88be446f0ba47eee62c7a00faa555bd3,115447710
passed,push,2ef7425767a2f5556d46fa4575dfe212de2334bc,114355157
passed,push,3f4a8a7accf665323155ad5a1b018cd487d5d3dc,114106836
passed,push,932d3fefdab54db397cf458f7d3093b530625414,114018084
passed,push,7038e56283e43ffb3e89d1148ebf84de70345b63,112653106
passed,push,c4154fdcef0e905d4c634844a1fbd970a542917c,112649770
passed,push,502af51db0cafb4c6d0d54a1b1009de2a36a129a,112643259
passed,push,0c3e44b539a1a69e91228216c309e372cba8479c,112640505
passed,push,9272540aa7d646fc2ef069318546bc51ee4d4b95,112640407
failed,push,9272540aa7d646fc2ef069318546bc51ee4d4b95,112640385
passed,push,7f7fbf2489f9e3e38725e5d18924bf5a7057148e,112046810
passed,push,384b57109ed8cdd472159b19f26989f16ae6e620,112040514
passed,push,cc9de21d368859c4b513f04767b3ca9f380d88db,111955636
passed,push,9fb53c0d45cb6983d677a3d179dc3e94783d35af,111390946
passed,push,d7726e55238ee9fac51264c5f4f8e6975c701aa1,111362989
passed,push,87ec28b9b5af53404b0649860bb18d4806ad2696,111332494
passed,push,636e1fe4304bc1fd92417acce09e43e6adaab539,111056791
failed,pull,b6da655e54c1f04439fa917579fb108f15a044dd,111051079
passed,push,dd10ebbde7636afe9ac6324cf109cce2e7413daf,110464076
failed,pull,17b6172db6c5693f7799112527f50f4e9608ff1e,110463251
passed,push,ff11511b6632ef17509397180e62f63647f97496,110322151
passed,push,518c2b6b7291cd904906503ece739289797e6d73,110322119
failed,push,518c2b6b7291cd904906503ece739289797e6d73,110322093
passed,push,817c6ddab07032774447d3236602a79304dc5637,110321348
passed,push,3ede203b654e06b00fb60facc6edc46542e1ed47,110320359
passed,push,82ca69633d14ddde00ef33d556b7e909fb3bded6,110319523
passed,push,b9425af6759d57c4777a021841f4f74a0b7fc596,110281146
passed,push,00074492db67d8b9aa0702448ffbdac981295cbb,110071033
passed,push,2c3fe39dfe1771bad1c5378592a818fb594bd3bd,108705531
passed,push,8ce7709fa59843476622fd06729469bdb49fc142,108479377
passed,push,c62640dbecab569a95ff9e0ecd4738222c4bc279,108478703
passed,push,5f4bdd38f04fb0b979c89581735ce5465f7695a5,108425167
passed,push,4317e3bdb7a886a88c5605a3cc96dc9f437eb648,107343946
passed,push,b76e8a924007e7c94cdecc8a81714b12b835286f,107343224
passed,push,ee209a4078a66b5167d5995d2c3e733abdf59209,106860441
passed,push,5e19a6743255e6f45155395b1550ec3f8722ec2d,106592289
passed,push,2fd9680465353780e2eda854702843072fefd260,106592249
failed,push,2fd9680465353780e2eda854702843072fefd260,106592228
passed,push,841fb8033658a4008e62fb819339f0e5dcf115b4,106591607
passed,push,3b76398792a5f0e17f4b212f000edc9181e96471,106589247
passed,push,04b170bc2a597b7d066dca5dc9be517b2b3b49fb,106388045
passed,push,db55fdff022dcaeeeb2cd977726ca95727a39dd1,106367275
passed,push,94b457deb69781ecf5c50287645ff3fa43c3cb4e,106159830
failed,pull,f9f6a3bb0a019d9806571098b8172e7a8d026612,105410026
failed,pull,46410cf4de3b951c2cec88afe3fb53c4a4cd558f,105408599
passed,push,6d5333b8064019ab9361d257046edb6c6d056b6f,105281073
failed,pull,a97b076d6261bf3ef9448672bc731849729a011f,105270739
passed,push,0becada31779289cfc2a1b9fa18024a73821c5fe,105025246
passed,push,81d85e0e11af96b3b74e40c1a9fd20905657e121,105010853
passed,push,3997a6a9fb048befdfbc80d70e3643ab48342662,105010824
failed,push,3997a6a9fb048befdfbc80d70e3643ab48342662,105010797
passed,push,eefb41c71450db07db6844e183b6756809b977f8,104953186
failed,pull,3c55883596b3d6d86965a6660ecae8113f1c18e2,104930242
passed,push,3672989fc6a19b9679ba11dfb09a213f86bb1556,104746974
passed,push,89c58ebfa429b19b1afe1baedabdfbd27a3807e4,104371951
passed,push,3041855adbee164992c48e41fd68daf752bfa720,104344659
passed,push,a40e31c5d4ff73cc25cf5d466bf4290730b9b046,104257121
passed,push,afa68416b0ded6f573a0b27afcbc3eb9ffc0c412,103310465
passed,push,5969e280ad5d7bca516d68b6a5ef4bd7084f910a,103261739
passed,push,f007b83b39d4608ab12695b363ef9c30f22621ba,102722188
passed,push,57a095888b17d25017f538e460d694ed7e94a687,102717978
passed,push,a6a50b6d483d661611f5c23992ff29b3a06f06da,102717967
failed,push,a6a50b6d483d661611f5c23992ff29b3a06f06da,102717951
passed,push,b00e96c641d83b41e18f346c533ec60d354d828d,102693733
passed,push,d86adcdab8e81aec8b0db3fa1da121e654a9a18a,102672525
passed,push,43a23b234de3613bf0156ca38220cbf363aa018e,102553687
passed,push,3924bfcd7476bc02545df64d0ab5ce6206625213,102237544
passed,push,e9471d61eae1413703025767025f335f947faa30,102208283
passed,push,d5265982d82f714cec99e0c84e8a6a09d26a3780,102164300
passed,push,466002d00f89c9b7ba563b9b4c04b11fc1ff9370,102164287
failed,push,466002d00f89c9b7ba563b9b4c04b11fc1ff9370,102164241
passed,push,d80fedbd2f7087d1419d54575f0610a50baec1bb,102163847
passed,push,728683d9edc53fabe8eb2b08e9b783d5bc8a2d5e,102148522
passed,push,59017b69725a698c2dfb28352631712c861d97f7,102148455
failed,push,59017b69725a698c2dfb28352631712c861d97f7,102148369
passed,push,63bfe8c0b5eddd596998827baa2cf8748506116a,102147944
passed,push,fa07e515c8652dd980a7ec7990c0c9aa52892112,102146113
passed,push,8c901c7f0445c765ab5c9b8f7c89f819429de5bb,102143179
passed,push,dd1794c6a870833fc7416447e61e6affce4b798e,102020547
passed,push,b7bbebf8a0bd3e7dd7dc45cfd1bf32b06abd049b,101549730
failed,push,556504cc8b7cef31c5b57fd3dc8c44fc541943d3,101535809
passed,push,d64547a46c89b2eba40b0fb5173fc8dc7df083fe,101175507
passed,push,17bd84ba4e58038ba0570a883d6e658cb9452471,99809380
passed,push,6931165be3effe1538c81872de042ab3885adab3,99809178
passed,push,ab81f4fb5ed23c52fbf8085cce59deec55c53083,99807267
passed,push,a59c832543aa3aa4cec0dbba142fda035f8bdf01,99807246
failed,push,a59c832543aa3aa4cec0dbba142fda035f8bdf01,99807238
passed,push,ad7f72077fe4ad845143c0866cdd147bcce19c2b,99806362
passed,push,36dc296750ddce61e3c9ad09c8fb7da8ab4adf22,97902685
passed,push,968cf55ea086ec4993125a0531a29de07d8e28fb,97425034
failed,pull,de3b50c28e5f72e9bdcc6dbe2002662e288f9cac,97177167
failed,pull,6bd5e3253d45bdab83cf2746a3fbb52e4f4a9333,97159823
passed,push,8af413fb43f7774a4bda57e1a2382b963476f09b,96809921
failed,pull,eed5abee2ee6b4699b0fbfc9341c47c020b448cd,96796405
passed,push,dc647af043d78ae1932720f942c11ef8c11e429b,96536371
passed,push,4c27c222773367464e278987cdaab932cfd8a55a,96422676
passed,push,46527c46edefb3c2fb82d91309f5ebf68fb2e17a,96422668
failed,push,46527c46edefb3c2fb82d91309f5ebf68fb2e17a,96422657
passed,push,78a7ea17f0f1b31ca00bd459cac6fc4c0d387424,96422043
passed,push,924eed700e87b6c508f4bb1d0858aa328b2c6a6e,96398215
passed,push,e45385055d752af66aa5a7f5a4f4b47d77c50cde,96392060
passed,push,5e697de44b0419ad45a5c2c51ed3ffbf223486c4,96202664
failed,push,0f07623246c6e6432b874d017f1a8b92252f2e22,96191894
failed,pull,cd7d00eba862374732ba6841342f3a855c4d242a,96049641
failed,pull,13906545a225c249ab8db4f9d359f12ce60386e7,95367183
passed,push,531bed28a309e36621ab4389267f01ad77bb9cf0,95105675
passed,push,9f3746f14767a420fe5e2dc979dd04d4c0d7456c,95105653
failed,push,9f3746f14767a420fe5e2dc979dd04d4c0d7456c,95105634
passed,push,d941a3119a8549d45e75fe028fb8e34109e00e89,94909205
passed,push,b68b662fdecb524e8965da113d515707e4ea52cf,94854960
passed,push,a9ef159d0debd142ac557602117650d8760ae3e1,94854904
failed,push,a9ef159d0debd142ac557602117650d8760ae3e1,94854862
passed,push,f0fb757e0d2773cb3e1491accb218083337b6cc7,94853908
passed,push,3c559b3824aef0a805a8c9efc166e9b7a5a33df7,94816885
passed,push,5a87d7d0ba1f194923794a2281280fd5b4877210,94815151
passed,push,0dff2aff923c18cacdb6fa9a6b937447beb64cb9,94815139
failed,push,0dff2aff923c18cacdb6fa9a6b937447beb64cb9,94815126
passed,push,4d8bea3ee77f30453bf3e027e1191114b9fb0fd5,94814143
failed,push,81f8c5de45f8504e4143274989f5851ab51647a7,94812909
passed,push,ef7172dd380583d9a33288caa6972ad467282434,94800271
passed,push,a594d4d706208e6d3c14d4f61de48d047ace211f,94799089
passed,push,0a3716e5a4a4f20567cf6925281831b8fa05cb02,94467238
failed,push,06a4508f0aa08c28b899fd300d573eec8a25d8b7,94465967
failed,push,bc3c5a4ff147500c0031649698d95964155f87d9,94463781
failed,push,315cde1ab271acc9bb9c8471c40d03ed68d89591,94463389
failed,pull,8054b6b7fe26d6da440e12b28944592535537ec0,94346556
passed,push,2fb9ba121c0e69aee8c77e41d5c41669b54b8760,93853415
passed,push,df5a8e19f4f3643966f7d758ffe8ead7d717ed71,93852921
passed,push,35d689ae89b120e4c9e0b07a109015d9b98aef47,93826508
passed,push,c77949978b8fb8cbcba08d4f452b2aefec204874,93637948
passed,push,d11b8185da368b1d32c69304e2daea0144880967,93632707
passed,push,347384d69cd842c18962be0c143608dab0cffcd8,93434469
failed,pull,88b56b311260fa30a1f8ae1d3dd6a18f109fe3a0,93357186
passed,push,1a3b83537be30abcd2dfe322e4d0a5c173e9eefc,93324352
passed,push,b0ca5ed33a50127a8da906251cb5daa5cfb8f204,93292780
passed,push,41d190db1cebff2d11f26fb68228ae606574cc66,92888090
failed,push,f427de01b93de3649c4a3565bd9731ae8b29eb3a,92887533
passed,push,362a0e91c8908aded14e7f4636e18c8fe199f7e8,92488118
passed,push,8ce969d6be82f7802e6ed3d1eb9dc9c3b2ce6ef3,92488107
failed,pull,75a22693517a1ecb760f11766b3a5000c4e46061,92444344
failed,pull,a038ac4a141f75233ba487285f164e6e64d52401,92443979
failed,pull,2bf71ba4935e171064249176334e4d1a67e7114d,92289569
passed,push,976ea49250112714b0bb84d0ab6e3be50b838bb6,90413514
failed,pull,926d4bc7228cfb4eacd7bdf9ff7ddab9599cfa44,90413176
passed,push,5e4d1145cabe48c626edd78cd3690997e63ef507,90253176
passed,push,b55f41ebd16469df3c77c87c049de6f1b8bcaa0c,88283340
passed,push,d10890df08827213097c53343b6901a6a540f518,88231289
failed,pull,501f7b78a594d05a444741f454f711bac9a3c70e,88225163
passed,push,64548cc9d6a9a7b1fa57caf3c1c4f095bad9c607,87154967
passed,push,1b3a6e15b9c22e5f24039814e7d3ba6cb49f6e8d,87154681
passed,push,3a94f83e93c7ab33e0e9e520d2740c3ee2fa5664,87154672
failed,push,3a94f83e93c7ab33e0e9e520d2740c3ee2fa5664,87154666
passed,push,e66b88111a65899a37afa474e5a30e37193526d7,87148941
passed,push,3174a0eae7a049e5d2d4fa2b7811d53a10e10f24,87078029
passed,push,a7514f305701bdf9ddfde1a1e242a0b272335670,86996106
passed,push,4a9e8e16fb5f1171a7e4aea6b5287e329f5054d9,86716408
passed,push,98382aa814ea9c9c9dca797106d546e07bf892d3,86558660
passed,push,7e113a958c84fb0a81a4d5fe8a94b94f5898e223,86349016
passed,push,18cf7da0f430e631723f66a3f9a86a9751789f40,86341036
passed,push,829ac82791d63c6617bee7127eec4761910b9c05,86335470
passed,push,09e4f1c666a1a3320680c33b3e756aac67d16ffd,86327443
passed,push,c05540d7c77a26c785e2141aa067d94aafb1f53f,85475133
passed,push,772eb4f65e996d8a347361349e4f26827570a3eb,85470778
passed,push,169b7b66e3b6b41100ec66e51cd1cbbb7cae9912,80898938
failed,pull,ac756668395bba27622eae79884be971348eb9b2,80820743
failed,pull,52f2433f9e24e9eae260400e4f6bb6349e0905d1,80638674
passed,push,d36c3e75398a41269922742c39a5b9a695002902,77799034
passed,push,4ff2bea0eeef58cea23cd9ff546bf9d365ab3324,77633264
passed,push,8f63cfffe6ced2e1691cb474b79f75824268a1fb,77633249
failed,push,8f63cfffe6ced2e1691cb474b79f75824268a1fb,77633232
passed,push,371f154156fb0d4c298af9909dd5ff82e422785c,77632427
passed,push,9bb5dcaf74da3a72ca3090a8927ad2f43d12658c,77631736
passed,push,3f7b70bfabc03d2d8d7df0836d25e7c5f0fcfac5,77631715
failed,push,3f7b70bfabc03d2d8d7df0836d25e7c5f0fcfac5,77631696
passed,push,4ecddf7632a1c35335447ea5800e93548fc4b26d,77631522
passed,push,7c79386d7c290bd9cd2dea5eef2985f339ffacc3,77627538
failed,pull,2c17ebf68d72f6f22a937e57166ec628e6686bc0,77442118
passed,push,ecf3995d2952c04d5c449ac77bd070d445e33a7d,77055137
failed,pull,f010b442523492ee122630df368e4afd4fe89c86,77054547
failed,push,3a460d68e4af6511e7146e2f86bf0905a99aa7d2,76264846
passed,push,f959527cca5b3b763f0d37ebc01234da81bfc340,76257800
passed,push,c495ea91b7074c1d623e2f8926c8ebf3a380054c,76257795
failed,push,c495ea91b7074c1d623e2f8926c8ebf3a380054c,76257776
passed,push,76894bfcb339bab194fd26ab6f644bc2ba64f1cc,76256714
failed,pull,1572b821ed46c969ae007a980172f151962ed9c1,76226492
passed,push,abebc9a2ac611ce6a8047299f9f6363376931b19,76193929
failed,pull,5b1ce2a2a461432861b6d4487dfead4707a59d42,75942691
passed,push,6a0a50bf06b586bf500c8a8539f8fe78cbe30bb8,75536209
passed,push,473cd1ee64eb70b27a68ef400180cc9138e22cba,75535471
passed,push,4cbab82dc718c1dfdaf6740d7f1eca8f5d569fc5,75535469
failed,push,4cbab82dc718c1dfdaf6740d7f1eca8f5d569fc5,75535465
passed,push,8cf516f04a870b4c480269c350ff069ff5b49a42,75534994
failed,push,d08d45f4bcf2be094cfce9feef9f7d166689a754,75534854
passed,push,7423ad689195d103daf4783c2a1e40b6fb123d8c,74782096
passed,push,6e8140ade290bb9f48dfddd22fadcbd3f02da72d,74780529
passed,push,78a8e60476f76818ba6fcae9d2d3c6b6183d08ca,74681512
passed,push,871b3c27b8db7d6b67bcd1279df7ab9041089cea,74680667
passed,push,5b8b830fe08fa932788b662e12d21c87ca10b1b4,74671215
passed,pull,96b838085cc7167224b61c98b09fe60c53f05490,74670979
passed,push,bb12d277de9d7aaf414d5ae4cb091f7e15232b9c,74670977
passed,pull,8f4bb647e16f3215d757642050277377f341bdc4,74655977
passed,push,f7dba596bd5111c61e77fb962eb4b1f3fe03cec6,74655843
passed,push,3c46a4866140465e6a033793da4e5cf17a876f2f,74650708
failed,push,ff22b40e5ccf2dc347676dae72142fb6bfe35299,74649112
failed,pull,f734bbddc32c951a199c5fb6fc8a6e1134472f4b,74645834
passed,pull,6adcd53b3e2a14e0b59bdc5922d6f91d07286263,74644066
passed,push,4a44027357e21f2de54fdc39f7d318dee82f4157,74643501
passed,push,e7ee3f32656b4b1683403dd735ca06febfcc67cb,74633212
failed,pull,6ff6e1c4eac4e77531855a29c0a5ce1fbb6213c1,74630499
failed,pull,bac53f2b8d13bc1cca458c7d53649cd802562291,74630439
failed,pull,790c050611ca846b884facd305f62a0115c0f5f7,74630350
failed,pull,9fb3f878e5911d72feb48b81b68b343b18118f9c,74630207
failed,pull,5e90289d5a307dfa74277153054ebe1b6cf6908f,74629817
failed,pull,0fc26b3a1005acff3d4da0dde9da791a52be2563,74629345
passed,push,798d70feb94a9e378052ca04307739e621086883,74516670
passed,pull,3e41553318cc07e0fa49ce4d2cd548d2d1bca837,74515486
passed,push,e39111970d2038661fe84e9b5f8464c5d554d16b,74514845
passed,push,527db194352ba59edfcfa29c46effe1a27662ff3,74514309
passed,push,527db194352ba59edfcfa29c46effe1a27662ff3,74514074
passed,push,ac239caa68564c0f987d4e854bca70251663c118,74513608
passed,push,527db194352ba59edfcfa29c46effe1a27662ff3,74481400
passed,push,a4c9710f1e48be2261a839a5bcaf3370a4959c54,74481374
failed,push,a4c9710f1e48be2261a839a5bcaf3370a4959c54,74481354
passed,push,aa23327f3dbc1c84c15d5eb4b055b03443d7ce79,74479863
passed,push,d0973dc5661218e97981fc0020a15aeda4b24d14,74475118
passed,push,56355dc606e30bc000f936a3c51b361a49887634,74472626
passed,push,aa23327f3dbc1c84c15d5eb4b055b03443d7ce79,74472289
passed,push,8bc6be2479acfcd8a2cb41aed563a68813e03e38,74378156
passed,push,ce76e4f29bd134b8afe09290b9313a512c3108e3,74373946
passed,push,8a8aad5caf839c42a863232cbc60752e51b99bcb,74366173
passed,push,ecd51724aec18a81f4bac328cb973a196f201c27,74366140
failed,push,ecd51724aec18a81f4bac328cb973a196f201c27,74366106
passed,push,8af883470802abab2313ca8ccdca2912454642f3,74365865
failed,push,15c80885e0c40012ea630a9b01310d895aa17fff,74364744
passed,push,6773fb8525da7a59e336c17e51d3a18a8a5bac6f,74358611
passed,push,7b257062d78dc34505f5ec5417f5c56651c2673e,74358603
failed,push,7b257062d78dc34505f5ec5417f5c56651c2673e,74358588
passed,push,8af883470802abab2313ca8ccdca2912454642f3,74352514
passed,push,48b2013c03765e8cb5941293b81d93ba82f27864,73727593
passed,push,6f835474b839f87aa99daf908cefd654e150b8c3,73475216
passed,push,1dc4b2c9ec7b6a4aab9e4c7fecf45e66678a1b2b,73142640
passed,push,17439b0aa0221fb14da6f4ed60b6709122b450ac,73110949
passed,push,1c6f6326559e255ae19f5ac9f51d3dc067bda688,73107993
passed,push,b2303fce53f60bd2a2d3152c8b695341dbbd8b87,72927602
passed,push,e5499b2183810aad6f3086cbfc43c1810d14d309,71891996
passed,push,c53597685d9d16a057b72c14e384a6ce9ecb8ffa,71891655
passed,push,a021e28d5ccf8f7cf6ee791e260950c087c0d786,71878353
passed,push,a936979e38964c2f31e591b6e8279d40087310b5,71877920
passed,push,65941d66bde91c68b7ceed05ec2126f74a92c2a9,71874396
passed,push,f9af8bb90a96fdfa6dcf22ef6bb380cd45be55d3,71738449
passed,push,9ff67d06c6052ce417083cd2db843c492ab721ea,71404870
failed,pull,44efd2d3cea10e533704a0699626dabc5735344c,71404369
passed,push,a346deca76e76ae8c1cfc0d462da2e601f8f6441,71402720
passed,push,3b3974a00e73f6fbcfa53ec65ed9f86bc3fd3c47,71376401
passed,push,78ebf6307499991642c6cc26fb59cabf68e27a0e,71361289
passed,push,715f408427b272bbd797275034d71aae3e14efd1,71360320
passed,pull,b7c95768697bc38ee4d87493e7fa688d8a0e60cf,71360316
passed,push,519d2ce5b485b89fe57f60307964a7c5eab811c4,71334173
passed,push,876ee511b0f886a0c037001dbc3c8a3f3154259d,71324303
passed,pull,7ca515810aa4257c11a81ab2e1df3498f120298c,71322856
passed,push,a884b9f125436c6a425cf4cdce9ce7dc3425a7c1,71303884
errored,push,e300f7ec7b4982f4bf2a02450a7afa3e4d8cde8e,71302746
passed,push,4a610ac78171dcba94de9c6e4d4f6e7e652278c2,71042409
passed,push,bd0a71ac6995dfe4ff42c8ddbc8d6cae5f96f701,70307763
passed,push,cbcea8fe6e1bfc36aeb1549a83dd3c99fc71f068,70307738
failed,push,cbcea8fe6e1bfc36aeb1549a83dd3c99fc71f068,70307711
passed,push,60006f1c6570022ac380c8dfd973dc0fcb615260,70260834
passed,push,ae76a0f98b53335f4c200a2f89356213d72262c5,70172668
passed,push,339ca200deab8b0899d2ee013992a9a5e5ee048f,70142082
passed,push,550ae0f84fb7417b61f97386036d85d795b124c9,70139971
passed,push,0c53a7f180de8c96d19fd9abcdeff854170edf61,69392921
passed,push,f182e386d2ad919df9d57b0ecb8b2de840c73d21,69392178
passed,push,48d4f499cf5abe810595fd014ddf7bebd2bf1aa1,69392164
failed,push,48d4f499cf5abe810595fd014ddf7bebd2bf1aa1,69392148
passed,push,a555fdc2310b2432453e9d9e2e5c872d30a70949,69384895
passed,push,c36eee7e22e85496700f161d4704a06fb9425ee5,69383288
passed,push,ad64b08c4ad6fd8157cb1dcf3bf55139fe336058,68914731
passed,push,89aea683de25eda0031dfd107d06115289afa02c,68735657
failed,pull,7e8b4573f205ab83662de2e382b5775cb074659a,67708437
passed,push,ea53d975d15bb953fcb1c12060c9a40047fc2cbf,67328829
passed,push,f15be1d67377c9a574adff1323ad7f874ea07e58,67323921
passed,push,d6abdfa6d790d7dba59b653fbab9bd943746e11e,67323907
failed,push,d6abdfa6d790d7dba59b653fbab9bd943746e11e,67323871
passed,push,8d498f305dbff4ec304c025b8dc25298a47013e4,67242187
passed,push,858957162cd8fa308a5c88377651874b727957f3,66993442
passed,push,ae694ff9d55486373989f244270d9a924debf01f,66913802
passed,push,58f0fcb71e57bb64cca7d163ac5e12e870942178,66913446
passed,push,cb6f76f1ebb1904c400fa6e7c9b994a54fff498e,66904574
passed,push,5390fbe0e11f4df3674319349ce29bf3bfb2e93f,66904135
failed,push,abdd2999dda031219b6453dde7c871ae22f0155d,66897089
failed,push,19020a4b5360a088852f8a54b39c7dc0904eec41,66823640
failed,push,01be633ef4232e546a9ac47f66c1605538a63119,66823488
passed,push,1c3f7608607b6d511095ef813776ace8de62d5e3,66821368
passed,push,cd4e6ddc7923de7ac361f1ee6c4a674c3c48d108,66821364
failed,push,cd4e6ddc7923de7ac361f1ee6c4a674c3c48d108,66821355
passed,push,3a97a0298c5d3e4e68d49f952978c17d3f5f9508,66821258
failed,push,9a6eea1288a3af4a2b0ff6849fe9392adf6828df,66821014
passed,push,3a97a0298c5d3e4e68d49f952978c17d3f5f9508,66820891
errored,push,58cab5d6dd63d3b696492074cca8ea344996cc7b,66820780
passed,push,3a97a0298c5d3e4e68d49f952978c17d3f5f9508,66820663
passed,push,d0db9bfff4ce8e76025dd36c3b1faa2c03b50d05,66817154
passed,push,a11a2811ac861766ef716acc9139ed4d2808ec50,66815034
passed,push,a11a2811ac861766ef716acc9139ed4d2808ec50,66603320
passed,push,1febb7677ef388eb5a37876737c48a613a761fa5,66507538
passed,push,1febb7677ef388eb5a37876737c48a613a761fa5,66507437
passed,push,d0db9bfff4ce8e76025dd36c3b1faa2c03b50d05,66420567
passed,push,4f71f23e41aff1acd7089286bfd6b2e0a1a57b15,66291895
passed,push,1297319206ef278eb55f6d4244bca2a15719f1c4,66291876
failed,push,1297319206ef278eb55f6d4244bca2a15719f1c4,66291865
passed,push,22a159180e747b80715b9545df7132ad2606bcfa,66291639
failed,push,ad4a4a0b2c31266400c25bb10aa0f5c092fb6faa,66290840
passed,push,3f4a5628b39eded32a601aa780e074e5c0e89f40,66289689
errored,push,f589750ee2ea768d9a43c497e63262ed9f3cc54f,66289665
passed,push,f589750ee2ea768d9a43c497e63262ed9f3cc54f,66289650
passed,push,22a159180e747b80715b9545df7132ad2606bcfa,66259381
passed,pull,07c2d135368e0c556fb1c9bdb4c985c1b0647c31,66195713
passed,push,a0bb3c2fc382f027df59f1b09778270552fef5a0,66195394
passed,push,e6f34705e628c968be65798e35723ca6fe8145b0,66157477
passed,push,a0d957f058232c27a58090e66a2d28fc725dcdd6,65936459
passed,push,f17d43cf788ec86fa8ab599e558f0f7b0a9139b4,65931965
failed,push,96d93ab686c1eaf9aed9bf638170144bd23ec291,65765266
passed,push,9e95815489ec96e3fb16f026aa1c1d5c6d9f66d2,63998398
errored,pull,2129b37d01558f6438e819869d519bcc4e24cf58,63998307
passed,push,73e2f1d405a20d70e7b4560ec78e6d0364ba0ecd,63743625
passed,push,51a57bb1e419180c26c8c26772ca46acaa931992,63727667
passed,push,098c45993bb519a9e45844452336490f211e30d3,63535687
passed,push,fe3f34dc2826b0c88b926c04edb1cab7908cacc5,62514201
failed,push,b251a8104997e7bb241093bb8a6d098d5da77073,62511517
passed,push,a0ffb5646d28dff4049f3591e8750f204f54f887,62500294
passed,push,0d31ef1546e54cca7e217d385e27cf08bcefed91,62480608
passed,push,91d325c337974c9a6e1c665fadf2e8ad24bd4c46,62477930
passed,push,28cb9c9cfc188cb25262287ad79aa6583a84346a,62021057
passed,push,d2bf5b105fa45eb5a074adf9f4f49337ea3b7bb6,62021044
failed,push,d2bf5b105fa45eb5a074adf9f4f49337ea3b7bb6,62021042
passed,push,a44733dc0ca194dfda207f7071c84d9da0a2897b,61945913
passed,push,717285544b356ff8f3b8e1e71f447f1f7bd33748,61937045
passed,push,5ecfda931adc4c2147a639357857db491b01ef90,61936642
passed,push,717285544b356ff8f3b8e1e71f447f1f7bd33748,61839302
passed,push,aa0b514378bb947645b9e2923ab0791ce230d67a,61720693
passed,push,6edec0106f571916f9221c3dc3ab657dd317c87f,61577586
passed,push,d8075fc66be685696bb2ccba36085b2437e11545,61574995
passed,push,df4ec6908b06d91b09d2559ecbca596a42c43e9e,61564131
passed,push,ac7ca0b05ef6212cb7af07cc476e4bd24cd5b5d5,61507452
passed,push,269dd7106c1a158c72703a1cda19775c44e0c13c,60320182
passed,push,30d99813d7c2e494aa986f5773746dc6e2433c9f,60320171
failed,push,30d99813d7c2e494aa986f5773746dc6e2433c9f,60320169
passed,push,946dd7077bd449a5d87b69c1a5ec09135bd20452,60317931
passed,push,d95928f111b3d7572688a04c3673888e5b1a190a,59954440
passed,push,b9b1b8b29eb26f9e252891d8181e610d367ecdef,59936340
passed,push,a0a17a14100d9cd0a1a23b1c93ce14c3f19056d5,59833511
passed,push,2555aeca8198dc6999b5fe7f43a60f83195dd99b,59829348
passed,push,7dab87dcbc5b28dd2d4467714b7521bdda073dea,59825892
passed,push,fda8881a6b0af7e9cd34df0eca3657457383d880,59806845
passed,push,22fe51b58cdbf39c63131c618d988d3e0b1ca6ef,59473558
passed,push,8dba0ad4f7b63c77936127defd693f068bc183ee,59469970
passed,push,6817cc0b4fe3b3cc818afb713117e8860f1cdd3b,59469939
failed,push,6817cc0b4fe3b3cc818afb713117e8860f1cdd3b,59469921
passed,push,1e216558067d5b077f0461588c5a84a1c7ff9a70,59468991
passed,push,d2cb8588e65d58f2e23260759781db2e0eb61c3e,59468983
passed,push,d2cb8588e65d58f2e23260759781db2e0eb61c3e,59468977
passed,push,978ab753bcf7cbd1f5b9a5ef6e308154d1dbd452,59170776
passed,push,8a8da55345712629789a7fe798dbbb15a65ba7ff,58525765
passed,push,8a524e9410d4658a6dd316e7a704df79596d5132,58525752
failed,push,8a524e9410d4658a6dd316e7a704df79596d5132,58525736
passed,push,48b906ecb3bf140c1cb6c14106a7c3aa0c4eabb6,58525105
failed,push,3f2b5cf73a18077a76a8163d96f95c5e08262c48,58524592
passed,push,142232cfc18eeb63e2b2637797353b5184a81ed5,58524315
passed,push,7b72dae65c7bc13cc836c32bc4a4bae2850da547,58523224
passed,push,c7a18a2b5b3439229e9a45d76ceccadc1ede9a95,58519629
passed,push,2aab24cbef6575c4de52efc92a8c80660ae86af7,58519621
failed,push,2aab24cbef6575c4de52efc92a8c80660ae86af7,58519612
passed,push,e463b319e6ca693f3a4b8a28c6a41c6456c836bf,58518904
passed,push,4eeec9cf37e2e59c28739529231b0587b0768c9f,58353402
passed,push,c965808bfc8a0f7522f53d620ab21cb2a2540d27,58225227
passed,push,5b3115c8ddac6dc2f34c1763d659ab0c5ec0fdd5,57562169
failed,pull,e914211fc93fa408d4c8fe4a104366e5c2534c2f,57559170
passed,push,bcedbe9a406b36f6a212950bc80ac94f9b2393e8,57438988
passed,push,cc7f620e02e21ebf7b1effd93a60fd9fbed74a66,57404117
passed,push,724cc2b5e3717cd3f9b83032870564858900708e,57404102
failed,push,724cc2b5e3717cd3f9b83032870564858900708e,57404065
passed,push,9bf56bf7c9e103f3171adda4e8da7ef9cc5b812e,57403172
passed,push,05019f182aca39eab2e51de18de7afa7154d7103,56999073
passed,push,acb3537581b3d47406aa6b6b1c5aa37ab2b99dab,56999057
failed,push,acb3537581b3d47406aa6b6b1c5aa37ab2b99dab,56999052
passed,push,8d077b5c7962348877a7765391347b6a2d902970,56998898
passed,push,87176ecd72b4c03bd64ed57266b3d3aa16acd5b8,56996042
passed,push,5360e8677440ab13e797f94ea6b2160734ea6d8a,56828316
passed,push,b8f13ddb364b41c95da88063d88916f5bb653bf2,56828301
failed,push,b8f13ddb364b41c95da88063d88916f5bb653bf2,56828299
passed,push,deaeff43a792c8ae6337de6ef893043d93f160e9,56827983
passed,push,49b2dfa66c11ff02b46f4e87a242687a5ec20b17,56824723
passed,push,8a84d138ca107c85051cfdbcc9d36b711ad1082a,56824710
failed,push,8a84d138ca107c85051cfdbcc9d36b711ad1082a,56824706
passed,push,8b1b84335677dae7a2f87cfeb0dd571b49fb53f9,56824242
passed,push,a24217538f32b57fd635f4311bc7a9b817832ebc,56823896
passed,push,6a343cac1a1bc462693e47c24925db8269717ec2,56058464
passed,push,cbb736b4d2edab41a2a67f238a68c7dd6fb95f34,56058434
failed,push,cbb736b4d2edab41a2a67f238a68c7dd6fb95f34,56058425
passed,push,b2201e296401d776825b769389a30eeb25ac7ee4,56058085
passed,push,382481b381da35964a1153f408a052d87b2d8ff1,56047197
passed,push,ef60c334d84ee949c53e58fb799699d0a5cefdfc,55755278
passed,push,691b26c7bdb7bba31dde113c072b4d3d348fbd1e,55755276
failed,push,691b26c7bdb7bba31dde113c072b4d3d348fbd1e,55755274
passed,push,ca9d9eca8c4f53c878d59d3e2acd618602089b2e,55754827
passed,push,7282f6305b37c6402858bd2a70bf471249769e8f,55730400
passed,push,5706fc154f9251dbc5d42a93788f4f3bd8650c70,55713711
passed,push,ddff4858f9914beaf77e832aeb51e69f980541ae,55710728
passed,push,d498f07bed00e89ff8e2e84f8b9ba8b2ef1690f1,55710710
failed,push,d498f07bed00e89ff8e2e84f8b9ba8b2ef1690f1,55710706
passed,push,7241c2f4dd3974b040e5614b3548924d84a45e3a,55710321
passed,push,568c3a84e55cbecd2746f5d56e3395c83682f20c,55204816
passed,push,34ff92de75c46650549decc573192ce8a75ac524,55126541
passed,push,71aea43c5e34db991dba61b5902e520e98fac2a1,54988627
passed,push,da1e415882f3a0e6d951e7e102c3756ff9fa0da6,53840347
passed,push,43e34a4fd42fc1abf434b6f9cd7fc6fea87e61dc,53840339
failed,push,43e34a4fd42fc1abf434b6f9cd7fc6fea87e61dc,53840325
passed,push,e053ba57a3bf4fcf180e2a7d3b1039573178a5af,53840065
passed,push,ba415137c9b13061cf7cdb5132017592ed0da674,53770753
passed,push,a4b1b5f3381ec18d355dce9dc5855c929f1ee296,53737559
passed,push,e54fe44cb89bc28ebe28c4dbf54dd7e7c9fa2c64,53733200
passed,push,ca9fd11fb15f70285cc9294c3969ff7c65b7ed59,53573319
passed,push,56e67ff4ee52d70b55bdd02674c04b38523c5e66,53573056
passed,push,c477e1f6f22ee2bf84fdebd463814b60433f0fec,53527900
passed,push,237dbfa603f90e18c50e710c1e1a56127a5e137c,53151487
passed,push,515104d87797525bd0c68ad0979d7b581ef0c4b8,53150271
passed,push,6da80f475c532dc17eadf9f667f6465a4d3cd1fb,52852222
passed,push,1f6e353b151ccdd09df12a03d4df1aa69e244580,51027697
passed,push,42bc9f18288253b8e143fcae5ccc5d90a58ce85d,50979483
passed,push,42bc9f18288253b8e143fcae5ccc5d90a58ce85d,50867600
failed,push,66360abac6ded9cc47acc5038d31f4d38d14e9e6,50781679
passed,push,4532d5f101c393bfb08857a24b1da4a067d7a183,50728720
passed,push,900837c6ca09e07220fd340736e6fa0de592fe3c,50724986
failed,push,28830c13ba037a99aa575d9219d679d39d07554a,50636940
failed,push,6fc81f890d6c73601e5f3256b1a4abb32fa3dd2d,50636901
passed,push,73097c419eaacd164b5753ef30fe1359ca318ec6,50591009
passed,push,2eebfa3c4b0f78d52e3e45d6f4dce30dfa2a1848,50504941
passed,push,68b00057e3582a405949437c53b1329208e28d6e,50320123
passed,push,4de0803cce34b206e886ccb4198700dee50a924c,50317897
failed,push,db0134b74102b4b07e5e1f7692fac3213b414331,50316799
passed,push,6e888fcf5f9102b3d30e05cdc5bc5d3efc4837e9,50316253
passed,push,1034e2d43e118ce632725a03c9480c6e8f5b84a0,49682065
passed,push,2e79a216dba3077063861e7aaa32fcb1a7e7545f,49571862
passed,push,cc2f60adb96711bc00cd1eb5a21350b9c3f5ea0e,49545529
passed,push,48294df253db24579f02a9f0402416bb0b5848dd,49530351
passed,push,914d5f01e763fa74996896cb5c9db61a93db3879,49529732
passed,push,e53220bb6376d27e41b588ed54e66447d640a8c5,49502399
passed,push,7f36ee05b7191b1ba43850c21eb6d968a3e59a94,49502379
passed,push,7f36ee05b7191b1ba43850c21eb6d968a3e59a94,49502377
passed,push,8af3f72683a2187b59b92e2ae51302f8b5c18b92,49501928
passed,push,f27c09e7c169ea1de72bded9696e79b7a9679165,49497943
passed,push,dbce2de299780fafd50dd2d3eba61550ce219a76,49482076
passed,push,7c31f606fd1ced78014ddee205f653f5cfbe0f45,49466864
passed,push,8044c39dcf0c783d51fad9cdc9dfb9f9e9d243eb,49379296
passed,push,31291b2043d57833cdcd1f0b6a3059483e828374,49306944
passed,push,8fd099ab4195f85f06d5d20b23c23582b4a9aa06,49295890
passed,push,9b82f934d5e4436d034667dfd4d9af68f90a1656,49295216
passed,push,25ee27a9678f3c60b9340d4ad9203b55a59681a7,49293610
passed,push,06e7c662f738b1c77ec9c978f899afa8f4974544,49293157
passed,push,bd47279ded2752d77a4906704c0a5d828fa97007,49264350
passed,push,c673d86c0736787c71f046ca0f01b2f2b0187e25,49243846
failed,push,7bb0c820be2867ebe3ba28bece9e394506affc0b,49226846
failed,push,b8911f1199846574e39cae17624fc10658e6e052,49198766
passed,push,f893195815237a5a9b1c19e86a2060fb2dd51178,49119480
passed,push,4a56a219035388f3214e11f79cf0a5d510233e61,49042808
failed,push,3422a03da6abc6fada5803a0bf54354e95d7661c,49041967
passed,push,68bf8d29bb9e18f32f179222868a94dcee10bdba,48984138
passed,push,b3ccbf32c7c8881d139210cfd6f2d8bbf2306a31,48974804
passed,push,b979bfa6dc172711b3a5b62584833c37a830c354,48973231
passed,push,40d86c04a5404a8a8c333eebd98efe4f87ab7b77,48964646
passed,push,3c17731d978782bc66f3b17790ffd3f3dd4a6274,48953576
passed,push,4bb0bee55a6685c43027e6d1a9c5a57d26da48ab,48951276
passed,push,6bb536f431c4ef358e8e00769617bd92fee99499,48731392
passed,push,82fe31619c4f3307452b6a12494b6368eea2de80,48223961
passed,push,725348f39aa9f8e82227efe74bb7d8af9f85e59f,47862815
passed,push,a569e5a6ba28104959bd7c98c28abc4e0a2443a2,47725907
passed,push,fbdc73d48819b8f52b93d851cecffb641f25aae9,47725903
failed,push,fbdc73d48819b8f52b93d851cecffb641f25aae9,47725897
passed,push,ed890cedc6f80d8b9714fb4f842c663e15e72c16,47725080
passed,push,79378a1c024fa50e872133c69a21a75778e4e4f7,47326592
passed,push,66d65019c49cc867d24bd98ffc0ff168ad509e0f,47326588
failed,push,66d65019c49cc867d24bd98ffc0ff168ad509e0f,47326577
passed,push,bcd5a1185bf77d10d30ffdd41d8e5d79d23b0be2,47209102
errored,push,bcd5a1185bf77d10d30ffdd41d8e5d79d23b0be2,47209045
passed,push,216f5b9f540d728471d79d9b38833d1e9bc2b52a,47207514
passed,push,216f5b9f540d728471d79d9b38833d1e9bc2b52a,47204585
passed,push,88e5589d32ace2c2bd438b1fbb4ab958d04bc180,46275355
passed,push,4b21841bbde0a08c55750c74a74048a58ed06e2c,46261892
passed,push,39f2107524c03d38fdb9290b64654d0ddfc1b68c,46168677
passed,push,06261ba4eabd7639a96319b73fb79af42c732fcd,46056722
passed,push,f66488aa665b038c12d4cc3bb572edb087644948,45880209
passed,push,793aab8f140076eaa949184cab98b442bf9edf7a,45821255
passed,push,ebcf0fde83c09a316a03eda74f0757bb9bd28c80,45762857
passed,push,3e27100870b7e4d393f18233d017b483173edf93,45755757
passed,push,178248073d7aebb930b3f372f27d526391c7df90,45661669
passed,push,fec2a6c8f7ee1fe215240e8ef2f931c8e8066d74,45647821
passed,push,05c702e50849ad6bfb51541cf04c7e0a3a84414a,45639804
passed,push,f77ca9a842e7a02311ec775c3c79fab3d1a52200,45628948
passed,push,f1a4b19acc560c4f58df0781742fff9b5bbab9da,45539360
failed,push,b7964e4ece9f4e7b98a0a865c85e6485ba325e73,45520156
failed,push,67b12f30c5e04a011225ce82610ade76243233d6,45519964
passed,push,b4f6351330130079fa3f8a5b51398638927ea47f,45519491
failed,pull,fbc75422fc9caee56db4e0e3cc9927747e912c43,45518245
failed,pull,b638d1e1ce717ce5bab4e9bb85a339262b92a855,45517448
passed,push,44799284c2f89ea4f71ccc2f0ee49f2b6d4bbf62,45507714
passed,push,bec5a17245f5b5091f04f22a1b4bf9536931147d,45290530
passed,push,8dfd2f1abc8ea18f57a02009c8e879a3d60a603b,45270368
passed,push,89a5b840e18e8314ba11d961ec87f38fefcbca50,45270199
passed,push,388919c08ca8bd1c9a1b499fa382f46c49c3c587,45270183
passed,push,aa99496af449787f2e98f187165996824b0582f6,45207528
passed,push,d22a1a2605f78406054a4577c20e46e453e9cb15,45207254
passed,push,ecaff7cd613613e93929f0e83406447844a5dba7,45205667
passed,push,5370c1f4b29b38f979b18912c8f5d4b0a7eecb07,45205660
failed,push,5370c1f4b29b38f979b18912c8f5d4b0a7eecb07,45205646
passed,push,3a0f471f8444137beccb0ed4836a645a158b3ffc,45205514
passed,push,57400a7f4fdc582703a7743a9180001a13e8816a,45205107
passed,push,ae4a0deb98d31bd163c467b8712b7abf68ecad7a,45182509
passed,push,8174b049a5315a2766abfa58fe99b947e05d57ba,45173347
passed,push,dd87e70e507cee0609d606f67585e9f82395fa08,45073772
passed,push,9a8c5e6ce9054aaaa586b631265d1d940b4b9025,45059399
passed,push,7d70fb600895442df005332d414feede6cb0ad52,44991878
passed,push,a23d291564a5d740dc3c323f1ccf9bec28c8441e,44902361
passed,push,6384fb40a09095b41b9afe24a044b6a117d0da9f,44901898
passed,push,1385995e43da8cf984a98b3ed13dde91bce72a74,44894742
passed,push,5a2249861000f3b58714984fbecf987b1a4f12df,44893836
passed,push,ad66d5487190482c2fe3a2ee8c740ea3588b8e90,44883299
passed,push,1f535f582999af313f1854947fa250182194ca1f,44882981
passed,push,cfa49cfa22156243a6cef9c2acb104cde32b2d1c,44852629
passed,push,51e3a217fd63177e635a8860bf81112689345670,44737700
passed,push,998eaa0a24bbf94b0aadb52d3cf6866256bffd16,44737435
passed,push,97431dcadf95d4c61e7394dff23ad969ed9c1e6c,44734266
passed,push,fc0ed5dff0c2f963d9510fb0c5b6317593fd2dda,44734254
failed,push,fc0ed5dff0c2f963d9510fb0c5b6317593fd2dda,44734252
passed,push,03b0765e551dabca05c147f66eb60e1160737d29,44733995
passed,push,cb86cc43e2e5d60620d285a532811e013e111e30,44733563
passed,push,66245bd6b178dd30e4c90957be6fe3a9d705063f,44732830
passed,push,7e386ae217ca147739c4c76761e5dd909259a49d,44731679
passed,push,4a288e39607613acbd94e11844688276461298ec,44647515
passed,push,85f0d5f5e6216afc6a9997e0a58814269f6cfd4a,44544090
passed,push,be7f44ea9cfe831adcf4a1293c6b8604b8561e17,44531718
passed,push,c80dba03e5a1c60ced6becc8a72557a0246a6d9f,44530875
passed,push,4b1f773356068fdbcfa235c7ce86fcec8dca95ee,44529627
passed,push,0544c645b3bb0301b47e4c0d8273b1694afd5505,44441796
passed,push,454ccb631aa785634b5fa48bcd9b3a8440576b5b,44294322
passed,push,1ff394f6d7e139a69c470b90071b16a51013840d,44291996
passed,push,4f379804f40961571fb664d095b8ab38a4b154ce,44280708
passed,push,61b279c203b818094a1e31f95a90db243432ad04,44264922
passed,push,ef57a2243af36b6390810585fb168225197ee39d,44259130
passed,push,e959b197239c3dec580f3ba0fcb88490bdcded21,44194930
canceled,push,fdb0c11944996dbe9f412374eeaf3b23c2d78b1c,44143068
failed,push,407b24fba24f112102905b670ce124e0971c448d,43936310
failed,push,b87bf5282490c5e74f105d6acd892453993c4ae8,43918198
passed,push,4b04e2ab4e83ddf74f7ebfb3857224c1ec7a6dba,43893137
failed,push,40f6a7af9abbba183506edd535392504103ce302,43830806
passed,push,c64b46d9b97efbc05d38d50780032b909f901350,43524722
passed,push,4ded68ab3204cd738a60863fa23cb115c264e2f1,43405646
passed,push,2d98df93a1c534b4a1f77fbb62a9b46709690c23,43391410
passed,push,4ded68ab3204cd738a60863fa23cb115c264e2f1,42254875
failed,pull,14853908e7b26e9971e9594f71c957c21dbda79c,42254378
passed,push,d10765a801c0a7d91c1cf31c32ad32df9016e956,42234402
failed,push,bc8f585e37052fd3b01f2307f07343e249215086,42233842
passed,push,bb29972c951c44833365d7382e778cdd8c3ad284,42233117
passed,push,9db3b5fa730f37f9f57b7f33db005d00e1eaefd1,42232976
failed,pull,247efb88b451cc85eab54d3c2e699ba1b631ed66,42167119
passed,push,eef08b76a9a79f81a25b4f96701a3873d66ed18d,42043645
passed,push,ea65aab3fdd2995258f44cad173fae7ea7dc9dce,41837365
passed,push,76d0a8b1a91cf36f1c4d7985da48c829dbd7fffe,41834904
failed,push,09131f5beef9aee2b6445f73e2a70cc3aa0435f9,41834543
passed,push,b41969920c04f001c2aede20db3b1d671684f1e9,41834177
passed,push,37a877bfa929ba62669cb0d5249ca37f89028f15,41633859
failed,push,1278f7ad9ebd4e4b403fdfb8775075a13dfdcb0e,41631917
passed,push,692ab417b3ae9283a9bbb31822b145381e834d97,41614705
passed,pull,674d8c8c3f3d80fccb223828ca0de1e8c0303000,41576453
passed,push,29e485e6efc990d252520c31e16f6ed9787f8b79,41497636
passed,pull,337b87905705415a08d8891b5faf030b133ee9a9,41465550
passed,push,ac8aec776f0445765d5eb6646feb11b4b097a9a1,41390087
passed,pull,e72ecd8bad56b95712a82b2052df81983564c286,41335326
passed,push,22cd98833bb4e80d106be8a0a82cadf370079857,41219311
passed,push,347587a97362a549d5be2dbb2f47e871cfa603c8,41216170
failed,push,a56104266e51775b539c234c3532ec298622a043,41215771
failed,push,445aa46ec1019308ef54612ad53441bac74f11b5,41215466
passed,push,45622e7f1313b4a1304ba8d8c61fc5633045ca54,41211629
passed,push,63bf86667ba6e61fcd0e003aca59a17a0a16b08f,41201245
passed,push,bbef3441b9c0993b09e30f5000b5c19c172f11fb,40915200
passed,push,ec1a9082ddc6b45c01af7ee642fe1720fad08ecb,40522243
passed,push,6056197e8e00f7bfb930da32970a2464c73a50ae,40520164
passed,pull,889b084a5dd9c6d0c1c5137ad62df0f0b281f967,40519786
passed,pull,cfe28fe566dc37a9b20ccec62939b5211d5552e3,40518942
passed,pull,ee8c1b7d275e847ce8556c1d92c3c632dae67afa,40517687
passed,push,1c12dbb78d8f8ac92e06ddfbb4046be27ad4834f,40480036
passed,push,23451e4e2c2a86276011f4877b30343fcfa4702c,40479574
passed,push,ad6a2765740722bbc6cfb270d46fd1286f2a36e8,40478113
passed,pull,b16dabe1975d3ae97e7d8c7bf9b7aebc6ad5b979,40451004
passed,pull,80ff06e8afc2fdd13ea7f359767bb04eeaab7fec,40450997
passed,pull,676c7ac12e332f56e824ccb06ca877ffd27b0fe9,40450991
passed,push,d686ff77be9e2bd886ae022801048b3008600fda,40441930
passed,push,dc48492dd8cf4d3b4d88bf8aad371e4796015d3b,40155245
passed,push,5c551f5ecd6f31b4173ea39d6247c2132b3b6842,39930106
passed,push,c483be8a92b149b01e23e05e72576711f5185bde,39929915
passed,push,b58421e6d4580bbe3ff2dbb5eebd74ddc7e1ae47,39803099
passed,push,54ea2139694ab4ccd58a61908def85616b733e45,39771980
passed,push,3525b2465f757c6158b8818c1cccc14d4e6de993,39771973
passed,push,e3fd77dd8a1fc6ba22ff92444a445d02179542ca,39741943
passed,push,f77a8b3f826d865e3144504d6d3b25af198cf1e5,39741612
passed,push,9f9128d263217e946cffc81546e44126f19624e7,39741610
passed,push,9f9128d263217e946cffc81546e44126f19624e7,39741608
passed,push,1ff1219f8bbdfd6d8776b2bf437a00b1fb807fdd,39740706
passed,push,b7276a126fad1c047d0fa094ea1ed979bf1d72b2,39734361
passed,push,8c46cc39abe6ac4609a13ccf320b6eb76bd4f278,39731453
passed,push,f2c0adf41feb1b42cde9a81f3fc15db2b6e478c4,39540711
passed,push,00051596f488aa7c58977de71821de2827e7d821,39540497
passed,push,ba1a31b56f476bbebdc14868fb3941aa2161af8b,39523265
passed,push,3115329af66a43396ee1922b87817c84f0a1441b,39485256
passed,push,038b5c90ccdbe827e9b8afff99c6bfda3f9169d7,39485254
passed,push,038b5c90ccdbe827e9b8afff99c6bfda3f9169d7,39485250
passed,push,0430661bf317098ff9b55a009623a8258999f785,39485080
failed,push,7fc56322b86061d8b40140d94f935f38a104e04e,39484436
passed,push,f7f6c9ab6b7e9b5fcc6616c2278f8f65c8324bae,39484296
failed,push,7140e4370a3afbb79a2306a4293c4de233d90dc9,39483786
failed,push,689ad8cbbe9df226748d98c03f6f8d6ef966533e,39481413
failed,push,315fa2c571c0a59627c2006b24528de6045857a9,39481403
failed,push,315fa2c571c0a59627c2006b24528de6045857a9,39481401
failed,push,6f93a289000aec2f96cc9fe3e24d0275de5c08ea,39477595
failed,push,7688007f826bb6cc0b93d519ca40c76740d321ce,39477591
failed,push,7688007f826bb6cc0b93d519ca40c76740d321ce,39477589
passed,push,f7f6c9ab6b7e9b5fcc6616c2278f8f65c8324bae,39474662
passed,push,dc301f4747868d92d9435acbfa4e074b7b0f3432,39473903
passed,push,31765361d470efea2989e87210a352fa11e077d5,39252285
passed,push,5c129b02e61c73fe5e6f08ab0945fbd6cea366dd,39244236
passed,push,b4b408d809ad6a5c95e6a306114df063ac51be0c,39239904
failed,push,353b3b9a0a4cd34a9607541ae1f9a654f1d29cc5,39239834
passed,push,b5f7da44fd0dbdcdacd23184150a5224a8202c96,38998609
passed,push,e6fc5aec0b86911ce21fdf37325436d7af2ec772,38997568
passed,push,bb336a669ad0e046e249f7ca2a3a27264819d9a5,38903137
passed,push,de7730014d1d4bf4f75819fc3d5d156d2f75764b,38897022
passed,push,680227ace230d11549f6dfe223d4e74a87270412,38896313
passed,push,7af64f59cc26776c203171d98033120acaef77e4,38896185
failed,push,ad55e91c469b2afc12cd4ece8d01310b803b9f97,38895724
passed,push,02fdb6196423f475c10f9ed038a2813600cbd51c,38800491
failed,push,fcf57bb1c5892fbcd15d45f265841c8ca6e4ce1d,38799606
passed,push,3aa4503d1df96e416d3e811537e9288bf52f27b1,38576016
passed,push,f66ac2bc5a3ac39c97081a1a602daf13a59ebf04,38338085
passed,push,dfac6a3305eba5e083c157d91ea6ed624114191d,38337870
passed,push,0def16aa857364a7238b21a15d28d0195e5933b6,38337659
passed,push,6f3042fbff690edba8540aa4c4092001500f448c,38003321
failed,push,5adb82fd40638c434f8e57f74182ecbb5b46cbba,38003123
failed,push,7f61cb7041aabb14b46b023296a79089758230f6,38002928
failed,push,fc698e70b2c74662c0b7b3b913381bf025424f7b,37742400
failed,push,e13612f3e0f0f2c6c2f4f50f591fdcc46f90fa1d,37734726
failed,push,36174ca5484ad463763d34b4ed1f1f5b4b7fd811,37733981
passed,push,d8c8f4fb64378a6fe96b678bd64cc2cabedcf8f4,37568700
passed,push,ae47221a367b5e5e477821a7dd95541ec1488312,36942967
passed,pull,e16475b9f158b508fa6adb1392c635cc553ec63f,36861788
passed,push,cb00f9e3d9d3501afeffb5704d93ccb72185ae33,36860603
passed,pull,d682834f60424a344c0e8932b402d13f199766a0,36620851
passed,pull,5475e12710256c783ecddde258f6caf2dca7523c,36620770
passed,pull,10f25126ff4f1277e4a22ef3a785f41b1d9c20b9,36619948
passed,pull,3f32d9f672f9d4013137bd51fe5d4a73cedf81f2,36614146
passed,pull,315d0409dfcf49246d2c0e79cf2f98fae06cd45e,36609577
failed,pull,39c21218c6d3055e4358ce35512aa8877a47b155,36609084
passed,pull,ef52b4b95284b48101a70e27b40e91a20d52f162,36607311
passed,push,08f83b46b1f68939167d341ebf440d9abcb7738a,36468026
passed,push,c46530b64a9c00b7b9aa860fa37ce8cd34c9f9bc,36419545
passed,push,4d4b193cf2aa3e91ade468b4751c40fed0a1bd78,36417564
passed,push,0bfa80523d4fc37a96893487ce0ef3a29a20b2d1,36417406
passed,push,04dd2a4b59f44c0b8fd9b2e296ee3629e29a9aa5,36230427
failed,push,e8c629be62799c96b9f1b8d3c763850ce8302e49,36229726
failed,push,463a2e25b3740d661c065e981ae74ecaa138849e,36223783
passed,push,b52fd4af08ec89974866cc6564dabea35be706ab,36126441
passed,push,5c7b7dceb40f6ea9b32bd47a7a61d13b7952e6ec,35895271
failed,push,f1d6477a0a381229338507ddbfbfc9333603b7ad,35790588
failed,push,1f700a4adee864f580ad452093c676fb1cb6702e,35790502
passed,push,a89aef7cb4c36f3fbfd0309627b2c2efc6c2a705,35252580
passed,push,a0f2ff391638e4af44cd071e41a085c47b6d3b04,35180314
passed,push,e0b1587e02b31eb236ba1bb876dcb9bfad6fe3dd,34630254
passed,push,5be059191e1956af49039e2f430e78763d35275c,34630247
passed,push,5be059191e1956af49039e2f430e78763d35275c,34630245
passed,push,3442f985f2a3196ede28a226ef5e351d7ace8e30,34630129
passed,push,660de37b3c479532a0b65b835e0156af232bd36c,34629435
passed,push,0c39f190ddcbf53eec977a049319d72d51f37d20,34616391
passed,push,2b7d795d47cf818fecf490b8ffdfe3a0395a2014,34616389
passed,push,2b7d795d47cf818fecf490b8ffdfe3a0395a2014,34616385
passed,push,d7c54e07d91dd7908117c2391bb889201331eb7d,34616084
passed,push,5dc31da7ddbe51d7271c27d54cd4023a6ea68a88,34615866
passed,push,27f0187c3c1136592ac0ae9abebd10b129408c29,34601708
passed,push,ebd54ef9f3c661730cb7020164843aadf5a76ab4,34140636
passed,push,337910a6cf21db7dd58ef0d0e0be5cbaeee9d806,34069117
passed,push,5c8c0aa432063fb52b57570bdb81a8f8cdd80150,33308446
passed,push,5c8c0aa432063fb52b57570bdb81a8f8cdd80150,32759565
passed,push,0cd569abfbaf2c70371359c4ccefbf93461b1faa,32755243
passed,push,f6f0932826f9ebe59e9f15638506050852815ae0,32698486
passed,push,a4dbbd0ed2dab19cad4ffd790b123967ca66dcff,32667978
passed,push,419842aa98a12a29e1d536d8238d2a2340103d1e,32667967
passed,push,419842aa98a12a29e1d536d8238d2a2340103d1e,32667965
passed,push,94f759f2a8796a3170d19fe51c4ea69be5e898f0,32615585
passed,push,4b4ca85b34ff53528a768806626bc7d6f45d4aad,32615124
passed,push,6b44e61b259dba3cf76b73778bf57b17a6f843ba,32614284
passed,push,852aff83fdd930875bb9c1e3467c695b071daec7,32485653
failed,push,27da1f43e794e0dbb291cbc139d61d9497555e42,32485038
failed,push,6d577f38b9e84da96f24411dc09e61b301c989e1,32484319
passed,push,536b76e166f066e3c431bb5ccf41d1cc1c9def12,32409188
failed,push,913980c296b27186f4ad57408e110060a1d1b74b,32394956
passed,push,ba6e4c0e0ab33a33fe2d98497a7dd08da7ae1d5d,30701479
passed,push,913980c296b27186f4ad57408e110060a1d1b74b,28632039
passed,push,78a7c73c09aef3675fe6201a1438e222f302969d,28547628
passed,push,cc714f97df8c59db401c6d68362aa4076584218a,28538932
passed,push,65fe87ad991b4e5faf7927483a560e3227cd0335,21383150
passed,push,aedfc58aa717fd88ed7ce8419ad794753628742a,21369829
passed,push,02a2086563493371a908c08f10c06bd4e4bc1301,21369545
passed,push,ab2703e5c283cccc48b2411f1768c3c626fe11a3,21172395
passed,push,c8ec26522614ee3eb9a961047303c70c78e313f9,20734582
passed,push,57a9193e02f3d50856d7391f6e991c15139e0804,20734515
passed,push,74e3a17f18cef878661386fef7b38a763d8e9651,20291443
passed,pull,79803be1505ee6ff6f86db30a40b570ce01e922e,20290873
passed,push,50fc7497b980af0bab622c085f0fcac3d2220895,17601829
passed,push,94a840f14288cc1a4287ad357a6776fda680cf66,17570758
passed,push,f9c5085ed0c6eea6b2d262391065ff23084005f3,17426025
passed,push,b5edac8ec99132e1468940b300ad6c4048b15c90,17379455
passed,push,eac1a8d953ea7d17570024815b8893e47d49c410,17334921
passed,push,acd2c09b174509445d721c056e1e65717b360d5f,17334911
passed,push,acd2c09b174509445d721c056e1e65717b360d5f,17334872
passed,push,55470f8fc8f601d985a1353946add604378dc166,17312563
passed,push,2fa3601974205126e97827b319f7f869af559c96,17308815
passed,push,ea2e8e5d591fbb469395159b86c8d62e7ef19318,17306459
passed,push,a76b1255c612b16ab8ba8c5c765406829fc81648,17296304
passed,push,87d100c6bbfb75f3673aab9da7f7a9d4cfcd883b,17296230
passed,push,b937edbacc3f6a808dc018b6da7013d489bd6628,17283674
failed,push,69339b07333c076d18dad5915fde2d85702fe03b,17283343
passed,push,63a64eb45b5a9cb8d717db7998f39b3b97f4c042,17244421
passed,push,47b580881313f0618f82fb98ad30052a1738c235,17205259
passed,push,80457cae3741d8349caaea6e98e198c126adf3f7,17185066
passed,push,6d85c7b4d064de3fb3e612bfc5a2ead17f00c327,17077595
passed,push,3464d6e1816e29c86dc519fc8d22c4a57d0e4ca6,16965758
passed,push,d280a8a53340ba6c8460cb34d4d7fea05bfc2d4b,16963393
passed,push,c1d0539528b561ae821ac7a827dead3519ce7783,16902322
failed,push,1240975790a2d45c671870c462b6bc20e0f592aa,16901933
failed,push,fbc2b3900454121d829c750533bc5b69d1a566e7,16899960
passed,push,4b48b2e65323d421b3c4c12b3dea4f1e72e91837,16826079
passed,push,6a3d21672b0e3c50aeed0f0ac13656dc76190078,16820965
passed,push,76d7680d7d1ec3d3ded592700171d5b41b9a3e9f,16816111
passed,push,36a996dab90f355eaea6ed0b1b533b7dc6054bdb,16803070
passed,push,5f4578c5da2ba74144dd0d7d9cc43a3009370e29,16758588
passed,push,b21bbc02b18d5f1c614912d3a7f0b24d1f206e4e,16685894
passed,push,e07a0836b5aecf0b3c5dacaa504adfd01f097e78,16685875
passed,push,e07a0836b5aecf0b3c5dacaa504adfd01f097e78,16685869
passed,push,f4afe535ccf6eb81c47f7b10b3b5f6acbf818d31,16673460
passed,push,663afcea93734fdbdf15b7fda5a3d59f29c29906,16610564
passed,push,839000619a12fcc3567d55a2471870d08fba9db4,16606033
passed,push,d066c11a8604261f511533e2c1c1f382a6743d55,16393643
passed,push,225ef8656b34d6d6a5025baa86bc432216ec97e0,16393474
passed,push,83667bda62e21f705ce6113c09c23a43d797d4bc,16377762
passed,push,d94c1c2cef1a1983ef98141aadd51c960fde08cd,16326682
passed,push,4943aff4c7b825e3385e4e2cc7926a62ec07179b,16326679
passed,push,4943aff4c7b825e3385e4e2cc7926a62ec07179b,16326677
passed,push,115864b72023ef522b44db44c948952319e92977,16326371
passed,push,739819d24fd54198b6d2c2411b94f2e7ee18395b,16323419
passed,push,6ea56e11d8d0103b9d92df4726ba2d27ce6bcfde,16322093
passed,push,cccaac0d5fa8fd883c17de49d799f3b400de5d87,16322089
passed,push,cccaac0d5fa8fd883c17de49d799f3b400de5d87,16322084
passed,push,ebd31a434486035db5381462284d7b4632ac6c70,16321967
passed,push,b41ab4518fc8220dcba28a6fc62f97ac7eabf3a7,16320668
passed,push,d6d9ac44ad7ec4c3aec8ac6f4d1e03ce964e7d21,16316503
passed,push,dae8ce3fd9edf6153520d4dc5acd8a764474d555,16217068
passed,push,45c44ba87dbf57caaeaab939f4c125b29f725774,16216153
passed,push,bd0e8f9944c90fc8396e966dee325760f526825f,16165286
passed,push,dbd8a33b569005508acd8e7a3aef56c426d5fd9b,16159475
passed,push,319b1816cee5b0fcdc97d83831a54d1c59c36302,16153659
passed,push,f6fec3a8e52d40dea4b854ee1648fa062e47e7e3,16153244
passed,push,b7b35d3ed53dd94dd4a74cd8f2d32ee35657560e,16153123
passed,push,efed3181675ecdca7e7bc149b1cdeb763be46353,16152870
passed,push,35426ae51234ede7fea837ebef4939306a47ed22,16152760
failed,push,7a5fb77f469ec4c30e7685148752afff60cc61a7,240168279
passed,push,3ef699151c4f329843f58a5a3dbd3fcbe519a57f,240167942
passed,push,632cec912906ed6f958d67d3973e07af8157c5ab,240167571
passed,push,9be9b0d1d6e9bc612b34dfea29c81ce2b2f93181,240167231
passed,push,0facc0713880f78a569aa2e8ef2c8aad1c24485b,240166922
passed,push,a8c9f8fcf20aee9404f6c19b9fd5c8b480f264be,240166466
passed,push,ddd59bea22ff50a346bc3a7d9987816258d6993a,240166199
passed,push,ee10c578ecf28b7812acfe979ff0407f2b7d684e,240165872
passed,push,22d469cdbee620dafee9bde0956a83f4c14c12d9,240165506
passed,push,16e1fa278c0cdfcb48f83dff92950044602f3031,240164995
failed,push,8e253df838a4a85e1601f0e2e7471f5193374f15,240164474
failed,push,674c0a19926db6b8de2c5bf05026aff4d1d768b3,240164195
passed,push,d5d2859a2bdd4eab7dee0920ce5dfab362651d4a,240163759
passed,push,bea45a1b91138e0009fb20238e6080ee281acca6,240163350
passed,push,d849da2762b2f958cfb9d412013751a13be5bab0,240162846
failed,push,2b25c452d89b51b9e039fff53662e009438f1a08,240162463
passed,push,5872086b63b7a7d96fe7f3380e98d1c94e9bcba8,240161961
passed,push,7b239fa565567c46734fd88feb2ee10a95e56393,240161359
failed,push,ca9d9e4c768b307a090194c3aa7281f162fb6fbf,240160856
failed,push,5c5fc7251e3dff5a63aac64ca3d62f18a75e62bc,240160328
