Status,Type,Commit,ID
passed,pull,8945da20c2c8994f6a103e31a41c152f87b02129,289922660
passed,pull,83a24491ee1e06539029f1007bb52576b28d354c,287809728
failed,pull,325199b890179dab9d97b7a53c2105f5544fef40,265069125
passed,pull,12bd1973a617c4cc6c61307fa0fe26b960f8513c,265063612
failed,pull,3e72b4f5885763c09243ce65a546634adbe53048,264987202
passed,pull,17b31eeca9674d86b553e58536bf86e605e320fd,264692667
passed,pull,7f7f05a70eefb8be8dbbea11c9be77f0697abe24,264692171
failed,pull,60658975dd181c4d3626f64dce0482ac4b07cc40,263379418
passed,pull,d36a684f72eb211a75a7073c26bfaef035254cab,261456770
passed,pull,0fd9caca6044f6dfe34a015f007f0edf036f4379,261453437
passed,pull,b573d4fb55b49d729ef642737814cda5acc28ac2,261451262
failed,pull,122d8f71846121d95a9e4e66316e3c9e90866601,260848568
passed,pull,59284568e282a43ed1e1b67df1d8e15506ae4245,258623604
passed,pull,2be3ad1e8ac80a285b7513db4945ab21e68284c2,242684252
errored,pull,cd97e95a968bd46256ef7500dc5a4a5d25c74770,242683081
passed,pull,17d751ab1717ff15826d6004b496f2b9e123d5f5,241648087
passed,pull,151aa2b71a6ba049935eb61a2fce487730abb87b,241088611
passed,pull,e0ee753da4912a8296d98fbe14eea238dfb16127,240698983
passed,pull,36ba78ce2a458bd34bcabc35dce2fc9f80b06a45,239502370
passed,pull,f5cd9b8719e0de13e874ff9fc4853c2a830fa2c5,238242167
passed,pull,4d8ce1620d71f68acba0adcb31d31379516c8bf9,238239278
passed,pull,a76f6d5f609694be6b629b7fe12981fcdf6fbc16,237826204
passed,pull,ac3bccddaf88be58ffbe2c16b7b61e7a21a3879b,237824757
passed,pull,767349fc5d8b6216a0c169d625d3d370154fb9d9,235494676
passed,pull,9bd6b22396ab21fd520b7a3bcae25296d99d4aea,235474734
passed,pull,e9beb7c427b6c7d4aa746d56f0c2e24cff29c6e6,235474477
passed,pull,fc1173c4ab8e7b1ffd0d091be3c6e17d8749e9d9,235092795
passed,pull,e2b45d53b272619ab9a7c8aec4d6f3e27cc56cb5,233916288
passed,pull,b3822d64d2daffc7eb3040f89d6c648cc9ef4da6,228660925
passed,pull,5ced25f25710d4b395dbcfd6b39f87330ae6c9f7,226739703
passed,pull,13a5e02d21ec02808080a992bee26981711a9ab3,219634252
passed,pull,0d54e46a35f1fb2fb5933b611c111fc3663a7699,214159612
passed,pull,fc117a4d3b53e5f291a97a4232a38cfbd98f22ff,209650011
passed,pull,a86c333c92398fa04174c78edd5e2a7ae3fef4b6,209647509
passed,pull,35fc7fbbac7ed11adf7c9e2b325c7ed73cf197a6,209621739
passed,pull,c19edacbf1c0bcee2d7d70c65e21494f169957e4,209621271
passed,pull,5094dd589eb8d9ddc8fdb04fb164d2c6cf2377e6,209591383
failed,pull,2317d347c2b016e61a032ee47df68887b81ecb2d,206082364
passed,pull,285a0fdecc92a2b141f5b49d2e84aff95dd04470,206047858
passed,pull,a5ca86cfff354e4de776801bb248f907e597dab1,204889470
passed,pull,dca7b39bd10b4ce326aa403aba1d825da6dadffc,204056268
passed,pull,fd23733bcb128c4637e2ee24ef08f362eb1ffb55,194153574
passed,pull,e039a750eb9b45a512ab47773ef18fec6726debf,187495817
passed,pull,dd64994578e86ebc50a64fc2e7ba17685e99689f,187488373
passed,pull,e639e1d3f60b5c2fc5999f5920635ecb47e86670,187474325
passed,pull,cecc3b2f3b34f4df46bd73ea79602020f3e30173,187428834
passed,pull,0eb97de840637adfea26060b0e46c6c525f36e17,186896348
passed,pull,cb0d26f2768f1b7ec09048810455cc04643c0058,186894984
passed,pull,b59b2263c78b08623435cc2be99eab714a11bb93,186894857
errored,pull,322c7793ae8380c940214d9280cc4221a405557b,186893110
passed,pull,53765f761de554de0be3b060505c29b06ea399d2,185697917
passed,push,2ac5c8275ad8cdc101522ad01a8ba87e53b73b68,182848589
passed,push,b5378707433ebe9c69acad0666569824e18e9a6e,182847212
passed,push,8f9872901c399542e7bdd77fd5497dbbd461c1f4,182829718
passed,push,0988bfca224939ae8b953f8d520d75cca3baff7b,182829190
passed,pull,f76e4c84a5ef28cae6cfe043d2ba9ca89cbe9237,175647326
passed,push,1b1481dc01aba8679d52ead4eb545842b4fbd91b,174194093
passed,push,d7b0102af5b3ec374a8aacb1d2b0f4313eb70188,174193797
passed,push,54c69f25cd46541d0cea7b1730c198fba4e4ac71,166669847
passed,push,73cafb2f3d313fd9b966799b359050946a332066,166003817
passed,push,6c7cbe6199aa6b8695ee3aa9ec468d8717c9d85c,164980359
passed,pull,1423a2d0a460d070daaa4ee11764ecad2093ff74,161084724
passed,pull,1423a2d0a460d070daaa4ee11764ecad2093ff74,161083856
passed,push,bac0a6b788d943b028f937050abf16f6c959600e,160985129
passed,push,651e2e4c4ca24c24ffbc4dab13bf60be31554775,160984928
passed,push,b1f21163430d824cae16f7793b4b9c989cee1ca7,160984272
passed,push,c3f5b93059e466af1ea19e18f05276671b1f82e1,160984114
passed,push,6fd02cdb28e89aa14b4d4f6792d88a3061f43481,160982865
passed,push,b15612006e5444daa536c1a67e084efb71324aca,160982830
passed,push,4aa2de933996985fdbb5c40f74b1e18b53c386e7,160982457
passed,pull,fe31cd7cccd7fb8e34ef70c9b113a9b4ca4e9fde,160962390
passed,pull,b079eef4226615b8d62aa019a3791acac9391887,159830521
passed,pull,b079eef4226615b8d62aa019a3791acac9391887,159830510
passed,push,f52fc87a56969d8365b17cab3f896d616ac6c1b8,159268865
passed,push,f52fc87a56969d8365b17cab3f896d616ac6c1b8,159268805
passed,push,3efc5ab91bae538dbf0eac71175dc4168d11807d,159131440
passed,push,3efc5ab91bae538dbf0eac71175dc4168d11807d,159131244
passed,push,b28470b14ca90de4b806782a67ac3a986dc69b8b,159130432
passed,push,b28470b14ca90de4b806782a67ac3a986dc69b8b,159129598
passed,push,b28470b14ca90de4b806782a67ac3a986dc69b8b,159129525
passed,push,6916d1815526416f9ced477c2e20ff14837da157,159129491
passed,push,68d4a82758a42fd6fb0c4b4a0aeb2e1a0be2b6f5,159129377
passed,push,b64299aa2b01f01c13760e1c166304380fc83ca0,159129288
passed,push,08d032a5a25771b6a8c1f82fde0dea364ed0e315,159129228
passed,push,08d032a5a25771b6a8c1f82fde0dea364ed0e315,159124123
passed,push,923626a9629596747f92ffdfc1a887a398ab55f7,159123207
passed,push,e99a4363b3776341bf9df8c2c273d463e551bad0,159121049
passed,push,0cfa047720325798f026f9a6dd83bf233e2dfc7c,159118241
passed,push,bc2f0a6d8cffe6179e87bd08056f4c5ca31e8d34,159117982
passed,push,92f94ad702c417be3c3f1fc55f5e29329ee1acf3,159117641
passed,push,78dcecb045edae23cb3405a9dbf9da365399e0d5,159116182
passed,push,5973d8058df8308e46f9988a6bee9bfa14993709,159109745
passed,push,b7c9a2059b3e67fd9dfd28a84337579c89074579,159109516
passed,push,105ce0aa511fefc3be79ffcb4b92da641061dfd4,159109171
passed,push,7f34b42a2f028631b9036231e72603d13b34c503,159063945
passed,push,c4bf256e461ad93a070038bebfe343ea08263062,159063891
passed,push,996340839b30756a68682a3c983611b21a5f2b3a,159063878
passed,push,de352cd82e9cabf47d3566c6deabb7d170e8ee00,158943484
passed,push,de352cd82e9cabf47d3566c6deabb7d170e8ee00,158942938
passed,push,7203ca6ff09b8ba16b482a845d2ff4fbc9048912,158942898
passed,push,d6d7c419df1d3c67d027e6a9e1e2ec3a0f2e6adb,158941991
passed,push,42faef924639527fc5428f8572e234cb9b9ba89f,158941758
passed,push,42faef924639527fc5428f8572e234cb9b9ba89f,158941741
passed,push,0848f3d11870756d59adbb6b1e3e95184c1f42a0,158940386
passed,push,94f511e4a33895f21dd10ce10dfccfeed21b84dc,158937917
passed,push,17e8a72ee8b77da010c790decd9ad037d5e8fb5d,158917714
passed,push,60ce4bbc960cb6294cdf86895ad5e5ac09b189ab,158917671
passed,push,ea60279aec9760acd40b03fa80501090818eb4aa,158916468
passed,push,aad0c200b6d9ef9382db065bee7e71fd2759cc1a,158916364
passed,push,056623b7d37c7fe4910a03655494c89d3c310a7d,158669775
passed,push,e45692dd108a2701e9cb9a12f3aa5f8273b202e0,157779314
passed,pull,2da9a88fc1e444f10ddb413e26b0ca103435014b,157622643
passed,push,bdba14a5d0b7521302ac7c806292dc63f4bd4faf,157600324
passed,push,91220645978526355afb3b84a08ad6588696ac81,157597091
passed,pull,8f2c22fcb975ad470eeede714c71fe5266ea0cc9,157594473
passed,pull,d5b351fa969866e49dfb79b51b438bb1b66fb0ea,157580338
passed,pull,d5b351fa969866e49dfb79b51b438bb1b66fb0ea,157540696
passed,push,e553faba2112e20398cd059c00f9ab8942e3f545,156516699
passed,push,454ef50c23914d6dd7d87f49a024f7fbb3b1e3f4,156516406
passed,push,b6e3ced81b412a272d5803ab9ec7d6d28825cace,156433089
passed,push,596306b5b90a038885d8081661560ebc201f08b0,151401302
passed,push,563a62c18a8159a6dd46cd7b960c259d3d6b719b,145442709
passed,push,ef1844953ddf9a2e32f84667e7f1cedeadf201c9,145442570
passed,push,d01a14f5d99fbaa304a226fe045d5feed22b52e4,145442221
passed,push,bedb4358b93529daee5057cdbd94c35b72b94b17,145440991
passed,pull,13bd01337db23a8357f914fbb27bbdc5964f9bc2,144054059
passed,push,bedb4358b93529daee5057cdbd94c35b72b94b17,143377660
passed,push,030faf6542a28aad88e8c1f63186f20104e26b7e,141578217
passed,push,d8b6d6e8def61afdb8def6a1f6479b9e76e1c162,141569871
passed,push,d8b6d6e8def61afdb8def6a1f6479b9e76e1c162,141536558
passed,push,9a8d48de680dc0705d5d803e3845c3127f78a48d,141536438
passed,push,033e469f75f2bb3a7dbab51a5a7e5a048acf00d6,141534211
passed,push,04db7d156e8540b734922aa630d837e5f19726aa,141531990
passed,push,d725b855025d97ed2eb5c92b3d628bb90fcc3dd7,140483737
passed,push,7079a783fe6212457a8f5557a87f32921f4900d1,140441033
passed,push,e26d28c472d131293cfed81b8cf2ba7a3dcf2bee,140440972
passed,push,fff3042c4652d15cd044dd1cd2085e1b9c02341d,139949197
passed,push,0353888a2f45d43a27111e9f27b4ea953d57b29e,139382429
passed,pull,8373b745793654194e33052ff23b98ed9e461d32,139381392
passed,push,df5aa7d797412a698bca8f7f8dee1ef26e43b404,139127493
passed,push,7f29ac2399ce3666bc46174dd25f6a48dfd4d859,139095217
passed,push,f085eb5104eae4e82cef2a5b4c270b44e48663e2,138907704
passed,push,c3ecc3b28f4a2914f50906f6a4c4111f272c7d6a,138906220
passed,push,e2979b3e518719ec97f5e8b895b25780c22b82cd,137168045
passed,push,bee9e9293943290892f31e52ed8ad1c103924e5a,137165088
passed,push,0a834e09d1fb129b8d3c7a3104874fa934020e9e,137164921
passed,pull,250337413f159f137df676c7e153719be066102d,136393755
passed,pull,a47e6a44d2055605e1b2c537cabb541934f908d1,136316156
passed,push,d4762c4f8a199e1e99dc27493c816736448ec523,136115755
passed,pull,4ac57d75d5fd4228b07510867858a79fc22a5841,136115240
passed,push,1d4bbd5d14ee2f96a987a79dfdc874339ab8a2a0,134658069
passed,push,fdfc5678ddc18fceae74370e0c80374c6cd95da1,134645507
passed,push,ef770a428527108ffdae807fe9220018626ecceb,134643899
passed,pull,f4ef40535c42986beca97fa994667aa18067d361,134424174
passed,push,2e374cea62e16d0ea0a49ecd331fba066a01dcfb,134362757
passed,push,5d4c6e844340121bef19760e64bd79c9ceabf59a,134362618
passed,push,09bdabe5e575e7aec79e5633cd34bd746a229f86,134135109
passed,push,e524546bb9ddf9118d213f0a0fe5e53c1903c519,134135014
passed,push,54818fda6251b7b467fb5d4dc302dd87b9000b30,134133275
passed,push,54818fda6251b7b467fb5d4dc302dd87b9000b30,134132998
passed,push,9e8275b0864c3a45a5d2cd95b47ed1b8ca7810ec,134132371
passed,push,324be32c8a6ac1947c08ecd3b047367f05580e67,134116453
passed,push,4166ef3d97418b4ebecffc2736e53dfdbfb0c8f8,134116086
passed,push,a1ed4c84902e79c5e279365c7962db4f50df2d6b,134115277
passed,push,a7ef3de031b9340bae5db21dd08830397e7d5559,134088202
passed,push,a7ef3de031b9340bae5db21dd08830397e7d5559,134080963
passed,push,0a3e684fe04a4389099c65661540d44fe4be3376,134073821
passed,push,3dec7cb1a33c3e15b9391f282a9b87eb93160e26,133845161
passed,push,96dc9f48ef2733e6a581a0723f34c32eb9b9feb7,133606528
passed,push,8408328990c44bd8251fee41338ce58130cd724b,133605963
passed,push,e2058906c0b68f944ed869ccee85a603c9b4b161,133561233
passed,push,a57e9ff3a3bb20bf67153cbfee7114e7aa50d539,133552024
passed,push,78744364f899405a143e379f4224b1eef16250d4,133294743
passed,push,fb5b3e222325fb65b50a623ec7faa46e2d40fc6f,133277454
passed,push,2f704555f92c7e6b10404278cf3203cad63fe389,133275962
passed,push,a57e9ff3a3bb20bf67153cbfee7114e7aa50d539,133107494
passed,push,a57e9ff3a3bb20bf67153cbfee7114e7aa50d539,133041236
passed,push,e016eb3f54ad8a77aaa5380dee1ddc4d146c45c0,133038252
passed,pull,02e1a5c02c7b64ee572d71e49b162095bc8e3c32,129904317
passed,pull,db106341f5d8be49fc3fc09442e4314a925fccee,129891809
passed,push,f9e9a0b8c1b873b4641d01037d03f9ceb7f36cfe,129706348
passed,push,3f44f9f1606973c27d91809d998e8d766f3c8303,129705567
passed,pull,37683b3d37062a7a57d9ea86fec82ee8e977c4f0,129649316
passed,pull,00c7ce6b9ecee3593d1ff51d696d2eb5beb0cbd2,129046933
passed,push,e80e43f2cfb1b13751904a6e18f8d0264f459578,128469312
passed,push,1f267f297f5994651e78cbeacf46487522f52156,128464596
passed,push,72841f7e6ae84ff4683360da6357ebdf8513826f,128463430
passed,push,5e6829410d923f82abbc80ff9f419e450dcf8789,126871134
passed,push,4f480e7b2389815c169ab5678a513180d0d3ddf8,126870803
passed,push,12bde889c516880b80b26bb65044273c2f24c8a6,125187490
passed,push,822255b26585ba38306d6af53a53d9351baadd6a,125185142
passed,push,31a81466ad2f917c6e2b8aa76cd3b0868fd8fd3c,125185012
passed,push,42ed1e781b7c0d8597e43759fc89f7e61f02a19d,125184777
passed,push,59ab079f2c83e85be6be7fdfddd39e96c266a0c8,125184612
passed,push,cc341ce6ba5fba653bda613cb578265f2d55a665,125184444
passed,push,a15863d91ab35182ac59aba722793b593f70d509,121921142
passed,push,4fa43f832f0a9849d9e581e0b3b816794351a566,121921096
passed,push,78d059bf2dc958d18595ba6b3357dd90cacdcbcb,121921074
passed,push,51dc5ae6e30dc616dba932b82f0b96c12c10badb,119428258
passed,push,bc148dedaf2f1b9cc7e3c6cb3fc84de9124d3b78,118770636
passed,push,bc148dedaf2f1b9cc7e3c6cb3fc84de9124d3b78,118770259
passed,push,bc148dedaf2f1b9cc7e3c6cb3fc84de9124d3b78,118767549
passed,push,772adef6a3d67c302c83029fa4ce3dd9da34e059,118767474
passed,push,79bb3592f7d52316a0c0d62bfed7dcd4234f84cd,118167224
passed,push,118b826eb6741e70e13197db328c83f1fbac3cbe,118034267
passed,push,bd4a1aa8388be2d3c320d45c4e0e0a084decbf96,118032958
passed,push,0db464f065361fe8aa571267a70c127a05d52c0b,118032202
passed,push,0db464f065361fe8aa571267a70c127a05d52c0b,118031577
passed,push,44c2ea5e5c75d08676a9b7a4a249c4609785f75c,117711918
passed,push,904c487261a697545937e398d6bac1df4b2bebdb,117709368
passed,push,8bd33bbf6f1dc5620af340c88f8d1a8027a1e059,114455843
passed,push,b0e588d19abf85b64d6cd41439f00da1ed6e5561,113588269
passed,push,ce0f7e4f1aa4ccb068a8291baeaf945119937e20,113588244
passed,push,d47723ddc0299334ee714b33e7175724eb9428a3,112503811
passed,push,69bc4b7798f13b9f43671cc9a1ba4a12800efa35,112503805
passed,push,83650b3d0184b1ed2bba23ba464cf08ee4693cb7,109795461
passed,push,177734747dcee8b129e16b9f57e8f1f43702b48a,109118521
passed,push,50a8ced6c585859126fcc800dee84d33ed8df324,106175224
passed,push,d6f4dd525a0f1ef77ef28072441ceb5a3f534d74,106163000
passed,push,9a50eddeb22ab91273c0731f83078f0b7fde7965,105363334
passed,push,4eba7a49352ebcfc0c4a094bcfdc229d5ebe06db,105363261
passed,push,f987ff1c0a801e33c764d308f7c9cb60ca10c920,105363213
passed,push,e2df80b90e87adfb031464b53c98da2ab4dac1e0,105362600
passed,push,a735a24e2ac7f199969bab37bf6e8060901b8a6a,105362449
passed,push,6a056326650824285d6680b24704e5b3648a3841,105362122
passed,push,5389f0fcfc6d80d11019771069c538dff5decd86,105362049
passed,push,1eb499d4dc7d4da975ba6aa3ad325eb030f22c8b,105361954
passed,push,7ed632ae871c49889f9edbad837aa37599815d6d,104567691
passed,push,e817f913b3504f7b1be27abc4347bdc76a99df5b,104012484
passed,push,938db3d38b2ee7b3579b74694168f8e0737e9f46,102137371
passed,push,12ab60534f6f6a5721e0b7b6423c47cc305e41a4,102129984
passed,push,d8e05b096dcb2348900f282a56e4a6d3ce295502,102129059
passed,push,12ab60534f6f6a5721e0b7b6423c47cc305e41a4,102008808
passed,push,393882c23e143d5ea9fefd2f5f559e6aaee5aaa2,102005774
passed,push,fe0ace0ebbde40147671a49b0ec2ab5dfe1ca128,101025587
passed,push,fe0ace0ebbde40147671a49b0ec2ab5dfe1ca128,101025524
passed,push,595e0c5cb2246c80d6c63f0c368b017128903871,101015177
passed,push,2e98f4c6715b6853f716af3fb49ddc7faa8f6480,101009184
passed,push,d24a1080a574957130395a28d1c003d0c0050f75,101008556
passed,push,138342cf541a5f1c16bf38ae77bb098abac2ef86,100979345
passed,pull,5d413dbb7c979a7a67fff2cf8b6947e9bb0d39b2,100778866
errored,pull,695af3b3ad172620cdabfb95111be81739fd2896,100766776
passed,push,3ba686caafb0167ca0086add421e063019316182,99068403
passed,push,1339c1c5ed814f2071b147a685c700ff7af88de3,98638552
passed,push,639f720d195a14e18eebe7d74c1fa544a0ee8827,98256509
passed,push,efbfee8c5fcc1c016b14aa0c946ffc7456942907,97932515
passed,push,7c803830a7685e0b49d61be99ec22e92fe700f45,97932458
passed,push,938286195e90ca5f3c6dcdb5ce2c970f08a828e9,97591675
passed,push,08ad486bf9e18f17e58a6761bbcb2b8dfe61cb89,97591013
passed,push,c1468bcb274e1f1fb52a46be343f0609dc2751d0,97590944
passed,push,f02304e2598b2af5cbff7865cbca4d95ed68fae7,94316674
passed,push,f02304e2598b2af5cbff7865cbca4d95ed68fae7,94316634
passed,push,719dc5ab7cf520644c64216a0948309a9d580205,94137809
passed,push,719dc5ab7cf520644c64216a0948309a9d580205,94137699
passed,push,719dc5ab7cf520644c64216a0948309a9d580205,94137157
passed,push,9af37f99aff41fd5b720768d6890539e164e9eb5,94137071
passed,push,9af37f99aff41fd5b720768d6890539e164e9eb5,94120785
failed,push,1076c49731a57bff2952e54ac652075dae9e05e6,94117043
passed,push,323caafedbb5d382860d9bb3e868229119a42915,94116846
passed,push,277b5d184e2f7fef0a205249763cac34b6f30b31,94093719
passed,push,277b5d184e2f7fef0a205249763cac34b6f30b31,94084968
passed,push,c53fcb37c21a560ddeb3a0564040c7a7ea369ce1,94080965
passed,push,bd03b3a9a152926fa1a3b0bb6d878b262f982bf6,93863790
passed,push,d4ba57cd0a1ab370f342ee86f851cae21a9fc561,93482160
passed,push,099b61cdbf9d1c65265807d49033c85d34578a26,93481396
passed,push,db52efcdc63f23885264f2a7ee27a8eaea559d02,93481209
passed,push,feee0dd102b4567eca6a1b3ade665b1243d36599,93474993
passed,push,d5e081692aa637b4ca61249a85d63f4b19e64e42,93472877
passed,push,8523ed511a158d8cdfca3abd69ab62c2206b94b0,93471334
passed,push,e951afb634486aba814471e12c6b6cfb5acc9d0b,93469644
passed,push,3dd9fe19064dbb3ab8984bfab97b3f9deca1a65b,93469613
passed,push,ed0cfefd0ac6c045c097b803c56fbfd4afc6b86c,93463820
passed,push,ecec04e421ed0727e32f715b1a51fb98d08e405f,93123680
passed,push,adbf10c6ac033e0be7be5525be315ce258bc601d,93117931
passed,push,adbf10c6ac033e0be7be5525be315ce258bc601d,92286710
passed,push,14c479d1d6431b7e21a1e16aa862d94a6fa2b753,92258831
passed,push,14c479d1d6431b7e21a1e16aa862d94a6fa2b753,92256920
passed,push,d576dcde7a909ef61ff9f7d2e16fad502b71dcc9,92230747
passed,push,7548dedf370c97d9d4a9e09e1127ae812c6f0d39,92213762
passed,push,6b00dc859f553b3be49ad72714d1c5abcbc9c743,92213409
errored,push,e46dd2bb385a4fc14fa440706d8cb3593e9f140e,92211737
errored,push,5ea0ccd4cb17fd4dc489730d27c375a0df7f3caf,92195359
passed,pull,315499bebeaec6d66540aab136bcb4baa64fc152,92025824
errored,push,45f4c7e782e5d90e7cc55c99ab9601a2b8a8e694,91521156
errored,push,95def2dade5d80e45dbf44d5dcb73af4186b7fda,91340808
passed,push,168b431a0dad54c4d3ce8ff452c36de898271144,91124760
passed,push,8cc48c000b31a61a630d6b0d2228a9091d7a3493,91005188
passed,push,e10fed3cb97ae28119f6879f20bbc3f298243cde,91003360
passed,push,7d7c4f0aa1d1ce4dee09dedb75cb54d35193a10b,91000221
passed,push,860c8e1e087bae0ff69ea1c2acd3861307e93c5b,90954199
passed,push,724d3bbe5e3a0889c4533c5b49bfc56b483c68f2,90938526
passed,push,cfcf683c6ab6a9846c288f200800ed92a5862920,90938388
passed,push,caf9f817262d69e882d4ef44676ed7a764934337,90934646
errored,push,8142ac1102c24bd70ca9da600e1c9019336c1e51,90932702
errored,push,1cd1054bd927e801845ac3ada39a54ef75ec2de4,90932325
errored,push,fcfe9638490f87d53a8adcb8c6a9f317ce429303,90931882
errored,push,34704984d898e6cf02f0f9f32e7520a1f0b9e54b,90931397
errored,push,5f0745b6a697ed2fd41230e4d1889ff49834ff19,90900467
errored,push,5d9dbf8c545bef76ee2f2cc0e2fd91a3bcac4fcf,90899536
errored,push,a70e72bab657035c227c593c74b3bcb92fd4a31f,90898690
errored,push,db562728b9e0fbd057bacdce4f82e61ab3b9346c,90685556
errored,push,f4ee63da31273c4ee8dc32ffedf9e5b2989639d8,90685368
errored,push,0e6aa40a67ba0b699cc32b1d6d743293f8a81edc,90681777
errored,push,3bb3292e5afa8b511e61a98f5da8e32027ee9b99,90680796
errored,push,f66e90b7f35ca50a0049bd35fedca9e4b8d44185,90680149
passed,push,3ced321b0c338e4a49706a620a6bf225e3dee7d3,90670299
passed,push,e2b6a98621a57903cdff87c43fa60dad23e71583,87837011
passed,push,4843ceabd3b89058ca66db311c116707c75153fa,87456109
passed,push,4843ceabd3b89058ca66db311c116707c75153fa,87423490
passed,push,a0cc7947fb52b2a6e05a2656d33b3ad6ffe05360,87423270
passed,push,8f13d50962998d4736928de389ffc5565705a81b,87422731
passed,push,a812bc799e5a72a9abfde9c223a0aa9bd47f9751,87413003
passed,push,912a5caad2c915b7ada54bcd3b6f09ee7c035208,87412812
passed,push,fe59012c49d3ce9bbf59cf845fbc6de1ff42ab42,87406432
passed,push,2aaf272480a9de4226eb59ba29b049bc37a6690d,87403446
passed,push,792559e5be5f3a1704b7fcc0462b57b54c100972,87403099
passed,push,04e75aff3c1b679a08d6f5c8b9fb11b87d2e3ff3,86958340
passed,push,b8b2d9faacad2363ce8262f39a792e432ec95e3a,86762959
passed,push,62abfaf5d59d0a1ec8066d1d818310a14af88801,86560780
passed,push,075c3f772f02586aef4c3de08845997d0536cc32,86558194
passed,push,42f54fe372c419048cafb7bee010a70e0459d940,86558079
passed,push,193ca7d42bcb3b2b1bbb6a6f5339a5daf56e44ca,80380071
passed,push,bdfae6f3249516b3088286d8f8c58660065afd9e,80378579
passed,push,0f2339d7f10de077022ce0cd27d894dd61ae47ad,80210363
passed,push,4c35f277d7f1db8474da5ba7d5a6610aea2c2c25,80191291
passed,push,60748d451b56d0a2a344197da3bc9302bbdc566e,80186501
passed,push,42f54fe372c419048cafb7bee010a70e0459d940,80185536
passed,push,42f54fe372c419048cafb7bee010a70e0459d940,80185470
passed,push,d77ed10a9b9f802884013474883e0fb09194655e,80177207
passed,push,f5efb3b7246b6a47d5a29bc057d3cc7cfc5aab45,80172404
passed,push,9c344a1e2ee641972e543e29c7c80fe8849ecd2a,80171018
passed,push,5d0035c533b696dce8ad1eea1c4ee16781ba8c02,79607088
passed,push,fd9cc2c1577366746bab0352d34b3cd94b568635,76395302
passed,push,fd9cc2c1577366746bab0352d34b3cd94b568635,76395152
passed,push,e92b401dbfc85c1ee0d38e1efa094b7a79ccdacd,76395121
passed,push,ba87650a8d9b0bd8b0266f0c451dacf0494e3cf6,76051791
passed,push,c26769e2192c9f1cbbfcd473933e52d3f5885fbc,76051499
passed,push,d5ae8b2d6c91226beba255e6b0bfcd64be508c60,76048505
passed,push,1ca2cb0eeedaa7519664ba3b134b3e16fe58ead4,75912229
errored,push,3e3eec7da93448b4ae612cc71a7039fe7df4bf2c,75898014
errored,push,58c725e8aed827a23adf293e9b344eb250b56626,75885252
errored,push,c837aaa2f3b36c08242520193e2312602dfb470b,75883150
errored,push,f02382d93a44f149a7de45b819e944c577437c1e,75808593
errored,push,7eaa6e01b78ebb654a27f5a80cb66de92b2dc26b,75805220
errored,pull,ae21e8e90cce0b509e7b4773ec30e4e0e71e080f,75410655
errored,pull,3da166eb8601c305f330bb55c89b9e7a6b376e0e,74862677
errored,pull,3da166eb8601c305f330bb55c89b9e7a6b376e0e,74858360
errored,push,41e8c5a39618652e128190a9aead0ba8d7847a07,74523423
errored,push,0e30759805b6553bbe823c2e679cd9c862016e33,74513183
errored,push,0279b5f56cd153a45ceedc1229e72eb4b8700241,74413336
errored,push,9fe24a188de48729dcdd1b934dff384518ffbd6c,74392608
errored,push,c930b2657504faa6a4129a3ca2b414da280d2e34,74388458
errored,pull,6efb3b84cddd5c1f3cf585ae68b7ecee394ed205,74348689
errored,pull,969ad5600db3f588c6f365a4ca1157ae84ee36b1,74345384
errored,push,6e8b25d349112fb292118d6245b445dd02a3ad5c,73327253
errored,push,ff2b1331f0845c8065a4ae93e46e7a71987393e5,73324751
errored,push,7029dd0f214f92c2c8f1d099ce50c0351c481b11,73324585
errored,push,f8d414be59858e3802d190b503dea73b7249f217,73324485
errored,push,ac9fa5d1bf9192af5a39c8b9007b7987204a92d1,73321447
errored,push,597d2dfe1e0e4f1074bb2ae431c33babaf4c6adc,73319686
passed,push,bac845a18a971f02a4fc6b4032b370690144ca6b,73309354
passed,push,bac845a18a971f02a4fc6b4032b370690144ca6b,73138761
passed,push,c9824ded3b762d4fae640fdbb9008157bfb8ff43,73138015
passed,push,d414890dec084526e53aabe7183a52acd7ac7fb8,72795563
passed,push,f8372e268ad9f25e6f5d2212c7f4602805682eb2,72078172
passed,pull,cfa5247c57b9784de1e00cf113cd0410c8231299,72077587
passed,push,9a6aad6c1e27c95ad668257d29cbe7ea6357526f,71366665
passed,push,73656317252823db6ea0b6452f09da7e5971856d,71361731
passed,push,90612fa32e007ebf05271e45b886feb27aa0c4be,71359432
passed,push,f9ecd404698392360d6ee54b9a652c12c680973e,71358710
passed,push,99955ba2a31642dc90519da23243b702461c024c,71358612
passed,push,e6fdc5d371caf3691a891ef9679f644666b90d44,69431452
passed,push,669b54b945f2500ada306fbc2b3c66eb3788b756,69416435
passed,push,1f1fc25689ac6dc759e2a3fd2bf02659be9a4b39,69384771
passed,push,69f0808f4c118daf844c58a292f196f636330f05,69384696
passed,push,69f0808f4c118daf844c58a292f196f636330f05,69384672
errored,push,5559d1a36f87261f39f4fb4cf47c2b8dd8c315fa,66990313
passed,push,c6fdad5aaf8d5045c4799908f8344996ebf14bc3,66985791
passed,push,4c607abc405a34e25b2c7d74c69a2a78a001e4c0,66626681
passed,push,4c607abc405a34e25b2c7d74c69a2a78a001e4c0,66626667
passed,push,086d58672a885791bde15863215ad38c1d7a3252,65754510
passed,push,539eda205c2c1cd3e60816f8cd0dce753c7a607d,65754297
passed,push,9b25b0819090e956f9086c52e207fb6e41b1f5de,65753380
passed,push,977d0d290c4308b077815130a8ee16b9a258f602,65753184
passed,push,a6aeaeaf893ceea9265aea21c99ea6679b99336a,65752926
passed,push,55503fd186f99d56c4fc9b86cc46fec5d91a5b9d,65752895
passed,push,72cdd5ed768182fcf21606bc971b47c9fe02d4bc,65752722
passed,push,18720bcc18bd2115502085afaedfbfcee83b1ef3,65752359
passed,push,35e6feee721a5f0c83db5b25ee4aa2fb8522af1a,65752351
passed,push,d9ae7c654aa08e8c4a590156d30403c861e7cffd,65752249
passed,push,c2ab7f182830fcbe5cca33f80ebf07bfd9e5ed28,65749824
passed,push,2338476f27b3daa587dd31031776be26a4b3e523,65749794
passed,push,d96d3da46d42fe183cc3805a40cf4104040370e5,65744275
passed,push,690e614fa94e49c032ef56b5307de762ba727eb9,65521441
passed,push,17f6d5bbe61c0d9f3fff092e56aed4bb2a96b3c2,65521136
passed,push,5a1e5a1ae15647b3ce244f99f8d8b6e8b8f6781f,65521062
passed,push,e749b6bb9e2252b19273e969b189c8288471cb8a,65521051
passed,push,ec4913d9cc733a3e9dc62b07a2988f68fd47df05,65520980
passed,push,87ba4a39373ba52f0ceb6f566009b7d0b290e8be,65194846
passed,push,70c883dc1652f69ccaefea2dc9af0b6fb0760bf0,64202268
passed,push,dda2d472d8a6c0b38a799c4808dba509d9d283ac,62969328
passed,push,731e68342fca1e2e27d32171e9f91659ba04295d,62535250
passed,push,722b09b6d7899e5c7d280addb4a23234f86f8c92,62534977
passed,push,da0d033b54b1dc76937a908d4e9c689f5100df36,62054242
passed,push,df57802bfc23256cca48f6db78a404ae6318a9a9,61587279
passed,push,3777fda640876352f7129730fda327c3c426ee72,60336233
passed,push,00275478b9018acb07d77ea592023b03b84e924e,60335182
passed,push,00275478b9018acb07d77ea592023b03b84e924e,59875883
passed,push,55cd3dd5c7ffe67adea5711ab40b16906f00a779,59823568
passed,push,609ab08fcc45119aaf740fecc66cb733c9c12e97,59687122
passed,push,8a6db4b6770eb60748442b3022e6eadd5a07b729,59687021
passed,push,8a6db4b6770eb60748442b3022e6eadd5a07b729,59686813
passed,push,2dedbff3b4aee4b8eb119228ac388b0e3a62ba4d,59686770
passed,push,33ba49eab4d2dd83c6198daf74bc4698697af3e4,59184019
passed,push,c56d90d7fd8f8d7d0288d6b6c09c1dc93a7af608,58553777
passed,push,c56d90d7fd8f8d7d0288d6b6c09c1dc93a7af608,58553018
passed,push,ae0e055dc77a429d179aab674872ff026e6489da,58552826
passed,push,33b190e932a6792a63144f7980949571b3905c4b,58414862
passed,push,b70ac5e2111740231ef5a7ea3a8ad015ce4fb89c,58413753
passed,push,b70ac5e2111740231ef5a7ea3a8ad015ce4fb89c,58411556
passed,push,0b5be8dedd536c45af5e66ff2e6f27df0a828c39,58410554
passed,push,1898fa985f21babe94febc6b40443066ade27cd3,57909841
passed,push,7953527afb581165b8b741dd72ae59bc4f14a7dc,57909619
passed,push,46c630117e1d9834027802e496c6eb18e63816a1,56067890
passed,push,0c7f2d2ea7d6a28b8a42a8bdb7dc4f9121360c57,56067840
passed,push,2810dcbed7e7b6a545af90b301345af1600fa518,56067724
passed,push,399bdb8a6582fdd33671dcfb2a4cbd39502c8b03,56066576
passed,push,bc5404b791e05d867e638c6da62fdf7119e19a24,55906444
passed,push,ce77d014f9675db234990be12f42da927d54f90f,55896582
passed,push,b016597b131b73e9706a0ebf704a4e7367c0a049,55830521
passed,push,aa10e6de4d5d43b6fe74d022e335b307d96c1d60,55829198
passed,push,ff287af409212e14edb6954388676ed9eb4ab9b6,55783525
passed,push,252865030b8136314e105c3e2812e648956bedb3,55778730
passed,push,5a234cddb1273c4ad7f71e4684cdb450bef9ac4c,55778290
passed,push,d2804c3f8c10d3763698bdd9bad0d6d168b62e44,55753349
passed,push,36edf4fde1ea377fcaa8d2411e47ba6b6b482c8b,55648403
passed,push,0ac0ec9a410e267cacc9b1e2673463994dd932d3,55647896
passed,push,60cda1eea483038f8d2be2ed4de6ea7a9e9f3c1f,55646456
passed,push,ba9c2ee77b57068d3bd141b1f254f46b964c882f,55453902
passed,push,739a28421905a6b25ce888c528ae72e32ece7c40,55353075
passed,push,d7cd6aa877e781e71bcf18a873d6c820443ef2c8,55350621
passed,push,9f59d4a0fafa0edd9ac7c3acebf9dc5892d8aaea,55294303
passed,push,d86f1e763cd24280394fd31aef023e3a761722b4,55293519
errored,push,cd69eea1a24ebe37fca217f44fed992927069c1e,55293435
errored,push,84653ff46d0c46c364a2f9548b1a80be49b3daaa,55293323
errored,push,deb04237428e45aa0226ca701c28887c680cbcf3,55293154
errored,push,0a39c54e9566afa6240653ea60eb16f168eaf821,55292214
errored,push,6455ba691d7bbbcf88f16ffe2a22ef1072d95b08,55292173
errored,push,4597585cce71c1a7ed9edeb87c01e9978e2971e3,55291955
errored,push,4126df7efd68216ac5f7d2b731527c91f69d55df,55291503
errored,push,ab9f1a8becec464ce7c7cf9b8c64046bc11016e3,55291102
errored,push,74daaeebaed2869e36cb21f78c45ebc4fce47249,55290115
errored,push,bdca3b6756b6763d33e768d2f19e8d24888e3481,55276363
errored,push,651193faa2b50db534f5ee27f3d099d1f97b2140,55275238
errored,push,eff0bf62f47caf3f0b38866cf6ab898e171b7c08,55184423
errored,push,3788fb567faea2e3d4dbb2a19bdcdc89be59061f,55127488
errored,push,9f9580d119f4564d360c30786c666118ff5a6600,55126603
errored,push,7e4d364eee3c6fc9a8b7ad8e9c32a2dfb98fcdb9,54194104
passed,push,071659bda2df81225395913bc7b7226dcd7fa1d6,54058646
passed,push,2758e7b4cbf89b063c36e90b0e3825652185de80,54058041
passed,push,b7db0716da9d15f12f373fbe545030337010bd60,54045546
passed,push,39f76dbdbb9289880e00c18e3e2815a2e3ec95ed,53009774
passed,push,92c39abcb53d57afc731c20dc00148de31446468,52844650
passed,push,422b155d804c0a3ea61ed5af8d86154466168f82,49564421
passed,push,6021ef7c67868b0add264d8bf471e0dd024b5e09,49560180
passed,push,ec4c8d3ddfb4baea6fef33b3b4bf0cc1eb919d4f,49438989
passed,push,7e0c3e364e27ce2b1d83307991b75877f8b23563,48728015
passed,push,7ad9f14ecd3cd93248978a3285647ace913f36ff,48589807
passed,push,7ebc5ed1d199d9a1015849fef8fb63a5d7c205ea,48332015
passed,push,a9a6885365b0cf4a185c2bdad6542a0727d13ddf,48332013
passed,push,8af8b8a7541c504daef0e5e6a1f660fe0c077dab,48312216
passed,push,bc2368e9e6a1b11dac43fc7388d12d316dfe6a2e,48312214
passed,push,62eaa816f45c1738f799fc47b37722d31d8a5a3b,48311796
passed,push,c1636e66e7edda24b5641952a86b9874265ef170,48309567
passed,push,8c1fdbdf5b1628528dbe774e7f3f88309eb546a8,48305973
passed,push,20df08ed3d8c018e1126cb723ead0d270ad9eb6e,48304157
passed,push,352e9aca5a86d0dd616bdc6818b4996da8140ddd,48303714
passed,push,fb7ff3b72bc3735de187a81c27d9983082fc432d,48007693
passed,push,d3446c3691b582ee08fccaf052d5ea007b5b9024,48006291
passed,push,c123ae769be4f67e016725de77b47b39f9bcbf1d,48006164
passed,push,3fc61e2651c10e8de43b99deca7e8982f31f51dd,48005700
passed,push,3fc61e2651c10e8de43b99deca7e8982f31f51dd,48005340
passed,push,cedd8e723c3c3160a4575af1e5d51bf12279df98,48005172
passed,push,cedd8e723c3c3160a4575af1e5d51bf12279df98,48005073
passed,push,92f953ce277b5ee3b71a55f2a2aca403b4f3e5d3,47909434
passed,push,92f953ce277b5ee3b71a55f2a2aca403b4f3e5d3,47908991
passed,push,dfa92df0ac870d8bc0471001cb963a255969d413,47900537
passed,push,dfa92df0ac870d8bc0471001cb963a255969d413,47900481
passed,push,dcff25cc3b22d163e96bfbe11a4057f5810bb838,47760468
passed,push,16498d8412f8dab4b001ddb2c9150fbaf26ef9b0,47760322
errored,push,a44514af42446561222c650079f32f84686ffb5d,47751578
errored,push,cc78b2126547ccd5bddddb291aa865ef961742fc,46975912
errored,push,df0e1e64cf13b0600cd489613f95f67c97296af6,46974161
errored,push,36e2ad44f9f3d5060354031611b2088ab8452191,46969807
errored,push,217351b99c0e1bc1726cef1dd15b82e6f4b55c55,46969720
errored,push,7eb73f8dd497822fde24ddedf4e7b38eba34f41b,46969718
errored,push,b27342997944eda10df0d110d28df8f464d8ea79,46968788
passed,push,f70cb504b90760b3ab51a3eda900e08d240c2680,46956103
passed,push,7219e7f8fef8d7fd8508807105702591b88e00e0,46955688
passed,push,51004f2618e240e9b544de25d207c1dcea1d0ef8,46953700
passed,push,d47499218cb6732ddde9b9b1e2bad79ea92870d6,46411917
passed,push,a0eab529722b126d19aae84cd8b9c01af7c252cc,46411047
passed,push,a186854cdd2d07f676ee0714675b85b55a4ac453,46156606
passed,push,2e38933e0a702b90fe2676db605955c483c01579,46153880
passed,push,0aa6909565b3bba803e595efa6be2c970052a915,46070188
passed,push,24a022a16713b4eb30ba08f822da5f256312d724,46052118
passed,push,73b18f657652264ad8788ac45817ae50fda045cc,46041623
passed,push,0c251f0192cf653c367ff200bc6ed17a12c8e10d,46036398
passed,push,92f45a2ebcdebb753184d3c1891db69848140314,44813677
passed,push,0242b3f96d3d1c83634dca824af45fc090e66878,44804026
passed,push,b8df3ff7bf252a11107c6d1ab4fd5bb0c881123a,44564823
errored,push,b4cbf84cdeb6a6adf752d85fc2bcdba5c0aae773,44558131
errored,push,d4f682a4d98c00d0fc25d919e2bdc9c5edd4a55f,44556761
errored,push,d4f682a4d98c00d0fc25d919e2bdc9c5edd4a55f,44556683
errored,push,4ea16d03ae5635ab0fb24a495d97d1e3cb90715a,44554780
errored,push,74a5781204516d93b1623b4d95b61104003df07b,44554702
passed,push,03fae7a016f28be39b61bc3ffb18575307f85804,44552995
passed,push,8ea4ceb21f823ddb05eb5b7eda0dbd32bec38a56,44552304
passed,push,27fc1af9f7a69b4f7fe626d1e24deb4e0bb23fe4,44551778
passed,push,e69fd582597fc66375b84fa59efe060f2c831803,44550234
passed,push,4e9bbc57c51befd546e0ca9196071c60fc01a86e,44313619
passed,push,46dd55e1d4de356e05daa1fb076ac34bca346bdd,44069792
passed,push,e7198d114332c8966ed9a0a9f6a20877afbab193,44068649
passed,push,53477bcbde172aff17678a6b6ee2999d472a3193,44060762
passed,push,b43355e825cbe7e1c2b5abf5c3d27845828f3280,43841457
passed,push,605fef00473adad9092525eaa82dd20ec4dc7b71,43828336
passed,push,29ec0a8f3749033dafe8bd725e3eccb5314bfc5e,43828256
errored,push,aa7421b1dc23d906d8be5e6a44fa7df2a47a127f,43827188
errored,push,aa7421b1dc23d906d8be5e6a44fa7df2a47a127f,43827090
passed,push,0d0cd31931a216b8bab86f067d37849a34c8d4c4,43798728
passed,push,97d3a0698db91a591f1f3dd5f4d2f6118237d816,43687480
passed,push,f9235f39fa7563b6b8073658d96a50b95030db72,43566601
passed,push,6510695cd67e56a28b6df410337bd6cf72611aae,43553820
passed,push,4642245ecbf1d4c4b09a4a4678a06435db9b6617,43325667
passed,push,c868433b5d06ade4562b0a63561f775aaa3654fe,43073643
passed,push,a445493caa0a00fcd99fa25fdd35ff952e40916e,43073292
passed,push,91f7b6a53df33ad5bd22b9c0aec66116415fb916,43073110
passed,push,c076e23c6e6f186395bdec7f96221f119bd9d659,43072771
passed,push,9952b1603f20ee2494f97a8834cb866ee91fd905,43071203
passed,push,3973a34643f74cf08bf7f478d3a19ed34ce9b3c0,43069150
passed,push,e212b4ce84fd3e1de9b14b30a5e7e15e81a81bac,43065947
passed,push,d903a19e5d76aa5b91e9bae873c84da2b48e3b48,43064023
passed,push,827d2c45178b9ccde31186bdff949f202285c362,43062670
passed,push,1cde2a5f29b00265dbcf7d5663707ced106a8e2e,42971884
passed,push,247f4892c38a76d892d90a492c0229175b74df1c,42957683
passed,push,0c1d6414482889d20c60eeddf7239f9f409cb680,42957617
passed,push,0504c1e10b42f2838676e9e8d027b385a559c32d,42957605
passed,push,6d089e50a996495a2247a5f9e1746928d9997bf4,42941541
errored,push,a1a83214887f429f742a91d8cfaa6a14b3b5a20c,42821269
errored,push,35661e1394055c6330652af9d19ee2375b164ab8,42820906
errored,push,35661e1394055c6330652af9d19ee2375b164ab8,42820728
errored,push,f75f641460d32872af84361bf198b32ddf34701c,42819864
errored,push,dce71cd21d1df4a5e2bd17a8e649239d16e7d41a,42711107
errored,push,606e29d642c54cadbaf250bee8209d259dfef6b6,42377391
errored,push,fa1a1358274aaf6ee5055daa13d2cd150682cd4c,42284211
passed,push,a5f67ffa5aa98302766f19608f1bb817466275cc,42048079
passed,push,a5f67ffa5aa98302766f19608f1bb817466275cc,42047994
passed,push,3cc3f56db04d603932e67bd739e2b3728e68ac28,42046464
passed,push,3cc3f56db04d603932e67bd739e2b3728e68ac28,42046429
passed,push,e74196342b551c1622ea723c9917126890a84663,41934074
passed,push,e74196342b551c1622ea723c9917126890a84663,41934037
passed,push,749a31051a4cf821f77a034ebde379fe32f9a24e,41697899
passed,push,4cf91deee0d7ff38dc51d3e1cf50c09b6129e200,41680878
passed,push,3cedd055976ec58c53c73a7628a5fcd0a73f1ff7,41569666
passed,push,aa60a6611044c27e4a64a74c11e0288870eee795,41569160
passed,push,32cdfa8873d72c69954a6b9f2d6a4c351de4502a,41567598
passed,push,c20b8a334dd057f8d1e2137c804a53c3aebd3d3c,41353999
passed,push,0a9fe15d0805173835078dc8f9c5650834756f81,41353434
passed,push,c1bb3b89ca6ed3e74d2d57bd0cc7f8f15a0bc0d7,41343813
passed,push,38febcdac92eff0415172fad42a44af795193d8f,41343585
passed,push,2abbd42ea4f3795504132b880c768ab7520368e7,41342734
passed,push,6c9587240a048899ae457ec04f400bae7a93c79f,41342656
passed,push,c05a195c172626f489622fac6424ba10b3a31827,40977777
passed,push,2edcb91f1652bcaaa2ba2d842b55f135346b4fb5,40634952
passed,push,d8fd200b005e3e92a2e8351de1913efe7fd2e2ff,40530896
passed,push,facf1cffbd404de388fa0d702074dcd162685b69,40523255
passed,push,aea399c3ad86bc5b171755cb5c7bf55bf86be6bc,40507583
errored,push,af4623c0a2ad3bec1924ebdb85b1dd39925ae14e,40445817
errored,push,4288f5fa853946b8a6c08e97def67535d12dc649,40262813
errored,push,8aaa0fe13ae0fe4dc07a8fb4225265ee9d25c0af,40261869
errored,push,8c44d5f1a1a1de324ab3dda4034a90561619a007,40261036
errored,push,4e2ea5a1954f65f5bb8be1e0773ba0a9a51723c3,40259181
errored,push,43bf0fe86f9573341668ce7da0cd3aa6ca0c5098,40258055
passed,push,e73e9886dec02f4000db2d827f6d4f6f3a1b852d,40042898
passed,push,9b8913e41e1da4756526454a0fc7aeb47de27fb8,40042468
passed,push,0d5625baadc6ac0722d012cfda887954fe43c3a9,39930773
passed,push,fdfe36692872ed66632ff802f53fb2355b594465,39926477
passed,push,4b4dc7ad77f84516a1bca7ccc24955b12a89a0ff,39922540
passed,push,94fe4a7015a85955175f0c1a4fb44e30dd3d7d8f,39919109
passed,push,3c47ffede69a2bb6adae0f27236aae28518d7233,39827437
passed,push,059491902906c5a82ff6d87f4ece5e77b90b8746,39811875
passed,push,fac451d1a9bf776f18cca0a70e5fe65d67d79413,38281811
passed,push,190d24e2fbe1cb8268df5fb2e167455d8e6339f9,38160505
passed,push,7d2cdf17222838fa6e00e2076b26c868c7f3a52d,37905087
passed,push,e7e5e2c474d0b97a53793bfb274692314119d32d,37897020
passed,push,c0799ee6faa2ad14b6148c113a41ed8530f75ce2,37895692
passed,push,2ef7d690d4b7cd8ff2363d8d99de253285ed2c8e,37895565
passed,push,0e6623b3e553154500b1e9e5d78f0effb3f59182,37808270
passed,push,ac0234bebd1bf6242fba903ffe90e4650a5a3161,37807298
passed,push,b886be96b0a470a3a4265e39eada01653434f0e1,37807206
passed,push,b73ccd4c7fcca4cc310a23977e78562646884b10,37807105
passed,push,b9ecc6255f7e9afe40aad355d1c513d55e8d163b,37806738
passed,pull,31f12fed93867500955c7a985a2aa02599d45836,37622058
passed,push,be13319cd72f4bf67f5ab8baf6befcf1735a776b,37493505
passed,push,2c901956e09fbb89d6949d4929db885c372d0ee0,36498206
passed,push,ef42f9610dac33770ac2ac42d7ed90ad5315b3e9,36488629
passed,push,ef42f9610dac33770ac2ac42d7ed90ad5315b3e9,36488449
passed,push,d94fc419e6c0ea6fa4d6ac38bbe580e3b742fd92,36488201
passed,push,5c49dffdba8df134543ca083d1cf62041ec59904,36329820
passed,push,0d531bf7a0a0647b1aa22f8504dfe0e95d54f455,35535650
passed,push,c201a295f1b64d6a496403a3de2bdfb4814d87d2,35534868
passed,push,9fed7f470092c51cde8ad834543f6c280136bfdc,35522289
passed,push,ae6267c60dbe750afd59611dd9a59c59b15751c8,35516414
passed,push,834bd06f87b030880e2d1181865c19a474c91ad3,35503223
errored,push,4880bc2b4b455c50cb90581e8979a620ca9cc799,35501026
passed,push,e86536f790643567c2ca5928cc898eebc59f5e70,35500654
passed,push,11b3f29a332976513edf4dae10a62e83951d1e33,35500565
passed,push,e08754cd7c820379f94c6fac376b35649ea74365,35335287
passed,push,e08754cd7c820379f94c6fac376b35649ea74365,35333831
passed,push,253fee75efea6c674cc2779e1e2f295fdce93108,35326724
passed,push,cdc512c489851bfc1529bd46b7420e622c69d744,35324009
passed,push,e020711bbf84f83307e7cccce6f80eac3b21a4b9,35313795
passed,push,58074383d79efabcace86f0b13e4c6a696651ba0,35313451
passed,push,8739a5aad992fba3e9fae3400fea026c5cf4fb97,35312211
passed,push,35a0f88e7d930ea263c78344907be9e45438051c,35304272
passed,push,dc0781f6b960d6ab65b16e9070cb33a12ab2bcca,35303874
passed,push,7792f1f97d1cbe27172e1762ca07bf339ab342b3,35299306
passed,push,baf4cb818e53a7d75dbf30e666af0f6d0a102017,35299175
passed,push,9aca25c39239ae73d745aefa2c965c3f64a6c4ea,35299062
passed,push,606b67f2b598244ef8cb79986b4238a0ded26095,35272389
passed,push,644b90c3c673777db456d71837d1e0448e012191,35099065
passed,push,bb3fce02eff044997d8a5fd1835fdbeb15189498,35097096
passed,push,18c982a22e810bd9957ab92e7721140770517a76,35092798
passed,push,c2fd4f55969ea533b425bb3fea5df5e2f9f9634c,35090783
passed,push,16ba8e36dcfd24804e04c230392142f39190bccc,35090284
passed,push,541be35b681daa8620492817483ee19f190fac38,35089988
passed,push,e4c37148f479c836d4f29c5caec0c04bb1861d1a,35089794
passed,push,537c743b1d704e24b6a7e29e30bbcaed1ec575f0,35084578
passed,push,b8ed6ebc506af20ff470d29ea7b36dfc1d19618b,35036974
passed,push,f4aae6f2c186aa0b81f2019dbd48eac45030cca3,35036691
passed,push,e96d3bc6955b59086668de775dc5f8b4768c1c3d,35036605
passed,push,15e7c7f4ad56b863b568c000aa948b758e787ece,35022059
passed,push,56ecbdfadffea805ea8d405bbb3a3a89daff175a,35020013
passed,push,cca80b23fa8cd17cb00f6d9463ac90816b7cb545,35019004
passed,push,21321e6e92bf4ad1162a650627b028573c55eb18,35017187
passed,push,c98faf6d4d02a7048b6da71f425343a9b2747c4a,35001500
passed,push,a48e21e03101ab6cf6d6c0eee48dec497de6ed0d,34979145
passed,push,885fc6e2794348a5e6af66d05567a914473f4f37,34910118
passed,push,ca92409d06f0f20e59391b9acac61b394d7f4832,34909574
passed,push,0943fd79e714479ed97b0c732b12c7d97fbff942,34908960
passed,push,50042ee866c6cb6c43061dabc70b99ff4361b145,34907044
passed,push,4d6ac90a4d80749be65660e5e5ff9dd32e3c9493,34906386
passed,push,839bbef0fb7361ae1715cdc590808b017fbabbab,34905925
passed,push,bd9889f59d6ee36934f1a329a7ed97696ea2de8b,34803735
passed,push,c1a36ae7a24c18b442705066ce58b24fe9544f57,34802993
passed,push,2cadd7162913f45a25401218daa8c5eff3d9ffcf,34799040
passed,push,5f5e5a1ab31158dd843b178f524a3f1735f5853d,34796266
passed,push,c9d274b149bf0e8cc5da7d0d74ec648d4a5dbed8,34468922
errored,push,696b2933ba7e04385db687b2dc8b38030c533f5a,34374536
passed,push,395f8a269d4de03af5e26687f9a29b70cab160ab,34373319
passed,push,d85671577e5c89049e76d9199bd8e5c0ebc112ea,34373144
passed,push,d85671577e5c89049e76d9199bd8e5c0ebc112ea,34372865
errored,push,431dcf7de4faf154228ea66f24959a3b6eb6f835,34372440
errored,push,431dcf7de4faf154228ea66f24959a3b6eb6f835,34371899
passed,push,527a419e78f024a5f9938a6fcde9598f6a03489f,34354981
passed,push,8e53e53273342a71437ebfe2963ff13859251750,34274286
passed,push,830470fa95bc4d4bd21353ea3d4f2da35370eefc,34257362
passed,push,96081fc9c558410033d3941f8e29fda65302c226,34251211
passed,push,ab040d11e19d0c33b2a4e085899315e33df43feb,34206579
passed,push,aec7ca0124e51271ce56f123e9ed86d58ccf15f1,34205343
errored,push,e3c9015d2e112c1d98b5d3e493c0e4847e85d638,34200582
passed,pull,3abdc635b94ed0ec530cc0e819cff4a171493b97,34196475
passed,push,83293e536e632d666b58490b9c77deac6f24e13f,34173471
passed,push,ca6251ada7dea108db40a6c05121b75b71ad22e7,34172118
passed,push,ebe699e0272c0f410b8a13feeaa3dd9813366853,34171009
passed,push,18afcc9936fa763e19ddb59cd49870b72c803172,34162789
passed,push,99d801cb654660d50b3ddab984b4fa15351d0a56,34161816
passed,push,2c85f5b0b97eaf6a6d30e90ba426667ed51b7a87,34161768
passed,push,5f2f0826fe18955865712cb5a07772c23c8e2989,34156318
passed,pull,fc0f3f628ba9ca5c651c3cdde454fa4cda6e48f7,34097862
passed,push,8936449d6f8b2da83e9f053ec2e6ab1c883c47aa,34089649
passed,push,78c2eb2cbe54e3a61fa006a0f07626123daf443d,34081593
passed,push,1495ebb49088bba698fb07873b9e5870dd7e8952,34080359
passed,push,9321373cf906c923ec3b4295fd95319e166417d3,33869367
passed,push,9222f4447f9b0711fcdc4329a1a8d1f9d3750df9,33869167
passed,push,8ffe7444c8b62551dd4bf1f5bef57d3bd6187066,33867672
passed,push,844ba5cd20067fa8e841943055226490532a3887,33866534
passed,push,8b2da1fa435aa54ed261f73def567044524f1618,33793614
passed,pull,19363340b90398cb33688a5574a7daecabe343dd,33792864
passed,push,6df3e6b733c856791fee9464067d69df8ae5f42a,33792002
passed,push,2a87b7ad11e15eeebe97a0c3dbf499eecd4f3998,33789076
passed,push,9b06341c6fc357baf4f557cfc927c6d99a223d22,33761975
passed,push,fb9e84f89490efc5b491fe022243c835f019ed8f,33761207
passed,push,85aa02450eaeb71dd160f4732c7099e3e06a9a99,33689244
passed,push,ad694ecac5eb206b6d82605c3d3abebd33bbdcc9,33688488
passed,push,304a3827df008b814f630a8e7dba9640c3ba8a8f,33686905
passed,push,552e77ceef663eeba41a0f36a35b49085b58473c,33685764
passed,push,915d76e23e7b9a2b76a30ec124b0ccead9e7404e,33682547
passed,push,fe71a4bb312a6ab05663b27f999439854700f7c3,33682164
passed,push,828c73b8d7b785526780600957c70ac835e1b881,33676869
passed,push,5cbee7096404c753963022314fa22421be550bb7,33673822
passed,push,cc4c95aaca22b95d8883c6ed7dd817e2aa146c2f,33671289
passed,push,4be6a5458a30c1975ac9141487be1555e677a19b,33665308
errored,push,365f2682b137794271516f726a4113f47e1e22e4,33665226
passed,push,2e31f51678f3217a47900bb320a48de7df206ef3,33665181
errored,push,f68a5b09f61ee4e335fa1e1c9330c9a8664198c4,33664716
passed,push,73d325f101302f67cddd4f9b45f39073070b6bd7,242644754
passed,push,b7b959179ab6041a08a1ae83cb636493a1a3ff61,242644075
passed,push,c9bfbf424711928f2810e08f7367ae6028f64cf4,242643808
passed,push,808f8b4aeba0fe943e77d109517304da16598bbb,242571992
passed,push,307157ed15eb7a88a6381d3edbc90a0b763b7e3e,242562622
errored,push,030e0c68856c0da9687b9732097f89d1042489ed,238626402
passed,push,aff07c08ae5a68916161a094c2084f4f00bbdd7f,238625652
passed,push,88bad1aacf5ee41885cef9823a43fbe332224f5f,238625348
passed,push,9c2e5afe98e3dfd3607b9cbdce4892add80e2a54,238624891
passed,push,480cd377a1b859c82de7a8c7d40ec538661ba889,238624436
passed,push,289e3227b62a77c024435e37abb8b5cc8787410f,238624077
errored,push,030e0c68856c0da9687b9732097f89d1042489ed,231023198
passed,push,aff07c08ae5a68916161a094c2084f4f00bbdd7f,231022926
passed,push,88bad1aacf5ee41885cef9823a43fbe332224f5f,231022502
passed,push,9c2e5afe98e3dfd3607b9cbdce4892add80e2a54,231022016
passed,push,480cd377a1b859c82de7a8c7d40ec538661ba889,231021783
passed,push,289e3227b62a77c024435e37abb8b5cc8787410f,231021504
