Status,Type,Commit,ID
errored,pull,359ce5444eb6e822475a49a6a14ea8c124d0fac8,253875150
errored,pull,86bcfbf530be6053cc877c00c0a8c084cc947fb4,252718807
errored,pull,e040754c1478a268043001a336cbe1c6e59fd083,252717575
errored,pull,906805b4ffc3309ba45eeceb48a2d424ca162e72,252711714
errored,pull,a8a06a75f7cb3cec178fd1f6df679cc9154c1aa3,252710323
errored,pull,f05f0e93b1343faf542ee2ef0990d2230bb87cff,252531678
errored,pull,1e68d7dde05524b1812137464dca39ebc0d24f17,251614034
errored,pull,f16cec86d8aaac2ac8fb1520ec9bdec8132b543a,251613387
passed,pull,d3562f5236da73152f3459ef4adb003b0e1c6dbb,251044899
passed,push,8b2e3b06185e4a111ae987db7fa01901974036cd,242117245
errored,pull,b57ff0c39021c65cb679d0f285965cf33e33a1cf,242117137
passed,push,a1e36d36d196a9776430254877177ba1973da5ca,242116945
errored,pull,58e3602e9bb1008bd98568c296aa352b870053e6,227664558
passed,push,6baa2ed219e18f9763bb2f2de74c5fb800d15899,227569062
passed,push,a62617e239a5241715cfa07455547035c63a97e8,227567423
passed,pull,5f9488b6670a285aab7b19b4cf25fd3e9a811bce,226943525
errored,pull,238d502aaecb42d6f050c0667e09f9e6d74164a2,226931791
errored,pull,9875748708246f154b7e88b45a2b09e0ffe9a844,226930315
errored,pull,f414e35aca02763c6aa3466b175c66b4c9811b42,220269384
errored,pull,37bbe419886a8a7a79d11df77ea1f113f0fb79c8,220268567
failed,pull,e2053af28be2c494e061c729623792d263372b99,215542400
passed,push,0631dd0bdc905c69915fe33fdf2d8ff98c73ebe2,215519927
passed,push,612ae63d12c4126207fcdd2366c7cee39897e23b,203766590
passed,pull,c689ebf6c941bb0bf753f635a90f866dc842d56d,203761989
passed,push,1a71e9f95183a089b2b72a0cb42337681594e699,203258733
passed,pull,2a8f5b72f668df50f3aad2df9b835dc89884763b,203258383
failed,pull,27a46425b9b428c2710794ff7f27018ed0a27a57,203071759
errored,pull,12c6766ed8159786de352c7c980508d148211440,203070493
passed,push,44ce61beeb8bb5c5c1289db02f1da53f6bff6d8a,186410907
passed,pull,5e31d46750104c1e3d5474c9a3cb02e563c57c4b,172158743
failed,pull,f8c51564093c8c2533a39a4ad18af86a63e3b78e,172156207
passed,pull,935e9eadbccbb7d410339cdd6c373d65e4e1a072,172021000
errored,pull,f5a694dbef16972f1c9027196703c48df68755f3,170118022
errored,pull,b875780190d93cbe950c01ee35a221e359f88436,170117723
errored,pull,b875780190d93cbe950c01ee35a221e359f88436,170117369
failed,pull,b50417bc3e96b826211518fba570888b5fe1c39b,165189796
passed,push,e121b3943958ba1558d8828db6f13c632e99f298,129801583
passed,push,e866ae7916d6b763f7d32f72f54edd735b5ea6bc,129235547
passed,push,ae5dac889d19edd6c773e60420f00d4e7177f31f,129234927
passed,pull,68217b617f29bf2cbb9c5a2ade11700b5d679dec,112201592
passed,pull,970a0bc35547dcec3f7b10834d0916e18a0083ab,111670965
passed,pull,de5917a006a1a14adab5541151c8b19879e9d553,109382269
passed,push,38ec459e6f163991c6f88210720dcda4fecc64e8,109144636
passed,pull,5780f99ace1dcce56483470361ffef88f74c654a,108789312
passed,pull,3f416ecef4025d564d6249b32cdd3bb0b8726762,108784605
passed,pull,f09ed5d040df6a74697dbd523fdfc6f10fe2e3d3,108781742
passed,pull,caf2d7c306d712e984898dcfb5da5d7a30ecd3a9,108334804
passed,pull,e45baa25dcfb97f04230b8ea77afbee8ff7bf9f3,108241660
passed,push,60d87e9a120e330eb34c9d558d0f00e52b5ce438,108053266
passed,pull,b6274517c770f989442d7ba0e7ddb6c48867c6ba,107930110
passed,push,bceffabe0d850ea9c67c93a9fb578d2ca8600022,107720410
passed,pull,828be60f75a6fc0fce22631cf8aef6c1352a22c7,107704627
failed,pull,a3bd2c7897d7ae5424b92f4d18aa5f98b8b8cc1e,107692098
failed,pull,32e5f88a67a699ec421b8b9abaa7f0879d1eb141,107691661
failed,pull,87b44669f268504604faea079d121aded6aa655a,107619709
failed,pull,87b44669f268504604faea079d121aded6aa655a,107573993
failed,pull,87b44669f268504604faea079d121aded6aa655a,106979044
passed,push,247b66cb2c7792336c5d1c2c1502a55d5222c823,106072503
passed,pull,2f07a0dc4da94bad31b8a79cbc82c4d9d45f20fa,105840599
passed,push,c7c288a43e324748f1f25ee72f9639d808c70b7e,97326353
passed,pull,645a30166a4a29d161482bbd1a934eb2ca44c69f,97253453
failed,pull,6e32e68a09b3880676d622ad638438beb29addfa,97249837
failed,pull,ba6e1a7c775e7201ae98c28b7aac10945fa16dda,97249368
failed,pull,0d31952895c882dcd61027034a72a6c0f1a4a6e9,97247835
failed,pull,be7ad829973458ff98f11fd08cf131110f7f9b02,97244624
passed,push,ffa4a6ccd332fad6dc1c5a269b3854a5a2bfff91,94382818
passed,pull,15d9bf8f7b8dd488d9d98ff596adbdb3a5ac6458,94181036
passed,push,128ccf0f25f401f2218c03166a6f4ebc5ce21385,62883250
passed,pull,03ddd365ce1eb64bb809ff80c794f616bf908581,62830461
failed,pull,65fbcd88ed052db9e9cbc7a312290165bf4d8b64,62776696
passed,push,1f8f61c50d4e36ab8677b271a58648e90a2f1b28,62277026
passed,push,c8604d6f6d23a0cd5d3f9fac472dbf467fe11b8e,54800289
passed,pull,39ab7b3fe0736774d58a1fba119ffb04ad44d86e,54709930
passed,push,7ebdadbc657a68da22826ce3cc402e3635e80d4c,52676941
passed,push,0c7e43bc531adb20afa201f04c915f2c833028d8,51710328
passed,push,742fd235af3ac3b45cb0d519175e51bb979d0e3f,50989068
passed,push,77cc0f38259a0dc67720df02e2ff946724bdfc36,49368872
passed,push,2dff13cbbb9549b83800a44e392acd8017367be5,49079720
passed,push,7023c1792ccb764c597f3fad7b7d0548ed655fad,49072750
passed,push,8e3bbeeb9f84fd3a0600730f902c14a67492274e,48912411
passed,push,4949bb98b5ec17b448af042b03f4fcc27965aa79,48696191
passed,push,1518388ab7443a31ac31dff48258f53e9f73214d,48556995
passed,push,5041f961b4aae3f0536b975ba241500286bf1236,48415932
passed,push,f634ae6754399a82eda492fbb92322447116e57c,48287922
passed,push,212defc751a80b7beb93292368f8178908b585ed,48287834
passed,push,d30a784c667ba694c3db1e4adb8d0d3f43e2d5e9,48203212
passed,push,1b22e6e79d339249c66bd2a8f9f1fc698f2a75ac,48202156
passed,push,6e87667b40d5b752b39b00d5e01431dd5a9e945e,48192760
passed,push,4562a87d1b000919e55efdb9324cfb6f4065f667,47987599
passed,push,9d23b87c288d22c844a57c54a549fe311060c6b0,47859453
passed,push,e2b15c4c7d8521247bca8a106fd5100491a09fdc,47584538
failed,push,ff8c430d41740f8797ca2e8bd078ca8cf08d07f2,47584094
passed,push,a13dd4713cb1d21ca5687f49fbbda5166f0c5f65,47554726
passed,push,80b9b9f727f368958b3e080316b70225eb563bc5,47357970
passed,push,ee8245b681636ce348462fb8697d9f22084a3b2c,47356863
passed,push,f396706e281fe1bc20e9a617faa609a102012feb,47352910
passed,push,8dae381b3fadf92266f3ebdfc9ca9d2bfd9e45f6,47212944
passed,push,a9aef207d3524c836f25bdca8580604d119f1bb8,47057297
passed,push,dd25e1b09e0a5985b78279c11ba315df7d95928d,46926797
passed,push,2600a9732918ce2708de70f57c46322c4aea9617,46795431
passed,push,ea5beaf9616b7891e7ea375840accaeb3ed5c08b,46673618
passed,push,887057f85801d980d6e507e9800d3e1863633560,46633549
failed,push,55873b320915890e08ab9acf88a26cb17fc8adf7,46633214
passed,push,bfa797fc1938c6474ede03068bbe99bee08d8fc3,46514831
passed,push,a9496cef5a20a5e02c1eef6fced6651ad5fd9512,46383938
passed,push,d76487d560e3686a4fc86e570ea710413c9b9b15,46263934
passed,push,025b08205a696149336baab899f95dc43f07521a,46135524
passed,push,26177b7bbd3683828b36c0122c1d49123dc17a25,46016792
passed,push,42b5b6eb069cf520e4802a8aa5dffde87653f7fb,46016147
passed,push,6736cece590e68e2aa6419223b09846875777cc9,45894114
passed,push,11312b98ee912db3186a4af652c1f0b00284659d,45890791
passed,push,ace8a82bed68b68999097c73766309b077d279a9,45813210
passed,push,d9820cfa066e53ed9cdc6a24bccd2113e2c9a356,45734190
passed,push,c40492f287ddd9af16aae10b2f77deeb8bbd324d,45639975
passed,push,4373cde9fe3ab2d9568bf3162489b22cb6468c24,45602728
failed,push,4ee3db17b8f6db9647ea37c6748fdfd67205937f,45602573
failed,push,9b061197f8c89eb2a27479e5d8ec15ed3516b6ad,45602422
passed,push,2156c317cf117e2c2e1eac679667a902a59e2c3d,45551470
passed,push,6dcccf658d395c053dd994cac7d3aa65f1b9c258,45443601
errored,push,23af3ef32fa015e9726789c45c5f275fb86948a4,45443573
passed,push,f82df8bf0a86f15c0b9f6063a95b8eb49ad85f62,45361487
passed,push,c7e371b3890e2fb54ca0c6bde9616686e9122b86,45247353
passed,push,a1c80a86faa459922c23222caaf08f7e331ad1d7,45212523
passed,push,13354c5e98c2d6de172808468ff421a4e99f34a2,45142235
passed,push,b47b115d2120c88c923fc6bad83c54749ce9be88,45104409
passed,push,442a6caceb932401c12e4dcb2388c57fe6a30349,45034996
passed,push,9e548dedc05062cad6665815078a8b4fc7d8b90e,44920182
passed,push,6327840345060132cc6ce422f4d8f33b77d18031,44865893
passed,push,e381083181f07443cc74caec6f91a9d1e822eea5,44749950
passed,push,9d9525883b8d901c9bacd44285d009041e0f1de0,44667181
passed,push,e79acb3e21590fd580348e7d248efca7b573e2ad,44521431
passed,push,75f90536a3ff93eb0b0f009a8d16f2db9a6e03e8,44397355
passed,push,5f3d5bd5de9ee50b7aa73c7b55b3d205dd2f0a67,44389101
passed,push,9c652071363079a538db2095619131037a9f101f,44155127
passed,push,647de49643c50b76fe54e9bfa2189ec20b3065a2,44037225
passed,push,d690539a96d94d0c98fcaeabb1615729373cdede,43998000
passed,push,fcb8687371c4406d92643b43a6138ffd41f7387e,43897407
errored,push,833d4fb0437587d198f56279e9a902cc738d328f,43896797
passed,push,61152ed517a58d386ecd0cd4d4a5a4f36eb826e4,43776833
passed,push,8909336fdbf95abd4cf6697f31584d939b560d90,43760095
passed,push,e9afd8c7d06aa8ba71e5394caf24aa3b256ae7c4,43536678
passed,push,7ad76b3a7b51e99cec390fe431b1985eb96006dd,43534365
passed,push,375695f31ec0534f59d068f5c8eb85d7af840519,42926205
passed,push,bc5082b03cb7c48e25e938b8f73af440133ebc44,42925690
passed,push,2fd174fad855802559efaa0f1acec5a8cd16a084,42924171
passed,push,fe1dacde7739d4f0065d26e1b5d19a5ec3a59af6,42805566
passed,push,de3748998f612c462ad5351b7d5835bde9a3ca6e,42774849
passed,push,4b3e50e3fe4f613aba33392d73ebaeeab9a5a69e,42581409
passed,push,29d771f754552e5e2fe8076bc119b3558b3bd3bc,42536324
passed,push,c9e26b4ced78e3018e1302d852268871f48a0a95,42482868
passed,push,bb95ee953a8966ece5947b958cf4fca42b9cda91,42478345
passed,push,146c71ea3299842ccd390c7c1a3beac4f47be291,42355590
passed,push,09e07d714cd4898774aabd47b52bd44d3ad55b41,42256072
passed,push,a871f09351082939882ab913c4443e9dd281649b,42226895
passed,push,c8db59ffcd78d4be3916f7e67d4b14a372de7d97,42010338
passed,push,37c22f4b6d3318324f3589ec879a8dcb70c8d947,41889067
passed,push,df1f34917a9429734f90d4c2b44959621eca1feb,41664567
passed,push,511761a0f9633a443663029da9ffb208d5b52fbe,41543934
passed,push,e23d7b1184033a07a263914ffa91b29daf4b1bc5,41532611
passed,push,62bb15a2920d4ccbd45349d2685679c46935a76e,41531916
passed,push,a82a693d1a36d4c7955aa6edf47614627a89ac2b,41405116
passed,push,557982ed92f4ccf570fea76407054ae55f2ef5d4,41309970
passed,push,0e9fe628e248d33a9dedb741737f7fd0f5b21eab,41296242
passed,push,beca5c449c1aa602162b57fddf40104d751b61a1,41158683
passed,push,422b64e579d42998c34b64f063028cee1ac8b9ad,41115481
passed,push,915cf88072a7ef641c7cc3a41e961b9428d47c8c,40924142
passed,push,7ae15ca6ee4675b4ec73c7cb16e0a017d1e923cf,40814604
passed,push,a7ed6fb5967e0f8c63bc7eadcb61fab336dd183a,40704253
passed,push,bfd76bce0358f4b987cdf1f3197f4e6a88b235a5,40548989
passed,push,9905927d6d5631944f5e890cdd678b5dc0e8c694,40464674
passed,push,8e7c4e652e8d8fb6e04b2c4fdbed90ff4487a5b7,40462723
passed,push,421c254b5a11549f6a01a84b0cc5fd6ec92ecc14,40462560
failed,push,216529baa98d8646b192b1c6897b01d3181f2ac6,231149082
passed,push,d7e0b1c03fa7cacf40b32dcfde30871e8947445a,231148601
