Status,Type,Commit,ID
passed,push,473d6d7beac157ea94ae4a9165ab4cfff87de34e,280344441
passed,pull,da4baea4fe0a3f90fb672bb7079f014ba75bc9d6,274600596
passed,pull,7fc0f0ddde1e799f3e886732342edc6a52f1952a,274600336
passed,push,88ac09317a3a968a0ac5d3cc3f62547256386231,268167835
passed,pull,86d221a868461c44fc62a26913ed6374114f877f,263258263
passed,push,38c4e3a5997d3000d5fdc16d04eabf5c50e5fd00,256043200
passed,push,96a65fd678dd399e714c6022f32cf33cb22c0c03,256043170
passed,push,96a65fd678dd399e714c6022f32cf33cb22c0c03,256043165
passed,push,944d865a4ae300ceefd4f784488056e9d1b3b7bf,248855686
passed,pull,0d5ca7498917dabcade5f006d92ac366544e2f7f,248820677
passed,push,a0007ede1b2d1c3d3bdc84c5e2550de477742270,241252062
passed,pull,4a78fb6cd4a5f69e2715dbf24f28f1393d24f2f0,240733433
passed,push,c35cef07aca89c82a490232acbcccadb2ab859ce,212068816
passed,push,fa22cea6abb906f5f0afe5cf5f23217ae19ce823,210979834
passed,push,35a9575bf75d76b084217587a1e3ed760323fdf1,210979810
passed,push,35a9575bf75d76b084217587a1e3ed760323fdf1,210977999
passed,push,c1a061981aa611425c15e9abcd2e55d3ffb08f23,210977764
passed,push,577ab8991d709a35b9a346170e6d313bb862ae64,210976680
passed,push,75e674790c7461d03a92c1370b8cf3b31bfd7004,210976654
passed,push,577ab8991d709a35b9a346170e6d313bb862ae64,210976648
passed,push,d5de4368dce9679e71433f34d40b0f332b7a073e,210975818
passed,pull,cadb5a8f6a0c3149895a4e3505589425f5d75a22,210372651
passed,push,f24df4a81496422ce29137883bd5d9d785ea486b,195538514
passed,push,e26067e1a42c91471be1fc9598c19eb2ecc756d4,195538419
passed,push,e26067e1a42c91471be1fc9598c19eb2ecc756d4,195538408
passed,push,0ba7e9d4eb63de3e7d40755c562e9a64b05ea927,195532460
passed,pull,2626343d713fe578ea560994907dacbc7d0f8379,194252532
passed,push,ae000520f5246351ecb052a08e25adbf9bf5b9a4,178583307
passed,push,fe9cf56bf98c3560b9c07208776a78fba67fedbd,178583305
passed,push,fe9cf56bf98c3560b9c07208776a78fba67fedbd,178583303
passed,push,b8eb2eb3780b15e4808680631299f65a47dc239b,178582890
passed,pull,07a56b186602e8e5646b72a2adfe0bf1138fc646,160659583
passed,push,e0b9595894bc0bdf7ce69376c304b37dfbfc7771,160462048
passed,push,c0ee4f4bdda4eee2c19f8c5ccea46f03ec2acd79,160461938
passed,push,c0ee4f4bdda4eee2c19f8c5ccea46f03ec2acd79,160461920
passed,push,d639802b7487a2e79d3901c9c0d4d5b83da6873b,160459427
passed,pull,20794fbf28f14b75f791dde0d1f29cd3087ef86d,160458695
passed,push,008d5d103186b1a84f67fd6e4c06a76977c3e3a7,142793102
passed,push,ed856d5c9f59f4e462b508aa3c831d217507000b,140746443
passed,push,8406b060af05fcf922d0895881f591eaddf6a8b5,140746427
passed,push,8406b060af05fcf922d0895881f591eaddf6a8b5,140746417
passed,push,7641301f4abff80002ef2a7a11de74fdb3ecdca4,140746099
passed,pull,8f01b11b1b3a791060c6abb0d05dd64da8c4ee37,140667005
passed,pull,586c178040cefb568899a0716551859541ba4e69,140641169
passed,push,2ce321af894939d80fc347d8988b9243f4f717b6,111089372
passed,push,7110d26a87678eebab7ce72e0681b1610032b7d0,110736790
passed,pull,b0d5bbdbfd8c07bab340b642afd7a1cea2862b31,110730340
passed,pull,23690608f8623a6cfcaab00413f11175793c6447,110702293
passed,push,a7ca37f58f76c24978dbba0eb001532d17be9dc1,106733029
passed,push,7f1161da2b8cb071f6f94c36efc3eeb418905305,106713650
passed,pull,e23d104faa2b75abf1ce5a464d608de993391eaa,106598053
passed,pull,5280c61954d87fa57c4b16db031217f6ae232299,106584078
passed,push,8be41066e8ccf1d67ca08ce846ee3462a5deccff,103802594
passed,push,ed1a1c7bce9d1b27facb34edfe59f640f3ec21ef,103707433
passed,push,09871f2bb1c05dfc07b016ca76b6af009902cfd8,103706724
passed,push,43fc7ce9adc59b33a8db21d6abba0d23ad2253b0,103706719
passed,push,43fc7ce9adc59b33a8db21d6abba0d23ad2253b0,103706705
passed,push,b59ea084791150134c20a8455066a07b0a377659,103706633
passed,push,c8611917e4780d186c724a580a8ef48ec19d83e9,93407056
passed,push,2bd6214b2507a8897ee806aebdc145a36b371754,92026859
passed,pull,e723cdcb46705385d2c4ae36eeb199d499c1eaf6,89800725
passed,pull,94e1e2dd5b4a4f0e3e067c072ed60b9d11877520,79818136
passed,push,59719559011b602f4923bdfea08be323b6e1b1bc,79817947
passed,push,249c3574a33eba3467a79512f0dcca5b34ad89c1,79817449
passed,push,249c3574a33eba3467a79512f0dcca5b34ad89c1,78070456
passed,pull,f53dc114e8a99e034b0180f80a11cd71ff950615,78017622
passed,push,29e656dd3ef946c1ae4fd9711c4e70141b9207ff,58892090
passed,push,74648125017d13c163d44c7d5287e494305e939e,58892088
passed,push,74648125017d13c163d44c7d5287e494305e939e,58892086
passed,push,fc50305866cf57f6cd6d64a789d18c4388ce3156,58892063
passed,push,d64b37e5e59979cffafe7b860d11f0d7b1457504,58891921
passed,push,c9b7526585ddab9a79bd56f275bd90d2450da8a8,58891910
passed,push,c9b7526585ddab9a79bd56f275bd90d2450da8a8,58891899
passed,push,f9391059333d236b1041dd21efc38dc4ffd85537,58773884
passed,push,186cf05f8a2dc58c3a18cce5c178fd7e005a8581,58773877
passed,push,186cf05f8a2dc58c3a18cce5c178fd7e005a8581,58773864
passed,push,a7e8eebb4629a3cd401dd2817827601b3c557e51,58773714
passed,push,33da170c08ad03d55baf2d9c58abfec8460530e1,58423692
passed,push,48931db2f05be38343437b1fa5f73fecf315464a,58422678
passed,push,26c54db7479f4d8b70f4d39680a803ab8f8f4576,57321579
passed,push,767ec242c32f44fc40067fc638be4544f67c68a6,54482279
passed,push,6f49a2d50601dbeea6cf044323f2eb74a5d8c368,54481286
passed,push,b1532cc74fdda41323def5d72c67567b6a467969,54479951
passed,push,deaa20a9f5b564fa1e3bcca76b3e8b4585efade5,54478276
passed,push,f1a82d01b1fc588d3019c297611a27e75acc3987,54478274
passed,push,f1a82d01b1fc588d3019c297611a27e75acc3987,54478252
passed,push,c1f3e1782f3caa36d473bc45908cbcd3785d71db,54478121
passed,push,84697f5d0226ef10eb23261702a2894ca2b8f459,54478074
passed,push,037fbf0daccb446166177d9e8161981775635c03,54478070
passed,push,037fbf0daccb446166177d9e8161981775635c03,54478068
passed,push,57fdeb5057849f9233323496ae4e59c943bf6af8,54477889
errored,pull,d7d8763118f8473e05c7d566751822cd4de81062,54346213
passed,push,af7dd1191a0a53c01fa10fb459c909c611c9a375,54253974
passed,push,7f6e8773f8a428c8fbcee81aeaf42e04b45144c4,54221968
passed,push,740db1ba99cc80ee8a2c54916e8e6975b629a276,54221904
passed,pull,3112c7ffa04d64745132c5cd7fc98db1f38f7454,54087026
passed,pull,99340f609b8cbd4bc0a009cf8c5b6722ff9e5836,53995017
passed,pull,a74cb40ed65235e04ec9560ce05d692dd0315e73,53798348
passed,pull,ee9a34952dae0a4532554f374a4ce0d4f29849c7,53580774
passed,push,8e177ddb143dc5ec4f82871cd150de55da0e321d,53535735
passed,push,d39029103a04c67d717bd4d56964d6d54566397f,53535498
passed,push,7a29f9556533cb3e8807cbd5524a9095313e054d,53535490
passed,push,7a29f9556533cb3e8807cbd5524a9095313e054d,53535488
passed,push,078f820644cba6073e8d3831f7d20c67fc27d796,53535460
passed,push,b9291cd722144e776cf1bceced0372c2c23d5822,52891707
passed,push,f16a8a1a23485b5edec479c657a65f70638e5855,52890441
passed,push,382932eb197cd9e831569b11a91c400d0a5a5f4f,52890439
passed,push,382932eb197cd9e831569b11a91c400d0a5a5f4f,52890366
passed,push,8f6dc3931c72a99040b55c62d619060e2851f848,52889986
passed,push,94903436b3fa9f4b05ffa40c12d57c4a6c218b64,52889897
passed,push,d7a38cc2e17b6aae8272a24e07382c57a8e5d268,52889886
passed,push,d7a38cc2e17b6aae8272a24e07382c57a8e5d268,52889884
passed,push,8d73c5acf3c8ae267c36f37bebcce59680f4d1d8,52888685
failed,push,48918f260278ec4a7aa69a9007c65a20463ed6fb,52888613
passed,push,dcf7925b7f3467411879bfe2abb72bc0e92e7167,51828484
passed,pull,4760e4b774b9b599c726ba8d8ad23faa8c8f8184,51405700
passed,pull,f1493aa65fd4beb1bcf0331f07d88d3b8371a3ec,51405479
passed,pull,e1695f6036a3a59f85f7f86388e834dd669ea210,46369744
passed,push,6e3fd3b49aa29bebbeaca9d5cff96ff259e95397,45893899
passed,pull,f46c7363a05815a9a073828e46b715eef1ad2b08,44235076
passed,push,190dd21a84659217acd57659af679806d9bf858d,36855677
passed,push,ffc00c2af63a068c57328f73cfdeca12caf80a14,36855668
passed,push,ffc00c2af63a068c57328f73cfdeca12caf80a14,36855664
passed,push,59500a38575c3738152a488d6b2fa97b5bcf7ed1,36855533
passed,push,88fb3b78adb0a028db166e9dd097a75d160238f1,34587827
passed,push,5f3c05bf1c53479061ee753f09c3ea606bdaca35,34376533
passed,push,9b4004c1480d950d906950cbb64a4dfa4c03c43a,34335091
passed,push,69a70dd97b9c78799e74e1dfc3ed24f42c5922be,34335089
passed,push,69a70dd97b9c78799e74e1dfc3ed24f42c5922be,34335087
passed,push,39cf1f11652bb10613ed8c2b23d9c79e792e2eeb,34308886
passed,push,d41d7fe5d3482d468d09bfbc0c9f6adad27c9670,34306611
passed,push,2a14bbaacd3672723c9802f0ecf79bdb994999ad,34275979
passed,push,64fe5e3ed8845d9596c175dae3583c8a25d595d6,34241008
passed,push,d593c62f85693550b9857ba2d76b80ddac721eff,34240372
