Status,Type,Commit,ID
errored,push,c9d604f3f8e1e45b67c6394a074a6e547434cdf9,255844470
errored,push,8747d6e80a33c9fb7c3a9535bc0a6f1337a13987,255837837
errored,push,23997b64f6cb375c43feb4cadb8df8ee5747abe0,255837713
errored,push,fb5055ccd85bb4972635134ddf68ffb5e17d8e14,255837427
passed,pull,7043ffe637265fb007e1ab5832af1b0ac226e085,255801752
passed,pull,a46329beb93e9144b4de4d1a9193e2b3edb5e6f8,255790143
passed,pull,b2ee6bb2217d1d2d4fa81030dca454a691c56fc0,255552714
passed,push,66668a6ff6ecb1fd5d2f4c003652d2b47a6085c5,253940126
passed,pull,0ce0fee8d9ef67246e1fb6b871c4d4857839199e,253734516
passed,push,64d6af9e87c2e42796b12739edad570517a8638a,253570945
passed,push,36435b54c39e3cf62f0caecdc521ee755b0aec95,253561184
passed,push,87b933a0eea312c33a8f7346b47f03e446c95f5f,253560369
passed,pull,a69266387eaec9c1ca8a4a223a8f3665424c29a6,253509765
passed,pull,1c1ba31c46ef7cb2fc1a98d74cb97add09204d2c,253396665
passed,pull,ed3a16459d9c7162147811b0bc238a3d30b3f20c,253394436
passed,pull,edfcb5b76b4fbc72c105f1cedd877cb80732b516,253385328
passed,push,97711ba6df275a3f7a684b5716efe73e6626d9aa,220966055
passed,pull,cc71707522600f8b4dae951ded762c1b7bab80ab,219292994
passed,push,fe5f3eb07286c91c917b7e5eba926a0af94c6414,204589366
passed,pull,cc0088ea90579f2f2f2187c16d6053b3984c0016,204547286
passed,push,84235418268b5566eb35ab0ace7547b0d7ee1aa6,201457938
passed,pull,d4450ff7e7f0ff77a666ca230f484daaf6af1816,201456613
passed,push,99f9d0142b47b6bc3960b22095c5b0f831dd9973,174764839
passed,push,3b13debee5e350929fb7e956b99a9a9631a44ea7,169153656
passed,push,6e9506af9dd9fc0662d32080a9a5365ed7bffa0a,166387098
passed,pull,017e812b7e1226be97bfecb87fa9bd6fbfda6f2c,145251957
passed,push,64a24cd37a6707fb7dc88da55ffbee72d696a20c,145221941
passed,pull,c513d17b3777fa29534fb65e00168d02694bd8f7,145048336
passed,push,07a3c164ee5d6fb7eb2ca5ad3d7dfe053d375504,138930880
passed,pull,b0464be44163dc09fa217ac43df427ada8c35549,137448055
failed,pull,f6cf86237419421b1264b28985324f0bb8ac2949,136940147
passed,push,0af1f83ab66a0e49f9ed716cb6b6ae6203c60f03,128265545
passed,push,c39ec124663b3d22afb7d7daf083c789096e8096,128264757
passed,push,ee1d8b9f4aec6c59c2710121309cdde87a19ca8e,124417678
passed,push,bf143879cf79ca5c67f576dbca9e28e0fe5565a1,124300290
passed,push,88130fcf3ab5187e4283c25133383310fdb5e8a7,118857945
passed,push,88130fcf3ab5187e4283c25133383310fdb5e8a7,118857845
passed,push,85f746c7250d088c193e437c2099ae50fe038700,118817793
passed,push,65916a26e00604ed3a4cc2dd52ae2918c44224ab,115524062
passed,push,4fb49cea9be30130b7dccf3c99e4e35d48e8187c,115523543
passed,push,8cdb209cf0c9a7c62be5be519dc562763eb9ccf5,115523185
errored,push,928612740c8239b998f3d4c0652552f44b61acf1,115522070
errored,push,47b1b19cf8db2e47b872e318b5b84b9cd2d34383,115521317
passed,push,ac9a946935e7713bd02d915e4fe1f5ffab265bdf,115520388
passed,push,4b229e1cfdf97dd7be97f165e1a674b4870b36da,115519369
passed,push,6a15bafe0493a23107abf28b97a38fc701be1bbe,115518656
passed,push,d6b192f72b08b54f2b5ca67adbca745f31d9a80e,115518148
passed,push,452885776bbd937eaceaeedf7d0cc03967b3a08b,115517877
passed,push,666b85ad34fa2050319d6b4097daef738b6a1afe,115517631
passed,push,7288e8c3a6feba085d2338d3a7bb12540cf53661,115516701
passed,push,083040f41d03372d7fee5ee590dccf028b557164,115516078
passed,push,fbccd1176367b91a9883d70f88d4f0742d862a07,115515584
passed,push,3cbc8dcaefc2702ee54cc0b400d951cebbfb216d,115514925
passed,push,4520c98674233b358014c419ceca47bde8fc48a5,113727559
passed,push,a0e2e7e99f779bbcfbb37ff27a753f6a96f90887,113726883
passed,push,a0e2e7e99f779bbcfbb37ff27a753f6a96f90887,113726848
passed,push,e9db055a940b3592171bd12213893f3bc4526108,113722790
passed,push,73407eb52d13a02a10419e93a635c4796ff0dd2b,113721024
passed,pull,6b50eea03749089ab2d937d7428d7a37592671db,113649346
passed,pull,b9d45aa62fc2e04004f04bbcc14a8d4c4dd07977,113645406
passed,push,2ead45d29c22204d25db8df871b8adf926f0716b,109231364
passed,push,35a2c2f324aabf4c83621fcdcd65c0cf3a2c911d,99106411
passed,push,668e3ae5af90732d5a570fd8c5549092c6bb534a,99102990
passed,push,44764e7d85c3b218091aa94c9e9cf6ef9167ddda,99102852
passed,push,a52431de0d3ef714c48137c24937b7ddb14a7bc8,99102444
passed,push,b2655556e44aac88bb4401b9066e98736df8c090,99100709
passed,push,b2655556e44aac88bb4401b9066e98736df8c090,99100690
failed,push,f25cb58db4c7a43f5019ec28ce83739d2e06e728,99100421
passed,push,d476db55d8ba109690f1d9061f91af28ff6a4d29,88784043
passed,push,078bec8cc28fe97a293fe70460f8df48f9c5366a,88781852
passed,push,4729c18c18fb557685a8197fd9d49f2b9f5c6b62,88771458
passed,push,738867e4aaa19df9b23e341fb88b0c5980f5a6ec,88768797
passed,push,a22a7155529571a2fe2c1ea7afbfe4c8957f5157,88761591
passed,push,765d5444dd0d0203306a37f1ead85ec8bce2ab62,88761333
passed,push,c1c43d857a8bcbaeb3044e1b057e2fc6311e3bfc,88761034
passed,push,c1c43d857a8bcbaeb3044e1b057e2fc6311e3bfc,88760995
passed,push,c8e250355af754eed0f6167c6d9259b81a396a03,88759491
passed,push,ae53ba2e49d24a4fe6cbfc4855bb2732374adbcf,88753942
passed,push,50dece99058249e84394b7b46a10ae66076929a3,88659790
passed,push,1a9175500e3988837349a460f6b13a4d8378ba76,88180488
passed,push,d1bc9a41d02d4cd3f05e5562227ae667848a027f,88117630
passed,push,ce72ded8e642fc5baba653962948a3812c02f57b,88116804
failed,push,d91803a5a43f5dfecac536d6a261ec4fab49b36b,88115734
failed,push,7d64492e203cf6ece684551426b1948d4186ffc9,88113643
errored,push,fcd50db08e16b5e3fe2047984bba1510dd784406,88109095
errored,push,b3bda36d87bc6aa7a79ea51807f658ec8b352a90,74413627
errored,pull,82953bb0b1f2c9ebf0087a49f1c8afafb3b347c2,74330782
errored,push,f056a763e8d1e178f8d96c7918e2a7e71a223db3,73344372
errored,push,f3364a39eb7818bd847b40e9bc3cfc4b30475299,73343557
errored,push,8d54297792580b432afb1b09635baf89b00b2955,73343007
failed,push,c711639e57db383f9df31259e2d13ffe2bfa237f,73342011
failed,pull,40c4a5af5bb2f311a4737b879fc1267e47e8a99b,71483419
failed,push,5c8d34c72e17ede626aa52a85a450d9d32c91aa5,66276586
failed,push,17244cedd062bfe079de662f13b2019538e2a11d,66276468
failed,push,7da13a0d13ac2751fce69d9e70a29b6d0d5f512e,66276465
failed,push,17244cedd062bfe079de662f13b2019538e2a11d,66276295
failed,push,d82066037d7d73a19959d460f92b56eadc9359dd,63800345
failed,pull,8dcc6b76e374ade73ffacd55a3f2363e730583bc,63700473
failed,push,6c244f4a83c0cf222815f0bd6b7456074e74b859,62918552
failed,pull,496873093c4e9a28ddc25e1e5e154927332cd1b4,62821559
failed,push,9141f0f5e60d7ce08c3cf594dbd519851cc5189c,60937275
failed,push,c54c2664421e332f4945faeea104909f6c8ff423,60937134
failed,push,650736bc8358a384cbdac1282df4d763d0432f14,60936656
failed,push,3acc4d1e7ff8c2f071d9ae0e921960f1d25d8010,60841299
failed,push,7b6e515db83ef2770f8c0aaf3de51b27f8734fbb,60841105
failed,push,7b6e515db83ef2770f8c0aaf3de51b27f8734fbb,60841074
failed,push,aea73c475d56a6727b947b1426843cb3f423b256,60840828
failed,push,09ebff6b2ff92e541f8ea73bc8f23f52fdb96c82,60838178
failed,push,1afe8307edfb734c4254dacd52f78082f22555be,60376973
failed,push,019199dbb266f06e13e2995346ee582a824ee475,60349386
failed,push,b33ff231a6e57dbde84ca8c46619b2bfe33164ac,60324300
failed,pull,182dc6697c9805db5d21a62f540ee09d5f211f3d,56469545
failed,push,ec5ee2b33d8ea0b604dbeabbf5a1b2abf8a82113,47558477
failed,push,0a8a71f7171c76e645e7e9e62ab1b86adc0bd271,47489489
failed,push,e828041aefd94da4d07bb1bc32b9edc783cd98f2,44851392
failed,push,3946b47328bcf678b0893e13b6a4e9c2dbd12ce3,44851285
failed,push,3946b47328bcf678b0893e13b6a4e9c2dbd12ce3,44851275
failed,push,08e9127d70ba8afc40e92fe541981581fa5ae272,44262042
failed,push,386f7c8ee1cff64c9d3137c2ff76a992f0fdc555,43823988
failed,pull,2b661c5159a2761cc35c5f34ae9bb075a74842fc,43822129
failed,push,ac96a8ea3f5ac8308b8b9fad26f7b8c8cb670d89,43623541
failed,push,c6b2aa538e7644f4c460e0dfd375db24b7f6e112,43600344
failed,push,c6b2aa538e7644f4c460e0dfd375db24b7f6e112,43600161
failed,push,63b2b5e5e8cda078e399b50bb8891ce5bb9895ba,43578582
failed,push,9585c61f635c270e7b48da754c5429528ec3058c,43577714
failed,push,605a9e38c9be9daa70f36eafc743130da0afc549,43576200
failed,push,efc05c0ea7da1e814f246925d4d5b90d609a1f28,43575269
failed,push,05b74ae891870a73cb8aa08786be06ffc2556848,43474044
failed,push,3c4ecae68a8cdc310f22b21d8d6e9c7959eb84b1,43471861
failed,push,13b98e9f8267fd0c00e353eb4e5006c3cdcdd8eb,43313571
failed,push,7da4b6c0dcf0dea6fce98351393d17ffe1e96171,43312484
failed,push,af2a5c8735cef20e9fc9dc69069810fbf736b4e6,43164617
failed,push,983693972b837f59350bdcec889c20ee9bacb73b,43164534
failed,push,5d265812e0faa00b9f17a89059ebdcf045b9cb1e,43163853
failed,push,5d265812e0faa00b9f17a89059ebdcf045b9cb1e,43163843
failed,push,604aaa951ebce824e88ad1619c8f9a142b8573a6,43156610
failed,push,d8da991fa4e13bd535c9656511763cef8ce1cedb,40998906
failed,push,3aa6218c07c0d884d6931662fa1fc711c47093cc,40998654
failed,push,3aa6218c07c0d884d6931662fa1fc711c47093cc,40998645
failed,push,447b4b4336c542c467fb02a165f2794abeb8d913,40919268
failed,push,1ef60a54bdc89af422b11b397eeee2ccc309a9f4,40918557
failed,push,573c8913492f643c94d9179b5f404f96452cb6b2,40918506
failed,push,da5a5ed4b1219f34517471b44d080cbb4bff8443,40918236
failed,push,fb1a477082fb646c5b6377cbcd47665500121178,40916842
failed,push,fa67d2b0df420d6620fca8c7d5e386cdd10ee00e,36435650
failed,push,13f473c58346b8a6d907c38b969475cd62dab2de,36435513
failed,push,13f473c58346b8a6d907c38b969475cd62dab2de,36435505
failed,push,1f54cbec1b7838a12813cb9f1040ec278ce78226,35924746
failed,push,2129c6331c26f86fe53fd21e0ff4dfa6eb34f0bd,35924306
failed,push,2129c6331c26f86fe53fd21e0ff4dfa6eb34f0bd,35924301
failed,push,b48f3a6671890b839391b62daead45e73daf24de,35924134
failed,push,c273882765557274b1c1fcef182c60e834691aba,35923800
failed,pull,e691cc2fbb795e31edaa36da0aa4d4ca4b70d851,35922004
failed,push,ade76e0f234cca12c03320025cfe0f331a03dba6,35918794
failed,pull,1a8ed4a13d0c594c23acd057edcf66098c85ab44,35912659
failed,push,b9a94c07f974d77aedadec07bb513b925e436fc5,35446018
failed,push,d5efcdcf0e09354c62b60690b5eeaa2e0e541432,35445948
failed,push,93b9a7007da56d5d09b62f285dfe551162d26a84,35418454
failed,push,0ea8b83b7f7f2747abf7b6a48bd06484f574e309,35418322
failed,push,0ea8b83b7f7f2747abf7b6a48bd06484f574e309,35418309
failed,push,ae5dab391443b82259a4b5df06fb3354ea5a7615,35347309
failed,push,208e3ae1b89e81945e1f1a35d3522639fa8076b1,35327567
failed,push,796653c3309f4b0675230cec96a8d88a05f1dfac,35323353
failed,push,796653c3309f4b0675230cec96a8d88a05f1dfac,35323323
failed,push,398584ada563c2cc1cfaad84e1fa7559597b2604,35318670
failed,push,e32d76a9af98e64a197f9535bc26f5a9b71c9c3c,35318229
failed,push,69338ebccbd2d8c7223294be4804bdedbe5c2ad3,35281962
failed,push,80e00e92cc9c214b9b025c007709a25eb4dd2ea9,34142270
failed,push,66881b2a927ad6a2cc9b6f3047565df6cfe008e2,34065910
failed,push,1bc26c0cb654ed2337c16526b7ee2a02ee7655a0,33971629
failed,push,ecc104722dc1fda27e9eb4a5ee8817fc7bbc6158,33971399
failed,push,cac511443776a3d225ab2dc6168290490903aa92,33950159
failed,push,b855e361980b455df191b8644537456a5c32330d,33950051
failed,push,cd8536f8af8094162cf804cbb4f4e031fe5afae3,33941551
failed,push,f2329c623f3c217ba855d098336fcf22faf43845,33941089
failed,push,44cf7bf973a834e092a0c5ad5cd28bf785ab5680,33940851
passed,push,adc2ca339da607393f9c5957e7fc947a62edbcdd,33360789
failed,push,9043141a35178276adf8538d7dbff5d1f33b58b1,33360769
passed,push,adc2ca339da607393f9c5957e7fc947a62edbcdd,33360581
