Status,Type,Commit,ID
passed,push,b2e143c9d1f1d41b70409ead0d37a330a6275846,240531375
passed,push,fff5e5efa01ac8c21a86df317c91ca8a4fca2232,240531336
passed,push,af37f371fd4c0fc2cabc5e751a65ae39bbe0c325,240529976
passed,pull,f3006e991e6593d8342018e470da77706884eb64,240514896
passed,push,09e8eb0eb738523e178d04ef456f7f26b5cbcbf2,240514671
passed,push,d6d2334908bd9780732f672e4b6da639019b1ae2,240512135
passed,pull,cf07d147b1e067faf1fc07500a46329323195ef4,240511272
passed,pull,89d1fae2f715fe6c3538eaa9cd2feb3facbfa3c7,240509475
passed,pull,ca76e7a8606dbeb6682677e153c41ed89d1d8dda,240190411
passed,pull,b2ab250df8a1b1aab34f9242be025438d471c8d1,240188437
passed,pull,50aa8edf1e594f408286d60a3893c41d61bf904a,240188354
errored,pull,bab7bf69a452e676a618c4aeb32406c68a37d935,240186946
passed,push,f6921cbcbeb2b89b3c89edfb7b82de1e8b247adc,239678857
passed,pull,f34504f4072d725fd39f625c0d385817592792ee,238744908
passed,pull,337bf1bef0728b35eaaa376192b76cb8e90713b9,237148248
passed,pull,cb5544828121250e94c273888db48f45fbb34c1c,236485067
passed,push,6280b32a535075b390769470ba84f9abd9a8fb63,234827328
passed,push,c8808654380e65e0cf43acfb31860ed6fedef76e,234827316
passed,push,2915ee657662dbd011dba568dae7a12e805b9039,234002555
passed,pull,44de25fbab92d61b1e3406a57606607c7d7f0289,233897816
passed,pull,11ed20fff5bfbdad4e8f4e9044ca30a927353a16,233698451
passed,pull,36c0c5e88830e812cc29f85c2add728d36542bf6,233697734
passed,pull,fd8932d5c429eb62ae8703c29f72c4b047f21506,231070954
passed,push,dd688f10a48a9229db28987e6e5330aa965210e7,230127758
passed,pull,401e49885755611b882039368dcac610f6997bd2,230066068
passed,push,6bf58c5e33debdfdd285aff22446e09e54062d31,216104305
passed,pull,7776121eff0209df11dbaa5b53cd03f396c5ada4,215842321
passed,pull,703ca94a52fb8583835bd039e0ce736c6307f67f,206113529
passed,pull,d95bb581e84b50bdd82e89091954af5a2f2afebe,190448369
passed,pull,5cc6a7e02557ed81f5c6491b4dea5575d5d3ee6e,190416239
passed,pull,1dc88a8b8e7e31ca1327bf88dbd640dbd5c9c405,190210000
passed,pull,2e94fc7b2859f5bd76ae8da7cf04525856f5989e,189553274
passed,pull,d182c8fe76bc93955017307c63bdab971a4beaa6,188854533
passed,pull,ac6ae67a24c31bb3b4ae4054655c47e1b6b3b2bd,180050493
passed,push,50512e9d00a3744c53daf5132e7c8b8a34e7e55e,173242903
passed,pull,407691b61a475359bc4e01c93ddf1a5a44bc395b,173197659
passed,pull,dbf3d7953c4b6595d7e6a335c1c98d3b1f279ed7,166092284
passed,push,99df2f24c3b53be1e799f186180a381702bb3505,158470349
passed,push,963a98af7964bc74b53a8f587734c357a35afeb4,158470323
passed,push,7d50d08d870e9e87052ab262e2702226c28a094a,158202071
passed,pull,f0aa004778883997bb9fd7d05de927f8c41fb5f1,157145393
passed,push,b47a9d4ce9f1b09810954b9a92d90cf0bc4e72e9,155389192
passed,push,6632a616ca0f5db8299e8590f7ea0a72bc14b2d7,155389147
passed,push,127928e5e41f8c011e24781a4958c1bc0552e461,154764959
passed,pull,a7d00b6a4aa10a960ba99fbd785c339373d79acb,154094363
passed,pull,c4105a4632a8a5257425630e601d2782d9ed87cc,150088275
passed,pull,76c72af0de71b1a249661530a7073e9776a516a6,148890595
passed,pull,c42532ab968ac98566d0da0d8e911d0c69fcf1d1,148146970
passed,push,35c8fb128e76a45f51f541331db1cb468daa26c0,145009901
passed,push,41b6d0e8a6a6d6ce9a832650f255c3fd277edd90,145009873
passed,push,c45132176c97ce50b108e115ceb28c73c1b21e91,145008031
passed,push,0d8aa7531da3ba29c4aeee4897411ec7ea34c711,144722863
passed,pull,ddcb92e435e763ad0438d96bec8435a53c7fd6e4,144707907
passed,pull,a1c43e497efded15d9d11dca914663c05837161d,144688299
passed,pull,5231bc10b8536316acd3991326630b699e52179c,144681033
passed,pull,810a5783902ca8267079b8e139c2e100ce5e6806,144580469
passed,pull,d607ed0a6a720e8d316c55a553dccba35d7cae8e,143008662
passed,push,cbb557556952654f7a05426c4009f378c8113fb5,135930825
passed,pull,b624b36b1e0abeb740553edbc790c463ca5af898,135927603
errored,pull,0d9999f905a30ca122064be155725fc07f2cb036,135926753
errored,pull,0d9999f905a30ca122064be155725fc07f2cb036,135925323
errored,pull,e1355f28cda066777254490ec91d409324af4bc5,135924576
passed,pull,5fb1068e71742bf5a738ef52a17344fde085bebb,40118263
passed,push,7ff3bab57e78ad5fe332bb39832b6634cf4537fe,40118176
passed,pull,a0d6f6d5c1dc879edf676b51f3cd5f7a58f7d44c,40115236
passed,push,900b9cafb3efabc86f0dbdf757ada9b113e00237,40115176
passed,push,39a64c676fcf2aeebf84af816f98b916b71dcfc2,33645158
passed,push,c215838bd33594bc9ed513fa34541d08680e767c,33617868
passed,push,e51bdf79455cf435823c08bdec4a54ff542c13cf,33617866
passed,push,e51bdf79455cf435823c08bdec4a54ff542c13cf,33617864
passed,push,d56a4164d8acf8676f2848d0b92a55b4e7228a56,33617225
passed,pull,52e62d4f3d9f145a2f7b1ed41e7f80ceea57cf92,33616062
passed,push,4c619a5a3e690d72ddfd7fab6216e51e05e8af71,33616008
passed,push,bb229d27638663158cfa6046f8878e87a2c5f0ac,33227756
errored,push,bcd41cba0686b7a641ed670cbd4654a1188745d4,33185253
passed,pull,0b0a95f62509fd1de9593b1da381cc1c106cfb45,33112278
passed,push,d01f2a4bf83f03d150bf8cb8a40d51a38e149c23,33111992
passed,push,cb2a7a8618723140fa6d8954d408de3620af1351,32989547
passed,push,6816a2acc41579d7b32978a20fce6febc90fda7b,32982012
passed,push,35752db5eb5479c69c550580ce40eb8c8285dfe0,32982010
errored,push,5703c38dcf8899c3f4a09df9cbaba9ab3a30603c,32979836
errored,pull,0324bc0068a12f8e3c76d28c2cc004b389bdba4b,32979316
errored,push,48e6d448511e282f08b9b90aab7e1ff15d69f21d,32979244
passed,push,f88a6560601d2cb45b563c9a7d053ca2a63f6c89,32374444
passed,pull,faaed7a172e4b0a9195d2c16560f8fa96da5e2aa,32347622
passed,pull,4a7a1fc6c249686829a7e4c9cc64bfc7bd81a0c8,31916294
passed,push,19869806923757b477918084eba6669ce704318c,31916266
passed,push,fd691d45bae87368b0af40d79ce7e0b1242e6e99,31766429
passed,push,fe047b411346b9bf1bc5bd712935e1286aaeaca4,31766425
passed,push,fe047b411346b9bf1bc5bd712935e1286aaeaca4,31766421
passed,push,5f419bbf364b9918583861050da455eb6c2fcd9b,31621001
passed,pull,a4d4fac4fadb628f530457b96e4ac758601d7f11,31581343
passed,push,229d54578b597a6b26d4ce001c8c7a006bf13e98,31581302
passed,push,36b746f0574f3067852fac96cfb937affde8d34e,31581196
passed,push,3b8d1f899721ceaebbfcf039a47fc1557dd7644a,31509035
passed,pull,19c8a54371e72d36c903a24997d755e265f31db3,31378165
passed,push,2ead9fa326ab37ab7abf639d55376d91bc383bb2,31378042
passed,push,27ba2e7d599b6f4f2ac8a6be28f7bfbe9ca4f41a,31358415
passed,pull,d3c201c4452e0b299bf2a09e54ac4c8b5f91dbfb,31259594
passed,push,c14a3fbb9f4e8a91ce7f0a24ae4e68647eb9ffce,31259556
passed,pull,4ca0c238d5b06dfbfa37204ba3a6446d03447d25,31152382
passed,push,a4f26e2a096f550e7287b3578ddf2f3fd599a568,31054129
passed,push,4f4e437f31f7aa9e67bd213ea79fe4fe733d60d3,31054127
passed,push,4f4e437f31f7aa9e67bd213ea79fe4fe733d60d3,31054119
passed,push,bfac67680740a02dbeb3f3a5a502cb8343b3946e,31047452
passed,pull,1f0272fb7a95eb24254f930c2eef35b59cb33b83,31009009
passed,push,dee73f632ad39d87fc905d41c8c6fe18b1ac717a,31008909
failed,push,e87f81caad7cfc71066d6f17d723736a57068775,30924613
passed,pull,958eca1c67ba69dfb67e7c0b200892671976ea87,30885090
passed,push,93a32f0969b7f340ecff0cec9919d296707e0408,30884992
passed,push,c901b8a3b05150d65f51431156121dd637b2758b,30775303
passed,pull,2184957bdc4dbe73f3525576ca43fc26be896467,30703001
passed,push,a7c3915cfb18bead43835f7d9fcd76c5e20273a2,30702980
passed,push,85885f21ba71dc89972e6099def5ff39fb515f44,29536477
passed,push,c655574264280f6d3b280e07d13ccac7b3b9edf0,29536475
passed,push,c655574264280f6d3b280e07d13ccac7b3b9edf0,29536473
passed,push,3c542c718b983b9793a2faad9b989db8134b24d5,29536230
passed,pull,5995a2d907a340cf06c73f5bfe2a2aed9672887c,29518759
errored,push,fd86adec78cc8cb79d2948af06f51e20bcb7c53a,29518723
passed,push,e402936285cba9330117a07379532861db16c832,28818768
passed,push,f631110ab319a252a3c69f6d5cd0a98b0a0035e5,28818766
passed,push,f631110ab319a252a3c69f6d5cd0a98b0a0035e5,28818764
passed,push,6695c631eb26e9ea7d1eacb86b6dd8ba2dc5144a,28818444
passed,pull,b76d052a2e9e2b4380ecd4788ca664ad4564d8ef,28816865
passed,push,fb4d26aebb3ae85d9719bb0d4b9ea67f4bbce986,28816847
passed,push,3a241cf94bbe5c29e1989606a0ad9307fc5b2294,28796311
passed,push,ee0f95a3383930989cf2b5a7bfbbfd2af252d1a8,28796299
passed,pull,53373ebe3a391411d03f7784d75bb54c21ed278d,28739095
passed,push,670f104253786077324c9223a55fe877f3eb95cc,28739091
passed,pull,204d9d2e51db1de21a14d35979c2ed07356b6718,28739073
passed,pull,343707f69a0f1b2e3019b70d094c90ede58989f3,28739062
errored,push,78abcacb9a43820b81adffb55eaef122765c9d4b,28739053
passed,push,82731b9b3803a253accc69bbe4f3917d3255a975,28738749
passed,push,f7599db9e00155de9cc0c4a21af91f125dc91b29,28617668
passed,push,93e81fe0a9efcb7b97803b0c1ef3d37e5a31a40a,28617664
passed,push,93e81fe0a9efcb7b97803b0c1ef3d37e5a31a40a,28617666
passed,push,95e78e3153b04860606a45e1405128366c6417b6,28616981
passed,push,0879b3a7fa6ee672326fdb6c80a8e453aabca71e,28616950
passed,pull,acc15139d0abdd3b068dbe097bd5f9205b4d9959,28616222
passed,push,be5ac9b670e3409e0e7eb8553f92a01d43fb8ca4,28614232
passed,pull,d7d96bbb8b3ddc170de406c9e572ebb382a92006,28610603
passed,push,de95cb244da031503649da7debd35f82882969f3,28610540
passed,push,166e83cf703b4863c7acaa542771a67d8acd84dd,28538622
passed,push,ab16aa92d7faf63db984569aeda68c9aad923af8,28538620
passed,push,ab16aa92d7faf63db984569aeda68c9aad923af8,28538618
passed,push,66b438335325b1865f83ed32c9a754227d790294,28526860
passed,push,a8fff3fc83647249472557acfb9c126b9f3bd8a7,28526321
passed,pull,147c5edf789e0e892cc9a30f1c7ca0c9c58ec1cc,28447701
passed,push,943154afb9da56d7b367fbea2ec03ae8b6ce8690,28446918
passed,pull,e2c86e01dc45e4f610e6884f7dc74763ba5365d3,28445956
passed,push,b5ba03537ca6d7d6113ab9b57f7e6bbe0a16c79e,28445933
passed,push,7938e7d5e5551d625ecfd44b0188934be32d2fbd,28444770
passed,push,7938e7d5e5551d625ecfd44b0188934be32d2fbd,28444768
passed,push,7938e7d5e5551d625ecfd44b0188934be32d2fbd,28444459
