Status,Type,Commit,ID
errored,push,541b7030bb7e68ef2ac24e63ad695edfb668a60a,38843002
errored,push,0211f5179d13c2d79366d01cc3f8a009ce7b7440,38647628
failed,push,7f31af412d5b246ecd4dfc51faa1e76c5fcb7804,38614569
failed,push,ac3a63ddbfb66589880f9d44856dc504a0fde02f,38281044
passed,push,56fcbde0c19c3378a826ea4566d47d4bfb7fc44a,38093348
passed,push,7a1ffec8e4125a3f6a6b2fcacb4cbaed695fc974,36986252
passed,push,be1f9ad1e7cc0ee1e58e0f9817ba6613b42474fc,36882297
passed,push,ed0b385186c9fc02de51fc4f2b2aa5bc0addae2f,36689394
canceled,push,9f701d9485193097fe6e8fcb63913455b173f6cc,36685120
passed,push,ab6dbad6436b5afdf7120408227341afe0c00249,36264757
passed,push,c2960d04e9fae3e21a6f18ddfb1f9cb5e3d2377c,36061044
passed,push,3e0fcbf847a3ec7c47ff3362c654fbbf38b4d218,35757271
passed,push,42c430e1a1622fe33659895fa28655d59083d339,35551829
passed,push,f5afc083de637e83be95e05d286e56a6cae77b27,35385538
passed,push,4ba27d42046abe8197d45c18556295ef8cf749f4,35137060
passed,push,408de5337bcceb2054164d86d811e0efe06a6697,35020611
passed,push,cf42b767c5f890696c5f2ec55412f9aed631affb,34822883
passed,push,795cb896faec862779f64b22956b61adde34e35f,34712161
passed,push,9bdaec3b1a58157d316baaa98048809182c8594c,34421956
passed,push,fd875927cd58d02918d2b317d36d6628ab3970b1,34297228
passed,push,f756e3d79408f3f59a00db8ef4bef709fc9bb3fc,34242231
passed,push,2ba4f51eaec975c67187c1e3dc601e4e1ba5a0c2,34232663
passed,push,b038ac71829ebc594385e0b0ec1af8e2c3fd5a2f,33756477
errored,push,efe29f8ced6bfcbcd8bab03c819e1fefcd384e11,33505444
canceled,push,e6333874cd505ccd4984cdc924d03dac5fcecf55,33381376
passed,push,a8c5fd622b5372ef014e90173d35e8f110ad2aa5,33189223
passed,push,362677fe5d3c025b038e84d622d67ff0a2d6d003,33001541
passed,push,46f799d0ea5b8877c255fa470965848812624f80,32661995
failed,pull,078be131b09e7da8969eedc1dfd96a022db8590c,32464229
failed,push,13f86f6d49fa0d5c8cd75a9efed83a19a72573e6,32464227
failed,push,2fefafa8e0e4c5fe30ebe3d0534b54e963923acf,32464222
passed,push,4a71b48e87258fc94e6ab0abd411ac87c6ac43f3,32464149
errored,push,192cd7c4f4e7ad4332b16e2e3842abbfdef9cb6a,32461433
failed,push,bcdce7cccb8dc096db38e06b289bebd097c49da0,32460163
failed,push,6b125531e6c11652bc28a82d0105d65bb8163ebf,32459593
errored,push,2085e356c8d7e5e1dc9865872fdb8ef0aea0bbc3,32459261
errored,push,e612eabfe52d828efcef1afe7caf4679e46da8de,32459070
errored,pull,f19ff259bb73111b2981cc192ddcc03dc8774ebc,32457551
errored,push,76494f0b4b21cf16a547f9fa1205077d839d234d,32457546
passed,pull,e10ade344e5f8ddcb97deaa362f5865da2b78c07,32456139
failed,push,1f92ed7fd43bc66db860462214af727bb8ebaa6f,32456137
errored,pull,619e65a9607837629ed8cec1375a1b52da787834,32454805
errored,push,2e0bccaca15b6a9613cb55904aa3f34caa75d363,32454794
passed,pull,7548f137e43ac6b97fba6558e1564eeacd7f83fd,32442369
passed,push,eae821ea38ddf4bef983d170b0fe40b15dfd47bb,32442367
passed,pull,dd6a8e7709b08179bef06f311595a9976ceb070f,32378005
passed,push,306a28e0989c5635b07cd17957c2825017b58901,32377993
failed,pull,fc1f7b777b0fb8781a1757c8603f6ea9675d94b4,32370904
failed,push,cf4c274a532fd4ebc41ce678ca6a73ca96bf6536,32370841
errored,pull,18731e5fc32f97faa76ccabafdd9087fb53e2fbc,32369052
failed,push,853b2bab9db429d576c320de7e68583257d9f572,32369050
passed,push,ac9744cedcbda2306133692c1517e735617b5dba,32366613
passed,push,b0d541b8fc2d467c9cf4c7f4bf96ae006fa2899d,32366609
failed,push,d453019e3c3bb50a28bcb600e927e5959778852f,32355464
errored,pull,b416172f5a8fa728a888f449a5eb1604b5a788da,32355336
errored,push,500a64a4a5ef0c5424695538f4d1d6a1bc288eeb,32355245
passed,push,e561517fb25a612edfc5e09b2132cacf110c32b8,32352991
errored,pull,9e1503d379ad2d1df63e525784a38cbc6319910b,32352647
passed,push,77cbcee140345cf415a1e598c8eed512a60af87f,32352211
passed,push,0cd21686e476570a09233be97ef931046a11b4f5,32293240
passed,push,a995bf0e4c63778cb5cd2877292f2b2b52655448,32293221
errored,pull,ab345dace862299ae5c70c2078ee28e00abebb82,32281209
failed,push,567cb726daebec82dafaccc2dbe21215a6af5c0b,32281063
errored,push,ac6f3005bf61e2f8974149ea847bad61d73b0f2b,32279901
passed,push,31bcd0b1f4ca55859b05a160d35db67f6fb234a6,32279303
errored,push,05ca850c27c938d4e0de6a7b6bff5050f4bebea7,32279100
passed,pull,1c3d508b3932d43000c32545ebd37823a1a0b4a3,32277423
passed,push,b85ba016f0a656e0ee1aa00f4d878f0c499cb5c5,32277328
passed,push,4c7aae5080cc4a56a777f2476d2ed68536ac6969,32267535
passed,push,6684380d8a075d9742c06ef849883d5ce215aaf1,32264851
errored,push,ef8ea8ecae40fff0a70419b97c7d8d188bd13af2,32264849
passed,push,456d0fd198d448c907eda04c21f4e2fb8033cd87,32258085
failed,push,ffb4d1a237446ed0a4411fb0d8896a5134dd1f42,32257574
errored,pull,97ec5fa47ed85b1363d5255a6205a667b3b07999,32257259
errored,push,12a3ffffcfab374f6cfbc5bf6a27b89570ab606d,32257243
passed,push,6dd213cc21dda552407c0a82d321177306ea8b89,32257178
passed,pull,db74e60471f500254a1d584c5641d58ff601a1af,32257031
errored,push,a22abc83a2f0fdca9b9462e45d31ec6324dae810,32257010
passed,push,ab2030616120a945aa98e2251bdeb07b8d7f02d0,32256257
passed,pull,20212a692fd9ba8f22aeffd474e2f71a7ccd310e,32251467
passed,push,6dd213cc21dda552407c0a82d321177306ea8b89,32251357
errored,push,93f835b7f5631ec223603dfae6c9e92da23b391e,32251181
failed,pull,a6063f0f1b703f131507eb7385e18efcdc122f59,32233632
errored,push,d7c4dd43baa904893e0763cf7868ccd582cfd8dc,32233630
failed,push,d71803d149f81419e388ac6ac910feec472c2775,32109141
passed,push,17354bffff7ad116711b860db5db98690d273e05,32107589
passed,pull,d476ee417fad28a5881b803cada6de5344753873,32105023
failed,push,17354bffff7ad116711b860db5db98690d273e05,32105021
errored,push,4b724aa8379cc21c38ad74305f8b5c505639d2d2,32105012
errored,push,10e6426ae3a6ac65bab7cfecc8e64e51bdfcc38f,32104978
errored,push,e8b2bd6c7c087ff185ca826ff03b20b08e58dbcf,32103925
passed,pull,390d9813d3af952d0c96bccebf5c7994d2b137b2,32103927
failed,pull,5fa145c67d6e562b21c0952e1c9c1d981f352c42,32103305
errored,push,ed689416d5fc3e123f08540c4cf6df56b1c2d3ef,32103303
passed,pull,19eb684a42ccfeb24a8c0f02ea4b02c0cf8989fb,32103233
errored,push,037ef518a98246b3282015c3a133cdb011369407,32103231
passed,pull,04efc2e0ad4cdcaf48ed9e3eb3e6e64a494acb40,32103101
errored,push,0211c7c0b525fdcb80e6380feac0e384cc897eb6,32103092
passed,pull,6bd01b385926b5556b6a2298a36a7e57cfce012d,32102816
errored,push,993a360d88bbb68c5617b01a7a44626881c611c4,32102812
passed,pull,4216d5cc6a4a0d24efbcae7f505fcc04a222317b,32102638
errored,push,acba97eea643735064a99a138fc6523d435dc829,32102636
passed,pull,2de8813135f2521a677def2dcb26e206346e5b74,32102431
errored,push,436683ee3d4b8bf7ade4f5cdc0d09b3e868259f0,32102429
passed,pull,8081bd87f192d0be66fd3cd1a3ac95f142bc110b,32102390
errored,push,45721e14b7e06bdb10dcbbf8a003bcc57cc448b5,32102388
failed,pull,c83668ed6dc1842b3fa9ed7f088ea69d96c8fb81,32102183
errored,push,78ff8b3e792a18bb7da5958a6fbdcc32677eb818,32102181
passed,pull,b258d7dd806d8246ce975b68bcebee9ddaa4942b,32102164
errored,push,ed9e19cfe726c4aea191ebae3dc26fe560a26386,32102162
failed,pull,ad818ea9032ef96565ce5b95fe3bd48c68b0c230,32102131
errored,push,d9ccf96200411af5fbd67cdbc3752ecf4c2b9a60,32102129
passed,pull,d4ebb4afa7eb8d7cf581fec4157545639c3f4d54,32102047
passed,push,e4c661d0bc53c1eb0cd55d73488362cc5cd3265a,32102045
passed,pull,40acecd5b9d13761f1c4154c59666b967d6a5015,32101996
errored,push,e16c74e5f911a0102040e4b5c6ed629920121f86,32101994
passed,push,04f9d733e330ef8c63e143368964b1a402ed3581,32101964
failed,pull,8da842b824faad3fdff125d7f94b6b1c3ee5e917,32101966
failed,pull,730496b1a15ae3da509aa4168be5c26832c44242,32095028
passed,push,b176e1bd76af371184b342d85c964035619b59df,32095026
passed,push,d71803d149f81419e388ac6ac910feec472c2775,32094794
passed,push,5d8d4fa4bde6fe18eccb64a43a211bef240546ee,32094435
passed,pull,769bdf242692c0ed174772252479235bca18874b,32074662
passed,push,8f6a5e67654c78c8d300d128c29055dc17106a31,32073835
passed,pull,f3c4fdaf5306651b51a901e3d66f01076cafca47,32049941
passed,push,384aebc078bf64f104ca8d8be78f9b34c85b9418,32048873
failed,push,d71803d149f81419e388ac6ac910feec472c2775,32043268
passed,push,f99c8afb6386b865feb73e71a0786063bdae9f44,32043095
errored,pull,70bbb55d2434a47587bf155940058b3a19d542b6,32043067
errored,push,60cbddaec883db7608c1b9820149d1b0c635ae4c,32043063
passed,push,875cfd5e3d13e5e6132a5ef5cdd4be9fa2f086ca,32042851
passed,pull,f48de3d87e9b6489c6fbf2c09af0b7a01e1f4112,32042760
passed,pull,fb55f4724ab4319cb51564e31c68b7e52655f211,32042637
passed,push,144fd490cb5f8c639c8d8cecfafd8ad02c33d234,32041926
failed,push,27602f55357879d36455eaa4d0c246d5a19bcc97,32039060
failed,push,5443b556d9ad6621815862861078875d2264402d,32038754
failed,pull,b6dc1b11c406579c39a91d052976e6344a90c6e1,32036023
failed,push,b9637389a60fef03f5831203b3291f186128ef42,32036016
failed,push,2b166ee8efd8fff5b78a5a151a767117a8965b78,32034466
errored,pull,f1cf7ea1509dd29ae2fa62e2732cafd89df81431,32034418
failed,push,58952ba2a84f560e52642c5f70f728e876879210,32034416
failed,push,b3ba0ce072612ed4196e771c682e384a5d01ccb7,32034340
errored,pull,d4f4a6e8bbf532d8695d501229d462547f2d8715,32034342
passed,pull,04af113a373bb3dd3f85fb2249ef3e24f7b6e818,32032500
passed,push,11bd466257d7d5d0b2127ad7bfbefcb8157b33fd,32032496
errored,push,e68cf4f53c30576ad2d30dc7f561cc85aadc01ab,32032114
passed,push,17770aaed172e79299899a5c2921b92d1e28d264,32032005
failed,push,94b096f8a3a22f5764681925467cf3d58fde88f9,32031737
errored,push,861885685d756e8eafa38be44ba9d0f299838bb3,32029092
failed,push,1bf78e9a83d401c1a21c233818cbb791a75444a2,32017344
errored,push,9a162b55f1e347ca4c2db262e9f8dc187537d364,32017284
passed,pull,cb19a353d3120331a737168bae1f7633a6f25197,32016022
failed,push,b2f831b0709fce056933363fcf59ef727864136e,32016008
errored,push,5f606abc1856841e2c84bb41ae5452fc8c9b6fc3,32015495
passed,push,7dd577a17a4e5881452aeb34070b2c3895d0763b,32014914
passed,push,73fe39bcbd88ba80591dc0b1066c470d6bff9897,32014760
failed,push,105cf40880d97d3a773ac950356efd8161e3704e,32014331
passed,pull,3460e3f852cf4ce796dafaca563486f77652a21d,32013995
passed,push,a7447a4122b84b9e6c2b9b39852b7432e0d59d42,32013991
errored,push,27026727c10b7d22ec07eecae0e13da435f84469,32013878
passed,push,1d891b9ba21fcd3942a9541810ab0dbfb4e2f398,32009063
passed,pull,ce244a4ff214c35410765721fbafbea128637cfb,32009061
passed,pull,c60ee539519cf3215a8a6d138857a819571adb83,31961141
passed,push,68963b43ed5222cc7cdca387a875ae1a7a12c7c4,31961123
errored,push,57a75ed56c170e59965fca043fb82dc7a9bde958,31959756
passed,pull,3ac1dda98b2014ae6306cef8bd836a5ff40d50c9,31956183
passed,push,fe5765f1ced24809dd0aa0f0d54f58ab0a0960c1,31956179
errored,pull,95a4c6bb0baaa8d0fdafd07b6c1134a12010d194,31956129
errored,push,f154fb9dffff9425faa91697d843a1bf38406d44,31956125
passed,pull,683f2c684c55d0acb44142e30e43f8642b8cd3e5,31955899
failed,push,3f2dfa774d63bcacb32d20356ee336c48557086e,31955719
passed,push,a90ddb08d9e77773d7b889fab0c375a9d319d900,31951292
errored,push,3f2dfa774d63bcacb32d20356ee336c48557086e,31951178
passed,push,c72be93151f057011d723f845d87773aa11cace3,31935172
errored,push,ca9692085ed1cb0197463205cef0292f6c9b3116,31923793
passed,push,8fbc117dfaf95dbba9028ffb3d2e36edf546f1c9,31913755
failed,push,57ddc10f797818f31a914ec3eaa411e732c99a12,31911136
passed,push,ab5a7b762eca944584d60a7a6738a593b0420f71,31911041
passed,push,c25c3297efe05b44ca0325f057077cee71fdb6d0,31910859
passed,pull,1ffa7f2584bb3f0ca47485e7ace15286f482c8bf,31872150
passed,push,53f87583ea3b17de513973253943c999712e14c1,31871872
canceled,push,e87b4bf81e4afcdf955db8929e6e166ab06750b2,31861523
canceled,push,fce95e2c847ba4632d8064501005afa128866955,31861181
failed,push,f3fdee1938d900d7c14967205bf9a3d7ac060ef8,31860263
passed,push,be5db1357d13ec431e3066d747c4a24acb3abea1,31850289
errored,push,d9300f7ccd7862f964cdc41ff425436d5e141fec,31848719
passed,push,d2ab9053de271e3e533ee872fec86cc3d4d0931b,31846494
canceled,push,b1fbe6db13c9f94ede1675cd33d0dadafb56b3ad,31846013
errored,push,5d38eb76ffe93759377c00a9308ddfa1b68d4aae,31845719
errored,push,5d38eb76ffe93759377c00a9308ddfa1b68d4aae,31845710
failed,push,6c39c4a88134bf7985e579d84cf4c5cb7845ba38,31845554
errored,push,0a9e707fd8c37c51b22a341a77dc6b058eae4323,31845312
failed,push,7283e6de1e5f251c83b43e02ce356b67d8a3bde6,31844487
failed,push,7283e6de1e5f251c83b43e02ce356b67d8a3bde6,31844488
passed,push,832655f44555b3824a5e1f91636462b94e4e1ce9,31843926
errored,push,41c841332e8cbbfa849033745f545b2d9264b5f5,31842547
errored,push,b93ed3f698b010961d83cdf8ce935734c183a8a3,31842358
errored,push,5742a3fd455e9918bc797edb6aa793c2fa286d47,31841995
errored,push,d44eb95b6dd695c6d1a05abb2d03590a6920dafa,31840420
errored,push,6236aa05bc02ccb567ae5ef12289c12f1656ac0c,31840269
errored,push,2b7bbfed30412a4bcc09f1f8a575a4686d61f71f,31839538
errored,push,f8188ade2fe255b84784b81d556c084d7cb299a1,31838646
errored,push,984a7981d27fea46f7d69260145a8006e808692d,31837951
errored,push,879695967204eb677bb20ca2155eb6c786603ae5,31837020
errored,push,b5491d881357638b3bb41d7b98c3303b736153af,31836774
errored,push,7562ad18a6df8a7f75737251268d50f972b4b56b,31835400
errored,push,3d630f4cd3ccbae872a9b024a086d2c90afe89fe,31834924
passed,push,e34bcd36c1d549c7a1a2d8421f371c9ae8cacf81,31808506
failed,pull,03e569a1e461046ff9d8e5557fcbe73b7435f17c,31747296
passed,push,2cbc992bad48153131a0f1c835581dd34439c0f3,31747258
errored,push,d9c0f9ba9667e79697875c72142b6fd3b208ae24,31747212
passed,push,e34bcd36c1d549c7a1a2d8421f371c9ae8cacf81,31743211
failed,push,9d7921928bf920d31586ce6add444cc4cd09495d,31743208
failed,push,09ed786795bd0a05ce437408661b7f7b253d452d,31741059
errored,push,d9862a576f3e3aff0ab3bdb5b76577f4aa71c91d,31739486
passed,pull,8bc3eba76e2c0f4287a514a0285148a63d186653,31738951
failed,pull,0d5d3b1ddb6df43f471e73b908c3dc305d690b3f,31738819
failed,push,34cecac0d71f32fd895a8ab7bd466799db7d3916,31738760
errored,push,3f32550a90fc4b5c6f1196e0e48d86f45b9634c5,31738549
errored,push,bf3a89daed8663bca6ac5a33b2b0f4bf684e28f5,31738543
errored,push,68c5b8f72ba515d468265259efa3a942ef5da5b5,31738065
failed,push,09397ce42538e38618eb984f22eae7146736c27f,31737859
errored,pull,8666748dbc36cc97c61dc015cb3514e7a4e18604,31737785
passed,push,0aa04cfcbe10e8ce8553ac56a54ec5b196eb82a9,31737783
errored,pull,4bee7c26532334cc8621fccbefc09814972a1805,31737169
passed,push,544cbfd4420b128016e43dc6dccb63eb2ca5666a,31737159
errored,push,9e9530699509c490f0de3f654004f23e3325f925,31734305
failed,push,89397fe90431e1500f5faf7e2a7cc9c79225a0df,31732317
failed,pull,a597e86bade114567ae4dc156e131772c2d83c4c,31732316
passed,push,b3c193b42ea40a12a0fd995608da42645a7ad40f,31718796
passed,pull,71ffe9a87490dcac11bcd1d4352e88dd6d09ccd6,31715244
passed,push,b3c193b42ea40a12a0fd995608da42645a7ad40f,31715242
failed,push,6f3e63b8b556b6ed49002fff99a7ed3295609d22,31708782
passed,push,f82e354fb36febdf5239570caf6603a873f4dc18,31672574
passed,push,6f3e63b8b556b6ed49002fff99a7ed3295609d22,31671256
failed,push,6f3e63b8b556b6ed49002fff99a7ed3295609d22,31663363
passed,pull,20691ad3261d15329d243aad5fb6081a7d4959a2,31663174
passed,push,6f3e63b8b556b6ed49002fff99a7ed3295609d22,31663172
errored,push,f82e354fb36febdf5239570caf6603a873f4dc18,31661278
passed,push,9b9d28c334a05a9d5cefb52e0ce229b759ce36c7,31659507
passed,push,edf194b626251940b2bc1434bb15a7ca9cf6e71c,31658681
passed,push,60c4fb82a983c6a06e1ed85cd5ea200d15c805c2,31658222
passed,push,57d897fce4dd9271da96a53a3d0a222b4636869e,31655952
failed,push,edf194b626251940b2bc1434bb15a7ca9cf6e71c,31655119
failed,push,edf194b626251940b2bc1434bb15a7ca9cf6e71c,31652751
passed,push,edf194b626251940b2bc1434bb15a7ca9cf6e71c,31650489
failed,push,edf194b626251940b2bc1434bb15a7ca9cf6e71c,31647459
passed,pull,4dbc91466b72a748698eb139482f1b242abc00f4,31643092
failed,push,edf194b626251940b2bc1434bb15a7ca9cf6e71c,31643074
passed,pull,aac512daa9a67a7ead4f2ce0b8cbd70fa299a809,31639896
passed,push,9261a422f3a94764d6fc20d6ac0f97a7dcef7094,31639894
canceled,pull,8504c479ad1e85e15b890c4e84c117ec1303c4af,31639069
failed,push,f97c70aaa5a35ae2e7d09c1ad31bbf39f506b64a,31639060
passed,push,6bda56ad78800e58c4df240c31dc5ad0b10180d8,31633907
passed,pull,c33a4e0a9b386dc5f644d885f0c09691784470fa,31633906
passed,pull,dba33ee9a0538089ed2ce818eeda30edfb37bb0d,31629450
passed,push,190dea24c19c41fb3a27fecba67cfd24b8bfa8ae,31629434
errored,push,190dea24c19c41fb3a27fecba67cfd24b8bfa8ae,31629411
passed,push,190dea24c19c41fb3a27fecba67cfd24b8bfa8ae,31629392
failed,pull,4e34c09ab6f0dce2f24c78a85bd889795babfcd0,31629271
errored,push,032df60a108e3aa3d195a004da4cf8e0f2d34036,31629250
errored,push,032df60a108e3aa3d195a004da4cf8e0f2d34036,31629207
passed,push,f82e354fb36febdf5239570caf6603a873f4dc18,31629056
canceled,pull,581234a3a848cee24b755cb73e731221dd6bd1df,31628991
failed,push,190dea24c19c41fb3a27fecba67cfd24b8bfa8ae,31628987
errored,pull,b18b805b399fcc8cd0dd5e2e99c1bffe1fea812d,31628137
errored,push,2d0ba7c3d93ef11f88bee9ff9f88795e807bde14,31627960
errored,push,19cb7a5c713b85391ae6dbdde1729fa3706998e8,31626241
failed,push,f82e354fb36febdf5239570caf6603a873f4dc18,31427368
passed,push,0c5190a3020ee16f3caf6d3c2aa6504437b010c0,31365636
passed,push,2b6a097c8f6420e8d89fb5e58a92ab7a29c0bef6,31362490
errored,push,351281120ec388146aedad14ff7359a5e3f1f489,31357038
errored,push,64c1509a2ab2dca4d35bd59385456e9a612ff9ba,31357036
passed,push,8985f8430d31c8f0a45bb6e7e2f631e60cb08f3b,31357034
failed,pull,f4816bf00213fb141253d4183000b5d9b9b8b16a,31356870
failed,push,8985f8430d31c8f0a45bb6e7e2f631e60cb08f3b,31356868
failed,push,ff231ebe050daefc0ccec052d4f19ce337188dbd,31356781
passed,pull,1a52bb37eb5e35f4ba3ff1e87c5612f24748b309,31356000
failed,push,3b8623f387d699c82096f7860455c54a58b06812,31355913
passed,pull,d4088ccc69ede3732d90bfc46035fd9bfcbebe8d,31354569
failed,push,53eafb0088ffeb814ed36887a0790bf5bc123875,31351326
passed,push,ab4cff130c04c1ea8dd0421675aa583d9ab15fc0,31344640
passed,pull,7c0d72c2cc4cb92e423aa5573250b2aed2928d0f,31337474
failed,push,271a75e1046e6b27a9d1f93e33ff6cd22b7dda47,31333239
passed,push,271a75e1046e6b27a9d1f93e33ff6cd22b7dda47,31333241
passed,push,d41dfce87645571482bf1a0bc8be896d903a329a,31333068
errored,push,d41dfce87645571482bf1a0bc8be896d903a329a,31333045
passed,push,07391eafe0ae1a40b8aee812087c8ab6b733a913,31331826
failed,pull,49652d93bb71c5890fbec5934e7f6c0d5b7802f7,31269545
passed,push,e22a6935095b1c6a6a12718ec7164c95b1135481,31269543
passed,push,dcd3deed16cb07d5bd0f80a4b9458adcb2f6ae26,31261319
passed,push,dcd3deed16cb07d5bd0f80a4b9458adcb2f6ae26,31261317
passed,pull,32388020697b8775760f9f96ffe1104990d1563c,31260652
passed,push,f3d18f02429a773fa1089852c35edd3441df6c35,31260596
passed,push,5c0136795212dc3a0f0c000b1115901ea8fa858a,31259986
errored,push,5c0136795212dc3a0f0c000b1115901ea8fa858a,31259985
passed,push,0178023eb1e786c5e5e89f3fb852f16ba863ca7d,31257714
passed,push,0178023eb1e786c5e5e89f3fb852f16ba863ca7d,31257715
errored,push,d12a70e92d24597cd8aa4faf39e1a8ec5147ece3,31255697
passed,push,d12a70e92d24597cd8aa4faf39e1a8ec5147ece3,31255695
passed,push,351281120ec388146aedad14ff7359a5e3f1f489,31255486
passed,push,351281120ec388146aedad14ff7359a5e3f1f489,31255484
passed,push,838abe0c1126641ebdc283e563bb8990ad56305f,31255266
passed,push,838abe0c1126641ebdc283e563bb8990ad56305f,31255265
passed,push,c28045a7e52b4091c68fe87d1c2e7eea825946f3,31253229
passed,push,c28045a7e52b4091c68fe87d1c2e7eea825946f3,31253231
passed,push,51b357189002d8cd54c5624ef7cf0f45f72f5171,31253069
passed,push,51b357189002d8cd54c5624ef7cf0f45f72f5171,31253068
passed,pull,a0d5611c86242e8dc8d8184fe965579a4b7a07d9,31251813
passed,push,f3144dea15b6fcd279eba8c232c173501a7fe439,31251600
passed,push,c1e5b16f54510723d11fa14985f283e49f528d3f,31251272
passed,push,c1e5b16f54510723d11fa14985f283e49f528d3f,31251271
passed,push,b385d5753154fda6b4fd3fa17f0d0cc5e8eb793c,31243939
passed,push,b385d5753154fda6b4fd3fa17f0d0cc5e8eb793c,31243937
passed,push,64c1509a2ab2dca4d35bd59385456e9a612ff9ba,31242887
passed,push,64c1509a2ab2dca4d35bd59385456e9a612ff9ba,31242886
passed,pull,4105d7fb7cdfb5ef46589753785c74227d94c9a5,31240411
errored,push,c84a1c2d8950ae2df877687c7c6fd64b9d4706c9,31188576
passed,push,7d973ac68e9f54b79d2a103361d1a9abfc2bb034,31187431
errored,push,ff7db0756a7d9db371a6f82882a82baacfdfebff,31185488
passed,push,0913e79b4675ab74c5bb9777e42853808a8a67f0,31154402
errored,pull,1a51f43c36c457eb17e92b001e48a64b163f5696,31154122
errored,push,aa1c2fd8f71882da71ee2eed20b2836ec127444b,31154091
passed,push,a2af59521a5ba5e46b6f034dfdeb843ec38375c4,31138720
passed,push,8d0022e0070947c1e8a0f13d83c299e927470605,31138703
passed,push,f6f7d4fbab06467401a3de912b28e3c0e3ed3242,31087250
passed,pull,48e5986265a71db65af0e6fead657e5bd9c12628,31083383
passed,push,1e6e539bcbf8580a52105cbd83bd3968a8a348ba,31083381
passed,pull,573d07e24404b352acd3e9cae5d28aa3977239f2,31070595
passed,push,6b45c07d4f5114c9acb89201a2d9d11c5570b9b9,31070408
passed,push,fef6a7c2998939246da1bf7afd93fd261f1337fd,31065369
passed,pull,11913eca81bd8f708a1b5b805962841391030dd4,31062082
passed,push,605e04a2c7640aaf304c8cda53396bfbea827fb8,31062036
errored,pull,0a56b6b9028199e11bbb1c59c6c6f9478fdea1ac,31057624
passed,push,ada570a77b55eab4b3b95132f3f0b6c646cf41f1,31057567
passed,push,f804361b1cd3ba46af3d49c4bc7d5a5cd6d43579,31056484
passed,pull,02a3bf8b13c70f2c45ab31e03a0e88854de4a48a,30879766
passed,push,1975eeeb1a7bac0e203ec21e25396ce12502747d,30879764
passed,push,4fc35dc306101cb319099a7fd8d90a5892e84a1d,30872527
errored,pull,0139771830ce291d2ea7d23d38bf7aa9f3b7743a,30844483
passed,push,4fc0d71d550e483f07f88a7265c7c67439d5b0d4,30844461
errored,pull,9fd78383a9f4647f07b192653298b2d9a98046f7,30790581
errored,push,3dca158f47c8e05ea7ad9581db71b35f0a6ea0ae,30790435
passed,push,8c3466d3b12cdd56d31e2df9f263d77ef203bd08,30790099
passed,pull,1bc1318bbad6d54b9e04809bc50f499879b78809,30788218
passed,push,21b77f207cad4d15eba169a654997eaf5f5d3229,30781409
passed,push,bd86e48b6752e77d4cad02872fe18c85601c4977,30781141
errored,push,97025c465954fbaa4a11a60071403b19b29e7a20,30781080
failed,push,c707481c911758e056f801cf6887840a3988dbd8,30780928
passed,push,8c3466d3b12cdd56d31e2df9f263d77ef203bd08,30777311
passed,push,07c7288537c80757dc1feb1dffe79d3943eb41f1,30775970
passed,pull,86a65785a97b8b6bf19a7402a92fc166d3bcd805,30677413
passed,push,e8e14a7607bd14f7a217c4720dfa18b4d153745f,30677359
passed,push,92fc564d5721b3c9f7d7dca4c1b65b5343209d93,30677326
passed,push,e8e14a7607bd14f7a217c4720dfa18b4d153745f,30672057
passed,push,c43fb37a05bce259b7b76f95d9f743fb71183fb9,30670561
failed,push,c43fb37a05bce259b7b76f95d9f743fb71183fb9,30670559
passed,push,92fc564d5721b3c9f7d7dca4c1b65b5343209d93,30670557
passed,push,98762f69c8300c2b464f4f2edd682a2a36e44989,30594881
passed,pull,129784d3e9f02004fdc06d6f4c4f8c8d331dbeac,30586797
failed,push,7d3a11d5eddf417cb8f265f0a071a48f3cf09ea1,30586354
passed,push,7c4d07f76c9aa3afa0b68b0f5c4fc51d7565d3b2,30584693
passed,push,6383782bc95064b9a145a66beb0e17d8b65266e1,30314560
passed,push,c0421870665d6e6edfa041b081bf2f8afaaa25e5,30302447
passed,pull,1cf02b7d14d094ad8cb092a812b57cd0d688803e,30301728
passed,pull,b4d05125f0acce397e502421ff67035581efacaf,30301639
passed,push,2eb9a45ce7c9d2e3d58de4c8e3adb0bc7c88eda1,30301631
passed,pull,94cd08100dd11b10530b965257fa0035f816e881,30267763
passed,push,a017582664373852617cb55b68c7a62a6fb0a385,30267741
passed,push,2e2603683b206f2b6ba2d59d6df1d184146fa864,30267662
passed,push,a017582664373852617cb55b68c7a62a6fb0a385,30267102
passed,push,2e2603683b206f2b6ba2d59d6df1d184146fa864,30265979
passed,push,35e9f9d2a5e3c43b7efcd11f4522eaf2b0fe32f8,30213479
failed,push,93c1b5a54d18c9e28aaabde7f303ba4d0d117148,30213462
passed,pull,cf5803d4736c9283b78a24fc6331623e17f624fa,30205171
passed,push,85664820644ebf7d9f43cbab8d4264a309a7d1f2,30205167
passed,push,a0f648bd0889a39b6629e1f4669bfc24c4ba9bbe,30203841
errored,pull,8ef1e35ab33af3fced425a5d989131928171d3ed,30196664
errored,push,4cb326ade0c7c4c5280a8e348a931806a1bc0f9a,30196658
errored,pull,e965757ba2f338fa9a2b53645dbe5edf159123c4,30196605
errored,push,760bc90abbe4ec8c10d71cef976aa91d36a93179,30196601
errored,pull,5b368815a4242a4b652d0de1d9dfbee56eacb1e4,30196563
errored,push,2152d06b91dd26049348a5bb47059945d96319a5,30196561
errored,pull,6a0b648ddbe397f6a007c64da296cf99c2c8cd51,30190927
passed,push,8a314e5f3750af0a4fcc82121d5c529a8388e34d,30190698
errored,push,8e848f382f5342ab23d56a756a7ba2ef773979da,30190275
passed,push,3442382c8faacaaf51f2dc34831ab04f4eb4ce91,30136504
errored,push,abaff05bcbf09b431b6495358263ab9685748d5e,30128563
passed,pull,0d4fabcb64737a753b5732a0a5d249daa83b3c0e,30122781
passed,push,0cc6ee3431a7502ecacce86c66a8af45702f1787,30122667
failed,pull,b56856db05afd8192fc5db2cddc41d4e0067deac,30118759
passed,push,2aa9b44c572f490e980965f30e8745f14d905820,30118711
errored,push,0cee2bc2fb38a0d8484c51c29a3d087ae0d671f7,30118568
passed,pull,4c921cc239799b586ec48c269ebdbd0b5f94d692,30111889
passed,push,692a9ed0faa3df3b2c54be28cee56bb796125362,30111887
passed,push,f8a82a8e1f5e3dea94b7c7510c1591325907cea2,30109877
errored,push,f8a82a8e1f5e3dea94b7c7510c1591325907cea2,30109875
failed,push,a17fdbc9ba42590333a16ab0334a1c21b1486bb1,30109871
failed,push,34f835550385162ef66f781255c7da3e4450d557,30106896
passed,pull,d9621eda392af126ac3843e3540d59aad2f17407,30097256
failed,push,fa2b70115061a1ea135063537f5b6b758ac62111,30097220
errored,push,1873cabfcbf8f4ab85d0980b4baa94f4df37b1e1,30097102
errored,push,932f6ae8e96aa7022c3493815d4a5252cca7295f,30096561
failed,push,30ee255350985f40173899e691e9ea0daa765004,30095635
passed,pull,fc0bb942f040cd625c3142f26fd1bcd2a97fccae,30017242
passed,push,07c3cd1e68e1c9592dd5654d69d430b08cee50cd,30017214
failed,pull,d254088224fb1d493245058f64e07fefc62cff70,30015746
passed,push,a6ec641354dddaf54f797adb57353cebd875d22b,30015744
passed,pull,9f549470cf013090a6267c2a466b89a2bacb34aa,30012048
passed,push,567ad3bf8ffc6990cc1ded660f2a3928650fef93,30011981
passed,push,dd3ed070fc3cc06f1c9cb464f3cbd89e3c3a35b6,30005200
passed,pull,6858c9d0a60db5a03650139b7d78e7fc6f55b778,29999138
failed,push,862f614531b8a30cf60c62797bd5852c09e09b65,29997983
passed,push,c7898e227a7d19b36eab1d7f95cbcc5d5d412703,29944586
passed,pull,a7fda18422b30a8435862852a569453201448b5e,29914039
failed,push,cd1d893bed80daa41b676f0d0b2f0143b5e367fd,29913144
passed,pull,dd82fe216c0ceb736eff18dc19c649804b00e514,29889127
passed,push,8ab5ba9aa57a62f89f73681184319d2413512931,29889016
passed,push,1f438a6a5c0bb1ec26dbf74a25b98a5e6a45401b,29664969
errored,pull,543095faf2d654d34b3c251ce4d55e814f1218d6,29645385
passed,push,12bbb613a1687243b98fd4d87748d424b1cc8be5,29645380
passed,pull,0b7d0f9ea7807d70b1680520a3420606f287c22b,29642030
errored,push,758aa0797e11f24ab8edf1cf2974f6bafdd80490,29642028
passed,pull,b1fcefd15673883539c7d1f4eaed802f612a8961,29631144
passed,push,9e522dce4679d296f192cc8beb1b6980ade03c3b,29631142
passed,pull,6ba9e7eac219567f6bec6df41deeeae8303b7e63,29631015
failed,push,67152f53b649910d1c6e20b3244803e3cdd05d94,29631013
passed,push,1c2b3049e02b178512cc9de48e8cb052281e4014,29515309
failed,pull,9beb3a5e39b48944c125b0a2b8e733e8c326f486,29452066
passed,push,56ed9a67fbff258a48f05a437bf8aa14087e97c6,29452064
errored,push,7ddf8c959a07076c0ec4ef3f33fbb9dda7d8b1b0,29449803
canceled,push,8f6b5dcb66da4ed7c43f4aebde1f5e69a8fbcc21,29449110
errored,push,2a3934cbb5693d0a7230c2b48e52250164282b9a,29448774
passed,push,2c325ab7cf25274c61a2542be838ff58c0106a60,29448197
failed,push,a12554ff5326257b403aa9ebd70a0244999f789a,29447353
passed,push,f4eb4cb0d5544039c3e43e09ad185b252416f2cc,29429334
passed,push,b2cca26e5cf741db50ad1cdc23b5271d08593457,29420872
errored,push,8134aeda6875a4ad56e62bf332c627a781f0afa6,29420780
failed,push,e8b95a14d4d024b0cf5c6fd02569cd5dfc9945ed,29419620
failed,push,f5f03bee02baeafb9751ae0cfa6daa4c2dc37734,29412603
failed,pull,eb1b657b96f1ab6a9cc4544e77ea06b96602a610,29368463
failed,push,107595452be05907eee7a5e072a7d4eb0dcbed6c,29368461
failed,pull,91cf68502b1662ccfdde74f0cf8faf2c0550cbe0,29368357
errored,push,c18942382534529af438e660164aeec6c4292c80,29368355
failed,pull,f1e78456287ee5ac94161960da250bdb5a93cf90,29368302
failed,push,4140f4f6b8203c631ebf936891051202aed859c9,29368300
passed,pull,19c34b5a9fbb85099685b1467a363f9e37b31724,29364852
passed,push,368db858545ac16508b911eb8f6af895f092e62d,29364748
errored,push,29a26cd47cf0b15289059159677b599cf20db39e,29357531
passed,push,51d69b44d1369702d21ae2ce04f9c2790bd2cce1,29357164
errored,pull,32c73b76627f88ae353ef9e74fc9b380c97ff8df,29356303
errored,push,45a7b949a9642c4275b92dd1f0566e9ec104bfb7,29356259
failed,pull,1bcff611339a258d5e64e2fc381db8e31d5b2cbd,29349971
canceled,push,20c57fccc20f5ad775568d2e287ac245f4d6f70d,29349955
failed,push,d510607b668a63c78eb9d77cd311c5ded3d846e5,29349875
errored,push,b19fe33923d7a4b33b07c9954caf9ab0f2280c4a,29349742
passed,push,579039ba13a27599c94878b5c3d5e1f1db767ca3,29349598
passed,pull,8a5cbf969a756f5c9e26b7286a411da5f204843d,29346687
passed,pull,71a0bc098ca48c4f512ff73335f69eba32b00ea6,29346683
passed,push,770c380b0dcd38d7a77c433f841b184d79e983d3,29346597
passed,push,2242e0d814fd78368c1e96d11c810c48e2be6d90,29346363
passed,push,77724cccacce71898025fdfa1e4cba8781cefe6c,29225336
passed,push,8199b3157d629a138eb13680c208a1ef31368372,29224243
passed,push,b82aa7297eb6f766c590e56167b5f2e5947be28c,29090799
errored,pull,1c66f60c448c2fe6c0b2f43ffe2f20a2f2407c33,29085796
passed,push,1083bd886b29d02dbb48d54a9eeb06d7ab8c99bf,29085792
errored,pull,6a0aafb06ad2076f6a96d1b2ec67492198ddeef1,29085647
passed,push,2afb52ed921b6668d163631019add39916793415,29085611
errored,push,1d4b5cf7c5ba825939b70caaa2e0e063446e3c32,29070677
errored,pull,1ac7d9166463e1665a2bc51ef4869da8dc042693,29024191
errored,push,07561126d47eba6fb3d53fce4420aba9d04e3709,29022683
errored,push,fbc41a1b56196cea2a6949dc24e640c41e5c4e90,29022049
passed,push,080df81a21a339b5e1e595dfe2beb6315e3e9804,28996904
passed,pull,bb3397f9327368e51966d6c30e4b2ca8fc84c45c,28996655
failed,push,0679e7fe47cfd99be98a2f84d6e023014b726ee4,28996555
errored,push,5634396873e94342b2cd4dca41080358e1ea4966,28996470
passed,push,0679e7fe47cfd99be98a2f84d6e023014b726ee4,28996286
errored,push,5634396873e94342b2cd4dca41080358e1ea4966,28993638
errored,push,d352be29ac5126466c3465eb81dae8c02b0a8455,28978321
passed,pull,840f5d2f169567220c49dcec03728c1fa580cc0e,28971554
passed,push,0b5d0921804f63be2fe803a2c48e09a446bf9493,28971536
failed,pull,03a8329c94edd0fabf9ac5ea96aa2256bd4cc9ed,28971438
passed,push,0a575f734e96f4e948bed015503f07663e19a530,28971434
errored,push,01bc3c3df52f8c4a596b7053da1d99f18df818ea,28968684
passed,pull,df18d3a408f5f2ac4c0ade0da8a9fe84bc3e06dd,28968565
passed,pull,731e116a79129f4b43532d60a55f416fbab024ea,28967986
errored,push,507006512e71c6461ea3b1f94508775b102ef7f5,28967979
passed,pull,be13417d238d80f5e4679bd99f0ea09e68b4b2ba,28919066
passed,pull,ae90fed37f1b2dc677e2459a1089d72f93d74cac,28917121
passed,push,b43d4926619b9d3dc3990a8873aacf64cef5fd8f,28917024
passed,push,120d1856573f5b68c8a05a078cc2c5573ec361af,28908620
canceled,push,d65f02cda44eeccf6808757b744ce1e763c0bdf7,28908462
failed,push,5ef338aa361be96c8587eced63a5b8a0d8896826,28907592
errored,pull,d42e0d728b127b1d117b4ff4ebd5e8ca62315737,28905633
errored,push,c54a4b4289cd1d6c8f35559476a01c0939d54c75,28905575
passed,pull,caa1dee09d10409480ea0531c8596d0148664c19,28901618
passed,push,544e8c0bbbb27c2f68390754fd49524bf1671797,28901616
passed,push,17892c41a98dd42d8618a54efd7f9d70e170cb70,28901426
canceled,pull,cf5b889a7eb3ad323ff195483829dcb18c42414d,28900857
canceled,push,fc9d5df774c2e5a1561c6ccad1c953b58b40214e,28900855
canceled,push,5c35d84ba7b390fae9d56431a7e654db5f0449c3,28900684
canceled,pull,b0c9a47baa055b5ccd0fd74803afa3c8ecc1a630,28900683
failed,pull,a1805cc40336de0fa73ff91a6dd17adafd9b455a,28899191
passed,push,70fbaeb8f305864a6ece521fc617fc4ff29f8a42,28899189
failed,pull,2641cf17d0ce59ce103882dd50619f6542edd516,28899159
errored,push,1955e74112e3530292239c7303fd405259710b81,28899157
canceled,push,446d0e29c6754eed6aec3c2a98c072374b065e32,28896811
canceled,push,4e2fc18e486df3bd57162966efd624b2a492fb12,28896679
passed,pull,6295b722748688be052ca34c681fc17a5127b7dd,28895798
errored,push,316d972ec0dcbdca49b8c587179750b8ceb53b84,28895768
passed,pull,2dfee3290e505c7f25eb9ba8011a3f2a4d8e4535,28876115
errored,push,ab49e5eea89473c4dc4b453cf7a80e4bc0e03eb0,28876105
errored,pull,93c4effd8970b60c6697fdafc649d15e2aa4de6f,28874737
errored,push,90726b10d61ec84e7cc79ad1956d4e3cf7d09b55,28874727
errored,pull,686e22b5c6c38f06d09539ecc074fffba2b1568b,28873485
failed,push,549d001bd951001da25fba713aac01ac92c3b67e,28873483
passed,push,1e3eb18d44ce0b2cdd7f0c9baf04d02221870eaf,28819922
errored,pull,8cda6b5b7804594108088f62efd22038fd1cabc1,28819849
passed,push,a12d6b00fff547dbd91ade463535d233a2677db4,28819795
passed,push,f4c91769498306dbcd96581c156fff72b241952c,28818801
passed,push,ba6159df48bb2a9cc7e630126e29d0b213dc893a,28816927
failed,push,695191aadc7529b30fd05c1b73d65d3abb2fbd8c,28812789
failed,push,2913f1f518099e0fe2e2fbf611d71f7cc6b02e98,28812375
canceled,push,a9868696c92f7aee857aba6df8b2c70b15b17355,28809640
errored,pull,de388d593728ef98cd0e7e6a216e66f9e0b1e8a7,28806754
passed,push,b6871d11d8583d83a96c2dba322a151d1f52f688,28806752
errored,push,655d33bfbc65b493c02816f9a3b41a6a1289659a,28799364
errored,push,af1a1fb0063e3a24a7d36276eed4e082ba7d5917,28799188
errored,pull,76f95e06414c1b2e1fc54d02ebc6e046825055e1,28796650
errored,push,c24a281aeea459f182c3f64938508c9324b0dc9a,28796603
canceled,push,f4c91769498306dbcd96581c156fff72b241952c,28791497
failed,pull,0efcde732e2dbc6a07ee712fac9fc153fc75def1,28789010
errored,push,f4c91769498306dbcd96581c156fff72b241952c,28785776
passed,pull,7450736a91050a812542cdd02d9f75e127c58d9c,28642197
passed,push,c7c76d3f537084d7616ad60ba6e72d04b14ac90f,28642193
failed,push,e390d430d523a74b13f3f78897a809aac7a179c9,28641644
errored,push,018384405edafc2b7c526ee222dc2d8e724b1e41,28629368
passed,push,f527e640b9bae2eeccc5777bc6c43d8a2dba7d52,28626535
errored,push,b6389964cbcac25efd93cc845f6eaa14ace1572e,28625741
errored,pull,55d4de7b0911f439a33e1dafc4f7efdd7292608b,28621854
passed,push,4b811f2e37235bdf6f09a50557557d9bf8648f9b,28621832
errored,push,85c81693ba17c5a50bc2e85dae2f630e1d67af86,28621509
passed,pull,40fac466717d8681aecfb732fca647fc06ba23a5,28621419
failed,push,e6fe0a2578c7fbb3d0432457e80365d46bd48f91,28621335
errored,pull,d93e058ef46f4622c6b1884c1091552b58781b23,28621135
passed,push,c0f1643500165b742d73d905a6a40b2a6c78d327,28621073
errored,pull,bd9357f9aafb9cd43094b5bfc03eb4771f8fc2d1,28620847
errored,push,121fa5e51dba28b4e33a275a00593b9e8f8b5001,28620844
passed,push,2b1578164a3be56a629b964dfb4948ef8fa1dcf1,28620219
errored,push,454e73250efd0f0ee66e2afc4866aa880e63c48a,28620195
failed,pull,f673863c0e757188de1c3929e023a87ba515d02f,28618374
passed,push,10cb86b30b661bcdb150b2167d1cfd24e64226f5,28618334
passed,pull,eee5dfdc00bf7bf5be3221c597321271b65eab16,28617918
passed,push,d9177f3805e848f521bef30141dd1748d856b92b,28617916
passed,pull,c29c8a419327199b803bea13b79aec46ef9dbbbf,28617738
failed,push,baea89dd5d5e8be7a19c64e849258744873e1a94,28617736
errored,pull,7b400dfff42d87d9f350efb4cc6497d0e88418d5,28617378
errored,push,35fef9e270980c6164b6f4c8bb2a29baf146ae98,28617376
errored,pull,2082b847b0ece133166c66330a63752cd0d59e6e,28617310
errored,push,32d9354896d49b5ffa5d9423be38bb36552b0379,28617308
passed,push,11024cbac6251bc007e5f61a7967b1ad08fb11c0,28614189
passed,push,d3bb7d289f59aacb1a79362a51638e707b180785,28559611
passed,pull,23c509b4a90eefee2d0dc418fc5a131f38750313,28551443
passed,push,69e0288aa0746f738965d8c809f01ffa5b0600e0,28551439
passed,pull,794950012959661c5f15326efc850c77867ecf25,28550728
passed,push,143a079c71533bc8b7240c4cca649c2f42388e58,28550726
passed,pull,c0e6ad6e34a63580392d24f926cfcafdd329283a,28550093
canceled,push,7079722b676f78efe4b9326df2f02f6fd4df3863,28550089
failed,pull,4d00ce43fa6a50a09392ad19b8d81f64fe9393d9,28549733
failed,push,2d7759cd00749187ec8ee50fea3ecd3fdfcca328,28549730
passed,pull,904d652526a48376ce4fd26ec503dbc7f5311478,28549670
canceled,push,85a338d902906fa8d96da1fe8b5267eb6cb5a9fa,28549668
passed,pull,59b30212f4b9d300de7e1f00804bd5f69a8abdff,28548792
passed,push,bb64351c678ea68f26d9f378e6d0377c42fa93dd,28548790
failed,pull,a22c49f7e7013e60eec2ee8b28467716b80fb338,28548585
canceled,push,6f62ae9265fb96fd9863822a05f02dfab1df5bc4,28548583
failed,push,c9c41745348b0df076ae88ac1615650f847398c0,28548543
errored,pull,820884d0b2a4a1635d09d6f08c8690c59c0d14ba,28548546
passed,pull,08faee79162bbe46a927e305cfdb40b47156eef0,28548274
canceled,push,c41355c8cc4ea6638d7fd3d7b3b7400921c694f6,28548272
failed,pull,1a0dfe4cc76e423e384fc0e86209f4f3a8eb1075,28547033
passed,push,4b06c53074e36cf6a38ff13163d9b54da8957fba,28547031
passed,pull,9cb8507c187c95e4c1d61074e593954a74fe1768,28546961
canceled,push,89a0a4dc8eaebfb1b9f73265276f018462815ef1,28546959
passed,push,6d437730a98e248ae7838699c717367f05072280,28546651
failed,pull,4c7d41cc493862a0673d7819028cffad3b92c7ed,28546640
errored,push,eb4d56bc59ccb9f94adeb04691776a8ccf679ccf,28543384
passed,pull,a65b23852cf75737d9254e4b920b647f45f78e9a,28541381
passed,push,892f818a442782860949298e2de15e6a2825beb9,28541379
passed,pull,b1cfd756a936c6daf88b67efe8b5b67c709b4377,28538280
passed,push,f3440bef1e56e1e723de4f3499a7870ab41e6aac,28538278
passed,pull,173b4be3f1961d7260c13e61c069bca128c08942,28537678
passed,push,ef72c4b6b2c2d084daadd1d5b7f81aea396aadde,28537639
passed,pull,0501ea03c8502fb618441eb7ec2696362f631fed,28534699
passed,push,4c244976fa6bb285213be2eca8624d51a1acd4c3,28534696
errored,push,b415e8436618c1a74d40448a8c12c78945b9e5b9,28534687
passed,pull,dad5f1d07e25d51d7d00421e7c91120c5e3a2a05,28527608
passed,push,ff2656ba3e9f9aadb9b962a1b992b28a387b976d,28527590
errored,pull,03ae7d34260cbe5907861fabc090109a8b59521a,28525426
passed,push,cdcbbfd693d368fb8aee0590f4a6c5585319be40,28525423
passed,pull,0c05762766fc4ccc85a60e0a4769736e0c4bdd95,28524290
canceled,push,23cda1165ae9175adc420809698e85569a276428,28524265
errored,push,e65ce4eb4bb7c60120cdaacde7d2e20de1922f05,28499566
failed,push,84f2d6c37be5303a75e6d2565e4a0ad8746ea62a,28499544
failed,push,6f82a8fe576e91f932545777864464da5a4bb198,28499442
passed,pull,eef4bc8c2b8786b46da28f716ddbe547a2cb49a9,28469820
passed,pull,aa58174b97f4de3b68c1afb1ea5ed45e90246ed3,28469079
errored,push,945c665d422fffbdd7f0076b5614722fc398b2ac,28469074
passed,push,60fc0c1506a70dbd20c2e0d4db3e3d8043a3a3b6,28468915
canceled,push,db5a64457454978829500fdda84833af2ca7a91d,28467975
passed,push,81b76b8e225390f4165ff0d4d1fc6c84d094a18b,28467799
passed,pull,d519afe0b0fd0adbd313f5fddb50567ec30372f5,28467624
failed,push,c9314551703a69ed32200b8cc720089d63a80d4e,28467087
passed,pull,690238981e1e6f61ae0d0c879d1c4c8a5cddbcea,28457751
passed,push,f7168ffb4b7c77b75798901aaa0ab72b611dd81e,28457311
passed,push,fada2d38716591084b71da4f69709a1f97b4ffab,28453406
passed,push,91e37ba066fa9e592f0b042cbd7472b680e23947,28452305
passed,push,ec3000abc6a6050394098067c2ead1e33f84d217,28452299
passed,push,91e37ba066fa9e592f0b042cbd7472b680e23947,28452301
passed,pull,73cc3616d76b8802e7858e71b250c7c3bb42f156,28451096
passed,pull,d18c5bcb9a81b62037c81fac5f3f3715079760f0,28451078
passed,push,35d832cf7b30b9b7ef28e38334d6c9a713477adc,28451060
errored,push,a7666ba9e160b2c7c0424f1e3eb215c51a68903a,28451043
errored,push,380ec365b9cca24ec2f90d1b1590bdf8af0a43e2,28451032
failed,push,f87f0d71d7d3422ce7300ae268c9068cb1ae3519,28450975
passed,push,5b694d27654ef16020ddad4394322e1a53e3314b,28440544
passed,push,505dfcb0919d9b1cab225f544022b23cc30e09b6,28440193
passed,push,2af4ecccf2131bb6be9b304e75feb6ca9ae733cb,28436413
passed,pull,bf4331f4ed1bbc6d6e0f94176ca59ebe63aa8a6f,28436119
failed,push,393492b65fa8c1ee7041e454b3c7bea0aa021db4,28436100
passed,pull,d5b8bf20ff7021f7d3c8136c59f9eb1b3c90d4d3,28434302
passed,push,368e1db8e3b3137554817d91a027838e7607a7d3,28434268
passed,pull,106330148a5e1cbda20c85ac2e236cf3d72a8d6a,28433893
passed,pull,b425ca60f07123c4d4ddd21969d2da72868209e7,28433791
passed,push,6acf15829a56020778a08c59298ae2b94250fb92,28433782
failed,push,6295901b648c064087339603160a5a927f5fbea8,28433088
passed,push,32ceb49f5d8397984ec450f82bed27ce2db03554,28430014
passed,push,32ceb49f5d8397984ec450f82bed27ce2db03554,28430011
passed,push,f6237208ccec5afd6c1dbec159dfd4204b6e27f2,28430008
failed,push,30605eb0d8e6a7b649ab3ea08aaa4e4341c8d0ed,28428686
errored,push,75d28e2d7c05ce7419e37ec9b00c7ae00210369e,28404408
failed,pull,052beeefa661e5c291837cbb36d230b57657de47,28374291
passed,push,23398112a691c9805f585aba92f5740f39a5a85e,28374236
passed,pull,ee3f4ed5c98fda581b97f2aaf102ca4d5cbd2f16,28374157
failed,push,d8e7e726444b0edbe5197433be049a018938ee9f,28374142
passed,push,3cbb5d97be3242637edf780c26d9bc4313e84729,28374125
passed,push,d09294ad56aea696b60b3da098d6b85ed83d4d96,28340146
passed,pull,ca8fb412dff622f922f0348f3ca1bd08cee237af,28333359
passed,push,63dc702584eb271e6af22284d014a342a29df5aa,28333306
passed,push,fc6e78f24204d3aeff37bb299ff1efa932273404,28323475
passed,push,981794370b86605047d2821c2b86f147b587a767,28323305
passed,push,512d0790becc2b12e4aae4d5b873fc7c77d72171,28323229
passed,push,cacc0d3955a92a90c87034010c8386c5f473aeab,28323131
passed,push,01ac06ce8385aefaa4a0277c34d0d3835b9d1d4d,28323026
passed,pull,d200acd7da085a315b526f7118d2788a1e4d33a0,28274288
failed,push,140f320d8d7beecba6d839c7e9b64c68aeab65d0,28274184
passed,pull,5a53a25a7502e0d1fa2dccf9cb6143175a4b0a4c,28271105
errored,push,2f0457143fa717e09c3860c15d423578b9713cd2,28271100
passed,pull,c7e9848d66a2f08f33a7d5b2ef93850280669d55,28271013
passed,pull,ac1836b45d0a3f6a4e2f45d1e4b614d2840ebb22,28271007
passed,push,fbca1432f88e2a024071ef5834d8899b87bcb63b,28270998
failed,push,2295e8f4d8c6ac97fbb045c3b9850ceef1ba6c2f,28270787
passed,pull,03ef6c415facb2719e4ebcd822e9ed930a761d74,28268806
passed,push,cf2ffee83fd71732cd4051ad483e5e6777c628ec,28268789
errored,push,e2c08242c3647e8367f6e0014380a527b8dc53fa,28253401
passed,push,26b5a22f10e1157cc29e944369a3b9083cd43541,28249559
passed,pull,22d20e1022a4690bb76ced9da2a2724dbd457f55,28234259
passed,push,28a35b28e0b0aa6d8ae0f5a730988ce7e412239f,28234254
passed,pull,23e1c37f7b446f4ba031a160d95569c9e642d94f,28060765
passed,push,666e469e5d2fa194ddfb2d2e5efc2943ab0ed3b0,28060731
errored,push,84aeb48d062110efbbe62e0a62b1e1c52528460b,28059245
passed,push,86c6acd5c8236edae1801a4f120a0b922f119068,27994562
passed,push,eea776511da320abbb2dfda480cddae0d9c37a55,27994559
passed,push,86c6acd5c8236edae1801a4f120a0b922f119068,27994564
failed,push,145182239066fa34c1d512eab300135a9cb06d80,27988137
errored,push,a6e6452704de4dff50f99585a77ed54b3b1238cc,27987043
passed,push,d84c27a7b4726aa8c85870e3de93f3cf2bd9367b,27979733
failed,pull,9f62697eadc0960e080bbf9968c2f05414ffd518,27912014
passed,push,6f4a037534016af0850d4e5f742b033ee54ab4ee,27912011
errored,pull,50f1659d1ca3b65a7ec0e3078c61fd9dd47b646e,27904699
errored,push,61a1e50b73ad7e0431810249ee476559192ab3bf,27904696
passed,pull,3e03aa85c456b670a35419854412b6f1c71ced7f,27900630
passed,push,19320f0793ec05aae296c3c2c0ce2b27465cf762,27900572
passed,pull,eed1c097685c938bbb5a2c4a26c217a72cb50562,27887378
passed,push,296f02293e17353e25931af72616740b158ad32f,27887375
failed,pull,017652643611075b2e17a2c1f23a576520226d8e,27887338
passed,push,7525f93e557b4e362cf18c0006b38b9ba6a0162b,27887334
passed,pull,4d9b0d3cc9aadf176aaa6371a3fd2debd9569fc9,27875284
errored,push,136dc50d65ac2faa90ba3b1f536b20e13b13b637,27875281
passed,pull,9d4cedbbebf88fd39886d7cd0597a724d4b55cb3,27830464
errored,push,717f168c988db08b0d673e7e4ee3dbcb7d502ce6,27830461
errored,pull,b2e53d0d99cbe91f5d01a3e375f4eb4d3f9c785f,27830444
failed,push,dcd3560933cb1e8d7f34e3ca82db4af572f37361,27830438
passed,pull,798cbdbe4a200988ab73acb291257e506e0e6619,27830366
canceled,push,a27f65629e8c0c5a52ba14f55f07945dc84cc550,27830363
passed,pull,9c00327c4e9013ddb5dc99c2fbed01009296329a,27830358
canceled,push,8b5b8eb038bf158e1652e526935ac0fb7fff7d79,27830355
failed,pull,190f292b4190d100689296d393275ea66f15b1f3,27828318
passed,push,c0f2c356b5a4bf668d1da40d8015853a46a5ae69,27828315
failed,pull,ddc8485c44e592e8de4d02c26a6ff8b9fa5c99f5,27828251
failed,push,e1c51621ec4f792b1246cb85fc910746443db840,27828248
passed,pull,47eaf381f2e8f7412e5356546e1ac8b23dea00ab,27828165
canceled,push,89b920e3828f9363ee401825281179aefabff0a7,27828158
passed,pull,942d03a15dea9ac24c12849eeb48d665b455bd69,27828050
canceled,push,aa4b8b4f8d1fd2a5550de5c6ecb8f22335d623e7,27828047
failed,pull,419aabd742d0a51c1959dab1ca1258c0a0571e46,27827836
failed,push,662b8fee580bcf902a4646249234b9de83fdac9a,27827833
failed,pull,87543709abb573082a7e8d2b9b9385df14e9a85e,27827411
failed,push,d872073aeac962c10407c8c9d77448ac357d7887,27827406
errored,pull,83af937b5fd79db21c99671ccb71c8704f6635d3,27817305
errored,pull,1277a9a839ee95875377d75ae08714810a0c2066,27817261
failed,pull,bcaa843513ddf7fba3422d14d4140f7dbc38309f,27817235
errored,push,649a1db2a721ec01b0befe54484f77f385061ad7,27816929
errored,push,029208598598b1ae391a8f75a06c849e550134d7,27816903
passed,push,a86d60e8857aca84449a97d02ea318f72dfd097f,27813843
errored,push,26d03d115c25e344a23dec0dd1888c3a825b7ca4,27813830
errored,push,9cdf37ab3d2c75c38492eca51cf31eefdbda844b,27810316
failed,push,c0839f906abdfd63e8a1bc199fe5a90eb33b179d,27807528
failed,push,3375cd6ea940d13b17cc910b28d2e9cf6e2063b0,27802995
passed,pull,cfc2c5fea076823f79c52c3e7c2be87e9a0cb7a0,27793381
passed,push,42b38de68e1a7311b688cd7e11f441c02c16236e,27793378
passed,pull,dea7a683a2826fc12b4806b8587b83d0758633fa,27792818
passed,push,f53c083c37a76202d609efde0f6034e44581f1b6,27792767
passed,pull,960ac1a55c67dbc4b84fb2208438c885717b0682,27783344
passed,push,279856b3a70864debef6119c69a325e7d7d94ede,27783185
failed,push,506c4779148b0df44033b2523758c2ff024ca5f2,27733000
passed,push,2ee5b3b51ff59f3cc01536966354401d2803febb,27710375
passed,pull,95a6511b9e40624ff082b66b05529e27108da466,27708063
failed,push,7778b457b954181dc25ce8937363b3ff6b56462b,27708054
failed,push,3a4d704e634b105c69553856bea55a2ecb440e65,27707402
failed,pull,c9c29b7278206c5e26789bf2c9c8e8f95e461591,27700669
passed,push,a5f961f7b6230085a457a5ff58090033f74562dc,27700662
passed,push,77327a237c7089759896425ca3709160ba06c43f,27647774
passed,push,087764690b063bae099c607a466ebf828ba2ee3f,27644910
passed,pull,343f3b57186b70f980091bcc5bd92ddab5fb0a6e,27537639
passed,push,0b18554435e6589c2419a69c93ee759e9cd2ff6c,27537542
passed,push,5a0a31f695c432880807ae7a86db7954c08f9567,27537469
passed,pull,19b46173a4e3495ccf0dd2dcae61a8c457c3afd4,27536583
passed,push,5a9a3ef2428c89edac96523b78b33ef68fcdda01,27536555
passed,pull,43db62f6c981d57831a0eccbfeb8394afd03e24b,27534509
passed,push,f84ff3b46d8b627c2903914f71361a75ded4505e,27534496
errored,push,721e96026fffe2932f3af0509dd94238f6c15f8b,27534480
passed,pull,abcf2fbd1915d7dc927d46d43179fc2d136731fc,27533941
passed,push,691543349c5b3a29204b25f238617631daf0e11a,27533910
passed,pull,0564f7b8d95f9aad0827aca090511702a1b7232f,27531187
passed,push,e59c682f288a7e0d4dc9056bedfd2eef99e53ef0,27531184
passed,pull,d73800248dd46adec6fee53a4d737656fc3aa00d,27530548
passed,push,ade63426eafa68df53c2f88eb7e8e078a51593bf,27530541
failed,pull,c166a37f08a475ea9f42ed688ec20a998ba5e22d,27526022
failed,push,db1ab0f0401bdd5f8c8e2c33dda3d53f97e28c66,27526017
failed,pull,14ac22882f9334f1e91c5c75f17ae2b6f03d2484,27525257
canceled,push,1b6c6c9516d1291561b5b5682cfaa5f2b459c1ca,27525252
failed,pull,ce9f3e39299a8ed475233cb688149852de6e2e39,27525191
canceled,push,ca89d5f28d4b2757cd7fea5f510d0ee4759a5822,27525184
failed,pull,e234496aeee3a801106b076506a9d8c088cb3dd3,27524257
failed,push,1d855912d5ebacbfe8f12dab6c6e0b7f173f452c,27524254
failed,pull,83d08734959e6f50d9ed2a2e87cd242aec4ad326,27522518
failed,push,923194339cf288f4a3eea52e8241585f4f65825d,27522508
failed,pull,f4128be7ad8e21a3e8f6be0bb100401abb4b080f,27518223
failed,push,2b62708e5e208f1dcce76fb6de68c75001617a00,27518151
failed,pull,38acfd64151faf7551848f894ea562b29d2dfe8b,27502419
failed,push,b536633af77dbbee7a00c5d823d7b90a77d9ed5d,27502416
passed,push,eed41e765626862d9fa9fc9aeb10435546cd01f8,27483771
failed,pull,790880d93000dd6ac06b66b387bac49ec6c24c60,27459196
failed,push,960ae4533c48adfb77844fd281b42130195690be,27459105
passed,push,8a2ab03f23b57e4bfc38365d83e6ce40b1ef5b51,27453808
passed,pull,07a7f1b88ea1cfa961131f656d0108cb70ffd1c9,27436246
passed,push,3ce62e1c7ec5d48b1a06d65f575295040a5cbecd,27433861
errored,push,c807ddb5223a59d2e6b4ccce091cb30a41182790,27433721
passed,push,f23b9d0408822ad3cf3fdf2c494aaab6163c9b74,27343026
passed,pull,5fd7970ebbe65ad33f3a8c00cc8af258a6e91300,27335206
passed,push,66e7485a367e5317c60fb84e7624f181597db96d,27332168
passed,push,51004d6eee94b573ced12aab915fc3726d0f9692,27318833
passed,pull,25bff46ed8f63d8dbfbe1260803fc5e41f5dc493,27266118
passed,push,5faa820737d54464b8fad8f2a8db3c57f66d84ef,27266050
passed,pull,6d0a009b49634ad8aaa6314639459c5a3d7194da,27139620
passed,pull,ae9ec8d76afb846a9f9b6fce3c18472ebd62a862,27046497
passed,push,4e3dcded1c20b7dd7d1bd8fa1bb347dd37028652,27045902
passed,push,ff209dbeaea96bc37be1290b405a653f441c8a9d,27045869
errored,push,1b0d6f9450943cf1eb6f7b69d11aa3a402617f3f,27045426
passed,push,24c2c45af416ee0e95b21a1e7b8adb1fe7b24cd7,27025938
passed,push,24c2c45af416ee0e95b21a1e7b8adb1fe7b24cd7,27024881
failed,pull,32ba1a9d01cee557313842340719ca0433ac0687,27023730
canceled,push,c857cbfc6b71fe79886cf14b9e8a2a0160b1c260,27023717
failed,pull,5d9720a46fe76ec48d1bfcc4207422d6c8d6809d,27023708
passed,push,d14c3468281cc9ed2c9fbc44e653556c308d09c5,27023702
failed,pull,c2c33e2fb541f6ee0f5a2398eb3c112ccc703496,27021133
canceled,push,b45393c940e00faacf7c38a5f35530e93bec13d3,27021117
passed,push,ba91aa55c6e7e31f42f43a08f97065472e0852c3,26993934
passed,push,e69cd1ff13aa7b10146e395abdb89dbfa54b4245,26993506
passed,pull,730733ff595e31ae6568c69a78c67846ad30f44e,26993508
failed,pull,0ad8f8410462e9b227bd442283f4f1fec4df3044,26987344
failed,pull,7bf699794396d669f4caaee266962b463e290747,26986841
failed,push,ea119904c1fe4c7ef5b6248d3f7b6d8a35230619,26986838
failed,pull,410146cd5184dfe77c578f7a4b2593e2878aac16,26986409
canceled,push,b37f6bc388062db4a1c6515a2940e63fa82f2094,26986369
failed,push,339a891d0bb3a97a1877b6c979520ecfedef208e,26985983
errored,push,00bbfd826b3457358f791e2edd2737cba11583cd,26985839
failed,push,47a5483090ef830617c3287431693bff4fcca333,26985752
errored,push,637aebca71f7e7cdbe67b941ea99414826dc12b0,26985717
passed,push,102a6bdad33d92d43142881d4debe39d4f68523a,26984285
canceled,push,c8828835a39b91206ee30dca76fe640a49b607a2,26984273
canceled,push,dfcdd4b5dd089a292e1f4be75c0eea061c47c899,26984055
canceled,push,dedb738489342bf12a15c0b96c260961d847489e,26983963
errored,push,c048e95aad4c9fc8adaa623008d956abb330500d,26983393
failed,push,cf97a9679accf3f5bfb60235984ad0980cee4a5c,26982271
passed,push,5bff3fb325b345318bd2955e2476b41dd2de951f,26979602
