Status,Type,Commit,ID
errored,push,bc064f0dc283febcaf925103c931532f150e2bc3,34564837
errored,push,2dca85d9a7f8e6902841c77b4d4c14f0f36a7520,13632921
errored,push,db309e7ad27d4cd36947c69924aab197d3b86431,13616452
errored,pull,5b5bd8ccb60f0c839f8e75ed5a168df0abd9f6de,13537148
passed,push,6d41902145a72f192af936abe48cca1168f28f56,12684213
errored,push,fa7ede47da2c911bfb4543a391f740ec52618cf5,12684114
errored,push,d6e86cf806b233931d7693bafc73434b00907a4c,12684027
errored,push,acea8b650a168f6e6b0d207e9bee4d572d2c8e98,12679229
passed,pull,0c9d393fca2d323d9e4463b091309e83837201f4,12550755
passed,pull,c196f07842b7cd4a4c1a0814aef57a7b909307b4,12550523
passed,pull,f5937cbefe2f3bf6796ee8347fd33f4990d47f25,12550006
passed,pull,88005ae77e48176e8f55bd50ff8741e20f826588,12499817
errored,pull,1e145568fa479001dcd7ebb6368cb8618e9aa7c3,12497984
errored,push,df9e3d6f3e5771da32da0c7adf6dce2f0d764b35,12486512
passed,pull,184c54a8731742af2886cdea012e790cda0eb8dd,12295510
passed,pull,651203d46ffdfdc11c4d202a5f74a21392bf902b,12294197
errored,pull,92ce61333ff482042cd31ab2d067620aa494e7cc,12284450
passed,push,5ced73f709b98bb74ab4227025b78c22a113b010,11914592
errored,push,ae3ade3243d141639df182f2cf584901be9ea7eb,11903457
passed,push,b00a2a1eed44b7ec858c01617bab1299118a1ce0,11888077
errored,push,8ea027fe74ef8f3496bdc1870373b7085adc7b00,11888071
errored,push,b68ea7de9607ccb1ab2a5c7ad506fa688d71797c,11888043
errored,push,b00a2a1eed44b7ec858c01617bab1299118a1ce0,11886326
errored,push,80f41a9f97eb9332c21fd65eb240a58322e316f3,11875663
errored,push,25cc66ef06c7d6ce9c588556e3169ae373acb4c4,11873316
errored,push,ecce9f740b8c8f94335a47d3e9de7eaea282c3fa,11862122
errored,push,c2024debe426f7a89d301a9b12c8fb813440bc44,11861031
errored,push,038a67143321ae54a2db0330e852cbce9e526a95,11834882
passed,push,b06156e0951396cabb77b6af79dbfe737819d7f8,11635313
errored,pull,0ee715972057b519457cdb64dc240b870d156cb5,11422281
passed,pull,161da58e83d7b4dac79f95173632b4f24436404a,11422150
passed,push,ae9667582523443199d4fb33eeb0c31a2495c81f,11398816
errored,pull,78b64e76bc6d90410c97b070ee9e6bbbdc9fc788,11334158
errored,pull,b566e2304d6e89383508af3410fa8f6e83181835,11334076
passed,pull,c469690699c01a98c88eb063cbcd934819757662,11301411
errored,pull,d1344a622f79802ebccd109e1b64bed208fd0ad9,11293942
errored,pull,5c181604c87f609135342780621dbfa62c53f4ca,11260560
passed,pull,870a2b9269c58406361011e2d2d8361bfa7a75d9,11256189
passed,pull,22e1a0b38d990fd719009f5062008b62dd2d2b76,11254217
errored,push,4c32d3c35563bddd89d77181690567d8397a2422,10953407
passed,push,292635f871f353257a2530936f18a5b430e1e665,10871961
errored,push,030ca0e183d131f44dbc956fb799fabae5b32097,10871360
passed,push,7f0c883dc6fbf39df5913cce3e552069771ef040,10863648
passed,pull,9c940efac0e88319a3197ff5eeebb0ee75674df3,10794962
errored,push,bc69b0230ed9f9f16e6e784e5b2f0112c11232c9,10785533
passed,push,9e65cd710c22ea1a8dd38b1d7295483f2394ef5c,10559163
passed,push,a3aa12c9fdae7e747ed6be563f649572e8263ce8,10504179
passed,push,1f95b9a07843194a09970dcd8cb04403a94022a7,10497455
passed,push,cb6fb04ddfb2980b86c28bc904bda94ff30e672c,10481259
passed,push,adca7603403ff333b279adfefb7bbf30230457e4,10479555
passed,push,378f89366302228ababac1bd3b24e21c754be1ba,10479174
passed,pull,4d9892b2f367070833b3ceeb2075f64c347cba72,10474728
passed,pull,49c5183ac89185473458eec2a78b68b8c1590f64,10474078
passed,pull,45a4f25029fc3fa77369273afa549a6d801e5018,10466925
errored,push,f18576aeaeacc110bce0af97cc6249fcf3a457fb,10439002
passed,push,165707817cc48ea57a687f4b7ae010604b7ca4c3,10374372
errored,push,0535c7269fe2220085ee38a886eb37503c7f3217,10350536
errored,push,780b09b565a48a46d25d90bd89e374e68ada5708,10350119
errored,push,51cb0a3c32692919f261cc2f5df079114fa526ff,10343885
errored,push,cb9ca63406a4fb8775df728b82ccd2f1e3c7dd38,10343511
errored,push,a0150671d11e21c60e4e59a80500f4f3717af7de,10342926
passed,push,f71a1289c7f3312fd57c705c835d71fdfa2c2ea8,10342827
passed,push,568e87a90707eba43786b4775855512f11a903df,10289931
errored,push,841e255a256dabe5e8d88037218e1122dbab9c01,10269744
errored,push,4b844a29601bca548b17c52f560662eeb1bd0c3b,10212481
passed,push,4d30ab0a119161d852cfcbf2de9ae68304126d30,10180652
passed,push,e263c83315ff8131616d7680e363e224a70d829b,10179253
errored,push,7356a74258961256fdf7d9b8fe1cc33b7a689767,10176466
passed,push,4163577e262e71dcfeec7b7c4faae5f15eb91d9d,10144145
errored,pull,4dd4018156f45ecb7658ab19958ae64ef6d36769,10138822
passed,push,ff9df8e5d0151dbc88044f55420b5a2dc074b42a,10136561
passed,push,b31d517a60a0444e3e5ab667b9cee852b3c0417b,10136071
passed,push,f2f4a4c3c0f5d698f7078bf3c30f756b03aef15e,10134708
passed,pull,eb2671c64743bff66ca54aeb4ab278199ad48381,10122312
errored,pull,eb2671c64743bff66ca54aeb4ab278199ad48381,10103934
errored,pull,0b6626ccc0ece131771363caf2ad7ed0ef998474,10098728
passed,pull,45588dee309b1957e3ea96d05feaaf8eaa51830a,10097727
passed,push,17cc38177eaa907b72fe178e313146863ae8f603,10062532
errored,push,35180d35e95e383a4c5cddd0813cb04e9d7e26c3,10049387
errored,pull,1ac18a35cbc76a569078c2c39d28dd4614ff993d,10043993
passed,push,2322e7e76a56f3f8cd2017f7e786d2f4b65797dc,10041095
passed,push,a86fe38746d181d112ce088cd1b433909f08abb6,10040639
passed,push,e92ac5fbfe3baa6017a3417c7221172ba6e3be77,10035135
passed,push,ac9efc9e948edfc8b70c159215d362f667b86c3f,10013777
passed,push,5b63f84f7f826bd38beb6b7a1f93c72f2f422357,10003684
passed,push,7afd93d3e49572e880ab168bfa0f7a74d5ce7394,9997976
passed,push,62808eaae6db84f0fd5d010fa993739c9302a72c,9993007
passed,push,bd979e7cee70afd9718bf996a82ed8904954289b,9971798
errored,push,54302733945f8a6cd53ec7414d163ee55840686f,9970654
errored,push,161803a9e15b88e8fffa83aa48f3bb6311a4653a,9970616
passed,push,410ac374a826d98a23083a34f17725ec2ec4e963,9969195
passed,push,432a450ac691dc5d2ee4b6f936be81664a6778f7,9926952
passed,push,e9b942caa4d7a2bf327687a57afec6a639e67710,9909775
passed,push,8a4ab1f61fb3bb1a9a76a02e87d4667c022f1c91,9898932
errored,push,e4fcd31c259b1180a1092d060274cd31b2af9620,9884458
errored,push,dde34ddac29e25652b80e3a4df2c4f96442813ed,9848555
passed,push,783736d6ad930185dee959e1a3303138620e5987,9839493
errored,push,b2b4f64a904d5c7f538b89bf9adf12891cc07da8,9836668
errored,push,c3a45b6cd75e9ffc5851c184f483e3305beb4213,9836090
passed,push,da09cb034881b011d037cdc6a942f487384f0f59,9834504
passed,push,ff3613d686f09e3936cca4bf338b571adce2ce75,9823924
passed,push,1ea605cde2765a1c6aaf357c186286cde46fcd28,9822849
passed,push,2001a23791c1641efa9bf22517887b81c96a4b4d,9812877
errored,push,eb2d9258a0a3042488f0a42cc844e414afce156c,9795888
passed,push,69d6473036b01b3ec5121a2f7a0cdc9f5a27358c,9760229
errored,push,0919fc0a9ebf0d06a00bc1cdd51136d2b90a5a54,9751478
passed,push,457102582085a07a7b959b9d7da449fc57c81b65,9749660
errored,push,9ec676b8b17aba13ccb399d6deacf2af10ed1360,9746735
passed,push,3c2e72a557e985b433ac585ad9afa91ebee0656b,9725335
errored,push,7fb8e39d9223687a80688377740f691c28d36dc0,9725073
passed,push,d1b409a369b61309a69c4ddc58393eaff1b1ff8f,9657753
passed,push,23cee897343bfe1fc3c8f9a21f3260ada0f74a29,9640597
passed,push,191ac852d2b56256b863592e6950e524e1551056,9635597
passed,push,abee08eced13b25fe8a12a32883fb313710d0b31,9591905
passed,push,a081db3c286b213270be4347230831cbb321d98e,9591311
passed,push,86edca4b40a72e8363928ff84ae823e7bd736857,9585182
passed,push,c53aadbda92195d5d43a11abeb0fa4ca42ae3a4c,9583343
passed,push,7d61c49a0fad849d7e908472200ab86942cc9445,9583261
passed,push,94ee5e8562f489f8d7e9f964f3d06f2c8f4e733f,9583259
passed,push,0124bc47b274f084e5b3d007acc19ad623be0703,9583048
passed,pull,a1d28ec0855883f3258ceacd6086b57d928bd7c6,9582131
passed,push,f2e2b5d1bf965cf5ab94d20d2da3a1320ba34143,9582072
passed,pull,cc645ec38fd0e9bd310db973a781f636188c5ab6,9582044
passed,push,62c6db8a1167b6c50012fc8790db6c2478d8d2f6,9581951
passed,push,825cbdd01507517c9ef829ff69ed572c52f0a5b0,9579260
passed,push,2ac8b48dfeb2fa9310fba0adeb0f570c296ea39e,9569663
passed,push,e3b61deaca56c1e5d0aadb0b56743a81ec73d3c2,9567142
passed,push,722cbd15fbe7ec1723220dc12928a54193837150,9556617
passed,push,d897e9178302acc2ebaba55b9e6a60750219e732,9556591
passed,push,615db2133b9cfbfe9bf3a4e2f9fbc6a02ddd0da6,9547616
passed,push,7b622da6c02465626370fda1a08375005662b253,9546693
errored,push,9f4117c56a965df73bd2c803a80645744557a759,9542139
failed,push,83f7b49a1cb35a2ffa4142c4b95e694272e96085,9541634
errored,push,ecbb994dcd97e061387c48fb1d4a236cd83007fc,9539761
failed,push,9578cd842022c4fa003f7de7cb601344ab060de3,9529950
failed,push,d5093b24c7fcf8a6cbb65e686e902c9acc66d133,9528294
failed,push,f39f86f66c7255d4fa8f314a05f1a52b659d2661,9520477
errored,push,14dd080dd06baa90c6f59ccc1949528e1a3736b4,9520431
failed,push,8cc84ebf8ace14a8738e2b74506dc3b4033eeaff,9520305
failed,push,183f1946a9dd8897458d50e31850c8085f64738f,9502181
failed,push,34c089b860de1131e1fd132a1112738c84ff2f9a,9502056
failed,push,2fb7ca65086e73c7c4ac101b47f2b93073c793f8,9337313
failed,push,48baedb357c5667b3e572541db13e9fbb5f59d86,9337084
passed,push,99d399fc8ead5f7f5caa922963fcd369bb5c1e73,9334622
passed,push,203eb8be1d5b5a84f8aecdc78199def56a41a5b7,9332084
failed,push,883e86c511d595719e53f6fd537f72908ce58871,9331006
failed,push,32add9ff2cce17f7db0465d75b31d98a51852e47,9327255
passed,push,17d4a29eb0ce464303677bc0778d355454910020,9324512
passed,pull,5f26691868f2b5a1244b54b104114fbfeb8d9fb8,9320788
failed,pull,8fb90b15a1846dca073abe63aebad8586e03a40f,9320730
failed,push,a5c199c6e01358c6f1f1539ceb641e50b51d5450,9312813
failed,push,a15a252b0364c179fab4e5ce3d7d56c8cf3639f3,9276822
passed,push,e9eaabcb134a85cbecfa6e602355d4981f778814,9202894
passed,push,64eecb2a1b8384640373be86e48d31bac7b0d32a,9200541
failed,push,098f083d2efca85c1ec88914285922deaa52d935,9199417
failed,push,52a6248ed47f393f592b8ebf619e3de79019f7af,9166456
passed,push,4966500e97487052d7740587ebdefcb504f5e257,9050053
passed,push,a9c5ce2a5e72d4e83b034db7aaa84203c948e037,9013737
passed,push,b0a643359d775e326ab104959302c441ab9d686f,8994701
failed,push,bfab628d00fdbfe2c7f00980ce15a788502d2bef,8985789
passed,push,879a6ca2a75c85b94d2ac9fa94ea9095579d9e89,8953076
passed,pull,2878846741cb120a96b1da4497b629626ab085e6,8951741
passed,push,4d9620c718fce0af8b5ee86214fa974733766c52,8872649
failed,push,e481d31961d66fdc8b243ad2d0052e812744a11f,8828243
failed,push,abb6bcbf9d276d45724eaf39346c411b679abf94,8802873
failed,push,c313cf2ee9e189c3f8e3de9b37e7d5031ea55c2a,8667297
failed,pull,e7732ae8f8d2736769dcf4fdff24ec7a05f87246,8667245
failed,push,c6d366b29e0697c5bc6b7dd4bacbbd9076b1f6d2,8667120
failed,pull,4d727ffa40e40ef30cc4a7798199315a2e73ab05,8666955
failed,push,ea5dbef27ef23660735bf5b00b685f351b913a02,8665487
failed,pull,e05f2719f9f9a00acc9397b5f2bb9829d2ea4f0e,8664573
passed,push,e49b779e6d4e0f8e457b26baacbeb782d120d7be,8585550
passed,push,27ef60633880c4f1ebe0ddc5317d92c7341f2182,8585398
passed,push,f94de3c29adcc37c09eeeadc068d99f21e85ddb4,8571449
failed,push,8fc9048b51830d20d8e8bb08685dd37140ed0a4e,8149405
failed,push,f9198e2bf7835490a32bc74b01440a39e0666046,8146706
failed,push,839b4bd0761c168068028d89edcdfa7650bd152f,8146070
passed,push,906c32aff42a98a252ccea0cfacb13147ab00120,8144971
failed,pull,40452f0cf61c0fc4a51f853d27e9def7d7c4b92c,8111712
failed,pull,e152aef68c86f4317c1a241655d8498f83255901,264610268
errored,pull,0a6bc510d21b0b412a4074bf7c1b11e5e50e2c2a,264610122
