Status,Type,Commit,ID
passed,pull,abe6b4be1793566c380ea66d14c83c88cf3e6a94,64129815
failed,push,880e0c63c4ba12ac3f26b088f43e618d7a7cc4cb,32267992
passed,push,91f21b1d4bb761f60e5b60794a58d837da3c3e55,29474403
passed,push,7f72eabbb92f341cfc7e22a742981b29b9a33818,28013956
passed,push,c7010707092c836931a4c57b8868ef0b7b73423a,27550753
passed,push,ffc9057b6afaf7fbb676d834ed178e9c8b07d377,27550585
failed,push,097b611143a2c4120de21e4c3f1dc03ee5a6aaee,27550513
errored,push,f10a9e0958c294cc538fa9d80058ede949c1583b,27550433
errored,push,a56cdfed66e6e35d2692c560ee56ee4927a81d1c,27550379
errored,push,81df52463960c4db8478f66edcfb309ac4e694ba,27550304
passed,push,8e489bc15317e9385544a00baeb2c452a5a2aa1d,26540839
passed,push,2d04dd06e54cc87aab855c90eac151118b53d947,26532835
failed,push,54e5405e109cc23f6ca0b10584f8955e7769ca5f,26532418
failed,push,3298af10c24aa508bd0b6cdd64cb88d7f89147d6,26531347
failed,push,d31c8f095b0606ee4fb3805159311f9880758fcc,26530328
failed,push,af0344b0d9fb154bd317360b24d151b54eb08a46,26489808
failed,push,a4ea26c0f1fc4e61c8c2904d2e745a4c75800497,26489727
failed,push,e9a1cb23d19fa38db342aaf88edef8d1600a1c32,26489604
failed,push,21c83f23c780c85dac1bf2fa708c10c108cb56e2,26489602
failed,push,21c83f23c780c85dac1bf2fa708c10c108cb56e2,26489600
failed,push,8333a1804a2ad018af3bc16f814570ea93efec49,26442532
failed,push,c8af027653c6d60b1117fcac2101c571447562e6,26442281
passed,push,0caca46ccb14a6a5243870b4d3e316aba8d4563e,26357579
passed,push,e7d7df235b0513d75199aef3d62d146a418149bd,26316205
passed,push,4e3d731c9416e45e96a169c834a07a51e12ab962,26315851
passed,push,f1d9d3a99257e63828fd804d08a992ab7fcfc6e8,26282010
errored,push,5a129ec836b727f9e85ff31231e72a51f26036b0,26281805
errored,push,9b30959b9b1cd8ae1a7f925440fd186679484599,26280355
