Status,Type,Commit,ID
errored,pull,e0bfe61fc4f90b62081aa06e4635e6fcceab69e5,213495672
errored,pull,edcb7b7b8e5e46c51d3f419763dd190bc95bafc3,121904815
errored,pull,ca1cf10454ab64872c1474590622bfed86debd2c,121904299
errored,pull,86e41f151a375518a0bb34f5927708be6a241aa1,121904161
passed,push,598553c69c474634a1d4041a39f015f0b4c33a6d,46453222
passed,pull,bad547c44ea076d0482ac597a1e6d226d8ed6817,46452384
passed,push,c9742d3e8e19ffdd0053184e81b1038f25cf6f95,46194640
passed,pull,b133b9433c260ccc48117b2f7fc16fd70501954b,46193239
passed,push,ce9e559138b3690e38ae87b21795b6f6d44dc275,28422424
passed,push,5c2113a358946aefdc47d11148f2a1d42b742d06,28420916
passed,push,9e3f3074cc101f4fc699504985edf3c59f05f6d3,28420909
passed,push,9e3f3074cc101f4fc699504985edf3c59f05f6d3,28420888
passed,push,bc684e0b81d8173ddcb794b72adde65cc8b25ae3,28419249
passed,push,c482e495118cdc47e984bcf0a1c4622936c8fd7c,28419243
passed,push,c482e495118cdc47e984bcf0a1c4622936c8fd7c,28419229
passed,push,737fa348177c8423857efef611cbeaf09863f640,28416118
passed,push,2befa2432d1e45802e841053d4d432b68f52c61a,26375092
passed,push,665d367cd5f13aefb14cb6cbd3563c5792aca259,26284419
passed,push,13a839aae0c33533b4e494f1f68f3bd00d230285,26227098
passed,push,25a5734fc8575563b2a28fd5252882a6cbd84aab,26225480
errored,push,2c3eb6f5356dbf065c6b2ebf8f0fcb0958e3eb50,26223824
errored,push,2c3eb6f5356dbf065c6b2ebf8f0fcb0958e3eb50,26223822
