Status,Type,Commit,ID
passed,pull,b85132a9586a56e11386d59a90e2f738e0293ec6,291159221
passed,pull,ef533ff373ee01eba0eb665eaa33262b1d70b3fa,291029435
passed,pull,daf6f75414e7ee078794dd87e4cbecaa33fb6861,291025360
passed,pull,cd9d3a2660453b601c532d201d5035940089f22a,289765855
passed,pull,3f661ca0ffbece8f0b74238fa00f8f7552b80a44,288257272
passed,pull,8fc3db10c8e4228790b68a9e03c381c827825fc0,287808795
passed,push,9bbb62adc083fe1938e4c1bc6eb698b258631563,285239284
passed,push,81986fb0f0ea4fd4e32feb45b7a078b6b80edde9,285239201
passed,push,81986fb0f0ea4fd4e32feb45b7a078b6b80edde9,285238821
passed,push,f36a5b6d4d57ddc786e82837d6142a25c3f0b6c9,285170089
canceled,push,a2338328ec2532cf731cc18588f005d108987305,285170050
passed,push,e81410d36eddf7053fcd85254cf31414d625fe5b,285115043
canceled,push,ae99fbed39184a2c637f64af6d0ad6c8e620e2c8,285114784
canceled,push,c5620d84f1e66c12cbcb68dc829b9d235b3240ba,285114586
canceled,push,c3d452ad702ee5230609033893261bb1c745ac9a,285114471
passed,push,b2cc2a23748522871bfd04110823e79f5c86ee47,282332710
passed,pull,774453407519f2753f46be5370d4bd78ac2a1d8b,279524747
passed,pull,f704a0fbc496a62f210e56bd0ad04eae561b67b5,276674699
failed,pull,cc4c2855a453f2d90ddae889e3e716d5f91a3116,273893117
passed,pull,432de34cc3dd977dce39cc34edb719ead12c2974,273890668
failed,pull,acdb6d1ca03c3cbc52f25be83ae8747a2e38628c,273864505
passed,pull,58c1c8d59452b28b574baebd24ac14d4a5dcb5fe,273565281
failed,pull,0b5560c81a83e52b23a70bbd93f1a16da688395f,273538837
passed,push,51245b040507a81d51c39ae20f35cb3c11c70497,272147612
passed,push,e846655b3787d58e643da19619f71a2d4ceb41e1,272147381
passed,pull,f57e16a73a344094b84f4c6241300a997a66eb07,272144750
passed,pull,077093bb6091f2e6ac49659282eda6f958f19aff,272143792
passed,pull,fb646a495c1a3ff6bfe10c7375f34324e68fd9c9,270677249
passed,pull,0985c56b4f2bd68e12bfbd632fd264f4b6197a48,270637885
passed,push,c0c7529d1432d7d73a7a6aafad882415fc7e74b6,269784754
failed,pull,a4a9ed99af4b9517a1efa57964d263761f9652ca,269065193
failed,pull,12a4be6c8ce3dc19e7379a7af5877595970a9c55,269063793
failed,pull,4e55fc41412893b7716d32dea3ec1e092147cf4d,268956002
failed,push,01e7387e73fd928a6b29bbab7c5114bcab1f36ce,268924789
failed,push,646a23ee881e1eaa41bb0b04a461259d2df783ae,268924553
failed,push,326db17d80ecd3d0b3786886b72e3c38dc6d2f06,268924502
passed,pull,28fc7434c004f75d19775111beeb8f975e56e979,268235332
passed,pull,9e85fc34888fe3b051b4b44cec567f6e4435e14f,266101245
passed,pull,992f5366c03257cd9c7c4bca576e72d5931643a9,265809489
passed,pull,a8e9b1d80696cd3ad33e9caecef6738fab0074ec,265808045
passed,pull,0341117484af80567378f831fba327eef1c0c46a,265806224
passed,pull,98f5c1ae37133ee945ca0b281939cce2cf17fc58,264600059
passed,push,9a6f5a76838f210a00dc05ec055f9e03abed09de,264427211
passed,pull,1da151f304feeba70e013f33601cb99ca24bb9b6,261452939
passed,pull,0917eca085a5f11a2065b8cb9a521b47b03d3662,261448708
passed,pull,458cf32e76e410b655b19f2402796b1b339b821d,261270371
passed,push,e2ba35b4bc88f9cafefb60f0b6b4af726cdc5424,261239543
passed,push,e5f51da5b406e076fd92aae9873e2e277d2ea5c6,261239532
passed,push,bfe2bb9d06adabf4b2bcfae2b308a1096c689c1a,261238009
passed,push,9ffdf6c4e6a89f2469775112fa8abcd74a08170b,260799805
passed,push,1470db8d4b57333801cc63e4730b0761fa59e210,260786586
passed,pull,4b2940c2c6684690c5e25b13fefd771503f43bb3,260786583
errored,pull,d9560072ecfb0aa8a09c091183f0a4d61882c908,260406082
errored,push,cd85296c891b113841a6562de2fba862eb90da48,260406078
errored,pull,c5e1969de4b67f15ea635572a9d54eb83d196fd4,260399278
errored,push,dd083d46c9c9a80bdd18797dd46e4b4c45dcb78d,260399272
errored,pull,2e232cfd6dd1633c01d68cd170ae711be21a64ed,260357630
errored,push,9b690be68aa396fbdb0f25b712df81fd88a2e656,260357575
errored,push,eb04a20318ce90a0ca33c3a2508d77b4e68d75d0,260357363
errored,push,6157f09c09171c1801c7d5942cd023a95bcef938,260348539
errored,pull,73a54ed5086802caf765d0828d01bb2801a42c06,260348267
errored,push,61c27c5f5693e4c9d0208530c6daf4439f8701f6,260348199
errored,push,f99f8565799a47c9edd499bc202e6eba12fe3238,260332968
errored,push,f31c12674339c767043523b1766b510335248d35,260332716
errored,push,f27f970d3253ee133232368a203c83a74ada618c,260332588
errored,pull,fa36178d6eaa52fa57b9eade3b6934d10d62985e,260332289
errored,pull,818d869fc1a04c2a35012840728e91476a403610,257250807
errored,pull,5ddb492904f758a6d1fe6f7ec7e062a75f9046b1,255866524
passed,pull,ea483fab870cd10dd9117ed7f69835571137616f,252302590
passed,pull,7026415ff2d43b07bd200ef5f5b4d43bc23c5edd,248776437
passed,pull,a63d2d478b00ada660740e07a17c7876937f3541,248765899
passed,push,f68fc126842647264b0a3afdeaf7442af81fb1af,246100112
passed,push,9833b1174b629b5a8956e93e04a88468c95081de,246099724
passed,push,f68fc126842647264b0a3afdeaf7442af81fb1af,246099660
passed,push,5e36eea72eb7bec97f8bbb9116530b3b9520f7ec,246095046
passed,pull,b84eb48608606933b5b756b148f7f76ef4b3ad5b,246090448
passed,push,db457cc6fd6c671dea6a87c15b463b15a4f0a324,246090431
canceled,pull,e31aeef1a145be3c5d9b47b600243369e3c4e1d8,246088688
errored,push,26030ea83a8252a512a30207ef4f34d53296da31,246088677
canceled,pull,8e05aa3769d4323f506a0d779c75e761be09b0f9,246087510
canceled,push,1b502df9afad7ab6604249f9521e42eafaaaa019,246087503
canceled,pull,4558d663a80085dd3d03b293d55236db7bee311c,246085162
canceled,push,cae455ef2f101b73f20f7ff7299359b00baee78f,246085150
errored,pull,1c42dd771ed16c38d890e9c704a27c3958fdf221,246081642
errored,push,ced3b9266bc0284b779f2b696fd00f6db7a21c8d,246081610
canceled,push,e9e00d1c271747219bb22427e86ce8d163a47f0f,235102289
passed,pull,96f18e097c869644437958c1a88942032e19d0e9,235028285
passed,push,8c1d687775a270374bc1d22ce354e7f118c60968,233742973
passed,push,8c1d687775a270374bc1d22ce354e7f118c60968,233720355
passed,push,a2fe2b8ebd6da447d9d2fd242d16f374cea86be0,233715509
passed,pull,9e336133a58daf54a9744262d37f4b7364e8c126,233704170
passed,push,267a0c538c52d9b37ebae27d17e7cf7b38e3971c,233704070
passed,push,b52d2fe05069b487e7d7b221db9a781694274ff5,233703712
passed,push,fe0780aad54b0f4c43d2ea7160409d55345f9e11,233700238
passed,push,f63124cf50d8535ced6db1070026d0eef71b9a1b,233700132
passed,push,f32ac05cf0ea61900d0f50766df63fd488d4f645,233699964
passed,push,6421872940329129319bb3da09a76519a7b6bf3b,233699802
passed,pull,da3536289bb226bab747544b9635dc6571125a28,228471217
passed,pull,d7ccee904a528002e89aaad6f945178b8b57cb5b,228443064
passed,pull,ff1e972e18be6f6956531e73d819f13d27fa72d8,222233292
passed,pull,035dcdc0ba4d4dc4537754f627ea91377d1c3bb2,222178793
passed,push,046de3be043a06462fcf59220778e24fd8a6c07a,218263001
passed,pull,1daf85e56c895cf648811ebe93aee19ca2879cc0,218257311
failed,pull,16645247980b27e3cb27310a8b1f81ec7a4a8723,218252140
passed,push,e3766561261cecadd5eba9cc13cb23c8e1bf0f52,213232600
passed,pull,b84e251f527ddeea3c2dfc206e27544ccf6aade9,211406758
passed,push,ff12c31cd42029dbfaf6f018a315260e44e97466,200247024
passed,pull,3771c5bf7954ba26d4230ab1b170ce3dadce8c0a,200173070
passed,push,a8c5ec63bb689a507531c274924186742d8b664e,200154368
passed,pull,7b162386fe124141e5321f274aeb1c936d778c06,199776563
passed,push,99af51555993360fdf0ef45463c2eef4954e98b1,198585544
passed,pull,fafbad99093e089c3f799cdda95b263f8158c38e,198529511
passed,push,00277306d778d754564457701ec214cb3fb6de3b,196667057
passed,push,7981fa8a52f0e84999246a7113259a920fd30368,190861542
passed,push,fbfb15fe0ccfd59a89bd309dbf4471704775f474,190860315
failed,push,00d43f24bd39bdf4aaf6540824f23803c4088078,190860306
passed,push,6498ab417f7db5b4b557e68df6dacfc3343a6e8c,190678751
passed,pull,5c0520c4757f9228789616a3a87d531057127d34,190597898
passed,push,261c8b1280e78957c69f00fedda9c72628470566,189740651
passed,pull,dc4e7efd771c763a9a88a3ce39c0d5417a29853d,189738665
passed,push,48479d1f7afd608c5701cd705acd794cd7949e40,189738650
passed,push,d6985fd033055d453c63027f4d0efcbf169961fd,189676279
passed,push,135a043fe078bffb54c6431b9fbb4539195c8398,189661882
passed,pull,241ee8327bd9cfff2dded2fffe9b0b439a0212fd,189661887
canceled,pull,f3e9f710fac2ac6e42c72ebed31ce1dd99682949,189658763
failed,push,75003dc863c453b31338a9984b3e6b4919d02c7d,189658729
passed,push,594a29a303a55a526bf63adbfef14cbb77bc4bc0,189589902
passed,push,adbb595b5d201df71c822a04321ccabd4fcaef67,189581524
passed,pull,2f6cd78bec8dc9d285f672aa8573fc4f9557879f,189430587
passed,push,d646a56e7037c6d5ce56e8cd96a0bdbd664da3d8,189430573
passed,push,9637c1d23535953755c931d5157b22b38c9ba70b,189382545
passed,push,1f19fac979785986740c46e96901ee91bb6028c8,189370618
passed,push,c8905bf2faa53fcfe0307522bfeb9d3d3277370b,189366892
passed,pull,5b1fd52024a915fa64f8c566c5ec3379375c8435,189366885
passed,push,7defc4ec207ba096106d0fe4c4c20d6d0af3a521,189354330
passed,pull,521d5f06fa72160e4d4742854a0f51db34f7525c,189351197
passed,push,27e3d90eba05fddaa01951112c06a9e1ed4f649e,189351178
passed,push,de738f7a49985e1a8c00274d6a407332f9ac1c83,189342521
passed,push,42557128d56da563126003180fd8b8e8978ec818,189342191
passed,pull,208bc87ee2644b9c3fa14bf97341f8ac688cd853,189313470
passed,push,ba7d55fd737f7192a4bd4c55696a6247f4333559,189313456
failed,pull,29083eedb0846a00b21dab9216a15dfc35e8e540,189296470
failed,push,74f3ee7843400d34cd82aa85eedd9878050aaefa,189296456
passed,pull,d75529857d18ac5920aa998cdf38c31fee44fecf,189290227
passed,push,7136b0a7fefab2c66f1ca4f6a760f362d3143a47,189290216
passed,pull,04c82251f27903d542181f4486fbd0cec65037b2,189289796
passed,push,b8b0320c346cadb92396430cee587de2ad8f92a0,189289789
passed,push,bf86da479f618bc0696a3f95794d036d5fe297d8,189287807
passed,pull,d3eba48d1f86e5cdbf7e3d5d41c3dfb95d33765b,189287798
failed,pull,bd98eb77d1fcba9dac34e1b75101e4ccd8a33383,189282274
failed,push,c7c1a34a3ba3a30d4c11099006119228facc2ef7,189282235
passed,pull,61cf681862b255e213db7250fbdfb2eb713e92a9,187871486
passed,push,dd70cf57f838907ef2dfb8372c6d9424fe66e9dd,187854002
passed,pull,d8d2b597a44ffe7c0f69ec2a438b262a242c2bf5,187676585
passed,pull,89e2f54919b131870753809790c5f3daa1ac9d87,187334946
passed,push,fe04c87d6254d455fb9c4cde99c814baeb55caa5,179122952
passed,pull,40665c0a7c1f9a80521be6edcb7016e3427ac8b4,178977364
errored,pull,895ff67fa2d4729a76c5f4aeced056a8a5dc4b5b,178976432
passed,push,e2d9f2e077450d2a0360074d4eb4a12a32d7e5b1,174307519
passed,push,b1873e77d19e1c7d0efed71ec329f8de97f1f8d9,173389982
failed,push,ec6de229f86abe809674c083ef852022aa8e71f6,173375590
passed,push,1284ccf0901a2e5a1fb69e72d033e0021550e0b9,173375554
passed,push,afb6561bc0b725adbc32961c594253a172fd3df5,173374514
passed,pull,6f291c1ffc76286ccb0e49624b21e8fc285081c2,173368934
passed,push,63c6776d5a4ed504df11aa9d44e701498310692e,173368913
passed,pull,8be7bc547b4db9f3048f8bbdf2c3dd2e36c627a9,173368728
passed,push,97dc3557d318865abdc7d973c3d02cd981c0054e,173368517
passed,push,71c052cee5c6a038ff46889384726f2f408d4662,173366623
passed,push,26d4be072daf2c7a81815a14a77f79eee466ea7c,173366473
errored,push,f2c21d430ee4c99a0be9a36a9a23619e71818952,173365937
failed,push,f2c21d430ee4c99a0be9a36a9a23619e71818952,173365921
passed,push,eed1ac04b40040efb1fd5ec3ac782898401db45e,173364009
passed,push,05e6ece14bca166f266888b0c5b106755580c3f9,172064971
passed,push,8df0b6ccee1a58958cb3b8724a25a0640b2c547b,172058504
passed,push,b3849b5db446917950f20ff39645cb8fd4f2a9a6,172051475
passed,push,bb217ef9b1c06da6b704762afab681d5fb09b149,171491077
passed,pull,1835dbc97ba22c902bd839ba10145711c36201b5,171486234
passed,pull,de5df93ea3c508d0aedfe91f09c551474dbd8e01,168383694
passed,push,c2b5b1d22ec8f45e2d89f8538b952d166a703cf4,168383573
passed,push,3c84167b3c5119312145ca02138d1fe129d2e011,167734684
passed,pull,06ac5f2850ba4ae2a37c7b3e581fa2f457528956,167274639
passed,pull,6315816d05c79541c5a0f8290e7349b202d84f6d,167082721
passed,pull,9aff6af8261160954d76e0deb8cd5810852b53d9,166764318
passed,pull,8c538707a2da142eb882f36a9590203a712154f1,166746001
passed,push,c591bfde13a208be7838a628e924b65b651e045c,165697099
passed,pull,d98b29aab52cb6c4025ec8819a6b6e9e8c696097,165690453
passed,push,67bc78ba80eab81a7ae55910edc66570af0db555,165690406
failed,pull,92d16335c01a84bcc0c38f17deaf3616c82ed99e,165510489
passed,push,032031086261839146515e4970a05a14b82f39b2,165073107
passed,push,de7c868ce814b2a83f16b8248e1a1d83226c4698,165010431
passed,push,36206d2bbf637dfdde0c09df3161ac9d30dc0b85,165008624
errored,push,d63171dd6b6d62992fae7f3a57466ee26978439a,165007091
passed,push,fa065ae77055d840cbfbdc0738c6afac0bd1e8f2,165003361
failed,push,730d1ddc6f5aa5eb4f44aad047bbf07531335b47,164994066
passed,push,de99a9e2c81a0902ea1ae77b614501d6470f6d09,164989718
passed,pull,1f4b491c9f5b92e5147759b519fed08c81f0fc2d,164896919
passed,pull,6fcb39565a42561dce5386fbbaf2eec27e57d361,164895947
passed,push,e659fee757f79731086b3cef3c9af5873c0682dc,164757821
passed,push,a2d117f681cc0824b6899b05e8f28cf1f62924ca,164704610
passed,pull,c15514669f81e9eafa0630ee9b15ef19cbadd1e2,164410759
passed,pull,86ae9889a782fe55171fa60ac91ddd34bfb787ea,164388247
passed,push,d573dc006e4b00be2fa1bfc533ea1cf5bb72aea5,164375759
passed,push,33bc8305388c4576a4c9ab84b140298c1f34e28d,164375372
passed,pull,bf44db4cc8c18fef1a4c3fa5782eb5647a0a33a9,164343523
passed,pull,304fa15968ef240729bf98dffe25cb9686f303b0,164316591
passed,push,0c9e83c5f1eee1a44ed800b190eda364d384e86a,164135059
passed,push,b11a0bcb1ccdaa9154e377335b00537eb0648317,164134679
passed,push,7004c2592563afcbaa8ad8fd38a83e3a12803866,164134602
passed,push,4a4ecd1303855e30421aa1418ceea6a0c8549e01,164131919
passed,pull,5b650357615a368754b407ade24ae8b2b68ae14e,164091376
failed,pull,4aed7d3f1d7c39b7f606bb22bdf9d12a8d6d430d,164090225
passed,push,bcec0895fc6814221bd80bb7bf260e3078ec223f,164076013
passed,pull,833a51455addb35d1f0489efadd75013ae4c7b85,163607873
passed,push,46a8a3f8b8c2ec7b403b357020bbfa5cbd0c3912,163378000
passed,pull,8444c0672112b4e4267d436834e28f6f4710435b,163032073
passed,push,fc8d7cf1f56f5410b820b57b85567bc3569a99c2,162953940
passed,push,70201f8ba3a8507b992e4547ad6632634e6fc3ee,162952992
passed,push,f62b42fc3b88a87bea7cfc8e3f6a65a512720c10,162952058
passed,pull,fd4421cb4de906f3950ca5c382b2b01e51fc68db,162951317
passed,push,bc78f551370defe586d7f96b11b8b782f63af302,162924377
passed,pull,b8979672f7d103546096f6793fa250f667f2aab0,162912394
passed,push,c789d4fa489c0d45f58e27209ef0f54799a96768,162911785
passed,pull,dbd477d23e91eceac6ba8368f068790c3a051807,162909285
failed,pull,b42983705ac5cb6d7f9cc9e07cd808472f494f0f,162908161
passed,push,66a2623600be5d8a0ec00b806021bc60b6562c41,162880163
passed,push,c401924c3880db14a7b964237cd84522ccca6f31,162879987
passed,pull,cfb1087eba25c0d7eb3d969be13d858b29c13d65,162404060
passed,push,4821a1dba2c2c20d956e2358a39edba8fd36dec9,162310592
passed,pull,a6afeb3e9c2954a8ee37fac83494ec73135f0236,162307968
errored,pull,b059d431702ee2ea877c78896ccd35756278878c,162307856
errored,pull,401f6af59a92a156f0ee8b4fae386abdbceb00f3,162306661
passed,pull,ac6590057db5ae41f772e0bc82c726b7a0193737,162277286
passed,pull,320551c11dec79fe923c202fa084223aaab57d9d,162277189
passed,pull,f97e0dae8173347d7110ce38e388ba8c336a55ca,162276037
passed,pull,e02c50119b9dc0df3770f0c7b392ad5c67c9bd49,162274003
passed,push,0230efd34ec8486ab786ea7bdc499ce9fb088f9d,161994831
passed,push,e44abd49085df16baebed85aead73d6e39aa37fd,161993141
passed,push,0668c40bd8fde77de083f8394b1e3437edff3939,161970583
passed,pull,bc2caae682e1a95148b85b0eed67815ad3f24293,161970418
passed,pull,b3458e3ac35fa576d69801122d347e6a0bcd8006,161968003
passed,pull,f5458a97a9c3a099500394144ff6131e62c7c350,161967195
passed,push,ac1b4d22675b90b4da9a1778c4a8279e2dc40dfd,161952985
passed,push,eb8fd076cf29f0a21dd76917587c0c7f5f6c8ede,161950901
passed,push,24672eb0cabb274269195def4785eb8d3502cb73,161950348
passed,push,40cd628566d930c51cb420f7fecb3ca71714d4c1,161948800
passed,push,e65c380e646ea7651a241bf7a76398b9e1982579,161935953
passed,pull,e4cd85a2fc1123fdd07f691a261b4878dbc108a1,161869596
passed,push,21d68009e6b218a8902399a9bbd33f362c78537d,155029619
passed,pull,69b28623eed33b798ec61384e107187643fe798c,154567860
passed,push,26f8bdeb9897a0c25245280775c58343db38e0f1,144143043
passed,push,8324437e1403a8457cbf817891c09c1166588ff9,144141937
passed,pull,f9f09bdda3ec432836c6b696e971c0ec964db9cc,144131284
passed,pull,d66dd6246a0c098c2ab7cc9ac9a61a3dfc2756aa,144103177
failed,pull,f4083b23fbb86526a80abcfeaca3227afcaa26c3,143221314
passed,push,d57b0ee8d52b9e6ddca74794d7143c6c42c4919d,143219739
passed,pull,26a7785d8736eb0adf27f7714ec6c208c517d234,143219243
passed,push,7da337bd8af09d6b646341276f04b519532f0055,143215001
passed,pull,68a8ad44ed7e133875c2e3ccd1b59e09bf7aac33,143214084
passed,push,8961fb1f158ab0db91a1b2d3f404fdcf3472609b,143213661
passed,push,6b7e74f6efe09658c968cfea5838e5468b2141f6,143213582
passed,push,a6c0359af2c15cb24cbae488e42b26cbb1e81707,143213539
passed,pull,8b509308cdfb1bf64d3d157a26fdb42c9318f986,143213046
passed,push,947ef7183f8d8c534690ce00f58e94da631c6493,142781378
passed,pull,08647af018fa9861e597893b2a12d8ab7b7ccab3,142775644
passed,push,c30fe3e48c6b714d48620e7c8ce12438d43f544b,142774515
failed,pull,9c4fe3d224f39e93dc1b46c4fb5038b86f6f4d09,142328165
passed,pull,74e496f168c8a23612f6a0ca72a73dd3bc4136e4,142204684
passed,pull,c97354401bb71471961421da9a3a00ab56c750a7,142203144
passed,pull,5b52259cab94603e466c4a20f0f280e90982667c,141665385
passed,push,cc16b8f2c8961b36d67302eb5cb587dcd1b5ad86,141662457
failed,pull,388b696d7cf56ec54ef3c9d2b162c377588aa2f6,141636119
passed,push,ba561b85fb01faa6cd5855f30b1b8c0d127218b9,141628694
passed,pull,54b6dc35274c2fe79a231b0a3b3262611d0dda8f,141166994
passed,pull,e86cb1ecd78f37a73ff497946d9c1dedaf7c3538,140842552
passed,pull,506cd8284a509aacefffa08fb81650ed9677fc94,140838184
passed,pull,0adfcabece279f6732d4277eb9fa046145cc107c,140645519
passed,push,ac2a97217a5ab9414c1bbff372c2035cced4eba5,139748014
passed,pull,eb51654d8c4ad3f66c28c954b294e42f6545d179,139690961
passed,pull,14cdfe9f9d5b3890bfb22f42a7f3fc1ec715ee0a,139674557
passed,push,44848544c11e3705ee6b208d844a067ffb535012,139584580
passed,pull,9f97e78d32a89c23b4852a77e9adf613fce9f38a,139557588
passed,push,d36de443c9004ac1eb34f00ceb51c46eeaeafb0e,139498057
failed,pull,a2b1fd4e840295d2ae28f3efe0d6be5f9b26dc2a,139497070
passed,push,ecabeace781e6cf20e23990447f01d37e23aa485,139496070
passed,pull,b0479a9cf865611b121e5c4d48dbbc9a3ba30940,139495957
passed,pull,d24d5e046f05f5c3eb67d3470e2fb64ec4d880f1,139492771
passed,pull,cc79a83a5fc987b71e84db4db4794f1200e97c12,139489803
passed,push,660406815ed0b58055696df445e62cf2a7db9953,139489723
passed,pull,0ca64999b65cb092a338b43638051ded423095a8,139487012
passed,push,ab357954cabe4742231d369ffd32c5e399d1064f,139485870
passed,push,24304a570cf33f33f7d961d7b04210257a5b06a1,139463035
passed,pull,8ecb004e36cc914b134fbe95974dd70977f97681,139417662
passed,pull,97a7366f8504e2f6b4fa12630f7dff455115b517,139416460
passed,push,7ee70d123f1e65e04e348a1222f89c1532a64c42,139183046
passed,push,c58658d6bc4871436ef17f5ca2302c07e5b02d4f,139181866
passed,push,60258bcadfd7676f2f9b5d72622d5a68c1d257c2,139181515
passed,pull,7fd535d6203e0de2599fddad9b7ea7edf9732146,137346885
passed,pull,c760c7876106062073b81002b621b8e4b56b9985,137334489
failed,pull,bdb824f15a36633a59f1abb032b1495e35081af3,137325226
passed,pull,dc430046e1ffa6f998ff6f101b12ec407c74919e,136646310
passed,pull,2e1cd1cc88b6681ced7d47ed174891b225c46482,135551605
passed,pull,60c91d87249f6a203c66348a35da52c44caec5ad,135551551
passed,pull,b795f011f41543357615ebc9aa40c71112eaf3d6,133042724
passed,pull,202e4638df82c44d27f4ed73459ae0ad593ebb1e,132938431
passed,pull,0870f8e762cff1c2110b9d41343bee4acbf7b781,130778425
failed,pull,98466b28fc890341e424d25dfb017d41ea718270,117347834
passed,pull,91cad80a715435215c9b4e792942788a58f64f80,116677550
passed,push,118288600bef15c4557cae901e73af3f14c80f7e,114977773
passed,pull,c76eb38e7a5c5fed3407590369ef1fcf8faa1c60,107049970
passed,pull,251b17f079c45985e1d1deaaf7f0b563f9c3dd00,106462161
passed,pull,82d0372f1e49aaa808a8a5b84641212b1ab50229,101250556
passed,pull,af6a0daf6ef522720d453fc22e4074d8c6e3aaed,97332190
passed,pull,da630ae24bd90d0757d4f8b14f6b96e29e4c4e9e,96440547
passed,push,9527b5dbbfeec61ab17855894ca4929365bc8e2a,91311843
passed,pull,7dd3a112b05448bbb956db839523a0532bac9150,91162218
passed,pull,dbfa050cec97da6157a2f2c7c825937f13422db4,91159174
passed,push,71212285520b0eefef0b1e147a7bd791c15d26e3,89092533
errored,pull,030203e7ae16576fd58cc5c53d689e3768685989,88992611
passed,push,ad53258554e9fe9c0eef2a5bbe62ab70a97f34f5,88437063
passed,pull,c8fc72ebdcfc16aaf80c5b21148eb770b44b1f72,87924206
passed,push,1d91c24155411de1bf321433c52e30281dfe9115,87513503
passed,pull,075b12005f0bdb8421d8158fb06d689dd43d6853,87512229
passed,push,7184596be77de836067736488f5f9286f50b7d80,87511237
passed,push,468588ff98b833dffcd23ad464c115c20c610689,87509851
passed,push,d3375c0fcd13b79d6ab7a8d45efca1ccd5bdce6b,87509773
passed,push,619aa1fe7ed89efb0c17d6d7fa6e66d76ed45805,87509445
failed,pull,2964e78353d3f401c7e47906c91a207d2ba0b69f,87488740
passed,pull,ced4959374c1595df8a9bdbbdc0b0bc4e9e18cb5,87476680
passed,pull,e49c8457d0f54602ef4a29d3724a3f629f4ba889,87475187
passed,pull,98be103a43b710a7d93ad14e505101c6b3248f2b,87416236
passed,pull,32ca55840fafdc1d12942bdd9532be250515619d,87414612
passed,push,46a369e75c9dfa789a94da6deca0a819181ae59d,85686971
passed,push,9e4ee869d79b846c9db108cc66ffd66b0fa17fa6,85685917
passed,push,8c3246c3f8de281d2f18fe0b9ae6294b0f160634,85685593
passed,push,fdb37c7ea5050243efa2da3d642b5ecc948a9f7a,85685098
passed,push,b17609c0b36c37c010e7a8599bd7b930de9f1af6,83475364
passed,push,0e701a8bef6e0e64263a7a6b3399e1c19e32d8e3,83474759
passed,push,86f6a60414cd9d632ed170d592c89d03c2fceec0,83292806
passed,pull,15ebceb38db350c7a64c46283f692e08a7b5c022,83268224
passed,pull,42472a3a8a51643558ed35b40650b3bc29035217,81756840
passed,pull,092f85517adea04ce24334bc9f53486f759a7dc9,81732377
passed,push,754c670682994e9906e577b9a2521e3cfb70b2e1,80483959
passed,pull,84b2735008fff2b1a5fdbaf5d1689bad8bf4e998,80249151
passed,pull,9bd6f82a0db2775db3afafceede8fab69a4ce877,79860354
passed,push,084b11ddbe49de42825b54fbee6d4b00ff3066df,73974601
passed,push,70a84beb468ba47060935f17877ae22228db3741,73974481
passed,push,769d691bf5aa97f4f68788f5cd0672569f4960a4,73959670
passed,push,3ee51f9b4db5ecfe56d75e7bd963c3d40c8112b8,73959504
passed,push,3bd593eecdd223f0118a45182ba39fbbb067ca37,73231183
passed,push,aff394efab75db2eeef9a81a1ab0808f0bb123c2,73230246
passed,push,4d8027e7d1b71be7927e9f148eb994bb14f4a90c,73230009
passed,push,6a9c57ad2531196495ea2594da800b06d83a3672,73229574
passed,push,5db1b72e80c59c6cced90168385d650b0309971d,73211387
passed,pull,e6d28ad8e17bbacfbef81a44804569d86c783f25,73188459
passed,push,0fc53cff7489d1e7c69dffe280a7f015c76d798a,72901855
passed,push,b04299a8a09242c97cdefb06cb2ef39ad52eed79,72901145
passed,push,0ff4aaf6839786817143a4794dbe3211fc3eda15,72900997
passed,push,5ac25410ea82de5266b44bebef695e4db76ea8b2,72863669
passed,pull,f30e10654328317caca8d00e0b0e888680bdb988,72862141
passed,pull,05c0a992d09e4f0810c32d6c6416eb037b561af8,72522227
passed,push,6a36735d89cb13fc32f650e46a08c17b3363ec3f,70490585
passed,pull,842c5b47b6a6d28184bd0861c28db850bf2a96ec,67892726
passed,push,bfd9eb758abf8ec118cade56620c41b62433ccc4,62115770
passed,push,feee716bdd9c757e5d345aad362a403a36187508,62114694
passed,push,3627ba186e76a3cbd214b28e5dc8f05f8f260d4e,62095001
passed,push,f7263e4fc7bf1cd96959e7df510f69ddd816bf0f,62072100
passed,push,eafcdd31787c7f32f406a8f56911b2b979f193b7,62070060
passed,push,26c15d4e6b63382cbece9e46fb3e552e75c851ce,62042283
passed,push,18ad3782cd54f4d84dd0595e753ba805167d9b09,62042044
passed,push,4bbb558390ea4d848c19b4b2355638e80ce8b1ba,62042001
passed,push,ef61847d6a124826a6eb2c1f176fc717874c9eb2,62036841
passed,push,b0b0ae987f3eb0c5662e823de109f7db1a034a07,62033977
failed,pull,44f33185e965a3dd949bd70b8e9ba33490811d4a,61998295
passed,push,d271bbfbbd7f8c0f05df796bb6930bf324166d3b,61584139
passed,push,f479111fe5aebc0e8a6ca9b23d80ae2e23839b78,61582984
passed,push,462a2172ace3e2c364cbda9aceae4289bdb52ca7,61581903
errored,push,6b46954a3290d4a62b4c477c2b306c6f984cd07d,61579815
passed,push,2dab60664f4295b5480b7aaf37129357eefcd05c,61330889
passed,push,f9fe3d71c9b316a7fb92b25d6ec4b4aa067e6d09,61329142
passed,push,eb18fd209803a3bc6b42c18a8fd5560fdf76a075,61327868
passed,push,63fdcb79b0c3b6c8b0dd990affc4df03b53a54c3,61326951
passed,push,f259ff7ea056ead5337ff8aae080380da1b2b3bf,61326360
passed,push,581acd713d23a48c22056833f50c9b73d400292a,59649922
passed,push,edf47164e4836dd9dbf6e44ea1a637b0f3b24c2b,59649911
passed,pull,13799751b426e5e7138a115c39677a1bbae038e9,59629297
passed,pull,b9f22b6e6e377e6e0eea3ac7dd342cb3eb68e27c,59623309
passed,push,c40add168f566ed1d26aa7a6b0999cbfa0c172aa,59178525
passed,pull,0e8708f68a4893d5f159d5bb0c51f4d6d15f5c82,58933339
passed,push,5c796cb070290b1d8efdd9a98f3f9696c84c2f64,58906981
passed,push,1ccff5ac681ed53ceccca2c4b264f41f0beb58eb,58905718
passed,pull,da85373f8202d29b5a14d53f55f74d57dcda9193,58904949
passed,pull,f693f13e009509c27ef2fab042e3db57facfb415,56272922
passed,push,f32fae37390c18bff9d95f33d6e52af96311ab5e,55145693
passed,push,24bcb18822872ea1f0c350ef22586f2dad139f60,55145677
passed,pull,81c86dcc037ecdda421723eac50ce66432565288,55141789
passed,pull,109fbcb958565a44affeda1aeef3d4c0a086ca9d,55141570
passed,pull,50c14cd73d57af5e8eb7594a2c7be8400e640c0f,55141408
passed,pull,85be6f31519cb1e2ea1141bde5938373e1420358,52651234
passed,pull,b30fc19d1ed1f86742315cbc8ebd82a41be6aa59,52649888
passed,pull,5a391626f712867cf0ed3d56c9da56e2e7fe3e6b,50848937
passed,pull,0f2068adfd56006dc0373ddff006a8b4ea99dbb9,47709704
passed,pull,583dc748f645394c667a24ed5cefe4c8a003eb01,47709373
passed,pull,fa53bcbf4dcd47bb7a0623a207cced8b74c9150e,47708948
passed,pull,c5f33c274a9ea65e7be9e092004d556b56c42afb,47708709
passed,pull,b6c7797d3322e4d0f91c56323827ca92d4fa52c9,47708531
passed,pull,07154d5993eaa01928f9a27d980ae3df8b5fb740,47708285
passed,pull,ab389cbe8ab02bb69d6e61b275e3afdd730f3e6b,47708119
passed,pull,f656d1107acd5bce62635440368c8420f92b6dcf,47707897
passed,pull,04df33375b0d474e647ca7897b071d4ebf506153,47707749
passed,pull,c1722ee9f2e7465e92656fdadcaa7362af840089,47707610
passed,pull,2e8964e3c4af868627585382aca20e76b74e3f59,47707422
passed,pull,ccf6ed69719c4aa1349d09ab174a2ebdd721927b,47707140
passed,pull,3c98ae86f9478d672548b0557f1797ede59b183e,47707014
passed,pull,2ea329b09d5dc2caa7a83508e59033a1f5fc5a36,47703184
passed,pull,445686087e1169a9772183a3b881b263025f38c3,47698922
passed,pull,49f25495624a18220b684812e40d8560308f08a0,47698626
passed,pull,61f26e0a3d7d4399398d7d843eb429745861b283,47654074
passed,pull,5d110f1aff0fc60db6c274a45a8e6d4feee801aa,46442469
passed,push,fd8a8b8bc5b8a993d8edb99265fa1ebfa420a010,45291674
passed,pull,cf6c89416d68b0880b41f8b17c324b974764bc11,42400193
failed,pull,f204780c07fffa5e4e4a7aa934ee4b7937f706d8,41737154
failed,pull,fe24846394db1002bb655b4411516310d0d8c141,41732286
failed,pull,f71e0ecb95579316e46f8980a93ccc143e6afde4,41731169
passed,push,6ac2a1cd29af145b1d92a1172112dd79f01362e5,41558519
passed,push,1afa9b10579e275aa3c1f809ed7c3da42604f220,41552481
passed,pull,64cb7aaf5e7fbd5b4cf6ae7d41c7682fb76f8547,41521508
passed,pull,82c8ed0f7dc8b910c416fe092c82f56fec4f316f,41506109
passed,pull,e190e54fb7a075e27972318aaa2a0f357d2a83c4,41485520
passed,pull,d1698cf410c4785d9b429b6fdaf79468aa6457e0,41484004
passed,push,07585b0e6bf05c039e0e2e7933d062251d800c17,41425339
passed,pull,c7106924ab1b3efd457e931c97fcf2d2567fd3df,41299479
passed,pull,856e3915ddd6ccdec94a274ca8087bbdc4b2427d,41249550
passed,pull,a0a07ae62770f1d8f1fd6fce53f3805ef3dc9d43,41163766
passed,push,1c5ab26a0f014edfa0ebc3e839014f204de86cd7,40263252
passed,pull,ed475c022dd51176bdfaf8e71e239259a7ab1a97,40148103
passed,push,d41514320fb049b047a60b24a94be8401c508714,39070685
passed,pull,109d6675d0cefef73f5615ac5b9f2ddd9e01f015,38852543
passed,push,1a10f252211664e387055f1fba739ab4f369a055,38727585
passed,push,3ad1be2a26dfb2cae45c966f1789ded220332e6a,38463622
passed,push,4e4879221d94dbe9342044b9143f93fe05cc21b8,38462856
passed,push,a668310afd944795dd517d9a06e2178d95c5a5c7,38462468
passed,push,86337bdc06fad6eba9f66fcedaafd48632e9d46c,38461809
passed,push,7d5b7d6eef6d31fb57de02ece1f39e3939275022,38459270
passed,push,739cf46ae284a9a4d8a4bc0bce9b8523332f0370,38453599
passed,push,14f7b91b684236f624d2b8b1f86e624b45b30257,38453387
passed,push,c322ae776797da637453d2051f74f9484595933c,38005402
passed,pull,d2f4b378dc8f41d95530cdbd3d3dc74d487e3ec6,37997298
passed,push,47702f451c856f118e771df835f8e952d2428dc9,37461547
errored,push,6172675f8ee9fd8e9f5fe86a96738ee5fff2e512,37460886
errored,push,8df0b6ccee1a58958cb3b8724a25a0640b2c547b,265438078
errored,push,007176d1bf24c24c20e3165d67633e7bf750ec55,265436620
