Status,Type,Commit,ID
passed,pull,14957d2c23961049e6aed214c83595a5ed331980,235222000
passed,pull,fe3eefb245fa6679ac38fde01e71d80c6a277b33,197649207
passed,pull,458f21ec37da4c44e94b19c09d0887d3ac995ef3,171562330
passed,push,a34d6f2a7631d576304b91e6e388cd0c776edd58,170866307
errored,push,2a77345c5f5a58aa67edb675b437bb5b2eb17e10,170219418
passed,pull,12992e7aaee24ee6c09e59ab25276511156dc09f,153724669
passed,pull,b8880adea36dc3eddcbbb4cf98fcd63c98186c1f,132968509
passed,pull,87bf15d66fd1bfd3f4a6e19824c29d164a47f6f3,126070393
errored,pull,b695ade046cbef22c9fc1bae979be47e2d53df96,126069752
passed,push,f6abcf5dd79ea9ee8e076cdeff71644012c1f7ac,72273324
passed,push,9c72603fb97ce31772b8797d7be7275357f8775e,66028491
passed,push,ac5d436cb891a46b2e997f8e8efa1dad571911e1,55072998
passed,push,1f4996ea3dab06193c378fd66fd4f8fdc8334cc6,55072430
passed,push,1f4996ea3dab06193c378fd66fd4f8fdc8334cc6,55072417
errored,push,1f4996ea3dab06193c378fd66fd4f8fdc8334cc6,55071640
errored,push,9d28d182cd11dd5476696d3cf70c7fc8b10ffca2,55071176
passed,push,4b6c9edd66b3d85353723a2720a0cc149eb72c1c,54080029
passed,pull,46b1136a16b1455e3778516374a9dad9084eb302,54067423
passed,pull,005744dfd211090aaaac569fd328fbd0f74a6594,49066989
passed,pull,82881ad49b37b1b1f78f16eddaa335aa038f55ce,49066182
passed,pull,969b5e799c9ca226489e12c99914bfd0e68e4e2b,49065826
passed,pull,93c9daf64bc56a81fa3dc7099e898448ff14b0f5,48759003
passed,pull,7c505874023a458e9c14e4011882dc801a99b3b4,45373504
passed,pull,d1cc1711c55fbe5575fe97b6c2315af558672e24,45290126
passed,push,ea68756f5ec3fc46b4665462fcc7659474edfc4a,38899975
passed,push,33f612594355efcfd71862c566f5ad8aaab085c6,38645712
passed,push,cb6bc0a72b56bf54c9400fddcc1d18d78bd19517,38604467
passed,pull,ee0e8087c5c0f2d6236c51cf3bdd0684d6cf7476,35349585
passed,push,e1aa90c2ec16f9991c631dfe9809aef9cc06daec,33300473
passed,push,ebb6737f130b90abdcfdc4c7719908e6fc20f2bc,32884925
passed,push,50fc38f77b62227cf3fc2486640da60a61099b57,32884432
passed,push,50fc38f77b62227cf3fc2486640da60a61099b57,32884426
passed,push,3f64b0d40b9ae6e3a592bff2e2cb42a93a3d4d8c,32630972
passed,push,7a60afd0854cc162408ffa6216bd61a09f96b7fa,32571843
passed,push,6f025498a94475a330e24622343ac5c15966a8c6,32563797
passed,push,399df4d2677c709ff9c127f011835fb98e10d8d5,28772759
passed,push,228d2274c4d1a5d310134531c48ca0c649ae112b,28285141
passed,push,4518723d668dc5eafe46a1379d6f9b8e94efaa33,28284376
passed,push,d36d96155500af4d42dcf2fdbbbfdcd01cf9180e,28248472
passed,push,77fd6f4be166c230ecb7419a8a14892707c922e1,18263218
passed,push,2b77b72d714576418b110f80da4f8c5dad848ade,18255883
passed,push,4ffac6d39faf37e8d4edb4619f6ef8eff3963a0b,17979281
passed,push,f95c18cf6c3b9b502ae775bcf59f91bdd6bbecb3,17765106
passed,push,da3ce7c65fea81b6933b288e8d525809dc54397c,17752613
passed,push,2233bdf5032a3af5cbb08ed4262de50bc536367f,17749623
passed,push,b6b5f7b52fb48d09f1e285e31b435c3c3f083704,17749521
passed,push,abaca661ff4f0d60063b5244558d1676f03455b9,17704858
passed,push,846408f5d43abd02c62243e3c607ee0e04de78fa,17688673
passed,push,d66f2ab4ee07b9d4dcc2fe07618d08d7ee2c2bbe,17688407
passed,push,371d1000657dd57f6a79e1eab5298008baeca2bf,17481949
passed,push,b312d18eaf57091a8f7b63065579c29696064d41,17332343
passed,push,84b74fa602b7fa1d048b6ce075552c02ef4ae7a2,17332092
passed,push,9b2ffbc29008d1af4fb72fc3a3ee71298d169e1e,17324024
passed,push,a284c5edf297206788ae6e98ec9a422d603cb5f8,17323777
passed,push,843118eb81054ed23d3b68c669a84da48e8cb4aa,17323572
passed,push,a284c5edf297206788ae6e98ec9a422d603cb5f8,16148516
passed,push,0b4a8a2c4d44907a11562e0caaf964cd657005d2,16147929
passed,push,0b4a8a2c4d44907a11562e0caaf964cd657005d2,16147927
passed,push,591b18339ebac43b82de49ec980742c08bbd2ebb,15812301
passed,push,086406bc7236b1c0c27cef7ed3610c0a9312cf1a,14767164
passed,push,006e0b7228c16da2a6e03b9a87b8331d82b138d6,14760839
passed,push,f280798063192edadd3860071d2d2c749e64302b,14760726
passed,push,f280798063192edadd3860071d2d2c749e64302b,14760724
passed,push,d39c3f439a4744d8fbdab69f050112d4a778d5e9,14260194
passed,push,2b3855a60aa8d162e533551428143d2742bd0112,14070182
errored,push,39edfa3598f90d026d371281e520d415bf350174,14068632
errored,push,3c1242644922e575761955f0b5f8adfec6ff243d,14068583
errored,push,3c1242644922e575761955f0b5f8adfec6ff243d,14068579
passed,push,1911471337e7fb5a9fe204b36387cbe59eb27c1b,12540505
passed,push,627ffe2aaa5f609411e1aa8fdb440a7aaff896f7,12536568
passed,push,44a68aede3d507538324184dc0b740a2889731be,12535054
passed,push,af3f2147e547861e2fb7146c28bc4dea1b8c583e,12471688
passed,push,0e20c4674c8aa82995ffb54d6a5b7e22477d98f3,12467247
passed,push,5e5a0db9b0e25e580d8b3683a1b4910454df93eb,5997013
passed,push,8068ac7f256080626d05a58cf2ccfb8fbe215fe9,5936140
passed,push,223fcf97d00213b21dc44efb904aa6920a45ab4f,5364986
passed,push,0472787366509593ac319379ab5bb36ae5cf3c28,5325081
passed,push,2b94ab920154a35dacaa05ab31537efa6e26bf00,5324904
passed,push,2b94ab920154a35dacaa05ab31537efa6e26bf00,5324663
