ProjectName,Total,UNAVAILABLE VARIABLE,UNAVAILABLE METHOD,UNAVAILABLE FILE,MALFORMED EXPRESSION,METHOD UPDATE,DUPLICATE STATEMENT,DEPENDENCY,UNIMPLEMENTED METHOD,GIT PROBLEM,REMOTE ERROR,COMPILER ERROR,ANOTHER ERROR
caskdata/tephra,0,0,0,0,0,0,0,0,0,0,0
jwtk/jjwt,0,0,0,0,0,0,0,0,0,0,0
square/burst,2,0,0,0,0,0,0,0,0,0,2
spring-cloud/spring-cloud-config,2,0,0,0,0,0,0,0,0,0,2
sd4324530/fastweixin,0,0,0,0,0,0,0,0,0,0,0
zafarkhaja/jsemver,0,0,0,0,0,0,0,0,0,0,0
davidmoten/rtree,0,0,0,0,0,0,0,0,0,0,0
GlowstoneMC/Glowstone,0,0,0,0,0,0,0,0,0,0,0
OfficeDev/ews-java-api,0,0,0,0,0,0,0,0,0,0,0
NLPchina/elasticsearch-sql,104,0,0,0,0,0,0,0,0,0,0
