Status,Type,Commit,ID
passed,push,a6793c4f0cf45819670f96b788ea78f114409c54,16298382
passed,push,52f0992db0acca466e192d41e790a680a0f66b72,15961935
errored,pull,7be7396ad5478ddefc6f2a9f67915e9317ae5b17,15958279
passed,push,379b5668becf94a2c795c154a99bebd7096126ad,14110435
passed,pull,d1882c045cac285af6098e59de9d93aa6d418435,14071164
errored,push,ae0c55cab99a837f64b02e802b7096e287b32951,13632745
passed,push,27c667c8c18526be569453abb4ae472e4ab1c006,13614247
errored,pull,1066a67c4aa6568e25548327985a269ce78d6292,13595056
errored,push,0ead30cbcf8c76efb1f7eb617eee5afaf4498d2d,13563416
passed,push,0ead30cbcf8c76efb1f7eb617eee5afaf4498d2d,13563407
passed,push,5ed30241fad956f69b4337adff7aea329cfb4537,13553838
errored,pull,0fda1c2c91078a06c80c44d170fd0ae7eba44081,13537091
errored,push,f05d3eeb806c17b793713a6321a75be57a6b0b79,13500527
passed,push,50ed38ec5c00b205023a07f9ff688098f94c6309,13447792
passed,push,a8195782ff791c2233b173c2051b2f9708ec385e,13440186
passed,push,5f3da324e347c68e4b96ed61ce1dae521572edc8,13424439
passed,push,3d1f7e194bb262d7b0ada7bdbc9960c3ce8870b0,13424324
passed,push,f7d2473b0c349d6afec0b5e4fcbdcc112ffe9d20,13424323
errored,push,7167015f23d7f0085ae99473c1f7af3f20445530,13296687
passed,push,d12d6855aae42864429b49d4bff924207ce9a775,13222402
passed,push,c21ef38bb5ad016667e72cdb5aa58c1560600f48,13181643
passed,push,925f6cf419219a4b1b27609e3f22336d807ecc39,13128377
passed,push,c5bdb7269883d24cf4e195f95c3ea52e83399cd5,13103026
passed,push,9a7d046b2093ad4eeb5c9ad631133aa16361da68,13093646
errored,pull,cb6e5b2e000c35319673ae4dbe6954d855fa239a,13093620
passed,push,395d8027a2ca213e7d0f75801480d9dcb8235b76,12702950
errored,push,2c4bcc561caedada95eb8a82ab27eaffbc20dde4,12688782
errored,push,7358eaba6045cbbb9d5e1f5266e02a4ff43dbb83,12471434
errored,push,6272618b9c4feeebc275d2ab3944ccf28cae731d,12394111
passed,push,65404d68ee1f746bdda1ccaa9450e3bd24b9449f,12380637
passed,pull,3d8326deaf8e64bca45546463529df0e7138423b,12082114
passed,pull,ee45f2818a014bf4439c6583aa001219a5ea9fdc,12078787
failed,push,61849c711a483a994ba9f8170cc9bc4bb1a9a518,12062137
passed,push,e5bd29b8f3270a5a3191d6726fa6a4b73e0b4a25,12055208
passed,push,f7e997cb48b9e53d3b0375b6a5259660ee6d8bd2,12038958
errored,push,deaaf6a9a7159fa4fea369770f3e7729e78ade34,11914943
passed,pull,974b73c2a5119333f9c0ab21e7eaf1c0e293d0bc,11914840
passed,push,db7e09f9f9ff91bcce8ce3656d957addc95f95bc,11907086
passed,pull,4426cf0c2208e0974d4ea85e81bfb9c0892bf6c6,11906705
passed,push,39865b66fe53f1a1c4594cc7081a0f3fb3a25a91,11841251
errored,push,2182afac59173394be214ce607f7a190bf208971,11840806
errored,push,0024bf52a8c1089c86943fa42c5887e80786bee5,11832700
passed,pull,bc1956a904e40bf2f93f0e12686c7af31295a571,11827479
passed,push,696ef07a05bbe5ab0ffb78dd09bfa918c2b83efc,11809827
passed,push,df02af129ba2405c2691a39c740a758bb85386e9,11809616
errored,push,261553d21220d142d7a7badcb2c972e6fde1c7ad,11802727
passed,push,9c1367fcee1f201d8db24e391a1e973cd17a14c9,11741324
passed,push,8ad55d61ce1d1e07b200a89d029725123c27fa69,11712188
passed,push,87f2760871c0df1fc68109f39e316f68f8431e6a,11708581
errored,push,d6c141d420cef1ab1f07722c23c2ccdc272f6989,11667759
passed,push,834ef2dd84937d85696b45dbf37d558a2b02e30d,11648728
passed,push,834ef2dd84937d85696b45dbf37d558a2b02e30d,11648717
passed,push,dc4e6311d6d9eb1ccf9150797a2567f2b845c026,11647657
passed,push,630d1614509c8e386bdcc6d53148b721991a95e0,11645522
errored,push,6dc7f0ddec1d363d04a975ef8405d2fbd318a8ee,11645178
errored,pull,134144a12f50755c283b31f4ae7a8fc6e7f96724,11621644
errored,pull,ccb18a55d40b990f764eb5628b10126f61bb2c2e,11621512
errored,pull,2859acc7e0bab9de81264800a8072fbfa8fd502c,11616526
errored,push,6b37199e05317c060b31d2dc0b859bdcf0d9c92d,11597349
errored,push,68fd51231650f4f51e371973a373f871bffe430f,11576326
errored,pull,a9f95a1554431cd3094490ed5cd6960f1603e4a8,11576160
errored,pull,6ceaa5a1555422d8a119ec45979ea21d265ff86c,11573148
errored,pull,289f69b0eb8b6d95b249ba62f15e8836464b189a,11538568
errored,pull,4dc327a6a050587a17c0539645841915b21a0547,11537593
errored,pull,1ac18886baeb9c9ea6c616fe7a61d70f8ed9f368,11537279
errored,pull,975f0cf8079e21d2f71f018fb05b3209f2f2ceaf,11537250
errored,push,14e61f2ebb8dd12c13fd5ecf61dd868b54a0393e,11535394
errored,pull,9c8997b1917a670854371b9e22774966dc648b99,11535121
errored,pull,7cb6fe67d7eb13919780c2bc2992ecea7c3b401c,11534683
passed,push,571914e5a10c27830016aa32e002cc7b633c1b28,11494881
passed,pull,1f75d65aedf87a530b819231249cc71ec17c22bd,11491219
errored,pull,742346268ec9b0cc75373edd3d7bcb529c2c5d9c,11490915
passed,pull,5366103ae554f2893ce6a75c48c34a35b8615d3b,11484602
errored,pull,4e6e197c05d28563136782939a9a67f31c75a62b,11451737
errored,pull,1d347587d0f8e78fb9b0e559af2b696af270da6a,11451375
errored,pull,6b35c9b075ce0c329576cb0a58c37932822b618b,11446516
passed,pull,9f24aeff39776c2cb7ae32c15f95f6de2974aa5f,11445745
passed,pull,9f24aeff39776c2cb7ae32c15f95f6de2974aa5f,11445582
passed,pull,ebc999560935701673a5a088e71056a1b0310173,11444876
passed,pull,683c2ceeb154c520b60f52740b60ca30e547ddb1,11444545
passed,push,b1ecd7fb9f1ec8593fafc81152f76c754d0d6882,11398422
errored,push,6b863350bbc213428ee39894f9b4b6370c365002,11277593
errored,push,b112e210948fd1de189b18bbf5c474b857210821,11264983
errored,push,81c419f0b44d5277b481b774b17b8ae739250131,11264251
errored,push,aff5db7aa2663715aab3c877655fc1c36aa82b5d,11261488
errored,push,cb03b39d34b5bf0844f65ef02e46b186135b02d8,11261154
errored,push,84d8957ae0906def04c1a4bc5c4daee8ecd1fd59,10982028
passed,push,93efacd4562b7d6912a153c336128fdb21218640,10981851
errored,push,43acd54ecaa42e31176e6e228f4b2f7b6e783a1b,10961328
passed,push,07d87c77623733323030f61fc5048a29def3e679,10961056
errored,pull,e297d257871dc51efce188f9aa7c5452741454cf,10958966
passed,push,8d01cccc29caae2f678d3ce5a500661355b903e5,10957064
passed,push,7e9b7b8027b283921929558f46901b2ee65cf177,10956656
errored,push,a40f00191ead9bd113eac8142eb1c530358add9b,10956471
passed,push,edc936b929a7caadd9b0102e9430d41c5849827f,10953395
passed,push,aef23eb530ac73369726115dada66691f630eeb4,10952540
errored,push,8eb32fef8233cdb0222c83c13d2c6f4b665f6d2d,10913216
errored,push,a5fd49f0e33544df05c94f0fe899b73b7a721c60,10907991
errored,push,1ae14d7ec560dab2350a890d8dad4cab5aa9280f,10898723
passed,push,e96aa1b2bfd4473d57ef82e542527cebe7f4d55f,10871912
passed,push,64882963bcca4998ecad4d91a1c78ae5a66a2146,10840722
errored,push,b0097718666fbd4b2347f7cd3e841ba004040303,10840699
errored,push,3755babf55525c58879b988adbd281e9f4ea57a8,10840457
passed,push,52b1af0accee97dfe6f2a6b1da12f54f7f7a2038,10838365
passed,push,c8351fdb0f2e80c14e199e26d9e96869fc31e6c3,10837869
errored,push,cc0703054530b4eeda07a2b1b619ed34e1e7d201,10785529
passed,pull,34cd63704d51dd01e47f2f5a0c4abbded0665590,10766388
errored,push,64aca13a86fa283db6975d8d3ebf34546494367d,10628298
passed,pull,1c520e9bc26e893c436514ac6aa0333299c11079,10619202
passed,push,be19f0919fffb51dc6d473a80d3a5fcf6405c5e3,10579269
passed,push,a03fee7d750a7add530ad7a9eb509d786880b9d8,10570081
passed,push,91f2916b9a62937fdd033cee40c6144e9ebfdaef,10559159
passed,push,bbc046e093e856d7f979675b8b8ffc3af70ff1aa,10520151
errored,push,332de57ac0992ee6fce99bd5fe996c5312f0a340,10497443
passed,push,35f7e60e7a6ac271281141a66e7a956ab4611954,10481487
passed,push,0329ffedf9f74754cf63b96c9c28964f0967b6ce,10481291
passed,push,89ad29b8abb0550d1ffd138d46bc4a9b43a67a4a,10481257
errored,push,f22e6e39991869cebeee663fbd4638ac94755956,10480285
errored,push,9e5ef5b5acacf43de369349137ab5edb628a5408,10479546
passed,push,aef6142adcbe940d10c964bf335f635c54cb625d,10439000
passed,push,59e82528b55c1a0f9b78f864d2ae7c99c0b2d2e8,10426014
passed,push,cbac433128d9a72b486727b77adb8e88e0810f02,10417252
passed,push,53ff447feb97e076c36a12f42a143e7edb767c24,10350531
passed,push,fe182f4016c13f846f62a1838cbf88fa389188ec,10350117
errored,push,4b555eab4e58af3d3299d2a7953320248b03af39,10347994
errored,push,3f7632d08802bc1d1bafbf95d814dbe5f142dcf1,10343202
errored,push,34d9b3c4ca25523bce6c0c080f912344fe9f0ea5,10342924
passed,pull,4a064235b7f29805c5ecd37464fe3fe9ef9da105,10341459
passed,pull,ba6b755400f1ba6401fe1399e390b6cff1562b01,10314806
passed,push,8f50b6cffda608d7806256adfb0ba5f73635f2ce,10302980
errored,push,7e9460894912ab4b63536dbd2f2cb828b11f3b5a,10302931
passed,push,5c6a44533eefa7e763be1ee6da2c70a9f2e7b9b4,10301926
errored,push,7f52295a876f27e2528cc636857fe73def8a1738,10301398
errored,push,83b9aab6d7048afbf490f45a0061deab1378fd2a,10289686
errored,push,b428f80156aa3c56b3ce1460fd96fb3470fcb6fa,10288697
errored,push,21e97cef5f303e0e3e53083ebaf47fb3f32fe7e5,10269742
passed,push,099bb1ce5950cf9986b5e93d44bcbe5291a814c3,10229120
errored,push,de7a111224e76dd74df8a3ac26966f1f36ff2ce9,10227782
errored,push,649bf1f6e11196d35efa8b376ca1f964a170f9b8,10227779
errored,push,a6cee5a94cce977f1c9e82a84745fcff6f37fd01,10227778
errored,push,649bf1f6e11196d35efa8b376ca1f964a170f9b8,10227410
errored,pull,c6065cfcabf0d61533ed6f20d54906edba37be63,10221281
passed,push,df0dd0ae609faaf5eb69e26aa4c75f96a342806e,10203705
passed,push,35f3b8466e2b950a4fc236554b8a9cac8a9f244d,10177323
passed,push,cb148fa95af1a877151a6d3d63b9f61986472312,10176405
passed,pull,6bc9bde706dcf5a50cbedd2fcf8ec26f2749d7a8,10176149
errored,pull,e6cbd53c2a070d8965fdcb492a649b1a592a86de,10175959
passed,push,9c4128e023552f59be4c74cc88fc9dec72cd53da,10174714
passed,push,f0e8d752704f67e25fba03832c70aa9ade690293,10165487
passed,push,2f72cc2f6e37805dfcdb9b72d8f3291a439feeba,10165369
errored,pull,a1c2db61b3655b52427d7b2091f097e883613d87,10141536
passed,pull,f610559bc024ca3d609b48eae9343739e046dfee,10141395
errored,pull,ada98da7033f48d840df8871288ef04e9a78fdae,10141268
passed,pull,fbe25461c5c9b540b644b4efe5298cb11db77c86,10141224
errored,pull,901a76fe5f57c4e1e00858cf1e9a46e78e2320f1,10141135
passed,push,d7ec29b0a1cdba3686bf40030c66f67fe51c0bb1,10136786
errored,push,d2b57be3b85880e1eeb49cdbebfcea6179a184cd,10136079
passed,push,56ebb52b4a941ecd8a1ff0b9479d7882df85ec9f,10127487
errored,pull,643370df30ca812e4d63010e71390d06d4f73a6f,10103747
passed,push,f75ce6a78f92286888b1cfc39cab0520724267a0,10088042
errored,pull,83bc8bb412fdcf5d59c07b88fd778bf212cc4486,10088028
passed,push,ca18d0fc24e60414a847697707fb2a91919441f5,10074363
errored,push,035b981617dd1292985136ec871611861b2668ae,10052073
errored,push,8174d14c5b53cd43e72359c974df16e9bce200b1,10051933
passed,push,98b5234113077259d78657462b724426aad1644a,10051834
passed,push,10c9262518f4f66e7b96eb9f35e19931e07e6168,10051736
errored,push,b0fc3d502b9abaca25a506ac4f8ef1db81dc079f,10051580
passed,push,6c59920fa1ccc1815913ef0c79ee28329ca9f7b7,10050972
errored,push,afaa3c69dcae3bb677c75516891adbfc89c28e1b,10049385
errored,push,e9eaba954f35b397f9cf4f638edddc54e7b97e2c,10049161
passed,push,ef7b59a074964f0a02cbc128aa847ab73da7da1f,10049002
passed,push,aee65547b50d83446ed4d5c716a588a8486ba57a,10048470
errored,push,fbd4bfc79a71f87d2218410303edf396dc71158b,10048283
passed,pull,fd81d96ab879a938e06319984674c09ab2d5b37e,10045026
passed,pull,284a8d46496f752019e5713e9f6a97bb29bbdb91,10043948
passed,push,147061faa003b96e62634b8e1aeb2cc14018eeac,10041093
errored,push,dca08b48f8778c6b66bced0a4ce887fe7b9e9915,10013762
passed,push,bd1052c37df60e7f200425825ecee611ef4e733e,9993628
passed,push,b2f4d20770cdc32e9ae4225ba2bc1638b990d4de,9993020
passed,push,0bb87b56377973178e8ab1c9b6ae21395828d3ef,9971914
passed,push,a1a31ff80ced4f592db6c8e0d78d2eb0a9071db0,9971776
passed,push,e40177aad66016e24f23d4e1c2cd68f6d693760b,9970698
passed,push,0cb9e14d70a9e4bbe931c22d10a9388794058b57,9970649
passed,pull,e4b49dcc9f740c62d4c8376759b79588b8be41b8,9930988
passed,push,2d2884a5e32b45d89683abe282a77047e4d7fbc3,9930960
passed,push,c45883ce58ac72d91dd8905b9785b3e7a535f6d0,9927638
passed,push,2561076b33876867af99f26e205d438408354c6a,9926950
passed,push,32a7259e347ea7ef6340fd15b139843553a20ede,9909771
passed,pull,21ec71f014c701939d90352b3b355bc22ed7baa0,9907017
passed,pull,8f1794d4b0ad622910f5f298d4dad2db3b0be30f,9905945
passed,pull,2969027bc9dd4dd9cab5c9bb3bc799bb3266098f,9886268
passed,push,67583950b69bbc8d17d42bc1486ce05355d11315,9885300
passed,pull,701f7499a623306e795905f825d46a76ca6818b2,9885130
passed,push,2dead014a907313ea893b3e0e28d3be037de97e5,9884976
passed,push,f4c8c207c19e15f42797a1fff29e778a92072d94,9884456
passed,push,664ec97ab44d52a741defac76088de914d8647f4,9848551
passed,push,3471751b0974c13abc0b83445c9c2dc413f67557,9846832
passed,pull,948a83e2f8d8f9ce89de1683af775516aa2427f9,9846754
passed,pull,e25c403f9fe63931b33b2db3e37fbadba7a4b4c3,9842265
passed,pull,57089e6b5524b099c5623257c2a9a411a274167a,9842178
passed,pull,965d6a0e14dca23206f0c24915b4121001048725,9841746
passed,pull,2f6ad5c45e8c2db145a86f9651000cf527b2c0f0,9840369
passed,pull,cba374524df5d05de4ac4c9e66cba3307e129901,9839997
passed,pull,69b4c14e3c7431fb06b0d3863b5d5cf9e564fdbd,9838504
passed,push,d15f8a394ee08f9e40de7512d88a1e98e3d616b2,9835900
passed,push,6767b7a062f5ddd1818674b3cd3272208536f3b0,9835586
passed,push,61bc9089bdf39f90fde1be1b0f9fd88340a8f79c,9831847
passed,pull,5d59d7880b847daeaf41c5fbed8c6f012870ae4f,9831715
passed,pull,4545ae10ab8919d62166780e0af54fcca0e3a9ee,9831419
passed,pull,3bad5ec1bcaafee4930b768e745d7f80fc927a4e,9822779
passed,pull,d3583d3fb735bb88a75f4b2e29c6ee7be590a35c,9822734
passed,pull,403cc03bab09e52f7ad90cf27af890c0d863e331,9822511
passed,pull,21736fd01678a0d5fec79be56480b364084db9fa,9822298
errored,pull,f37ae4f2f77bbd39d2ef4f0ba3407f47b657824a,9822248
passed,pull,a51717c41fe5dc5331919aff7d873f09d349eed0,9822025
passed,push,d251f08b259d508d80bf229ece2ada04d1fee160,9822005
errored,push,bfb1dcd733c86f3d36713f2918788e4902a1451b,9821417
passed,pull,543c40c57511b0e45ebdfb3fe78b016929c0f73e,9820197
errored,pull,f536b39d7b542b04f0ffcc03a8d88f97f91a311f,9820063
passed,pull,f536b39d7b542b04f0ffcc03a8d88f97f91a311f,9811813
passed,pull,f619a5d17d294698282fe6fbc50bcd0f6a3ef58b,9811025
passed,push,95c9dcad100a56f624d1ac78b188cf78b0e59f3d,9808855
passed,push,c143ad10045b4b985f2aefcabdd3ed627a835ec6,9807949
passed,push,58caf840f8107ffb555cbd6ab1484c562bb3ee08,9795866
passed,push,ac202c6c3f8e0561bf7d4c4083cfa1b99376f14d,9795551
errored,push,624751447c7a03609b2fdf8eb81400794a40fb7c,9762805
passed,push,1fbb27ae717d51767879e680fbcc9321bcbff7ff,9762735
passed,push,b780cf40a05c9087f9b63afac8c91c9b0975c6e5,9762251
passed,push,16bed71bae26fe78030f5de44458165398b22bf6,9761637
passed,push,d27728eedf202e7b7b247dead5fbc9b203db288b,9760181
passed,push,2f271c55f8fb91e3a0f51fcf894d989209578888,9759083
passed,pull,73cc94ad7478c0699704d7f6c43727204999c056,9758545
passed,push,cc68ca38ce7bac7c17084fa7b031234a9977c116,9751597
passed,pull,5de3a3ee2adbbe55e9ce3a97d2ec7e177ef5b083,9750158
passed,push,26e820cf546693955151457db546d9dc8038f4e6,9724103
passed,push,519b3c177b2c2f42f5b32367eb1f16cf8284279f,9721015
errored,push,ad26aea3b6151048b93ce346f680706799cad63a,9720306
errored,pull,52c86674dea41754fc4f62b376f44dae4815328c,9720209
errored,pull,68c25c84c674068954f997bc6946646571236ac7,9720011
errored,pull,fd295b89356a7841f4cfa4a8e1e044df6b7fa3d1,9719856
errored,pull,93f8dfea49cac2d135c2d5e99e8f0162598da47e,9719663
passed,push,af34c03e60eda25e231a272239597c6283550f15,9718498
passed,push,b7e1697727cdd8abc8aeaee4cc86718135969321,9717508
passed,push,c5ef9642dbe17be17025c007773aceaeb3f3f99c,9717383
errored,pull,e061236ce9d3de04af0764d64f0c2e4b4fa6c86c,9716912
errored,pull,160622fbeb77bca1b36a53bf86557a64bd3eccf2,9714456
passed,push,32b776fed4270324ef07894084826820504dbd29,9711747
passed,push,21656555bfe5e8a1c201eff7a549a2644046d6e2,9711155
errored,push,3f95126115ab63bd0fc75d5f6478bf4f97846d1f,9711147
errored,push,c69327aa5f3b38ab6d02b2913ac8f741992956af,9709623
passed,push,416d6ddad0f52152b1b5cf6ba4bb65c4cf6a978d,9709301
errored,pull,aef307dd26d8e9366b30afae3ba58b1250f6ee9b,9699360
errored,pull,138d18266d6146270ac7b55a992d73fd83afd3c1,9698394
passed,push,fd10157929d982007584ded1584b1f95615605da,9662427
passed,pull,c5deabaad8b6b1ad29c18c69a28a47b820376558,9661423
errored,pull,b338768db331b46f94d46c581677730b481e2898,9661118
passed,pull,fbb5237c551c347175480b16d89487d44c7b134d,9656882
errored,push,8cc01361bce9162aedd3b39ffde9f106cd832b68,9629111
errored,push,ce682b1e56088e2d16019b2d665a0cfeeefd23e5,9623735
passed,pull,cbd77142cb24d50e7fe8e9ba1ce93c6de487614c,9622316
errored,push,064650609d348924b537146be83dbd041590d43e,9616077
errored,push,eca7396327f6a39afa463d6f7c324df343a5ff7c,9615254
errored,push,ea4ff225283f82d9646522834bb8c3cc0d28cb63,9613564
errored,push,4eb2379bd3ea6f98afb89687f32f4c10612e8d49,9613361
errored,push,44bdd4cca9af9687484dfc7bfd0689382a88294f,9613184
passed,push,2d50cd9d4f7e69f204cf598a4628981f7578b921,9591889
passed,push,4671a2701d4a23f1f83920c7058bb2aa845980f1,9591266
passed,pull,6c0f1d854781d0f5ee5a928bfc208f5f2025607e,9584500
passed,pull,bec9d6622c202ef84a277d2ca3ad3744201746e4,9584399
passed,push,27f68094aa93b582230602c8c8b677376ddecbea,9583946
passed,push,317f266771840a38ad4243336e1832f0f012923a,9583123
passed,push,ac5fcafa377f2ac5e3816d9d013256d4ccea84d5,9581539
passed,pull,fad9903a4286ab40ebbf975566ab7ad47c9f4b6c,9578291
passed,pull,85c5c202f75f81009cfe1146d64d0e5c92541be2,9578201
passed,push,37557dac83ec583a55f341d0494aa0a3bc1a9735,9577151
passed,pull,d3e31735604a22c6ba03845828514d818fdb18a9,9575533
passed,push,edd75ddaf18c76867c3878d76532f3ce0b7b3051,9569661
passed,push,b28ff491b3ef56e4e2f2b17297225f9d0a298545,9568576
passed,pull,823fe28e46c4b92aa2c1d40397b8a5a190e482ef,9568552
passed,push,e12e36f65917735d9ebd4330ae310434f80c25d0,9568186
passed,pull,a554c4b64b6a8fb2303cd831c48037242f65bce4,9568075
passed,push,0bf5946450b919205535a4bbb1e85216e7de67b8,9567140
passed,push,57c64972d9bf2a2be4e4d84c9355b0df06b7b49f,9566766
passed,pull,82c05fcd4ba77414e4259dce4b87366e515d578b,9566656
passed,push,c94bba807a772202379b4e3d48d471462ddd0283,9556583
passed,push,a6ae59e19bfa026a86816395116422df3dc38afa,9542135
passed,push,a19ca60fbacdbacb57f4847a216b20f7ed5a9fd4,9541628
passed,push,123e1d699247cb3247537ab28ba5dd03d2c70292,9529940
passed,push,44b2d2098b15187886d148bd55cd0ede08e5c0ac,9503421
passed,push,1b5695fa2501857a6cdb32e6d1fc24362aafc96c,9501413
passed,push,00928931746cffdb988e1750d4af790975d3bce9,9500987
passed,push,66f8023cf6043440b951022ec84bcd8fb733917e,9495110
errored,pull,286d447bdbade8cfa79b7cd11594b9e1f6d16562,9478342
errored,push,29d21a83e3ca8ebc6b4598f1cd4ca301d8971420,9469657
errored,push,455dc0404e4af8455d50a8d51b2dd63f2689eacf,9469617
errored,push,ce9fa426a52cbd66ca2842cfacbd11a5e9341b3f,9462834
errored,push,862cccf49ae42ec64b8e976573371757e153084b,9462738
passed,push,2b3e33f3b0ab96916e45a2780746ec0787ae22b8,9417487
failed,push,2b3e33f3b0ab96916e45a2780746ec0787ae22b8,9377895
passed,push,22d9846e9dfdd3a5498448f2ffc96e7301e91ae1,9337092
failed,push,cdb15ea900541a1a5e704200a55382e056164f40,9332306
passed,push,ed1820e0804cb27b96e49fee86d637656b9b3ee3,9330969
passed,push,09cd2ed4316e92e40a5da4c4be1dcc5cfd6fe6fa,9328982
passed,push,508f3d337acba71f9165b44acfef83e5010a90ba,9328385
failed,push,92607cacbccef2b3ad5794c3072db4091c7a51c5,9327537
failed,push,5bd91108d0c1ccf2b0ff75c74789381368091c49,9327116
failed,push,fac1c98c0ac5157d16b7cfc45bf83126dd0dc2e3,9325679
passed,push,edc3b4d7a28bed62010b60b649ade3865fba04e8,9315332
failed,push,1c56adecf8028ea16501e979d51bc29da3bf47d8,9314024
failed,push,56b32955e9c3f4eec8323bba52c7c9dc133596a9,9313709
failed,push,f3852a50bd32940f5c45e0993391c1388125e960,9311733
failed,push,d292fc2b73630386b64119fa6f1bd0add19fdf87,9309570
failed,push,4bb2ba3f5e691a41399ce0ea30cf3172847c5757,9276699
failed,push,58463a9b3b7304ae823db48e2db99a06172c596c,9256727
failed,push,0a1558471dc3d26dda7f950dc37d7f600ff048fd,9242865
failed,push,2eba47fb58ce6867a5aad43f4aa72c3100db8bb5,9199415
failed,pull,0fb057e07b800c0694d71b092fd933a35db156f2,9189686
failed,pull,d5675cdaf2f08a61fbeef570ed426d3896a4875f,9189226
failed,push,1024661ac597dde37504fe38bb4cb8055872f14e,9166454
failed,push,02ae7767e14dc81a731f9dedf07deab5266dff65,9163414
failed,push,1590915105764fdfdf601dc0fd5949058f0d1b62,9157441
failed,push,e2a3eea8c8045079ac5f156d36d353859c9ea59f,9144927
failed,push,f2b1b8e8a3bf658fa1587b1ee17a63da77c65732,9143045
failed,pull,4d89bf3aec57c83a8feec49189fde492225fb87b,9124369
failed,push,36f9f658b4634aebd794041152c6050e260f4289,9116172
failed,push,3ca2c312a595098eb5083fc939785b404c1ab7dc,9113605
failed,push,0ae06f5eebc195bd522b300c5b96c406804cb12f,9111374
failed,push,49fc556add335353d57c9756184d749faf02660b,9110624
failed,push,3cc118bfaecb3aef9ab15d1d9eca7294e5f86e66,9099280
failed,push,3a2dcaf9d6663cdc21d4af2a0f5ddf25c70111de,9078385
failed,push,b7758d43845a1e7eeb7b34fd9dc073de65ecd840,9049757
failed,pull,37585173c0f8fd47e46b283b760633657128b7dc,9048528
failed,push,28b96350a12a607aea4f2a85814409f0e6e6a255,9045880
failed,pull,c24b852430fea66843c91ae676229f2f687d1747,9045712
failed,pull,67b743714f294b6fd8bc489838530b59b1024099,9044806
failed,push,97e5f62504f57ad86f1427d884604aaf120bd417,9034297
failed,push,647b3a0612f6cb20e467a905c99ae5712e34da98,9022365
failed,push,e2178117432440b433f9ffe3f44a5357b782e5a9,9017494
failed,push,18d1d6a47c48fcf80499733f821ad8635e9ba095,9017453
failed,push,56a2fbf6fb7bda8ea19c9e0127b726239e9fba23,9013729
failed,pull,13d8596cb79573fab70973f808339aabda70b773,9012046
failed,push,95d14517263186ee90346a75be7d6ecaf01d065e,8994598
failed,push,540ec9a6e131cd9b67f7f7b983429a2e80e071f1,8994418
failed,push,0e0264b1739003fc4a777854f8cf6dd5c4eb819d,8993952
passed,push,db84dee12e092678ffff601f3854998debb55e6a,8993332
passed,push,a3b11c3dbfd6b926acbf7e5f3feeba1d3b6efbe9,8992893
failed,push,99279e9e02af3ea9bbbf4465a1a52ca8bff5b82c,8989574
passed,push,901d8bd760162e3246fb2ce182d38a37c775637d,8989043
passed,pull,fd0c096895bca9ad3dc92a7f1ce4716162917be5,8989011
passed,push,3415b966a72c5a7326f76301bbd4f2cf2bc91f97,8987130
passed,push,5e3735d209e3c4a4e620dfcb161806439ab3be75,8985785
passed,push,b3a9904aad5e54af25575a9973b8013e9eda8873,8976201
failed,push,005c346c609fc2a181abd81d683a173d12f5e265,8975114
errored,push,17a2331f96a89146fb5210cbe845b6d1505a11e5,8974955
passed,push,17a2331f96a89146fb5210cbe845b6d1505a11e5,8974899
failed,push,db999b1151c3f776fb2da9218704a7b78b3b9c58,8959403
failed,push,a07ec36290235106741f70f81b0f589f2a2f14ab,8954483
failed,push,5cfa633731f3682afee097d3f9309da2601b612c,8951232
failed,push,28428ffa19daefabb61697792a7c130f74e30c5c,8948264
failed,push,6e9bf8f3337bace0d0992996d478ba69ffbcb6ee,8934159
failed,push,d3594693a77b72d447ff57158d8ac81df5926476,8915488
errored,push,9356f9c6a9769cee6092d6ab5030864d132eae06,8915476
failed,push,835412ce5cdb30ceaf82fe43ace15ca7b5a14fd9,8912441
passed,push,8e1c9388086e0eec1537bd734bafed39ada30071,8872647
failed,push,5463b8f87d835f29ccb1c4feedad7ffad49380f6,8838780
failed,pull,34492ea7312fddb7c53d62ac1e605407acac9f50,8838693
failed,pull,f333a52be71f54adf5e1610e4b7c7726bc6fd2b5,8838585
failed,pull,0390c9b9d146695ea9375a624b342709b9195afe,8838393
failed,push,da8ee8f962d32eb41aefb6eb6cfe1293397f9e1b,8828237
failed,push,ebecbe11f9e4dd70e77141ad54e363e9cbff508d,8827162
failed,push,38b9d645c283bd4a3c2434a731bcca39d3768e21,8825601
failed,push,d438468f1cc05f8466165de84021dd57e669401c,8812461
failed,push,b4a2aaf2dcfd414796fb4367446c03eb70d63108,8806624
failed,pull,8eed1a919b0ae98de122bb366c1c64d99e3f2380,8799855
failed,pull,02dadb10b7baa4e26fecb19170b1f725aa12cd5f,8798394
failed,pull,cc5b875571ccd08c3f609de2ca3275e3a57bc2c2,8789439
failed,push,e9d4bee4fe167a6bbd9fc5e71794ad81b8158328,8721438
failed,pull,09e44baec8a5c35b194325113f0bb48fd02b0847,8721431
failed,push,1e13cdbf1593df75358821c900b9ec1880a42e12,8667561
failed,push,5b90a8289bf6613c97529c0481e1e1168f485f57,8665483
failed,pull,804f798d184df7f5a5b4b5c796fb92ef861e77ac,8664857
failed,pull,b0c24c1e39a46bcf9585390d228cc0708daefcb8,8664855
failed,pull,185dd9590eab59f487cc920c0a843653f8a7dfdf,8640447
failed,pull,804f798d184df7f5a5b4b5c796fb92ef861e77ac,8640443
failed,pull,79e742e30d392b9e4664af0e4ffe6d01a2d5af13,8638316
failed,push,e09129ecf434a514d8e422ec3f407afc35f16b42,8347580
failed,push,74d3e1f6a7944177e5a853cdd41155a8a2748e9f,8345086
passed,push,67bcb76a96f358fc131320b0611ffaa3bf3678c2,8290160
passed,push,6384f667e3c3102764c9c3217b69dafc6f0ba43f,8284001
passed,push,6a4baf858358b3dcc1e90fcbc8a329a51af63b32,8148883
passed,push,43a631bb9a9aeafb766d91867e236fdc3e0c8040,8147379
failed,push,5393127c8989114dad11aa0a6d3f02b7a9a6b3a6,8146066
passed,push,91a92bff192810164d780ddac0dadead70706477,8146025
passed,push,e1b7ccf6e841f5fe3dc9625fa8a751774ec0a387,8144969
passed,push,0f928f3c4ee6718c569286ef7c794244b80f828e,8136423
passed,push,2ed61b593a125f6cf1e79ac251cbb2c8d9f802d0,8119323
passed,push,52fb6a8444084dd558a8cbcc50016b1b2a7da366,8119245
passed,push,7f9a5610799c2b23989e6168c24f3499f7cba9f9,8107465
passed,pull,c37bd9d0577a4bd1bc8d0107a00004959a8bf1bf,8106575
failed,pull,878416782be5f4acea61cae61bd26404137ffbc7,262692267
errored,pull,2eba47fb58ce6867a5aad43f4aa72c3100db8bb5,262691858
errored,pull,53761becc478f86de3cbc4acf0fe3838e9b1f1d2,262691400
failed,pull,e2ea1e57e3ed792dbcd7331a542da870286ebfd2,262690630
