Status,Type,Commit,ID
passed,pull,790030123c16939d39c3a79dfb2e74926cfb49c2,268834372
failed,pull,f45d88a59b0bf52c7112315cb3889d46e43e9449,226731324
passed,pull,0e9bf6e5dc95b32ee18c9dd6b784a6b88416f1a9,218769153
passed,pull,a046a97f07c4e25e4893de72af4ef3df4332f417,218723740
passed,push,58da335032a1265ff9a724fcf72d53d1f74fe850,216361157
passed,pull,7176a504061fada50089cbbf44d79fd57adbffc1,215505037
passed,pull,61eb4fe301b952061f1f405b7c8cfbdcef373758,209856002
passed,pull,64ed2b69fa8f7edc12cf61b17dc0feb0f72acfc5,209658524
passed,pull,bc8e66bf9eded5d31c09540f54935ee7c1680c37,209394271
passed,pull,784e98b615687caf63d21c22cbbc162cd17b7679,205462751
passed,pull,93905af68d47f7281b29d568a08c937b698de75f,205462259
passed,push,b64f648ea332fc736a341fe9b138accdcdb8d876,201737538
passed,pull,538377fa46b4e8ab1edb630b51f9767e0e6ea33b,200242025
passed,pull,8571885c4c9a4946cf42cf1ac1be42ed422d0b7d,200219399
passed,pull,f17cb8f631fe65b6319d4e93e8d28439bae7a2c8,198773086
passed,push,d91067a4037746acb8f229b6df72aec734e5af47,194720592
passed,push,9709310f65ea3863a311f26edc877f53bce94643,194712971
passed,push,c09cd02723a695e5a239f1b3b382609ff4360da0,194711635
failed,push,8079272c05ddf87ca54ffc27e4abe3eb7677dd12,194704607
passed,push,457b1ae64aba85e6d784235daa11e21f23390e6f,194526993
passed,push,429f37bcb3b0c77f9a0bd8340bb9a457b9942cc8,194495359
passed,push,4d7fd03b198f3fbc3e72130a7552fed46de9d1c1,194476475
passed,push,322280533e29168d4dca64b2d7f16ef305c6fda7,194369502
passed,pull,20119f5c5fdefec88f62fcc1e12e7bce3778b2b2,194347582
passed,push,72e1e8f75a171c66f80c6426cf1e93276e9c8835,194023166
passed,push,ae15c9f1fb98f70be75850ea6c96edb79e393c55,193949702
passed,push,684f28d8c40ae7187227e92f26630c146bb293b7,193940723
passed,push,157905e24edaefc720c5e2c6daf97cd0aeff3127,193834018
canceled,push,5867572487b035fe91498bfb435d5c3b6befa68c,193831252
passed,push,cabc2b895f6991f9b4485c636c45a4677f5bec02,193830467
passed,push,f9f9936aca8c9f1da3d312ef6686db883ee96bc7,193829383
canceled,push,6c65226b6ea8777d9aaf6b0022f9f278c933085e,193825345
canceled,push,b7d26187ac575905ea780018e9b186f56466c959,193824601
errored,push,b8e43f54b743d5a40846577aa3431b42ce84bd04,193823424
canceled,push,27dfe6453f39232997812d502434a3f6ccc6bd1a,193820995
passed,push,787a85f6426472a7cdc45641f775d6bbb85253c3,193819933
failed,push,9390a66633839daaaf9cb9b82c1ae8f6c795ca58,193819602
errored,push,b101a9f45ef001854c0ec7ea444c9142bacd9079,193815257
failed,push,bc07e255da49dc13e0468c12eea351832fb6f99d,193802262
failed,push,822b71d23d7fb8cd1041f285832c4f5f67f4025c,193797684
failed,push,a7882db569f08f2f8e9bd061a5b0deec5e69fff2,193675534
failed,push,ec2c496289b38cc3b3686ea69a29595b185eb254,193616667
failed,push,4a151bebe24566c69cf7b56ecc5f7d71861a13d9,193615989
failed,push,cc823c4a15389597c75fbea2cdc662ce7b4111ab,193611369
failed,push,c251b81faf25740e6afe5ac1f5f8d40f6b7022e3,193591159
failed,push,3c74dfc2ec4ef7f5944329c2e7bb3eab110b73de,193588586
failed,push,0cfccdaa037ebb7d27023af3cdb5e65c5ccb2438,193449047
failed,push,f8f54f6888bf3b54f353ecbd792e212d6503f93c,193416371
failed,push,169d5b6765142e2f95634321a7540ddc0461207c,193415566
failed,push,44405aa643b59eacd42134fd283877525a55df10,193409496
failed,push,e1abb856b72e5ea8d7aa5adebcc61ea647a9d7e7,193409119
failed,pull,e60439de17f1cf341eaafb21f734a11b54b364e6,193376386
failed,push,d5613127bbebb1b9ba1b22765719cee04a6a55e8,193315329
failed,push,a227c0647e6628edb871333806ec593b2e74034d,193288905
failed,pull,64efc5bf7433d30e5815136487df29138dd56e9b,193243356
failed,push,15d061c2fdab626259cef191ed1ee2e3497c7d17,193134502
failed,push,78ccd865211558fe22eccabd6d2b67d775c2e5a8,193131793
failed,push,8bfa13abba48dbadbcd0583a859134b652508b25,193042680
failed,push,405e998172dc95ba656f89a2d4e8ad81b7c62e23,192902821
failed,push,6e53489acbdab95866726119bee29ad949773cfc,192764422
failed,push,35f6cb38b4be57fbbf047478891898680d0e9823,192681462
failed,push,3989e28a30a539103d304581ce194931f6697b10,192539321
failed,push,4c430a86664f7434525f613997a89f1bce245f3a,192417971
failed,push,2d4b8f224e7cb9fcdb4385b19d6696e4eed1abd8,192400189
failed,push,5223dc469618892cd1a52f80fc60a17a541fb7fb,192314921
failed,push,8a2ec98fd5ebf9f3936537f531bb7859cc763cb8,192133268
failed,push,f2fbffed5c63f29a5b590ee8d6e6c26ebf9240ba,192084890
failed,push,5205b10408610e6d6fdb8a30d14fd7b0a8750c99,192044649
failed,push,6ec31f064ab22d2a9152362798f09177b2253d13,191937950
failed,push,d236b0c37355e1bc64596aef5204d8b0565e4b48,191881742
failed,push,831ce7da7152c74b84c320779ccc88fbc1f7c2fd,191879108
failed,push,229baa6ca83cf2cbbe5501a68b66b65d0c82fe2c,191839525
failed,push,8c975672a080e60200e664203958da9f53ed70ae,191652812
failed,push,354a3ec5c300c61019b052735c55af35ba8e6526,191605089
failed,push,35419296c876be27adb5205bd64b908138b8b6cf,191596978
failed,push,d2e9e01efd3dfb4964f8fd6ae961c15ce77b3b24,191592334
failed,push,564347e93bb23516f7de62bc459b4ee70b292d8b,191355915
failed,push,eaa1cc722a2a80b252e647813a62465167e9184c,191261858
failed,push,7652a4117040958518984e941398b07b3c06e68f,191012097
failed,push,3d28d012a6d5686b72200bda15555ddd5737f88d,190895609
failed,push,d0da6893885cff42e48860e08c6779b4ae93a7f9,190848175
failed,push,694969add732f051fd99c76ebf145417e6ad83f5,190614665
failed,push,081da49f1de0bdf22c4c68bf0c3566ed85ab92d0,190547506
failed,push,cac75b5b70831c50413c177265bbbd323a1b5220,190208684
failed,push,5b69e69be8df7e9ff58d563a58f42731bbcbdab1,190187992
failed,push,b1b4d5aaefb2fff87be3811f4049d92ca7b01f03,189471215
failed,push,97d67e02dedd903397853b8bff7d1461395e7cd0,189454654
failed,push,ffdba803aa5359ce73a0e6383ca7254d4d926ad9,189442864
failed,push,0a6257810a6e42207db507acb7fc973df081b02a,188906486
failed,push,c63c537767305eeebd41989e806849615b99085b,188885765
failed,push,63003052d2cce3450a68fa8ef878392c93229121,188814826
failed,push,14b4f28ced0a46740a0085807c21c3fa6a753fb7,188811613
failed,push,44c64e74ce7f6a68ede34e8bcde8e9221917eea2,188730040
failed,push,be1afd9c77e581db6fa0300d84bbaa18832ccbb5,188595541
failed,push,d9d19463e44cd67dbc0bcad3275f4e0be4a9eb85,188544307
failed,push,2adb6515071654144ec429d123bacb92fa054bfd,188492426
failed,push,22f59fdcf9714e92da746c2c4979fbb7c7cf0db3,188446484
failed,push,3caf428cac356c58c5d4dc6df2e39205a449f7f4,188431556
failed,push,04acc44a1212d37ad2f76983e52a22e30fd67ed4,188427909
failed,push,b4651540c6179d9e45a0532569d79bda7f205347,188300636
failed,push,e9aa1c1a24b76b04375b06449712fc0410d531ff,188251789
failed,push,e20948fa2bad7f042af6e4235d95bc3d2e74ef4b,188161100
failed,push,760af5a1d6281d38e9bba5811b82a6d2c19e0061,188030496
failed,push,c38c608e36d0b8a87c756484604d1e40188b50cc,188020151
failed,push,b5538238d2474baf2d66e3f9c005127ae29daaf4,188015029
failed,push,e06e3d1c24477628eacf2203fdcdb89c86b1b8ba,187996358
failed,push,846dfc019bc52a6681113433bad51510c84255e7,187993522
failed,push,5147c5d7ec9ff5620d6b3162d0036756fca4ff1a,187989495
failed,push,d1fe61e162673bbd3db3daef658973e0c9466889,187986787
failed,push,4d0032fe280891663ea3e3516322357816b0b34d,187984765
failed,push,4dfed107395ea10115ab8058320a7c45ab886edb,187903302
failed,push,998eeab773e89f755083d3ddb1993e467876e11f,187878261
failed,push,041f58d18b287d505c00124b9e4a748884c34559,187874550
failed,push,86dbbd613b36d2d68934509ac5befa0c099ccba9,187846028
failed,push,d764a888dfe9c46dfcb51f63e24fad8f1d3818a7,187723972
failed,push,d7082df2d3a0f10273d0b82e4b44dbee3b73d37b,187723675
failed,push,d0eb8bf42afb3b18ee1b0f047549a2017fe9f8ec,187475453
failed,push,f61adf9625d594f97d7893a3520eb240a2cfc101,187474694
failed,push,10f67077c3299401b2e8d39f11a396e0899ad2b2,187468022
failed,push,eee6c7729f161dae356513a30021c96259137a9a,187464132
failed,push,4c66f33c7d5445ebb994f046be0fd6ff6a4a87e1,187458631
failed,push,8d06bb04ace4ed16d51b820933aca249d3908a02,187456242
failed,push,2beb80faaf4eb8f441892c43ba79da76e4f47e13,187426951
failed,push,492d5576de375fdfc692ad1d5f4fdd5d15921e2e,187401203
failed,push,0201d1229f198bcd2e90411c4a4f5955b94d2096,187399049
failed,push,827bda4c057bb024cd6c1bef510c44b120225c42,187394435
failed,push,1ebba4f26af351147ae52d16611fcea400a64271,187393043
failed,push,dd613bccfa4a13dab0df6802979fbced8f9a8aa5,187376299
failed,pull,13b49ea5f098adc8d9e5e4763ae9b248668ad1c1,180646666
failed,pull,8b8cb3ecb5908fa7041fe0472ae792c28f5067b1,175013666
failed,pull,8b8cb3ecb5908fa7041fe0472ae792c28f5067b1,175013532
failed,pull,f1ae1d6e0c76781f483608f791787759f347c224,159757625
failed,pull,6b734ac54e60bae78997f1a8d6f5be5eb960f234,159757347
failed,pull,6d25e14b727d238e6437675ec7762fe0594056c0,159546785
failed,pull,6d25e14b727d238e6437675ec7762fe0594056c0,159546632
failed,pull,4bea0a3a83365ec5b9e15a4d45672e11bf33850c,159546219
failed,push,df81d06c603c6f3bcc440a8a9cb68d237ee551eb,46336719
failed,pull,93a0c4c3f7d971d9159f226dfa2353752987db8a,46219080
failed,pull,c7a37e237f9a46741c29bb7478ca15693e89891c,46146373
failed,push,6a788aaac2096c85159a64b910028481095d97ed,45122305
errored,push,a01cd0b08f6529d7bb8e4d080869da47f12c9976,45096089
errored,push,634913540b52a82695608e59dbc2b7243f87850c,43730711
failed,push,66940a01194e7d890817d670da791a790623286c,43730559
passed,pull,2cdbdd44358066e9b183089e47ffedb03864e6f5,42967106
failed,pull,81feead19fb19d5c46f4821e53b808eb0b919421,42957933
failed,pull,79104b7458059c598c6a9a84b140b8bb798c30c8,42954840
failed,pull,ea658a2ee96607233735acb197ef0b1d9f019b05,42954505
failed,pull,789d7c0993df73065efe1b0e759822c3c032c662,42875794
failed,push,eb120980ace26212380aff348c5ff9090da2dc61,41729541
failed,push,6f239551c96da8674e01351ad200bbda7f27bf87,41697172
failed,push,f1a4295da24b0e2b58576cd9fc327e2c5492de50,41691898
failed,push,a4e6d466a241576b9573f2738981c2f5aec69bc7,41688216
failed,push,da72edb6664ad79bad54c2857632abc083cba4ec,41688028
failed,push,26d543ba986dcf28b3a4ab8a41b15bcfc0007ed6,41686727
failed,push,4b20ccd60dc2e57dfec1d2d1be51b42a73a7d324,41686354
failed,pull,392b2993145a7414dd54dcce2349ab6eae24018d,41685968
failed,pull,bd2075dedddfc88a380bd89ddeb702fea351916b,41685412
failed,pull,6868ae92ae38b6662d7e73f43ff3c0bee74faf5b,41684358
failed,push,7bf465f912f6a09dfe9886568254c29546205f22,40516485
failed,pull,1c0a7bab05835d0d46957c6d3b191f7985d06a1b,39920954
failed,pull,c0f55d8c243d8e7c8236fd23339e07bf2283b813,39839399
failed,pull,de2023fac833a9d1e555082f869d7580e6b67d52,39690924
failed,pull,8ed2ba2b41c9a1834ba2eda6d0a1c51d84d4cd71,39674012
failed,pull,8083b2e30ebab985b71a48869dad61c1ae39cc22,38342905
failed,pull,d28b90e87b7062902f40d8388a5077b920beb42d,38340331
failed,pull,8316761ab2c3e4ab3aac7c34a456d707f4d7b938,37787436
failed,push,429cdcee61367131d99d711305c7c22597bc5652,37750990
failed,push,1073c070e192ca9cc91a2cd02d7f49ef19562bff,37691574
failed,push,eb5018fa78b6d47a99b44dc75290379680b20079,37690693
failed,push,9fbb219d391c99e4876cd1f86200b82533c212ac,37258698
failed,push,9fbb219d391c99e4876cd1f86200b82533c212ac,37258214
failed,push,7bcb464b697d610ab5d9f826dc82a4d0b5738d11,37253568
failed,push,558cd3c7b0546566dc338a0c1416fd0410af5deb,37253293
errored,push,7ed5da00952d321c65c7d5d988c1f821a402d3a3,37253276
errored,push,41c0e80c2e8f1316270e7d2fa4bcbdbf88e85825,37253174
errored,push,6d17cdd2f548648caa0cb61f65064dd0d7a460c3,37252421
errored,push,029690fbfb841e6a14cffd5f2c7a12ecbd9b175e,37250233
failed,pull,73198f383da1895c000581d30415d996e81f1fe6,36945747
errored,pull,3ad00c78c0e9ba927d5c7dbfb81c643e94b1fb53,36945156
errored,pull,51c0f6e1444a3857d35ba588360cc7007f00d19a,36944071
errored,pull,d49545fee2a418bbb17a0930b380686f614ca017,36557110
errored,pull,abb3f8e320b0b86f8a972876b53fe816f79c4ab5,36491484
passed,pull,cdef99c9394bdeedd5694e2c9fa143f43af852a3,36236473
errored,pull,efa9d5e220524d601456e496b6ff29cbb8712344,35743167
errored,pull,8398ecdb6cc680db2b246c451e650c51b9973a71,35606828
errored,push,1418b7b3dfca39f3f278cb2091cc8323f61539ac,35259517
errored,push,1c1764e35ea0f2481993a0dbe4bddefaa59f509e,35247754
passed,push,20d6438a5cc2568d5943ff99212935326d8e8633,35138916
passed,push,575b3698c3dbecb075fce5ee82526fb954c7a694,35132441
passed,push,40413d6cc7df9dcdb58284f654d90533c035ad3b,35132225
passed,push,9b7d7f8077fe9db1524642b98c2f132ea3f16abd,35131833
failed,pull,a0c8e3375ada1a5dc8f1c04e12097130baf00287,33033974
passed,pull,4412ecc22e9f984a622ea208ce63b61aa5e4ce38,33031718
passed,pull,16defdeea641c6cc15ad93e8a8ba98d68a771576,32754908
passed,pull,6507cf46e9d97ecc9c4cba86b1c69a002dc253c4,31773703
passed,push,ed3a7f44bbdcf00a61228268537607e572c83482,29021890
passed,pull,04ebfbbbe7f6880f6fd9a698289917344bf1a1dd,28845926
failed,push,b0f8770f66344d14d7f2fa3a18923933cacaaa27,28570564
failed,push,9ca3f7608b101a1b3da003e0fc013e37b0606893,27933426
failed,push,630b678d5f2f3022b07b3bf7cc2a5378663d30bf,27847380
passed,pull,5a72bc09b557918f185fa5deeb3bf630c9367b51,27687473
passed,push,f9a473631aa2640d7f834cc9d34a37d07177ace0,27662039
passed,push,d582b3df77f4d899f9306628c9fa8ecc61f5e458,27461331
passed,push,a46f2cc9f4a7e175bf2fdd845d03ab8c198c2d7f,26951173
passed,push,9da096b3a64e07225b8b6657927af13f295a18cb,26865692
passed,push,fd8d9cda7e03249b546f88023a4231e3c137e5fc,26859761
passed,push,3bd4475a6f475ca96c8c6a2129878a223aa4d2b5,26858178
passed,push,2557ceffff281c40a7d57b409efc67713320d55a,26820209
passed,push,a4f1dc9882a89def952728daad6428c1496be486,26733511
passed,pull,6b1bfd24c11c0db89c533fbb1165327971b0ed32,24766641
passed,pull,41cc25afdab38b363a7d3b1c0375b33b3ad8a734,24765617
passed,push,1cbf7f8d2c816df7c90c665868a2e34d3c76c60c,24598976
passed,push,3b7cc4502a0a91f5a92e2eebbf4b58560bb49150,24598731
passed,push,b984b4b0a39615d021e78998aa02a80879c85658,24428466
passed,pull,f5be9ff26bff87eeeed59d9559d27af0c6c70723,24023718
passed,pull,b171f1ad2ae21d5bd5698ab66eaddec2b9e36191,23886891
passed,push,5afe60a790aa7b2854484079ce79511c51020606,22962660
failed,pull,1235788e60b7ca1555eb9060b09d79492fabaeac,22080372
passed,pull,1ae2a2bf660fbaf8b7533b42da44bbfca981247f,21616789
failed,push,c92379755c041cd081c8c4cd881b44283a80f845,20916362
failed,push,7930e23dfe7dba18786dff7958e3494f1140c943,20916360
passed,pull,6f15e8183fb5b5761e101d1617dad5cff465689a,20196195
passed,push,a11fc4c50777e582b2f2f84fc6a4d9d1679d2f08,19268555
passed,push,a11fc4c50777e582b2f2f84fc6a4d9d1679d2f08,19268192
passed,push,c51036cc44b59089834571a934fc2ab089092acd,19267803
passed,push,ed7d078dfeb73f3598aa0378ffb4d7886ee6b4b0,19240964
passed,push,8bead7d32291be51e63ff4a4709c7e41696fe86a,19164736
passed,push,3c9f98fd3f7230d2df973849995c50ca0e1357f4,19164601
passed,push,623c08c9c4175fa1ac8341a274bfbabf486dcde9,19164414
passed,push,9116ae8116a3c57911fe54824d45f94e24777161,19164273
passed,pull,93459e14b29cbc492bc27e662534fb7c3ec769e3,18932382
passed,pull,d1b05bfddd9995093487d52f59c02f2502de5d28,18932082
passed,push,afb8531e4bddec0cef370b79248af6da95ce20ec,18641671
passed,push,82dcc49dee458e20f72dfd8204fdd3c720ab8d91,18570810
passed,push,d9d30ec2ef4719f7b13af7fc12d1cb281ff63fe0,18558683
passed,push,484941eb91010dc5e624d4ff0546f876c288db38,18485666
passed,push,7051b6d5bf88ff3d6e92c3c883ff4352642f9003,18479630
passed,push,a92db01c05e862555ac605bff5dadaae50ae9413,18478835
passed,push,9a4fbb0f13d20bf956da19f6bb40a260f3d71bd3,18477771
passed,push,aefa32f27ab2fb11fa34f96917e923d1d0af5897,18474411
passed,push,54211cb88dddc3b3b767c364a8323d6007c95fec,18473567
passed,push,a5f24485ef60cc233a9e1dafd21fbf5891249681,18468664
passed,push,268b50db4233f2e54d25e5e036e94486555b67d4,18468541
passed,push,b989c99f1431b4734277fe9d0acd4b067d43c033,18468284
passed,pull,b91ec91ff01e1e5eaf904e1e5655ca68737e4122,18466511
passed,push,0c9d290412bd6b1621dba44feb761ab79d58fe81,18466174
passed,push,70620650a1f3be7410b9f79cdaff6571693d8925,18465536
passed,push,5c04af13a75ed27b70a2966cfda2a9716a429d19,18397465
passed,push,b682f1831cf1f7f3f5fc84b6be4bf32aa769e269,18390389
passed,push,8c7dd29519bb4e2651845001ba1ff0a3991cdc08,18185874
passed,push,64c14e58b2c4242596ffb55686b5504814b4b708,18183573
passed,push,0a8910d3c005663551debf0c2595946167056763,17744785
passed,push,43d1794ae440863a1de59d2dcad987b239ee6a44,17742212
passed,push,f02781e78c196a4133f232b1cb738eca77ec70e9,17677851
passed,push,0572c2a789ea4b3e4eb1a6522eeaa486917fa65b,17643455
passed,push,0572c2a789ea4b3e4eb1a6522eeaa486917fa65b,17643438
passed,push,4342c2132127eb17f048cead0307ce5c8ee07fc5,17643275
passed,push,ecc8c2ae3e938dad26931377b6960e5d54985159,17642892
passed,push,428ed55311d63ead8acb5ba4556661150235b544,17637300
passed,push,5fa0624a95be83ab4a00d4bbb8c51c22968c6451,17635500
passed,push,0ec03d93bb2ab3042a676321062e9a64125f79d3,17536026
passed,push,36827d4ba5ed83b3c3b1aab006a5e826ea60ebe5,17532052
passed,push,b6ac4c7c6558f2c7735330c6a02ade7a36f68c0e,17529559
passed,push,4358cece4e0fd205931184e057ce14f9bd8b2d76,17528727
passed,push,d934fecbea445360252477b808c3110c7008faf4,17528548
passed,push,a0efcfbb0dd365ed620b44b33f75f9b56414adfa,17528358
passed,push,c32be7a32a743ae7ba7e5f8f322757eced5f6d8e,17524955
passed,push,7dd1244ec8b825a09497da0f566461766782c75f,17467003
passed,push,39c4e5ff95bd99a0c87f80cb9f638607eab35789,17354531
passed,push,a08417717f32d6e96154cb6e729fbfe058f2e265,17354337
passed,push,477c861c80d59f2ef789ab3ddf2f00b077cf2a77,17353370
passed,push,e51b3cc94b00bb484b0346bc4a87c61e849fd662,17352967
passed,push,62ab2837e808f46b73daa8461f78f5b99bc96129,17266940
passed,push,d1e96f479ee873c4cadfff2c748821d14262dd34,17184074
passed,push,cf622ffc784ad4a9a4704528b652af955dac5875,17177902
passed,push,f5c354dd3f341c27413aa1a9544109c6493e9c38,17171461
passed,push,5a1eb2ce96c065a0eba9cfadf5f5f1f24e17f9fd,17141986
passed,push,9ad845d4e8d83f9a3d9b4be0d9b4d1c311910926,17140591
passed,push,e6f36ef3961ef8b44b42aea12f2f06e76d80f03f,17125803
failed,push,fe6524977f349de302f15effee128ab6346c7313,17120903
passed,push,6df93c856f7a0cd3853ebddea55e3972f578f7bb,17119727
passed,push,7202262953d9de73ab13c245cd18e39f816cf6ce,17118744
failed,push,8cd89650179b0bc41dfabeff223a3dbb6a173cbb,17117422
passed,push,bc6ec05db429ec2b3426dbb5f1d974b3b5172075,17116805
failed,push,6c8366ca087aed0ab4cd26bd723ccea852bab130,17115489
failed,push,585eb29ef1369af395ecdf88e797f0a1f227f5ed,17114403
errored,push,15aa962c187e22b2d9703e937a1631aa8fcbbf13,17114195
failed,push,8548b518263f85bece43de0019a83a0dc6742e72,17113589
failed,push,3d798b6000ee3d218b86544d38850ab247383368,17112417
errored,push,f513211300787bf100818a74e756007df4aca7d1,17075744
errored,push,a78733dc037835342086e27937c49e515446b03b,17071823
passed,push,8f4410017d8db3b10bc51ad267a7f9564e765e5f,17070703
passed,push,8da3f0983d6c78a0d061c222ac8b6d876408266c,17066328
failed,push,8da3f0983d6c78a0d061c222ac8b6d876408266c,17066043
passed,push,bb42deb23177bf1a987eee45744ba259f238c57a,17007066
passed,push,2d6b89e9b37f8049097ea6546a6814dc5eb1a8de,17006895
passed,push,849506e1299a8bb663443e80a54688a21b83574b,17006791
passed,push,17483bc954424af2298d7e1e04de5a3dfb638381,16999678
passed,push,daf16e57ba01cd61c796b0ccfae969d6a71c4d38,16986082
passed,pull,513cf41381e4adb496fbbc4f5c05aedd99215de4,16695320
passed,pull,513cf41381e4adb496fbbc4f5c05aedd99215de4,16695015
passed,push,265b527931fdd407377aec2ca5e63fe5a3aa244e,16627464
passed,push,be81faa7ca6a2179523491e91162f12908417c9d,16582033
passed,push,804e69df7a14f4d40c0963f1399257f366c2e876,16576957
passed,push,622efc09eda034c53996564144d0540d04271c9a,16576812
passed,push,89d9d8709d847e89b69106e220e68b0d46b52136,16576566
passed,pull,aaf36d4f7104f3cdf6ab94ca7c5413aa28050ea9,16566889
passed,push,57d6b245446eee205c8ecc722c58b04e68a1e092,16516541
passed,pull,8f27a3bfdc5445fe2c18f270fb5dd2526b0c9b4b,16511650
passed,push,ee96d83eeca21ce1f96f82f8111bb8e044d43a69,16021971
passed,push,cc90f75d851c0e534bb27554b8b877f42ce36ec4,15996949
passed,push,694c503cc547421f80cebffd357508e5c80d7414,15872558
passed,push,6ee874540eed712dae03221b6a3c544407b22248,15872549
passed,pull,ce65e0e15326e28952451bca35dd0c2b000969a8,15869115
failed,pull,4fe897abd75e618b3be4b8711d2f87754539a59d,15869025
passed,push,1cc7512fb47c1f26506092c28e1903953e596b63,15567208
errored,push,a6192f6892324951b99ec24991dddbc07846a6bd,15534928
passed,push,4ab8704990387acf086edcee955356434e3f6413,15532283
passed,pull,62a4bd433f3ba01530c19515466d22c497be8bb1,15530915
passed,push,2aab34ff962e77844700b660dd929247a07c6a2a,15515004
passed,push,d1492657248f99204d14db0490a95fb0a0807734,15510674
passed,push,1da5fb3dbafd6053fb0d49fa0a33428621c7fc05,15411280
errored,push,bd12f547038f1d92a9c2d2d45202571d15bb888f,15409987
errored,push,c5e9b1a64479605c8457793e91443fc97a72600d,15408933
errored,push,d460d19f19cb1076cfa76e7d8cd44b969b1230e9,15217232
errored,push,b96fa0fb527d83a78b726e564c582804e21e46df,15206663
passed,pull,29e7809ceb22c075e1220a60b439ca0790e701f1,15174478
passed,push,25825b007bcb287f11d21ddc68dea806484c146f,15159050
failed,push,85a3e09c9ca92dffbe39d4ab7962a406deb8fd2d,15155532
failed,push,a6f10ea1001e48199c5c6f408b09db2bf51168fd,15152804
errored,push,dfc31032bfafc090bbd572fd410ca52924b2bed6,15026277
failed,push,d2843df505fa17dbff20ac473b352f4b3d85c9eb,14857028
failed,push,488b9daa74213a0c35517a296837181b7dabac7c,14856958
failed,push,e92ebddd0b929f45b7e68241bcd0ea76b44ad147,14799318
failed,push,33c65c9592efe16da79ef7f8693f644791ea8e68,14691984
failed,pull,1666828c0ccb2bd92564ea4c61bd324c15ca3f16,14368908
failed,push,29c1b9a271d2565585193b445c3bf8052e6c7a43,14348093
errored,push,c7dc04ed828950daabd99d39f96f499d6b7eeff5,14304301
passed,push,6542494e96a33c6155de274d43ff72cb3f809cb4,14238285
passed,pull,bb0b2795415936ec5c46b181a8ce73e5e453fc4d,13903929
passed,push,f0d697b44abdd1cb25604a29988ffe80605d026b,13857547
passed,push,493f08bbd9dd13bda50356c2cad3c5d156ec8e43,13815725
passed,pull,1367be33a1aefcb36b37a5f6f4bcffdd890b41d4,13808188
passed,push,b834cb0ca081524c14ca4c35795e1d27f1f2c089,13787270
failed,pull,8a959d51e8871b0f46a2a7a29e8f476c177d3230,13671293
passed,push,1281b13473d5bc2c0cb87f3669f7ba3018ac6d07,13274168
passed,pull,48cc78307142c0cd3c21c6f5310f759348df2fa1,13194450
passed,push,c1729a8759b61a2128494c27006ab0801fa4ee9e,13193297
passed,push,8e0bc04fcef5f25debf1d2b23879d34550750e03,12883711
errored,push,0a43c81bda1ac709cd4c11aa09876aa0c0e01276,12882542
errored,push,cdaebd63a2aaeae50f400a527d9d50f3f8fb18e7,12676843
errored,push,c415034fc63d98fdef13d32174943864655dc574,12653724
errored,push,ff5a2cc32a609d5c27de71b8f066de30c51bad21,12652405
errored,push,ba28d6d69c0b024f7799f2f222f00b32336fb8a8,12631128
errored,push,40cc28caa539abaff067ba8189173e4defaf2ff3,12630969
errored,push,2a10ff0bb280e85920e7645f8e860f6372b84d87,12630563
failed,push,be1bfe9baf1f5a3e1e78c919d56728cccd71b8a0,12608666
errored,push,e731912ef5e04262b347f7369356c5d6f110d8ce,12605992
errored,push,b33687f03cb7cbc8c81716bfc47bd22e116a64e3,12605436
errored,push,476de45fc0911ccac88416dd3104109e3d0a90ea,12603113
errored,push,04c0364f7384de0066685ffecf7a67122d21cf8a,12603111
errored,pull,f050486ea6645a3a7d42ad0fbec7eda6c1b1f70e,12600372
errored,push,0e1b825699276693e8b6105c7fe76d4394e96b26,12561974
passed,push,fb420b88afaf6d2c97328ad718d0c4cc2e850f5e,12526667
passed,push,0e8ab607d28230f16bea7ae6349355657b0141bb,12488370
failed,pull,5e151c7c95b0d64af1703b653035a2aafdd7799e,12358688
failed,pull,5e151c7c95b0d64af1703b653035a2aafdd7799e,12358516
passed,pull,06e577252835edabf61bc57f7112576e14e6a787,12344810
failed,pull,c9e232de3f93397b46cea15a468a1f06d5abe9c0,11922114
passed,push,541ca01c9e2f11478179e0d7c65313e826ebc856,11745265
passed,push,affa65230b01a91ab3db47d65df353a657aacf96,11737168
errored,push,1b15fc097c69370b4fdf3a984af240fdf6302b4c,11735169
passed,push,dd2e8a775b7bde61585f8867d27972310bd45786,11660818
passed,push,32bc4c3f3ed1d0247f7013c35b0271b4428588a1,11647262
passed,push,12db040198647165043844560afd078f9ab33b36,11451776
passed,push,c3f249ae2ae90bcae74317fd2c154d87ea82a5a8,11223237
failed,push,1c3be136cc12937bc3622bbd6dfbbd7d5b7f8ec8,11090207
passed,push,8506739bbe4cb065f3fd7c65952bbe2a696360fc,11057218
passed,push,7f2352071452a17ce391a680ab400cb94fc6d5b3,10963927
passed,push,c41896d98555f45cc582c09fb7e2612f5f15b143,10791094
passed,push,3548b2064ab81775459f04852abfc39454e2013c,10273867
passed,push,3ecca205a851d03e2cf93467668eb932aeca364c,10273077
passed,push,fa216622abca8b23396d2717294536fb29f2af0e,10206187
passed,push,ce0de624948dc3fc7f8bb971063d111b18cb138b,10192890
passed,push,d2de81a5dd33a171356e0d3468ed2cea06fb1450,10192710
passed,push,f34615593bea7dbfacb74d97fcfe531d4df1456c,10191862
failed,push,53bebf26ea24443480bf2e59a6ad0f7cdc4ee1fe,10191793
passed,push,d2b80931f6eef9c38ee51372a431991b50c9fec4,10191592
passed,push,d9d4a8ddbc04191a0060fa92623607db692287b2,10164262
passed,push,cf553e3b104f503fd9becb9a9573fd5b365a8551,9996609
failed,push,2dd91a3058153c0d8c66f6434d0818f0da119abb,9996083
failed,push,69d59d5275ef92af9d0cdd9c5bcb801c3e8af2f7,9995278
passed,push,f8fc59fb02fd0ea8947e25b49e5b6a7452f920da,9994632
passed,push,39d223f49c8d817b7e6753ce16a69d12a639684c,9993913
passed,push,cfffa97fe655adc2f73708c2e8e982a24eae9bb5,9993117
passed,push,9d859ce2c0f9c1ccc6a2247d8b19dd77fbe48b35,9910899
passed,push,d152835a0c4e919cbeb5fc0aff63671cf6e4f11f,9910658
failed,push,689659ae969d5a2359680caf624a6541620c8c69,9910050
failed,push,fd1962f660f2873be289c0356280330dda8daa68,9905744
passed,push,1b4589c783e0741100f6e2f99bf95644f6c3f4d6,9848653
failed,push,41782bfb6380dc03d8932966a5fd0430b91b03dc,9848445
passed,push,dffbebc0e406a6f2c65e010c0d14619e13ff8288,9743606
failed,push,37292d183047888eddc992048aed4fa8c62987ff,9742541
passed,push,e061c42c559c2805266db7617e82dac16468ba6c,9742280
passed,push,f832f89fe1034b679f9a2cdd719fa2ec64bcf07b,9613508
passed,pull,5f90f841c1bda395fa423d088f012a568e3a6bf3,9572791
passed,push,ad4ba5346cd454a050aa6a4016b83b2aa4235bb5,9554656
passed,push,5338a0d45d06882959eecdf821c58bc54f6b6828,9540660
passed,push,a317bb4b6fb74ac1e01c58fb81bb8a65c88e7358,9483717
passed,push,c1b3d8ce377bd454d2219c0c2a15644cd366dfaa,9483116
failed,push,f73280ed386bd9e8bbe599e83b9132a6399bf24b,9441561
passed,push,a2d38af8e575dd826cc892608ca0b2d82fbb8fbb,9401454
failed,push,eecea81dc7db52197a1aaf182a72db6e2141ef0d,9400053
passed,push,0b4daa6ab3300278fe87e7bfb5de419935e687c4,9399856
passed,push,c566761ae2deb7271e9f3ae7df56e28bc2c6355e,9393419
passed,push,498ca406c0c4d88233f9034a676310fc3619a61c,9315705
passed,push,55d68ed84578fc7d1dc20e1df10f683239d67c5d,9231644
passed,push,686d26391cf16ef3be50aace4d1f7c06faaf4521,9198534
passed,push,3574b0c9c615ad2ce0937abff248727dc9eb5f89,9193645
passed,push,de1527f5536263de2fbd401bbb74fe923f6607ae,9138946
passed,push,f7497f6df9242caf8895783bfc0bdda8f5262031,9068372
passed,push,2b848b28f77c5a5098508ae2531ebfef8093f8fb,9068261
passed,push,5159a8010d4fd0ee644c52d973198858f85a62de,9067699
passed,push,d4cfb6bf6a8230cdb02e6a6ea31274c1558878cd,9067298
passed,push,7bbf836fbf6cf980c823800f944be5597fcbdf1a,9066660
passed,push,3720c3555c1194054a08f7ee2530702fda4f569b,9064335
passed,push,8b3e173787b83336cf1c5317ff4c36d1c3323865,9044161
passed,push,e70ff75ecd87f5a033fc344c48cd740867e1d7dd,9043392
failed,push,f8ef90f6b0b0eb61e14e2185f606e546fa811190,9018663
passed,push,5e35feb6912a6dcc2183c37e6b1bde448ed91975,9016828
passed,push,7cc72a0190d07560b0eda159d959ff26acd80b8a,8977638
passed,push,d842e552c43ea1c95cfb7dd5168a8e729ac3f046,8960679
passed,push,4af636d29aabc0dacfcffa86083bb0c35a690d55,8935506
passed,push,327013719ecb2d02774d99f17a65210673cce094,8933743
failed,push,b6036ccb0ba929f76c1e26dd5ce2dbf090c31229,8916536
passed,push,f43b92e6f4e14160b9db1b9022e9d8e68cc90e7b,8916403
passed,push,f7c9d28917eb99e38a7011e3715cb93927ab94c8,8897979
failed,push,dffc9dbb10c55c97a86b17b746859f312369de63,8895653
failed,push,bfcb387f8474ba5cb5b40d4612feca950e78c6a3,8890471
failed,push,9c2e9ef5b8631112a1187be1e4882b4bd0f86bef,8888481
failed,push,0b392ab87d860a91cbd9501cff9fd2b97f97a4ce,8840278
passed,push,cae3d9ec81b16a4b5091b8d957faa51bc7400794,8840206
passed,push,f477f8a9b23caa2bd46d536f4d3cbf0ac4367f26,8839934
passed,push,26675928a9414833539a27ea083f3a261da93e59,8839709
passed,push,f3e25d554fcff3f98b98e583451fa6648a0cf642,8839333
failed,push,502cb4fad85dd5a32d8630f0429422e176bf6c13,8838945
failed,push,51adcaf5681b995db1df933d22d02d803e9523ad,8838707
failed,push,ee9f4a96688098df03ae8f3a0945e93608a5742f,8838562
passed,push,c1f6fa02f85d8b274059e15316cc50b69de0a9b7,8837706
failed,push,d1e46e9d5a60086a3d491499f525636492996e8f,8835833
passed,push,ce277a8e593d8edeada4ed246b3a67b91461b995,237756403
passed,push,4f46cbd64c1edffc77bc9541296284496289f940,237755606
passed,push,e7b68e44436699611c8d73469807b2d12d17ee1d,237754743
passed,push,ce277a8e593d8edeada4ed246b3a67b91461b995,230022950
passed,push,4f46cbd64c1edffc77bc9541296284496289f940,230021927
passed,push,e7b68e44436699611c8d73469807b2d12d17ee1d,230020333
passed,push,204bf1289ffd62ff5fe441941e8d82eb312fde31,230019469
