Status,Type,Commit,ID
passed,push,0c7e10216b0ad0d8b3950fbeb504d6aa810bcbc2,296360197
passed,push,b71540f93a5a7bf9d688ab3035d717764c3a1e33,296347936
passed,push,f405e966ab4e82e0fd52bf518e1a0a23275dcc5c,253409034
passed,push,81cc33f8e60734c81ba5658ff56520e7487190fc,248569136
passed,push,21534afcc2af7af0ac92efaef27af481dc8c62d0,247614308
passed,push,238e3144b5f0a6186fc24edc92bc44e958523b4b,247614280
passed,push,238e3144b5f0a6186fc24edc92bc44e958523b4b,247614265
passed,push,0dba1f242baa3b1e5a9a711e895c98f3e77735a6,247612606
passed,push,401c8fe0853955d1fbf0cab9cf8f29081c995357,247610847
passed,push,48f90e4ceb341a555673371109b7ba9f48e71bea,243771772
passed,push,8e103e327c3bf3dfcfcdff3636c9356cf05eedac,243729889
passed,pull,59edf92605430f0e99223a2c98e8e79d8d8c8a65,240893781
passed,push,7fe170a234728eebbd477eb885b9bdcdb8007a6c,239702299
passed,pull,fa6ca167fe29fc0caebb23863f7d8d8c036848ee,231109426
failed,pull,06d98228ecaa2fa107e8b9adf4a9cf83c92b8e50,231107972
failed,pull,712186e90f60b2151dddbe82abb3be70d4f778a6,231105783
failed,pull,a07bbef73477f704b6f2727fc7ff87bc3cedf694,213981885
passed,push,9efa19d595f893527ff218683e70db2ae4d8fb2d,205874204
passed,pull,1b783cbcdd8a0fe2eadaec6e8ddfcac9a2afb105,202544704
passed,pull,864b6d7a512c30db2d7ff4cfa7f2d7a1a0848404,201908122
passed,push,bc86d3b1d907999fecea2746630bba24692a4788,198217233
passed,push,d8936b4c331e7d40eaad6e5d65b30cff0beb06e7,197476849
passed,push,082d49303b6869269d99304b049541e18a2c7833,195976423
passed,pull,5059294610371d8b50e2ffff7a641de0dda47509,195459788
passed,push,f1220f45f5023fec5facfbb9bea0719911783cb9,195395599
passed,pull,a88d2e4a2c739aa606265c652508324eec6cf02a,191487118
passed,push,b9c0b01083a9dc3b2d5df36c54d8ba46c285bde6,184301211
passed,pull,3b59a9820fe5dca409dc3427894528aefd0e54bb,181748298
passed,push,dccd1bf9096e730073728f68c307e6840cab8ce5,162349395
passed,push,a0608df2233e05a7cb8ac73ade70ba7f44caf506,162349384
passed,push,a0608df2233e05a7cb8ac73ade70ba7f44caf506,162349382
passed,push,339161fc2bae5c148881428e00ffb9b74aa0b959,162348619
passed,push,00bd13145f30156cd39aaad7ab046b46b1315275,151368311
passed,push,774ae7add1f6b3396e7d6554397a71f3ea1e2104,151368113
passed,push,710c46783c8f45568062c4bc7b0310345d600213,150784135
passed,pull,e9698ee2755394124c72d9c4b2d7bdfb590e0025,148264524
passed,push,48863a324800fa5949d8cdf75b563e4421e7b1ea,145894424
passed,push,07349e45399a160a75a8482f578347b8816b035b,145894412
passed,push,07349e45399a160a75a8482f578347b8816b035b,145894398
passed,push,eca08ca2bd58898310d302e63da185a568aee81a,144768167
passed,pull,0bd248026e455091012b8e0d1d49318bd97255bb,143042308
failed,pull,8823293516beabe615e773953431d1d8eb15636e,143037522
failed,pull,15362a0cba6846b6a91efab7e05079a5757d147f,143032012
passed,pull,e127d74a49d061ae8f8b808be60f88d127a87c6f,143029976
failed,pull,51674d67950c62b367fe12e354c449b867db3ca0,143019486
passed,push,8ac71b72a840a7debc676f1093b399030e25f8aa,142831348
passed,pull,7bc1482fdd599e3fdbcfeb9b2005135deb3555fc,142221438
passed,push,ac716e792e4183e33574cc4e9a81f6558dc07c5c,136000485
passed,push,d883bbeb200bb50ddd12f9ee1b2238794b401b54,135968813
passed,push,a14af1d421ccd6bd17a4dfcec63bac1f6d9096f4,135968810
passed,push,a14af1d421ccd6bd17a4dfcec63bac1f6d9096f4,135968808
passed,push,433c6d3d01d8577bbf21f9d396edb560d725fbf6,135631389
failed,push,81c73c3fbf22ac2346ef5c0bafc04a9517af6f3d,135475371
passed,push,9d74cc92252d00fa16082e467549bf3425b8484c,133511420
passed,push,859e39e085e436097445a9df038a9689fecf49f0,133502467
passed,push,9732c37d7b6cf09a96de5388e85b47d3da3b31f0,121042478
passed,push,dc77c833a1e5f72425a0977b6dae711a53933bd4,121037168
passed,push,b1219c2d721712e4b1f20aeb011cd23ea9621c74,121036825
passed,push,c0e3690e006414d2142be582bc0df2b25714d1b3,121011172
errored,push,9fef41ad3ba82de13f23de3f29c7121bb47c129c,121006871
errored,push,1a50d718029685a3cc99a9b33518e29d8f3717d4,121006317
passed,push,eaee8ce2640413b20ddb405b8ee8018d73da913c,118750880
passed,push,84625ea5e37dd5983e4b6c4deb70ebcb8acb403d,118744920
passed,push,e8f5dd6cb24ebc9d64fcc3680dad9d299d0d125e,104145324
passed,push,5542b0ae9e4896431f75c606fce77222a1d89fe4,102656344
passed,push,7d72d1dc2e75b1eb0bedac3aab8e5c4a0053f127,98360102
passed,push,06d95d4352b35518fd5b855811cd8e2572610abb,98359960
passed,push,4e0b75d3bf6a503dae276d8b477ff863a86aa7b9,98359128
passed,pull,1410bb968e7ea67bcf0d17d4efc84cdeceacfc0c,89344114
passed,pull,bce50417f6fb778970121df53331d84225c9f292,86756891
passed,pull,02df3f9fb15366ddb14e89c504ee820ea3314d12,80517177
passed,push,90759d89ba3439897c487c95df666b988a7d5b36,78093199
passed,push,2355bfc45994ab23dae60c07bef4504526b3c220,77033010
passed,push,097465a3157e8e0d8bc0fe3658950b9f01052fd7,77032503
passed,push,27d3b4e7f3505d76361d93880d12e5ffba1d3492,77027859
passed,push,807b77137d75759b628deaae4afd8720d6d61fde,77027855
passed,push,807b77137d75759b628deaae4afd8720d6d61fde,77027843
passed,push,a50901a1b8ad2518929ea58a2994e9d7785cf1cf,77019524
passed,push,45aa96a1fdb0da750f45b7053595f49c8834059c,77019512
passed,push,45aa96a1fdb0da750f45b7053595f49c8834059c,77019505
passed,pull,af6a6c9d0e78c00dcaa0fcfb79b54112177c99c6,75264359
passed,pull,a5fa690f0effc5b4265a4fd49fd77944a637ffa3,75236431
passed,push,b20153abedac739e705d4207f055fdd9adaa4c13,74953954
passed,pull,a379d0ccf8de7c0878fba17411e66c15158e888c,74353714
errored,pull,11b10f218b4983b6f86b5a6f0f7b444bfceb272f,74353500
failed,pull,d3a84d23f5fcc93d6ae671c688bd3bf07515d9ea,74353041
passed,pull,d07898a23746b7c0cfeba18330de01bb1a9aa816,74351950
passed,push,a5b7ec1c847da7b983aabc5f6abec4a592d777da,74104830
passed,push,b7411360cee0e6baabaf0a705dea3bb71af66b87,74104276
passed,push,c6cdb78f0c3aa24dbb97a9c248853869454d9703,74104203
passed,push,043a4b8fb786d5e74ecdc343d1b1b05dcd071099,74104077
passed,push,b49390f8530f5a952a27f3c363bfc42196e6487c,74104000
passed,pull,24f75397453f65f7bc6fffd274bb9cfaecf0f046,72639901
passed,pull,704ff7f735b772fd55143afc9b5cbe9e2cf57539,71975787
passed,pull,712246edda1120a625b7b8c130734ffebc4524f7,68239292
passed,pull,022cecd17c23fba6e0fbb51dc90bd3608aec0bb6,67493608
passed,pull,79e56669f1da9d45eb61f0b51751ecebe9f99fe3,61822551
failed,pull,8b5a35274d4bf1248b073bc14a5c36d8b09c6243,56622432
passed,pull,29e723d992ffdf073218a7ad84ac21c9f3f84d9f,55184241
passed,push,8a362b29b34c4ac459e71e075ddb098899c75d83,54594159
passed,push,997c5c3930a6e8bb61a2efc8eebfcfd10fac4474,54463592
passed,push,1d78747356c4e1699f9bac3d14b38e509c36147d,54462520
errored,push,67f26f541cc9a5fddde99e3572c3d3a405da85bc,54428359
passed,pull,341d479ce01bee3fb0c4748ae888af52a4166e88,53074722
passed,pull,9f291a8c9e9f89edbb25fa7a9d01191bf4675b44,52972049
passed,pull,01632958ec88bdbbcbefa81bd368a2c5da52fabc,52931321
passed,push,3349f214d2a545c14ed70eb56611accc5d286894,52076076
passed,push,f784d558da733f2f8b5973529383804599c01210,49539219
passed,push,e7723bb7d6e8f8d48c991bb48d98c8de90cf9097,49539162
passed,push,c8c8443c0dc0de0b0f77bcb3c55b5ab36af72915,47269269
passed,push,a75dbed2e560de24577a9d4974830ec8c7ac1f74,46766381
passed,push,e3cff70ffd63e121447d31b78d4f1fdf728ca300,46765611
passed,push,eb288bc6d4012604b18a37ed06a9a4fc0f10b16f,46580288
passed,push,6b32476456ad049d7237e6435ce3375215f1a68e,46580276
passed,push,6b32476456ad049d7237e6435ce3375215f1a68e,46580238
passed,push,fc5084b8fb8cb5ec875fb845977cd9f8909b54e8,46480344
passed,push,f2b631b60e3bb35eff8625b1432c243c4c14d162,46268440
passed,push,503157bbc8d2b1c992982b72c7b0efe445ae4940,46268438
passed,push,503157bbc8d2b1c992982b72c7b0efe445ae4940,46268436
passed,push,15bd7077d67e580f3990b70fa8a85fa7a8405777,46265576
passed,push,2830946ad076df5560155e5ccacfb543080627cb,46264220
passed,push,8119b7f9fe96e61eec64eafeb4dfaaceefca5bf6,46264155
passed,push,d66e2e243355bc9f5c83ae73b6bea26d0230e111,46258181
passed,push,d366158a197be29b9ae173bdb5bfacb1e312551c,46258150
passed,pull,697d646959ad791c0b560ec70c5ec281b00ec63e,46255862
passed,push,ee7f5ef971a8e326fa38eee8f2b487f3ea80c510,46249600
passed,pull,8aecd30d2badd9340e66549e5249b63cb2cbf39c,44598081
errored,pull,2e67f51b227ce9b92b3c5c67dfce83fac6d825b0,44597671
errored,pull,1b4f90c6c505ece2974b8e1e36f9be0e36613b63,44197223
errored,push,28bab527f3e4149b858d8bc726100fe5e41516a4,43287074
errored,push,f8e148f09bc5e9035ea32ee30c7a2adaeddc4f23,43286004
passed,push,d5e0b3bd7ee07c1ac7e1edad271cc57170afb784,43282483
passed,push,d5e0b3bd7ee07c1ac7e1edad271cc57170afb784,43282476
passed,push,e0c5830808088c013523a5d235e891fb30d878f9,41068843
passed,push,963441a7ff88d0799b02f3c7d1424f64656351f1,41068169
passed,push,436ad5281b4b6b0a3c18b4f7d48536b3ff39e6a1,41064262
errored,push,486277d05b97480dd4036732231667985e54fbc1,41063684
passed,pull,4fef98d8cd5ea9d8114300b92ec2469676830b57,39688034
passed,push,93bf8a710328141e84e1718505431dac6ef0ff44,39344442
passed,push,6fee30251f44ac107d23b73af122a356709b1a4c,39031046
passed,push,08a6834faa1a06f188ef951bf6869eeb689ed98d,38956079
passed,push,cddee4978a31d25d7f239649ba3efa05a1150eeb,38881324
passed,push,9fcb6b4b9596ababb86f7aab5067a0777e64527f,37462546
passed,push,954666bb9e79e971e19778745d4eb64ecb4f07b6,37462544
passed,push,954666bb9e79e971e19778745d4eb64ecb4f07b6,37462542
passed,push,8027ebe426ed9fc28580e0d5c23d49d31d91808d,37461753
passed,push,0a5ddca1a516b7770636b775fc3faa2c6ca764ba,37461383
passed,push,6c3f36ca624957af8118f284869f5dff6391ca44,37461086
passed,push,b92b446e3502e6010d2fc4319cb1cdc6f531f60c,37461084
passed,push,b92b446e3502e6010d2fc4319cb1cdc6f531f60c,37461080
passed,push,0a5ddca1a516b7770636b775fc3faa2c6ca764ba,37461021
passed,push,fea539c5fb179999abffd95d5483fa120e727c43,37460821
passed,push,5dc444c7733a183e90939394ad462809cac05286,37409505
passed,push,a56b037e3c8c59da703d845ea4d6a531ce0c3c2b,37409501
passed,push,a56b037e3c8c59da703d845ea4d6a531ce0c3c2b,37409499
passed,push,fea539c5fb179999abffd95d5483fa120e727c43,37409324
passed,push,0ca6b5123e05bb7d16af9fa1ca69150cccbcc42c,37409057
passed,push,f69e862b7efd311872717b87f28811c3569f5e31,37408304
passed,push,c8577f3a3e3ceadf73401c2e49e80fe57185f1ba,37408302
passed,push,c8577f3a3e3ceadf73401c2e49e80fe57185f1ba,37408300
passed,push,0ca6b5123e05bb7d16af9fa1ca69150cccbcc42c,35390395
passed,pull,6e3a02c6222a1a1f7d5fbe49ad1a223217a86818,34585601
passed,pull,c213706c1cf03ec2b086295f65a1a775fc1cfbde,34581949
passed,push,1313a4a83d26b795f5d08b501791c6003e5a45eb,34422709
passed,pull,ba2ff6a0348438c9c5f7affacc532b3376df19a3,33642154
passed,pull,d8430bb359e6771c20e5a79f02bba0a7aab89b40,33628857
passed,pull,81e282fde58d8b8ee1e04c27a01e2bda3766e5a0,33628394
passed,pull,c478fec8fc895dbbf41268c7962291c4c2a602be,33627573
passed,pull,0e57edf8880781aef3055070008df783fc680e64,33566370
passed,pull,d961b5f67ffd0cbc7a027ec4df59605171227315,33446212
passed,pull,a5c268cf880b2f4127db09e88894e08425dbda15,33441694
passed,pull,5b4e8ff5e8d35991748918e1ceaac215ab724416,33406234
passed,push,e5c173ebaa4e2f187b92c47a93f566810ed2fd86,33312379
passed,pull,a01d24428d3464f013daaa18a4931b5cbf5e09a2,33312188
passed,pull,99e8686793916fb95315d452da2b562c8d3d43ab,32950412
passed,push,40854d122f0003ac88b51e06f623485eb1e07d2d,32579264
passed,push,334801b41e6ddb3993d7ea53a13737a1e697de72,32576364
passed,pull,15cf745e9774372eb653bab5cdc12c2441571b8f,32565382
passed,pull,8235c98e10a3cf88e0eb7acc5daedff9bcdd4b29,32518764
passed,pull,c3b03b58fe36bd5d4598a9409590bb1f66e18372,32515421
passed,push,3c72547457d88e3a685ef88e7b00f33adb436364,32453854
passed,push,22fd052c1088893adbbbed3adb75f9be4f8e3df9,32453679
passed,pull,d5a171431f7fef75d68644ae21479ff32c7a589e,32420765
passed,pull,9b33177bc7fe2bd2d780e132abf4616b7360a965,32417673
passed,pull,75437f403330653f623a400cf78020805ddccd9e,32410763
passed,push,08bf1cf595b602aa6a7cf461d14ac0166206648c,32372016
passed,pull,93ffc94bab93ae871f2ffbe7163dd40859167b78,32371209
passed,pull,9118bfa17cceec71bf0d5e0feb7152da11c4508a,32244427
errored,pull,c36c186e3b809d720267fa9247457c58ee3f8a46,32238686
errored,pull,734e98375db0bcd302f5bab0c31261ad9a57b508,32238334
passed,push,f76cd04426cdb338df14230c52bb7749869f2977,32179961
passed,push,114b7c47a3963e7ab2785a4b0df706c6a6e28e7a,32132561
passed,push,d0a5cfab185a18424e6e97923242153340800ada,32132511
passed,push,11678a368409022dcdcfff99cc925129ecb263d4,32132509
passed,push,11678a368409022dcdcfff99cc925129ecb263d4,32132507
passed,pull,54d4f65032cda0e085e77851999212376ab1e88f,31933174
passed,push,4c88004cdcfe912f7a7b4d6a3c1770de2214873d,26904619
passed,push,795c8b1bb1aa86225b536a956a481eddc80040dd,26533828
passed,push,515188d1a5c28260428e8824a6892e67275f961e,26533817
passed,pull,9bd3d7276aad8694bf4a436f0ef294d43727c012,26495627
passed,pull,42041e56500bfa565eeec95de8bbde7124a1388f,26170033
passed,push,4a750a9ed92c4d01c37d3b9e0ad2c5a14728351b,23986038
passed,pull,e7d4c8ab0577779473e0f4dd9a82947c63ac365d,23985365
passed,push,26d9b3a4377a8c479a001d8697bdeea74a76fcb5,23982467
passed,push,e0368cebf054d34d7818ed0dfb6c6c565f72ac3d,23982465
passed,push,e0368cebf054d34d7818ed0dfb6c6c565f72ac3d,23982443
passed,push,91b98eae12123f58eb1a2a7f56744b5a05cffb53,23982062
passed,push,91b98eae12123f58eb1a2a7f56744b5a05cffb53,23981764
passed,push,c8fa9d102aaeb0e6c9bbb2a82e6308526440d27f,23833899
passed,push,c9e64e12d0193ffa5fc2b7fa2c7c0ea05067281d,22863139
passed,pull,6b1d2528cfd3e14f3230a34a8fed50f942dea10b,22535829
passed,push,f54cf1ad89706e3b6e6fa001e97a4b1bfe1b08a7,20368810
passed,push,622d16703b91ad46f0826b572fa46ef84ed1c5f2,20364657
passed,pull,953315da76b217878fb642673e1c22cfb13eb6a5,20200535
passed,push,481b9fb01a3997844f67458b036823d29c1f9d20,19450654
passed,push,c8e523edde401ab723aa3a58f6c9f1140bcf0ba6,15327465
passed,push,47e7e18ee2ea8a8adfea28190552d9a5b46739d3,15327463
passed,push,47e7e18ee2ea8a8adfea28190552d9a5b46739d3,15327461
passed,pull,4a7594e13d46faa169ce47d1e5db804dd3e06163,14043428
errored,pull,de5901e0ff5757d4290057170d0214ac599131fb,14042507
passed,push,bdb91d46c08e2aaaa12d6e48d6627e734d331370,13985033
passed,push,a96ab39c93a51d01d0f3eef240d2f202154619d9,12903809
passed,push,e32b3a03d33b7c2dc62954955f86c109b51133ba,12578675
passed,push,4a6871184ac68b4aca889f17e0125ae971333b82,12463839
failed,push,40d2f69084b3be3e2f68083527be660890271e98,12463817
passed,push,92a09dae699af7fc0c66250e903287721e806833,12376058
passed,push,2dff1b179117841a1f2d8c8db7578b025602fcb4,11562909
passed,push,648cd0f3208649b91295e3ebed41b60746c807ed,11368398
passed,push,947828b41f6b14b9dfedf7dde8b8599c72b7192e,11364146
passed,push,42bb9dc83008b0fb92c9f30b5f9c7e83d454aa32,11364144
passed,push,389ef574c874da153de6e26dceca9e2ffdadeca1,11364108
passed,push,f2bc1b52e482847859a3fb46bf3361a52b91ce56,11341785
passed,push,4810a879a83e723095368d89e451e7ff776b20d9,11331935
passed,push,96308a0ee4f6efb15b8536717eb6e80d2f465985,11126524
failed,push,071a1334ba886335defa3cd1e79cf6bcb852671b,11112327
passed,push,833b1bcdcdaf91e02834afb3b060cc181180afda,10940354
passed,push,5370d9c78d64817931d67c63b34e90d437dcacf6,9412484
passed,push,a483708825e734e935b51d78497f15d737b9ae42,8893491
passed,push,498745ef045f31d691a9d9f2908ada8e54c8abbd,8607250
passed,push,d461aef645346973ad0415914d2ab29bb10c52b3,8607248
passed,push,e7d927c1e08598f1f57a349db11b3e345d16db11,8437435
passed,push,e7a6bf2962be14643284eac86ab698e472bd4143,8397909
passed,push,86a03af6140ce34056f675ed8902cef6860106e5,7812891
passed,push,51ec3c8a3254df11a57e9bdbeb23eb85789d61b7,7646074
passed,push,f8d538189fa5c435b207e94e031b1a5360b17265,7474017
passed,push,b075303c3e46d240eb676e403bb335151def9911,7473808
passed,push,949f81e1044f3281299b997213465b918fc7e739,7305082
passed,push,f04bcd654f1008d459e55fc4bba3a8709423dc55,7110782
passed,push,f0988ebe2b8a57a6f819403a49088b6bff537547,7106281
errored,push,7f64a09168ec51eb2091d94eb97705ce852232a3,7104384
passed,push,ef5ec9e31328606449df059384fcf0df0d7c8915,7086258
passed,push,e9fb252882ddd75fab5a42c7d77d1addefca58da,6906285
passed,push,03f01da62729005494747e352e97a8c564ab891d,6906197
passed,push,e10fa28496c408f0c3d3407403386e9a3e5950b8,6906195
passed,push,2eb044128885f5e3662e723986eae339a7ad33f8,6861231
passed,push,d02f2b490fed0c6bc32c4fc59beb332d71dfe334,6434540
passed,push,489d83cf734d5ee2ffae62d66a7c5b9eed4a659c,6427104
passed,push,cb5ce06bbd2ce8a7cf05c2f7d568633b02c8098b,6312587
passed,push,edc76237f9258c819efb775f9df914e0f4835872,6312585
passed,push,34396383f306c11770f173f59ef01055a6443857,6131548
passed,push,cdc8b0730abb4480a22f91fb341c0cc48975e7cb,6086172
passed,push,612378fa7816d1e43aefaff3868fa708718b682e,6086168
passed,push,34904d55902a9955b5a88852c7c33a8d118ca85a,6057489
failed,push,cf115392518391ccb4b85c70d307b789b6ed1f07,6055240
passed,push,f9322251903d5d969b7d6b1e272955a722adf65d,5942415
passed,push,d0eadf646a048ea73ebc8f423aaed5060c33c7ea,5932518
passed,push,28cf324e5ef656f52273dbcc845002fadae328f6,5728565
passed,push,e145871d96979ab29d1955c453670829510172ec,5530923
errored,push,f5473caf994746c4221b6dcfe450d6fd4e644f2e,5290764
passed,push,8f1f5080fb6c7c77c26cc57f3541afbb0c58ad5c,5288576
passed,push,9b2e6564887bf048a4f9cb52b328a6f01cfec9d8,5275863
passed,push,6031fefa92bb271f3ae6e101b4cb96fa9f9d66b3,5193637
passed,push,663ff1adf349484e200f8fd4e03d66f7fad9db17,5193635
passed,push,20c6424d8f0e422f2eb15e4aecd5c2a3e8795197,5193497
passed,pull,ea48733941903962fd38388280bf51f8bad96025,5147678
passed,push,655cf77b0e4b7d7301403d2de23e3fb1508c6d31,5125766
passed,push,f0a80bda019c0523f2a2b775d45c25f7d7a0bca6,5118574
passed,push,c2bf657db8a169b315e8079cfa0f445e4514c92c,5118568
passed,push,58d79cfd042931265be0c709e1196b59fc0f229f,5118515
passed,push,3a9bc3be67ae4edaf74b811a5a91ebaa9c06b174,4920857
passed,push,45632449948451426f1856e469c61c43f7356c14,4919149
failed,push,5771a15b4405ab855b3dfd6a3be63e44fe4eace1,4919058
passed,push,d16a3d50ddaa9cea1efb3c3ba196660344c10e9d,4554373
passed,push,ab82cde20b8baf476481bbc8e611f2b599aab89f,4554021
failed,push,74a32b8e58e0ed31b4f54744f02b231264dc320c,4553974
passed,push,a76497f7e59e214a19f4b3fd5139514d673f572e,4445771
passed,push,e56d8f350d877f7afe24c096da0ef359440284a5,4334951
errored,push,8312953c14ee538b48d63c6310200bcb601b51fd,4334657
passed,push,fcf6727d24fb273e5e4b80676a14bea000a1a8f6,4334445
passed,push,e420c81bc3290a17530a3316b08505715cf2f0a1,4237302
passed,pull,31036a9ab4500dcd2f9deff6e2b696dd6a73e6dd,4223911
passed,push,3d765d58f09ec9111d21374fd1c20f47d2909096,4127939
passed,push,7430bdc889199f36513a85ec4476d12fd896b6e0,4127784
passed,push,b3e072a612b70d45fd099f8ded1d0f90b0d36a4c,4118183
failed,push,24d3785827836708cc3ea38038086b0581f099e1,4117533
failed,push,749592d7db2aa6c3086cceb1ce432316de80e93a,4117523
passed,push,bebf119063a5f67099c8776c72d01918ce94e23c,3875139
failed,push,b38a02adf34212c1911690f8451eca9a86aaf247,3875084
failed,push,934db98d8ba854574d18aa59a01d2c9aee41944d,261427843
errored,push,26c0cc195528f541cf6cae8bd75d930aad2f3423,261427408
errored,push,7a5b01857fccc6ad8880172723194a4216d53cd1,261427024
passed,push,4ef7f21e493eec1423e660824df97e2f21f52118,261426733
