Status,Type,Commit,ID
failed,pull,8b21da417098b4a0a4f9bd801586e8a72a7e10e3,184539448
failed,pull,870edbd90af6b1b6c5a38edac6ff115ec66d505c,184533098
failed,push,7499e613443c488d4acc2ffc435df3519821e5e7,158049803
failed,pull,7cdccd7cc64b66b35361c89933d78121652bf972,158038077
failed,pull,9a56c24ce920bf54dfc64c0df1e11a6f740dcf5a,103835931
failed,pull,76e592a348fb94b18e11a02ed06a0e84f9218f4e,103715732
failed,push,a85ae721d337d9129eb49f5dc90c8e65d49d48ca,103497207
failed,push,35f3d8ebf42ecf0249334b863b705b5f0e141351,102747924
failed,pull,10869da918a0de17f520041913252e42e7592b6e,102747803
failed,push,008bd6e3bf979522fee36a5c73036dcf0a7fa486,102747797
failed,pull,6f9684cc1a40be969913ba6dfb9fb43536627b0b,102747556
failed,push,a315060724200dc5d16308192248df0a686c9500,102747553
failed,push,891ab86f23049c2a50b6da0eaede5a76709d61f7,102747467
failed,pull,2894fd6c444f1c3ea0898c2024ac52e9fd0bd46d,89975070
failed,push,8d17f1e2f58fd527f805d1a06a5103d4883f9ccf,87589618
failed,pull,296954b85a6a3237615a39cfb91a17e8bddf4625,87589328
failed,push,e92c9d5a05a7eb3603c44418847f270260a30b37,87589320
failed,push,f23d016c11a49871e0045f0a556b2a32b46d5566,87589308
failed,pull,3463f76a002ac9518240d350e440e1e1048689c8,79265276
failed,pull,5eabd142908d4e3e7d96fd6466d53be0676ce5d6,74815824
failed,pull,d3febc49e5547c50f2492dd7a9954b63f30ad238,74373622
failed,pull,153edc88cb6d03c5a3ac31609f625b3f5348a7b5,74040716
failed,pull,a44bd92afd935ed419e61bd1f4cb504aba5963a3,74008838
failed,pull,0eb0a9bb37eb014f831ffcb3ea244e1d64b6030a,74007920
failed,pull,79ad8ac277401b2da3e7d161a57828403cfc5882,74007523
failed,pull,493a5c88334fdb6a8b27600dcdf9b9d723aaf4c9,74004303
failed,push,f23d016c11a49871e0045f0a556b2a32b46d5566,67139320
failed,push,fe42ae36b310a3790f173bb8da40c2f559f4aa9b,67139317
failed,push,fe42ae36b310a3790f173bb8da40c2f559f4aa9b,67139314
passed,push,936f692ffee63760aa2ace2d189b3fa1aa15e543,66979502
passed,pull,13aa7fc0a16400a681be1fb143f33b4560419687,66462389
failed,pull,dcec6fdee09421fb6216640d3040fb28384f6bb6,66461286
passed,pull,1989c12dd645802fbdf42d9bf3cf555c1e182b0a,65174235
passed,pull,d28728fddcc50ba827e8054374d6dec25eb603e5,65173647
passed,push,a25d110c2d7f6a9b3dd53b98e6f3b4c98d29de98,61771555
passed,push,1cb0920b1a42c3edeb5658867054f7299ffdbbb2,61771552
passed,push,1cb0920b1a42c3edeb5658867054f7299ffdbbb2,61771546
passed,push,1de58c87e6eff04bbf64838dd6679740f9053b2b,61683681
passed,pull,befe18c29d52389aaad42cdc09f277ebef4c20f3,61676639
passed,pull,3f2cf45b64a2140ec20648bd1a2ed1500897f270,61676226
failed,pull,6cf2e9ca2bedd937c5cfe4581c84407bf595556f,53120167
passed,push,ebb60ac751f7afde8c70d9f0ad658c4ce307080c,47613381
passed,push,f6fb4d47a03436ac21d06ffbf840ad686fb23e40,47613378
passed,push,f6fb4d47a03436ac21d06ffbf840ad686fb23e40,47613375
passed,push,5ebd58462c2f0855a24e6fd5b536309dd45631e2,47561819
passed,pull,06372f91801139bd8d9af9efd16d41a4b8b90e71,47560943
passed,push,25effd4772b986f098864a98c47ed69a77c4d0a0,47560940
passed,pull,abbcd756ced0770bfc3a0b6ec7f2363f0b8d8b47,47560845
passed,push,26233e54da7a5867402b30e5c1c769965aca3bf5,47560789
failed,pull,8316e7c4c5b0004484a6ed1d791216326eb2bbc6,46293245
passed,pull,0401741317df8fce0dcc35b93010d696df661a6a,46154682
passed,pull,2fa170770b1eb8437441ff75f01f7d2cf860d10e,45921739
passed,pull,250c1a19c2a3332122c1779d9e8c331348787950,45920694
passed,pull,69011b20e9b4feaa43c7667ecb218c5484626b6a,45920252
passed,push,46237e8ea9aec29275c642bde576fc5109991517,44658308
passed,push,8de3a08fabc9068ae0203b6cae5197da18a94799,44656306
passed,pull,b856a7bcab630fdcfcf077bf0b87a90bd28ab10a,44656133
passed,push,1fcfee9a154281c8256eff7c4af9528f8bdabe25,44656125
passed,pull,3ffa31d31510a24e56ab70c230dcc0d9857d8d16,41651324
passed,push,2735190645b7906680e8b373345904ec1763b033,41540733
errored,pull,544cb4a3e79534e711adcda7d53fb763d7ab829e,41538159
passed,push,1885c49df4b1ffb6198a7d62d2c997687ff5979c,41538137
passed,pull,6c9684ab89269204ebeee8c8dbfeeffb77893c3d,37708827
errored,pull,801d64d4b860453b048cb7c3fa9bcc3a2bfb635e,36158953
passed,push,7f32e50b9dd9846e4acc0c39611360509809740c,27180513
passed,push,a109e2e83dd3fa3788c62b66c5bf9af8c66a3939,27180511
passed,push,a109e2e83dd3fa3788c62b66c5bf9af8c66a3939,27180506
passed,push,70a4b29bd58fa99937449ae29e318408c78b18f4,27180364
passed,push,c0dd25c015609b24f77c8b538f2835287b94c636,27178920
passed,push,972bd222f93452045097a724e9e702586e7ce7f8,27177873
passed,pull,fdd5483ed6989ee6a497d4cd5ae7c990ca80aca9,26304292
errored,pull,5838fa6ef2596ffc1b14acbea7b334db878dbae7,26303947
passed,pull,5a93801300486414bffc3bceca898c1b9f2d2ea1,25106775
passed,pull,1f3b131d858ba60c4c1c897d897892a8b328f306,25102563
errored,push,c03840b258fb8283b9c9b11b6876279cb079d68b,24988212
errored,pull,e14e4b4b339f6afd3317658e3d2a1d9e7375f443,24981248
passed,push,9b67a73fcaaef6ee1184b6121ec2fb43deb8c112,24973681
passed,pull,9750d59de4c6bf755bb7c80374abd5ca0df502bf,24973086
passed,pull,9cdd95f2cc85cab4cc6f54ff6ec84cc0fb3387c0,23461391
passed,pull,28e26a116c4412646b0c60847f6364fe7ff803a9,23003548
errored,push,cc26b6ddc3c39e9edb68728abee21b4b39232934,22300497
errored,pull,e5d023fb9cb7ba9977f64a66e8be4c9b2cf26a0f,22300273
passed,push,b821b22e283dabc08ae09786861c4a958000a5ae,19943355
passed,pull,1c7150e555f0969e3833934bcf257bc372460833,19938654
passed,push,5976f3d7ed746d0ee87ca2a1a261388a06ceda2f,19317975
passed,push,184828f4ee4f7910c378cb3be0511bb3e0676c03,19240187
passed,push,184828f4ee4f7910c378cb3be0511bb3e0676c03,19239983
errored,push,1e9789427bddd114763f8717ab66f00d207692ba,19239824
errored,push,abdd0f22018900d9cb1a5b56e24680838eafb69d,19193921
errored,pull,d8cec0db11ba06fa8f0b6a0538ec49e074d83e25,19187440
errored,push,39d5ae213db5693c1c7ed91290757e8d1ab1c5de,17518436
errored,pull,90ad6193eecc4ed6ebc5d63460089d968dc3e8ff,17518102
errored,push,2eed1cb9c0aecb086f12833aa301f9161792a40e,17518092
errored,pull,d5f2c0c44c2e5237442bebbdb3c2282d3b233050,14014367
errored,push,0a932a3af004b86481b7744d613648489c7d18b9,11702665
errored,pull,56da62d74206547c942615a957cee83c68977e1c,11702623
errored,push,3a0b80c7f5e49ebb2fc7d0f6193f933201d6ffc1,11702616
errored,pull,3a97fe54634a9e06f72c4e6afda894220fef8259,11694750
errored,push,30d31feef7c13b28a9ef7e75c6b17f2760259ed5,11694693
errored,push,96045c8a591ae9277f070d1b6eb25182a05697ae,11562839
errored,pull,1d870d09ae30cb4f0a8bcb005b1803c72cdcc9de,11561187
errored,push,b31738e56ca6e4239fcb5174b237d4289ec803a9,11561143
errored,push,33f9dd6da7fc9da212d4729c729f9e7ca0082594,11557331
errored,push,2afb899b7bfc2c9387ad6ffc003b127c0df0bd9a,11079338
errored,pull,41c85525736dbc4d49bd487c334c80aa22d47bc3,11079135
errored,pull,d2e22486cfc5fb43a48b6d358aab37419d818059,11070498
errored,pull,09196c9fc4c8d223b0d27459e593fd101da50439,11070368
errored,pull,59b4e3909e99b6844397191ece1bfdcc87e86ef2,11069848
errored,push,4a667f2da55409b765e45baa9be42da4c3714bd9,10134351
errored,push,6326fded1f19dbef72ee3ad2a78fe6da798ceb38,9991286
errored,pull,d03555886543b6fbb1cb6c5eff833bc6e0972252,9787980
errored,pull,7f5b7aed10985aafd8bd0796b1231b355cfc58ee,9786531
errored,push,06327a7ced61d515cfc5de5d6ff1ec2b57f8aed0,8399112
errored,push,eb531ffefd939be23345a66ac86d0d0e8e604af2,8399107
errored,push,9b0562ac99a0b8affbbccf94e65ec82a9fc32536,8398742
errored,push,36e88fddcaec305e6af3b5213ccb2785383826fb,8397573
errored,pull,3df6f79cd92385a7337984f706fb2b3bda8a82b3,8397533
errored,push,750bac1fb7cc0352f749ce2eec3d66901037fcd2,8397527
errored,push,ceb26dcec3c2f0f17468b831d4af46438290001a,8397300
errored,push,f498fa83412dec1b5ce64346b999231a73499aa0,8397257
errored,pull,55b03cd7f12909543d384d35072b0da3b111da0a,7165931
errored,push,8397a87137547cfee094a5fad4513113e26888a6,7165920
errored,push,467343991921b8e1c757c442a2c4080cf4487884,7062972
errored,push,2d162d4360406ad507e6255d67154d15469e768d,7062950
errored,pull,ead859b0b8f7d1ba9fae5e5cd6b5f9100088a2ce,6196439
errored,push,6815be43fba6206079b5750c031b08cd3d584501,6196421
errored,pull,edc90a7e0e15c988559051b93244fba2651e31c8,6170050
errored,push,bf6b98870f96becd0c10b528ad67d3a08a6d5163,6169937
errored,pull,638b5db45d6a724349204904006207e5c58b3af7,5951693
errored,push,ca42878dde48b9dd8d2410f0c2c97b21c00666c9,5951686
errored,pull,6cf0add3a90db82ca6dd736389e91a23d4d7d967,5951356
errored,push,9acfdc5e29906c68b711e3c57da4684b03d6c3d0,5951348
errored,push,43eeff386194172b40765c30c89917d5876dafe2,5945473
errored,pull,5e684420d00ab172ad01da8178e1c1351829b668,5945430
errored,push,780d01e3846f1995899bcc1c26e67417cd1a99b3,5945394
errored,push,f2502341232b5de5bbb980d52577ad4312e1c404,5945233
errored,pull,661ff8eaead46b0c10d9f3ba5aa2cd039ecceeeb,5944958
errored,push,c39896c80effb5ca95a1b4a40c26b9050a12a84b,5944949
errored,pull,cca70b33a59c877ed0e4aa5dff01b5564e38d886,5944871
errored,push,cd69cd26b9a4fdf800404acd5725dc4738d9afde,5944863
errored,push,7b4a186fa67d7ffb55828083d86c582c2b63c390,5944765
errored,pull,54b637ed15ec27ef4aabf817e5425ed65c14f8e6,5944620
errored,push,7c6c4741c841d303d087f50087bad533c76facfa,5944618
errored,pull,b4ea9b3074a4857e17455b4525e78a6fb4227b2b,5941226
errored,push,5da7ee98ff5495cd19f0fd9801eb45ea0de9d1a5,5941221
errored,pull,3e2b7339da713bf0d957277b5f8eb212b4aa4c71,5940717
errored,push,59838a7b9bb7e67977364623366f05c413039ad6,5940705
errored,pull,1f23fd87efe01b1fcccf8b3e11bfed78fe12dca6,5939120
errored,push,05ddcc8000efc8a067d2dc652924e19eebe57e2c,5939101
errored,pull,2a86eb86b81048ae01a48e5630ecbf810ae2e750,5675836
errored,pull,caf23e4f131756204c58a36b5e032715ee7af1bd,5673643
errored,push,ead30121ebe29a507817cf5b35a114fabf436771,5282239
errored,pull,faae5fdaff1b2e3865dd2633670497946fd85235,5271746
errored,push,a879161d34a555218f5f379593e0da80a2b823cb,5271724
errored,pull,1bbe74e2c8abfb3719c4d2a61b6b094abeede2d7,5271365
errored,push,ea721b3fc764f85637080f283a887b6ad28ba712,5271341
errored,pull,21813c54d5c89676dd1daf7b114fdd9171ed7464,5155343
errored,push,34441428b29ef2820778812b98129c9363faddeb,5140874
errored,pull,ea5e53e680033a244f43134ad14934eb9d438bcc,5140477
errored,push,d036403184a765b7f8d46cc91d47403ec9ae988d,5140475
errored,pull,77259b8ccf8598301308821ab2d63b39694aa1e8,5140145
errored,push,4f84bf1aa622bc9b61425cede346bc6ee50d97a7,5140141
errored,push,6fea4778816de92c3b15d1e193827aaa8d83b9d4,5140118
errored,pull,12ba739d041df7189c70c5af27ecfc431c154361,5140116
errored,push,24c17baca9d5f2549a802cc9b352a9f01f189cb7,5140055
errored,push,9319b735fac1dcea59941d0bf8908f477f7fb2e3,5140045
errored,push,f5de2450deba85f3c4a23157b6a124c0520204f2,5139928
errored,push,82bbe9db438ee47076a6d54e70a52b75af8a9e39,5139915
errored,push,f5de2450deba85f3c4a23157b6a124c0520204f2,4972056
errored,pull,635d8463ac3d7e390fc2cfc9669383b9aa69db24,4925507
errored,push,9d3b235d169bcce956d8259b1ab0ecbffd34563e,4885411
errored,push,e6b864709ff474d2c7510030db508e10f438d9df,4885409
errored,push,8e4ab1fc9a167d462e00ca3035c28f51e7f05a7d,4885322
errored,pull,4861a5bafb97476c2bd429934c6a6b3088bc2ed7,4885314
errored,push,237b2ac037fae825ead082941e588a6eae1caea4,4885303
errored,push,e5a357e228f9a3bd2b2eb27e3f073447fa75a3d1,4885008
errored,pull,b583f3e2ce204201cec4263635e62f976dca4d01,4885006
errored,push,94283c3f439c8e409f45d8b84360d5015712278d,4885004
errored,pull,6892ad0ab0df659f76fedb81028068cbc391b33c,4833222
errored,pull,382a4cf5770230461109a64dd512c3e2292be875,4816950
errored,push,36169f8f59210254e3ec3a6330fe54c19357dc80,4806946
errored,push,fe2b58cc336acedfd4259d8c281bceb6364a1ea8,4806871
errored,push,98a6a68bc56c5df47775cd8c34a33559a0be84a1,4806798
errored,pull,f2f29744261629c04fd5ef3ae77562a7fd58f7db,4789200
errored,pull,d61b76000ff28ac0ee963716fd4315a9ed3462fb,4788993
errored,push,c5c047f2f70197687a2b6554933736fc2432167a,4786770
errored,push,2fd53f35c2ad8df1901fec0584f24c97f505f51a,4786677
errored,push,5a23b57399d43bcd61c6b4accf596bb0c079cdfc,4786563
errored,push,fa1999621377c45c11b6fb385d863b3f998198c9,4786106
errored,push,5a23b57399d43bcd61c6b4accf596bb0c079cdfc,4786086
errored,push,19ffb8b74e96329c5363832665c6a89fca0275a9,4786038
errored,push,f80f9e3bae6be4e804bab4a25d6019204bb3dc31,4786016
errored,push,4e40a7cfa03e5295aabd5610ec0716a9d6d06bcf,4785997
errored,push,b0daa0d5ed4e1db9ec6cdc15e141cc2c69e0f271,4785988
errored,pull,8f666b7fca73ddd5335dff0fe853d6429b464b91,4765955
errored,pull,1e9d4a8533e57e6d62b17a22217d298dedfdd496,4675114
errored,pull,37b3f68bbde1a664f9345155d015071de8303e9d,4644066
errored,pull,df01284867c3f28a46a7536ddcb777e994fae26e,4624988
errored,pull,db915d26567c15d592804b927a03be26be302bba,4624207
errored,push,f0a536b7d4bac02410133fe150795cb7fe4e728b,4521531
errored,pull,2ccb666290831103697b1c045a088a0676065763,4520936
errored,pull,4cc777a3d6b41bf84777f83d944a3331a10e42a3,4518695
errored,push,9afad9ad924dac4119c24b82be049dadc115c93a,4504103
errored,push,7325824aa232d5fce6e83fd1abac6883d781d6e7,4502854
errored,pull,e33a3d65cd8092145af4eb8c46985b2f523ac50a,4502752
errored,pull,8723eeb32f0070faccc9f6c34ffa50264f2de226,4502748
errored,pull,4402f6a5455a74b5db89778c904e7c4889d84d45,4502677
errored,pull,f0f7a78ea6ecf6a1564534a167eb8fafcafef024,4502672
errored,pull,44e305399c43901fc3ec05fcbb91579047739f9b,4430258
errored,pull,60b6e1887ba544591592c04617eb5314ef4e6d0e,4389424
errored,pull,3b1acda629b4962ef0fdc599e3b0a2802c690560,4357426
passed,push,cfd7994196be25340ccd970f9a989bfc34430adb,4026004
passed,pull,2f7bc97ae62d8135ef186377244da83cd20ae5a7,4025947
passed,push,6da1e7436ad65cafc8f3249022c93380dbd44a55,4025945
failed,push,14ec29d05307bbc2beba5898e54e382614f55c90,4025931
failed,push,643fd975dab6afd4e33602ba2270be3a30a1be82,4025921
failed,push,6f9b5f2b572b2cf90278caac37ed5c5209e72511,4025908
failed,pull,c99e590820154511aadae55cd8b5913241eb70ef,4025860
failed,pull,7ddffc1990a7e214d8717bffa324954cb3cf0017,4024622
failed,push,3cd963d7867cba92ee54c43359e276f84ee05bd3,3267488
passed,push,35c2422c97f174e28724d3f6bcf36229d12966a6,3121870
passed,push,c73d738de8f18d3925873947aaaf00ffe2a090f9,3121597
failed,push,afb833ded63345fb97b9b492d74e3d558317eb33,3121516
failed,pull,4d1d7564495dde00959f565b957f671507fdbe3c,3121510
failed,push,5dc3f1a8464e870b1a95304a72afa806cfb72f82,3121508
passed,push,f6c8831e184fdc0a55d6f2c3c92296915861d9c1,3121474
passed,push,5bf15aa2c8490114aaed18fb3bdfdd2d1cac2ac0,3104204
passed,pull,f48dee0a26850aaf2c00c771d8058d50bd37a3d8,3104171
passed,push,dbf6eef444a96defec60927e1a219a970724a143,2901502
passed,pull,fa5a36e6e178ddd955027afade5ac29f72710b7a,2901446
passed,push,9f189ac3eaf81d508cff6d67361efa1f71bd64cf,2901442
passed,pull,4d6e287c8d4636a5f39e9cb941972c8c741c09a0,2901390
passed,push,4d43cab021d4f75500d174943a9f215d836e64d6,2901382
passed,pull,de58d5e796205611597c725126cd75c459d10b69,2900484
passed,pull,d90ea78216a5409db704247d199353c31b04d8b4,2900449
passed,pull,989ed95fcbcfc05f7f7b0b82a5c58896ab4b79c3,2900081
passed,push,8206a8f4bceff961ff13054db90716de1c8d50a2,2899677
passed,pull,de0b0c28c5116e5c5aaf2744882c500408b17faf,2894780
passed,push,4f8c074d4a8bb146af5779fe7ca9841a6d01c8bd,2894760
passed,pull,e2910906d1ea84e1dd35c46929ea1b15a83ed8b3,2875170
failed,pull,977c3f561690722b66e009894710b978b19161da,2875097
passed,pull,8d21506bb6c98f77116676a42c6b8eedf95549a9,2874847
passed,pull,ae4acda47db8e14e75c9f1fc6325a4dda16c532d,2872603
passed,pull,884a3e747a4583fd9bd8c398a0d67ad5da0cf962,2849073
passed,pull,5b6033411c4ace6c9d93e2502c9a1f681366107f,2848998
passed,pull,ed42fc3d142fc3709fabf1c3f715430a388c6642,2843677
failed,pull,2314375d0cccc8e61c4c710045aeddcec368b866,2843581
passed,push,f980c228f386348ef5e57c77eca7bfe02ec19f31,2814404
passed,push,b2a63d635e48c25e2a06fad9bb9230c0b4e43800,2814402
passed,push,05ad7a4d23e554db4f4bf1f25dd8703c15453336,2814358
passed,pull,259ee87ab7ff234e8d9bb396bfe1ca3aea02d52b,2814138
passed,pull,74bade895f83f873a0fa3a6fd3a4dc197985de23,2812602
passed,pull,17e551a963591669baaf1eb989eaed018c3825a1,2802502
passed,pull,f3a383ea71197597bca1f63a248028f584021048,2800049
passed,pull,c6c2f2437b04177f810a3a6c218c4c02fd60f10a,2799907
passed,push,b3302d160dbf5bccebf5dad586091cfdea0d6f68,2739809
passed,push,0b5cb1a99e8bd68c11f9b9f74dc2511fe3cceafe,2685543
failed,push,13f99781e6853e6a57746b4b3504b1f83053f3a5,2685516
failed,push,71aafd90b7d257f67ffc85c132e1f6abfa914038,2685476
failed,push,10d76f8a391880bb102b54d1ac554675e1b3c76b,2685341
errored,push,d5517b5ae708f6a47efd38e0ac64d69c1954a6b4,289119291
errored,push,a9078c9ec6974434540d17c24010ff3bbab3ec12,289117636
errored,push,a1d50241057c762ec156f201ecc32096eff4cbbd,284268345
errored,push,d0c8c96139aae1ebb771aacc80dfbbaf35a79641,284267887
errored,push,a884163a6c6c7f08b389735fe044b05f98a9a6c4,284267259
errored,push,1359906c90989c13ee8bab0a14449cad2b92509d,284266716
errored,push,3e8a785e6ebef25c113a85b238f6bf20c4c75626,284265950
errored,push,084dc5f84d524e6ae4fc7f6ce0dd1cfa3e7700f2,284265263
errored,push,5947fbea13c1110d78d179eda81120bbc0c6b3a2,283328717
errored,push,952627b3c47375e82dab012ad918ba9f7c913516,283328155
errored,push,531a2b5fed93314367b63d06eaae558dd5b61702,283327352
errored,push,02385703fda396167f74fceaee3c01e66c46d4a1,283326891
errored,push,19dad558bfae45c55b5c5632a2b257eb1a5d997b,283326396
errored,push,7d4c9a1892c9a476d3cb1d899ea488cbb33f6641,283325405
errored,push,3461829a113f360b0161fd65b1f80636c1937358,275285388
errored,push,b3350f9502ad0260372f24df7a5026efd0cb2d3a,275285332
errored,push,2dd205968e5b0778e3b83960f5b8a8ffcae45261,275285179
errored,push,dd6dc9d92de966b89dc2df81f63627bea3039994,275285001
errored,push,3ac5bb51a68cc2b2bd03f57a3747d52e196646f5,275284793
errored,push,189c09c274f94b6bb8fe478e1df9772adb43de48,275284698
errored,push,6353b344605e7cf86e24b10d0a63a040e0b0c027,275284570
errored,push,a884163a6c6c7f08b389735fe044b05f98a9a6c4,275284470
errored,push,42a6020ef6dc77e546f3dd9de1c1667056903444,275284393
errored,push,e1807e21d70743e561278eed199fb2c2ac2f4970,275284287
errored,push,86533e554027dd04298c313ca9304b56df680479,275284240
errored,push,8f929891a4e4bf2513e6ba3a753e7fe8f9c9a747,275284151
errored,push,f509e8f061dcdd473b03e4c60c524f7db0aeb367,275284060
errored,push,61daf114734a1f3ae4faf545f87fb1796fea686f,275283848
errored,push,4e40a7cfa03e5295aabd5610ec0716a9d6d06bcf,237749687
errored,push,52d2084bae17746d6dd9765c93c7d9b0f7928c7f,237749510
errored,push,19ffb8b74e96329c5363832665c6a89fca0275a9,237749312
errored,push,522ec095c99cf3f9fa85f68e6321cda6b3b965bc,237749008
errored,push,4e40a7cfa03e5295aabd5610ec0716a9d6d06bcf,229984587
errored,push,52d2084bae17746d6dd9765c93c7d9b0f7928c7f,229983274
errored,push,19ffb8b74e96329c5363832665c6a89fca0275a9,229981961
errored,push,522ec095c99cf3f9fa85f68e6321cda6b3b965bc,229980705
