Status,Type,Commit,ID
errored,push,10e554efb9df565b42606f5376b7397cef29edd3,116337363
errored,push,a253e1edd5f9690ffec2ca2c4aa36067d2856780,116330857
passed,push,fce183ca66354723323a77f2ae8cb5222b5836bc,116321128
passed,push,fce183ca66354723323a77f2ae8cb5222b5836bc,27414892
passed,push,fce183ca66354723323a77f2ae8cb5222b5836bc,27411651
failed,push,241b69fbd1e42e3e5c2ef652f0334b9fa6d4b45f,27410655
failed,push,96c9b6ad84a78ce215199e569141f80960824a8e,27410619
failed,push,f4fc49a87f116f37e6e2d055214cbb08fdb84a08,27410185
errored,push,47856171a295bf5af42ee059543f76a8086b573a,27409962
failed,push,c7ca1be724db771376fa013eb27ef6067e2a1f63,27409956
errored,push,c7ca1be724db771376fa013eb27ef6067e2a1f63,27409950
failed,push,c9c9105f64c89fd745cff04f09a033377d4c46fa,27409830
failed,push,690750a8ed552efd547127c75a020e95f83cb6eb,27409667
failed,push,a2be508a0edc946fe1d8ed0376fa0e0cb97eb569,27409656
failed,push,42a23cacc3eb87b5f28a7b53819e5eebf54fdb6d,27408768
failed,push,c4d6f081b351c0e7e3b706bde02295816bfb65cd,27408114
failed,push,c4d6f081b351c0e7e3b706bde02295816bfb65cd,27407330
failed,push,8dc659788ab7b0c096227cf1e6fda1d246e4cdf1,27406586
failed,push,dd341c2436992fff865ee2d75a052f568618b25e,27405135
passed,push,dfa978fd13fe2a757fd19184b1b2eb7992e7d713,27403380
passed,push,45b1037b5cdb290f7bfa43d264b728d57c92263d,27386420
passed,push,dfa978fd13fe2a757fd19184b1b2eb7992e7d713,27376295
passed,push,ff3d48c75ba867fd19e98fed8da96662b3c33848,27375907
passed,pull,9d53a1e9e555d8a304d9df8a5c5453b985e77959,27373386
passed,pull,f22ef7d508eef24603b1661124ec49d62579e5c0,27237718
passed,push,e77cd2d7ef8d424163c05fdc9ca17ccffdee2528,25207718
passed,push,05d08a97a9aa35955bb79f252fc3bac8081e906c,25182079
passed,pull,4225f31b7e30ec1f91006cd3e8fbf33ecdfbff79,25181236
passed,push,c344f34664bfb51263c908d35a27ff1e05d66dab,21113431
errored,pull,5a723b350b2c91989ae115a9f4a290b27b80eb72,21113302
passed,push,c9fda642d4bf1e76d3d9308f1fc4a53909a12f88,19712520
errored,pull,38438865a48a6b744abd659aa505a41e09e4402d,19712486
passed,push,bd5b781d64b89a7f7761ef005d68f270a4d35230,17118865
failed,push,8b63fbe55c5071e6b9b9d1eeb6f7284575ac48ce,6602402
failed,push,50f520d630e89427132fc492bad15bfe4d46a76c,6602396
passed,push,8ba268a92038554bbb5722a73bca8f7a6c644c93,6576520
passed,push,15455e0751e51c48855e770f81d3b6d43053875e,4622218
passed,push,d480c6b46d2e250a26dfc458ee0d2655c5a54215,4622214
failed,push,9add1be34d61a9a180f4e66f884787903d91b742,4622134
failed,push,b45537c63be9d3196bff83557188c9a4c6ae39eb,4622121
failed,push,8677ea07dc9c3db9ead1a4637aa663e743732213,4549068
failed,push,3ababfd1b121ba01fe731930e33ec0bcfbdfa624,4549069
failed,push,bf65384eb33571abd28eda33d48f7569511e2bdd,4549011
failed,push,8da7c71fccb08dfb245d8a879b5e0947d9c25f22,4549001
passed,push,aa292c158cf2992061fe9c132a6ba9fa6b1c3890,4282262
passed,push,cc07d9317b8fcb68ad258e988677d17ad3322c0a,4282258
failed,push,6713df1d110581172ec06d2b7ae3e308b9af805e,4282131
failed,push,beecafd7d9b75b8c3ed88a86c0c0375d27033a22,4282114
passed,push,71391ab6f1cb30c9bc2eb15ce20384a1f0a213d7,4282036
passed,push,09cb71e625263f315de271a28af393af42c0804d,4281465
passed,push,008167cfe39fafd32fe6f81d12d8a010b93f191e,3578027
passed,push,1ad955c62695dc83d191dd4018bc1a4d2b30b21e,3578023
failed,push,bc15287e923c71f5cc0014e8f86d7a75c34959fe,3577889
failed,push,dc379618e07774fe233e2ad1d40499b7b2358e69,3577885
passed,push,bb341ad4a04f557df2b4b592b5aaf133a393bc76,3365076
passed,push,a3a1eaf6361e9c12836a3e4fe097f3ef5d3e0210,3351175
passed,push,d542da6a14dcdd65175af12f5f48fe5c894979dd,3351084
passed,push,032c222b6dbd95f8dafdb2508f256101bd9279fc,3348475
failed,pull,1408e46f77cfe4fd581e79cd64423671359ce3c1,2492934
passed,push,15d97fc77888982b29dff0fcb6dca268b51e01b7,2303281
passed,push,f09368756bd02e698331317b20b7aa97d98d6a38,2303277
passed,push,f09368756bd02e698331317b20b7aa97d98d6a38,2303247
failed,push,e343dd67050c4aa59a25bcb67b6991d3a43a6494,2303199
failed,push,120536c2dc819c4d51b25399d8f7eaacb20dffb5,2303136
failed,push,120536c2dc819c4d51b25399d8f7eaacb20dffb5,2303132
failed,push,3dafeee7f408d1b92316761dab2be5d5dce0db94,2303108
passed,push,045588bede708433d4fc50a794ac3cfb03b02742,2303102
failed,push,5cd3a7a484a5ce7073f8deb5a8a41d493861839d,2300732
passed,push,2c12001d9e1eef1112a28d8aa15f2d8ee182ace2,2300695
passed,push,809c4358443ad1db0dba1732b19aafb218dc909d,2293017
passed,push,e665a30486c56d243d32e2c35ca4370a08383a02,2292977
failed,push,6de47b5bee0a32261f6d3afbb217b0f89e1cc542,2292212
passed,push,bf1393800116ef7e433a042a912ec51aa6792c91,2292019
failed,pull,65d2dcd04d6c7500e8916c44342dde55b831d0d0,2260852
failed,pull,bbac4f80954713d70596ee214a00b38f4d2ffc29,2250267
failed,pull,6b44821871198cdfa8ed64f7a07827607cf9066f,2114281
passed,push,1832c91e6d0981b20995344e431329f06d7440b4,1989168
passed,push,fa657e11567850a7b25f10e49d9fa891748ca91e,1988976
failed,push,c1d474a9edc427d723ec75f195c1ebf0f1086203,1988762
