Status,Type,Commit,ID
failed,pull,bdf2f31cc8fc8a7901ca0fd92ec9e039e58f56a5,289813208
failed,pull,8fc3eb8b3b0ba803c30b1078098df9d0dd51742e,282063183
failed,pull,bbc0ae31459de64901b26be70d418a2b88fa871e,275430251
passed,pull,cae905d17ff8febb582c9047f98779c08577ac0e,272056063
errored,pull,b1cc383b0a911cb24913db4e0c51f948dcc37c77,272034697
errored,pull,1eb2f7cc08d14de7a4040511740df836d810a42d,272029474
errored,pull,363937e6e520e5c989d75b63c2ae1556b4ed532e,271980259
errored,pull,f0e8401613ad88640a0399dd646d16b74f40cc6e,271976345
failed,pull,8955bf74bed66959b1284224cc83764626247a00,267133747
failed,pull,97daa9fa73141e116692830348b2f50f0d981059,267131932
failed,pull,59736156ccc15f151c3baab9e5ff09ddab9ad5bc,266560778
failed,pull,2984afabfea36f9bfdf3cfda7644fb896c9f648d,254855215
failed,pull,d1775e0c1fa78aa33670c680faf09ab6a98edce3,253416322
failed,pull,8815f9294f293942d73057b93fb859cb2285d017,252169839
failed,pull,548b6d70a5e8bed1eaa957a71c08e809681241ad,251361966
failed,pull,cf5159f1536c3c87f828f73d54f7c20980481ef3,251355492
failed,pull,14c620008918fa8babe2c38a003868cdb29affec,250269897
failed,pull,03d47debb3e672bc0d962b4ef344f9aeba5ba5ac,246572241
failed,pull,35174e1a7a873bc59d4e273973cd3c708743d15b,221997321
failed,pull,34b61c99b3430873590d7abbf4d20d29896c29f2,219634671
failed,pull,7a6e5cb097500275a0daf8936984a6a3e1267ca9,213874553
failed,pull,ba473cff38efc8055e0271187e5619f5243ba8a1,193899707
failed,push,f2ff1eaac54468e6cfd21edcd2543bf2c1bcdb5d,186646510
failed,push,fe377a7239a9cbb28dbacef1bc6dbccc21f84553,186530281
failed,push,d25b340cf3aa6c8e3dd035608baccffbc11f2c54,186529638
errored,pull,c9b794d4716e51b461f7c90098ff2c63773aaea1,185978554
errored,pull,70178f6a5d10d40634ed35e672c943eb8f156c0d,182910335
failed,pull,c49265572917ba83f9430684a5991053a17b6b76,180496171
failed,pull,9181ecb8898183a6f22264d200a61d219e6322de,180493977
failed,pull,7eb3ba6eeb8f07c36ee71ae90410e13bf334a5f8,180493496
failed,pull,c4c715502a72eea95a2967d48708bb33b5455aca,180492391
failed,pull,02ca34cb2773c3a8f3a7160dab2e4cf01fc6b36d,180170665
failed,pull,28d6a50afad55ceaeeaaa11c729f1f9ed8808701,177865721
failed,pull,cbca32da40d5c46dda6ec42bc5d14be965ac0b12,177516024
failed,pull,df9ba33fbce1fd922bcbffe5632ff268812c4a2c,175863513
errored,pull,aa4e8f5eef1908b7e64fc5d5e289d55aa8caec7f,175791090
errored,pull,444f35bf6ba5b1961664448e06b079977ceea720,174583066
failed,pull,79a8d35dda4d9e14eca0c2b80688fb13f3ce9f03,168956798
failed,pull,0b57b819d2dd82a578d33e78a034b9f65c9ce841,168859723
failed,pull,368b6fe8b635e993cd23470379388a8e1fb3a24d,168858901
failed,pull,c029ee48cfc28fcca714f212eb47db28538e5e2a,163892757
failed,pull,0a075d4683553122ec244bfaf34835cf0bb3e802,163314623
failed,pull,a65c4cab98f14521954b54b46ba663c451aca3c0,163285403
failed,pull,1270bbe874581d12a98bbc00837b9894fa5bd602,162525888
failed,pull,60b69b45eb9acb5ad755762cae30bd4599cf9f47,161360816
failed,pull,fb3c984295df1f72de16420a29dcb308ce937c38,161186889
failed,pull,350a83e314bb2c5d53cae4f163cc0724b032aaec,160777175
errored,pull,f8dab883e8f6d490e0253ec661d123a35877df47,160684429
failed,pull,d84eee3429805eeb60f22285c0987a393ee9501a,160072708
failed,push,4ebca9da71b271775624b11b5197af99a57bf175,159765127
failed,push,d406e9ee29470e51bb8f8a10f751ea64ba746bfa,159656060
failed,push,257936204504f4e2542ff0c3d4cd3b258751045c,159644226
failed,push,257936204504f4e2542ff0c3d4cd3b258751045c,159643792
failed,push,257936204504f4e2542ff0c3d4cd3b258751045c,159634716
failed,push,7952133439ac269348cb81841380e78569880c93,159633292
errored,push,4235c3c52b8c721bbf4d4e51275d1f741d0bbf46,159527356
errored,pull,d342b15f31f54619d06dbaf86da72cc83cb34562,159509630
errored,push,538719822c7bffb6e8568c8154f7cdfcf5b4a4a3,154760526
errored,push,d898f604c4c530f59809c465fe1763e25afb6fb1,154754296
errored,pull,dc44af7b217bd7668ed05c7a12f5c14e8e72eba9,154727559
errored,pull,dcfa62adb7280e81c31ba0ef2e582481407081f4,145549064
errored,pull,675194f0ab6bd947764ae79c48ef47d67bef2e79,129513475
errored,pull,01f718c6bdbfc920c69cdd158e7f2ac1473980ba,127871362
errored,pull,3196c09420bf0fee48b445d75309d229a6a33992,127833518
