Project,TotalMS,TotalMSNoBuilt,TotalMSParentPassed,TotalMSParentsNoPassed,TotalParentNoBuilt,TotalRepeatedMSB,AllBuilds,ValidBuilds,TotalMSPassed,TotalMSErrored,TotalMSFailed,TotalMSCanceled
psi-probe/psi-probe,435,4,366,70,0,11,447,436,354,4,0,8
square/moshi,128,0,81,47,0,54,182,128,80,1,0,0
square/keywhiz,270,1,244,26,0,64,334,270,243,0,0,1
objectify/objectify,14,9,0,5,0,0,5,5,7,0,0,0
vbauer/jackdaw,2,0,0,2,0,0,2,2,0,0,0,0
vbauer/caesar,0,0,0,0,0,0,0,0,0,0,0,0
mono/sharpen,0,0,0,0,0,0,0,0,0,0,0,0
