Status,Type,Commit,ID
errored,push,d5c3297f60fe3f631eff5c002a7493ec1b8179fe,283849756
passed,push,a871c83fbe14d1454185787098168259c4cbd363,266493906
passed,push,45f167afe8a2aaf9b9eae742c1808da26232be12,231289018
passed,push,edf780b5569fdfb378ee359ae7ee4515ae76950b,227398464
passed,push,c239f57bd86395569dfd69f2a5c25cff8ee1ab31,221624562
passed,push,a967faa5a6e53118e5041e0b60abdb55b055aa36,217727178
passed,push,f1ff78fb63931d46715cf46e21b148aa63912c25,198420470
failed,push,e58179ccaae6bb22dda69d875eed4b67d3d3432b,198418401
passed,push,ffc3c4b244e96f372c51b1b678f7b5149247eaef,198417911
passed,push,8e03cfb9ca56aadfe59a85632d5b80dbfb2abf22,167473433
passed,push,c502595930fb3a75bd8b66253b3845283ce7aff9,153999966
passed,push,6aa03caecf1362df86734529120e7995e44b6f47,148699320
passed,push,177a090019a7d2990f64dce002ae4f4c5fce5e92,141446712
passed,push,177a090019a7d2990f64dce002ae4f4c5fce5e92,141446548
passed,push,537a5717d6e7450e3cd9adfb6c31c6f534efbb12,140348230
passed,push,e22649b9ab692f369381d38d14fccbec8671f837,139571630
passed,push,3cef44e03a447a19a7dbbeadcaf998f4521634b3,137431897
errored,push,9094e39f7217fa16fa9420e46d94c7325ea60ab0,137431527
errored,push,301ccbcc576891c53f522a38e6e2109177b01f56,137431332
passed,push,72a6eff12b7ecf61fdbb583fce66cc30637556a0,136810303
passed,push,922a4b8ce3f1d994a172aecddc756239afc072f9,135223412
passed,push,1ad46544476da68d98ff869f7fb22e478bf0d91d,128493588
passed,push,8190ed81c35d93c044eed59aca32c5a93ee0941a,124874530
passed,push,e0517477e64188efb336f7f4f70f08927cc83b0a,124874344
passed,push,ca79654454669ab682513c1a3822ce167f374e30,124231956
passed,push,fa242c7bae019892184973243ff8f36816a54c4a,124177563
passed,push,39cb1fb5fd4ee199ad1d3ed0b044c9627c424571,124176777
passed,push,e8ba191aa3d0aeb326ea7202a47f8e7d4c776520,124174305
passed,push,98168b5e784bed598ca38aa173556cb892e86d70,123585353
failed,push,d037d3d305b2c95beb0f0ed2894e52b1f8344cea,123581967
passed,push,47b080e4d254817d67c417b617ed09ea0b7ab2a9,123476707
passed,push,ff7bc68393f8e2d03830b377df54a65e2ba6bccb,123476120
passed,push,c688a792d72798e21fb4d2faa7665cd8f46d8e61,123473332
passed,push,2cb9866644aaeb388f83dd80d777733d152d2a74,123472638
passed,push,13e7ff08842756c912a7913be45f99521d5a4cdd,123472133
failed,push,fc043c442597ba2feebdcd100cb0de7e63a7c0da,123470972
passed,push,8cbdf42bcba8e87a5f78ac997ea55f4bad99412e,123344308
passed,push,c95fef14576d432801e655d8c51cc6eea02d6704,122775631
passed,push,c9f68e49ef78c5ae25022ca2c35a93ef9be47f99,117940690
passed,push,7a929f5d1befe6e14009115642577ac218679917,115149164
passed,push,9a3c652c48c5799dc9c3cb6d892281cf43a824da,113589733
passed,push,fe3b1504a17782325d42e8b9f2ae5d4450007d77,112405351
passed,push,363c0afddb3e06a2a7f6acee23c2a1bb8697aa9d,108997067
passed,push,3d472ab504dd771e0321f214ef87191cd1f58b16,105888212
passed,push,7c677b48d9807c3ee573a097dd1fdf6f4ab421e5,104282064
passed,push,379048f66d03f3a1298e43f7540f28cd3f93837e,103146121
passed,push,a834190f2ca12fbc4c5481f470d1b1e9e5898885,98641766
passed,push,da61f932996acc812877705056ad9dfdc0c21c54,95376140
passed,push,cd58480af64441b369b9c2380e519b5ac5e5e4c3,94678837
passed,push,6d0ed613c06142bcc6bfa96e2b7c74df2f21b720,92553039
passed,push,2bf26dfd33ce4f62704166187fb6865296eda465,90930344
passed,push,611a792752062893efea3970bd4d1c0c7947c26b,89118240
passed,push,fee3a8400cc47efd4b135f71c71af00da42a6505,88634178
passed,push,3735b147a42bb44b86814568bb0711c713b97516,87552542
passed,push,0fd1aa09b82ba9ac2e83903b976e2c3dc91604ba,87552066
passed,push,8e75384cb23e3dfe5fca1c40110a17d1b3aa6dd8,84602317
passed,push,962e49172172a1278753013d344005a9c58975cd,84602108
passed,push,9aadcad369aa92c0265490c61891e9100ce03b73,84598618
passed,push,87498601a320b6909023d038b1c7df87f0f2b3f8,79035038
passed,push,cdf4f7a421417db2a83383e364d5b620495e1c7b,79029114
passed,push,aee6c39ac744b27374421a8456ddc3fcf512ec05,79029045
passed,push,1427fb52ef202001965fd20008ad9e25d1c9e932,78948585
passed,push,195194185fec8d39e9405f722a8a2c1a594c096b,78947662
passed,push,0faeb9026efe0597ee98d2caa921c7b56d3dd93a,78947330
passed,push,38620755a7f33c4f9655f4fd680e9dbc65e8133a,78946829
passed,push,12bfac8ba85a4ed4560f6e4da984808b370fc2f9,78915317
failed,push,6ce7c25725263371b4ea10eb0c93f793fd3e869f,78915224
failed,push,2c65f8b6dc35b631a768e9ab7951cff98f785431,78915034
passed,push,dfe95d374bd971e1e7cf0a533c5af25facc1ca2b,78909406
passed,push,5f89a5c66d538f6c5970d22085288e377951ada2,78908297
passed,push,11821eab207351f1d94c64f8ef6c41b94b49cc44,78668058
passed,push,1df43d0a073c85e8024738c5fda16fe9e65c7bb6,77235543
passed,push,fa74c39a3d69f4d611cd680c62c519ef7d41b79b,77121225
errored,push,4fe89f2aac26b3bf2806a08eb4ee99ec81f2467c,77119814
errored,push,07160c569bbd255fedebef42cc099920945d0bd1,77118372
passed,push,d5ec47da882a091f5185e45f2e40dcb054f3e6ea,74750571
passed,push,19751454b735f9b427d1d5d73915b2fbe075da02,68584124
passed,push,45c4fe7032824efa4c63e0e82ea0514d366ef4b2,58664216
passed,push,54ecc776f1c74b1984b8d308f945b4abfa0f8472,57727148
passed,push,f24873d9ff0a19e11335c345ddbfd56df1dcafca,57726502
passed,push,df96520f8e2edd156596ee9143aa7b3da388a625,57555729
passed,push,0770fb704b3d57a6a3d36c022d43197e13d70754,57460079
passed,push,101c192a920a0c9ec86203b013a5eccaa9d0cf4d,57395220
passed,push,5e145a121595b58d0d82253935bef2f461dcfbce,56220952
passed,push,58837196a043d00c4cf6e8aef5ea57cc8638837f,55058540
passed,push,3c75f5091116bdcbed018b63ebc45d91c9fb32e9,54602134
passed,push,7b43cb1edcfcb69193e451ee17bcde865849b73d,54594820
passed,push,a63f90416e9a3310837cda8e8c7212fa9826a822,54594447
passed,push,6dd852c32539adc2a6fae01f6dff49f2989664c2,54409354
passed,push,66f0518956d259251b5780b3aff6d87628d344b8,54408382
passed,push,199837ef0f80c9bf6917b393792b3f4349d0abde,54408246
passed,push,54c4292ae65afd086582d80fd76ac07458ec83d8,54407544
passed,push,98ed0dbb7a2fd1dac59941fd3a607b12eaeb499e,54406810
passed,push,02ea7a36a00ff19f80e083d99e3e478214e466c4,54406505
passed,push,eddfadc46cb44d569b3a99d3494845bb637bbb92,54406269
passed,push,c38804782722e224ea49df08f96a7637933396fd,54244096
passed,push,4556b70b12c544221142ecd6df82184fcf61735f,54238369
passed,push,721bcb56b9e59fe8fd9e169df77cb15b52be1cbf,53920754
passed,push,a47f1afa19abee490e391c8d67db4c80a33d9e61,53772538
passed,push,a2896ed4b1ad6e2dbec9ea76c92fab66196a1256,53595759
passed,push,140a31547b9794198ce3dc80bae44d6b5552efa8,52825576
passed,push,8e35c1c3f7b5ed0241f04a1900411452017376a2,52825371
passed,push,aaff5c36c46462d69e1ffd16e32b5cf15a2a456b,52802100
passed,push,dab40d00ae00c8a5b03c2a10afe26af40a7d08a6,52801755
passed,push,e765dff9a26228278a538a6d6820cc4b1f5fe606,52801472
passed,push,b37cac3edce58511e3ea1549193bf934025d05f9,52799090
passed,push,62cb7b218d2420f730de9309e900d5becdb29fb7,52788328
passed,push,06e3bd3d57da75c4419105e8b478cd2d260bba2a,52681748
passed,push,eb5c5b635cafc40ae095bd8541fb7ccc5ded494b,52680313
passed,push,dd3962ecd04cb320a83567249463cf093dde7576,52669964
passed,push,a7b706d6d0091297d165edd9cfdaacd2dadb8d46,52625427
passed,push,547ead018e798a5a179ec070cf26bf89d27b1f1a,52591333
passed,push,4ac3de371a63f651e4c7f1d71300104b9de1715e,52591173
passed,push,75694d7c46243b63b848f29961312b27105a58fb,52589971
passed,push,141e3c696ef7f925ee3689a66ca7be22e22b3f96,52565842
passed,push,b4462ad3a7b0c55f87db3dd6b7485d57b7ce9d99,52565243
passed,push,213200eeb14199545afba1b6dbc775f1812520bd,52560470
passed,push,816322ab1ee27f74738536eceda6a3f1b22eae2b,52553626
passed,push,10da9e029cbf8a0b1b7aa016b45c9c7935b75119,52553451
passed,push,816322ab1ee27f74738536eceda6a3f1b22eae2b,52486995
passed,push,34e11d4e21652063c41890646a037d5a003a1a1f,52443906
passed,push,259b408144c4dd387b1702379b2a199511a471c7,52442936
passed,push,fc2bd114e9a36551ba72941acde5e203773dff23,52425785
passed,push,d904833851e36443c2eb0b935667abcdd14ee213,52422442
canceled,push,6a1f7491070ec93caa3837b1257158c093d309f0,52421831
passed,push,bdb9bd5f8cf36b2d95ca51c0060be334f4f4805f,52421467
passed,push,7fd11244d22eef87fc7707b1220c23d87ef7932b,52420338
passed,push,54ea1b5fe040680591cd9ddccfbf717f0b36671b,52419281
passed,push,c0635dbf454686cf9d0948eb5f581d538457ea90,52418628
passed,push,11c56d332ecb8a5eae0f377c69d82d17110ff658,52418168
passed,push,74274dd72eb164b0d89fb87611303afa0e1ba777,52413967
failed,push,f70f4e0d308a7bf4c865bf306eaec9af26e8d56e,52412534
failed,push,5667d4e8a3432ac6c71d6e16e1e47a6dd42a8958,52412462
failed,push,90cad72b09cc2cfab2ffb0f7b70ae7d9fc842563,52411627
