Status,Type,Commit,ID
passed,push,dc38450491e0dd17cdf8a28b2b3fd6dc38b946fc,234684736
errored,push,609ffee11ea0def8e48e7a50cf131e8dbb7cdc03,234526178
errored,push,9fbca31cd4d5f0242fb141097045e0cef6013ed3,234525344
passed,push,c7856b596a8b6c89257ac0df9fbf9cade95fa1e2,198431180
passed,push,cfa3aee52f7ddf6a4c3724b0549050549b3b2bc1,141837288
passed,push,01746be4c8f63d50bd59a75f120145a74e3a88b7,135222453
passed,push,a0ca093e84b167144f41801d10f87f2c5f1a146b,125701868
errored,push,591f031ad132ae94bd3879d59c534e650909a647,125699239
errored,push,386c3d44213529e2ffbc513d5b676c1f0a4bf26f,125460992
passed,push,3e37ab73480b5ddae2c2cae96380608e560df74c,125151390
passed,push,d43e8a2ec8339d32e63ed3d10c47f3399cd89b11,125151136
passed,push,ab7c94d1afa1155f6801ad7d49da25904ce64f94,125150185
passed,push,6e01c8f2890469195b677db21a9b5bc8c4ac557f,125148175
passed,push,a8f4adff52e77f0b757e73db85c0be7a37fc6d33,125145885
passed,push,d295a2baa70d8cbc571a210406132de4ca9de9c8,125133922
passed,push,f926253470ed2d7554653ddf4342158a6dbbe246,125126523
passed,push,eb0d8b9b19b9436e55579cb39f1a1886c04003a5,115954192
passed,push,a2b1df2c4988482ed7bcfff248fb2fa26a9869c4,115786215
passed,push,df40e5a1129fc9517a528e6bb76000a7f1c90eb8,115786103
passed,push,a2b1df2c4988482ed7bcfff248fb2fa26a9869c4,115669617
passed,push,1e09bc81932bf559c229f55a49e894399e6b9d42,115415899
passed,push,51cb85329122ec2f9b03fa89c10d5989aa97ddf3,115414816
passed,push,21c734dd93a743c354c7ed48a1497ad8b6170831,115412640
passed,push,1a2828238c8313fbdd58b97b038e975a87cee853,115412571
passed,push,a31987252699224740ff85d2f1f212501937f33e,115197816
errored,push,3d735d0546af8737273896862782a6ebd096a5a7,115181617
errored,push,8cf1ad42f800997bab78b56101ad5a19d019ccb8,115180861
passed,push,54937e97dffba35742693832feb1a2d3f3963a26,115178703
passed,push,d72a140d2ec2e1b4036a4b1e211596dd32c8f801,115165957
passed,push,89b149808d8da7c39ea3b72f3f79cf956d7a7569,115160650
passed,push,ca98331974cb74d0a50d77ccf1653dbb5ec849b5,115153593
passed,push,72447743b7ad6edb38198e16707620c11a770bbb,115150625
passed,pull,daf3470e07070bff262096b3455a9fc9b32760f8,114838708
passed,push,36683a90fc1febc4a7299e9f25a6f14a63f49e78,100819830
passed,push,c9896c88d638e3672b9f77cb4db0c220da6198be,100819398
passed,push,db0367b0794394b6cd706f937d2ccec3a418d8af,100818637
passed,push,6e94f8c611c353f394decc9cfe38cff1d6a8f756,100816668
passed,push,04b299a0c03db5c82d3f77c8c3992edb3aaff2b5,87551042
passed,push,5def50dfbce2a6ec062735e79dbde675388ebca0,84207359
passed,push,c2b4077ea07090acd86f59626b7624e5589e8655,84206564
passed,push,7dda483b608f2ff1072b0b48a754686a9d17911e,84202257
passed,push,7f230e228dff2731eaac7d5a332d79e3d7accb36,84200314
passed,push,c91637854d5fae5b01b4383242c43696b18a0e62,84199955
passed,push,5ade221b93b3862cfc18ec1eca190159fdf06704,84197209
passed,push,866ef8b8f533b530b742424893b6befbb51383d9,84193853
passed,push,5e01fdd6e3d515816093fab18880468f2218ac09,84192946
passed,push,7a4a0c7d39c45cb0a94e9ae6c2c8179043acaac7,83797049
passed,push,8f3a88c1e63641dc24bf9cfc4a5f957253786b04,82759027
passed,push,72dafb62dacd6701df6ea460a9b23398408aceb2,78667942
passed,push,dcf28d54fc72f9d0e881a897d3b0dede1f8c8a09,77078009
passed,push,48c235ee7a786b5fcc036ceeb33288ea0e372e0a,74750440
passed,push,88c64f2c707e567792d640000c78523dab417507,68834712
passed,push,fad6efb532860854ef8f00e5b8dd848ac3481ea1,68834116
passed,push,88c64f2c707e567792d640000c78523dab417507,67759309
passed,push,c9d5b5b51b3d6498f349366b16bb21025ffefecc,67759010
passed,push,80569351340b48036fabfdd5821abfce3dbde862,67758568
passed,push,b13a88b357cf5a70e93b1c7fc7e16c2d7d12e7ef,66613650
passed,push,c6bbb1a94e75063e9873b8beb17b6be3e1b0184c,65454269
passed,push,a0adc998650d1e10d38854334bbbc6c9df620ed6,65451631
passed,push,2edc997abd72becae8c3dc25d77453ef1df9dbdd,58662416
passed,push,a1aabe82ef7811c78135d834f560862f301a7871,58662085
passed,push,95a9a016e8cee047504a57788dca354f2b19adf4,58661634
passed,push,9e9e7db473bd21235888bc64efc7181d4fff1f95,58357606
passed,push,2d5c2890f1cc979b7a4a3d93117d30a3bfaf5717,57556863
passed,push,3c63eeda9d327222824b0f63f7367c29f1db6086,57547985
passed,push,7eb7df08ad6f9fd53f998a8ddfe53a5ff778d4c1,57460024
passed,push,c119de747e9ed9fd09d1ee95b159fb25cc578893,57390600
passed,push,0272798e91e47058348230db1e37277b2109b88a,56786589
passed,push,e4376a52fa189d7af6b4edf4fd908ab3ac8db298,56786197
passed,push,1068dca68608e459ac303a36777393e151385e92,56221107
passed,push,d42566c7f405408d461259e0292d61678066bb04,55769109
passed,push,41943e13506d05c313da4d764542e9149cff9da2,55765695
passed,push,0cabd45685ca0f03ab68a67d0623b5306cd07e9c,55765591
passed,push,f4fcd86240cb78c07dec0fbf7359d3b53d957080,55758551
passed,push,f2b96da6e57c4b5c5bc8c206a605d046ba07ba29,55631467
passed,push,650f738b548be17563a2ead1933cb34ff047d9c3,55629654
passed,push,49a131de22c9e6f9a99cad1a3024b442ec8f5813,55548260
passed,push,1d58270d82917315b2d13da98034ed5fb324b71c,55547743
passed,push,81d32d2eb34add7b322cdc721b3d663c87736514,55542198
passed,push,a466d3b747b3cda455dae3ebd1f62a5ccb54fca3,55528684
passed,push,c562a2df104219ddb6697d8a8c128aba5c5204c4,55519935
passed,push,85f99e99b50ac791d043c4dbd9b24a1febfb9341,55489194
passed,push,7afe0f46815f596b51493b61b78ca4c2eeb016a0,55454777
passed,push,6cdb43403a7cf54513c6e53a6571ac1a61d7e693,55442467
failed,push,3f9f7f521d2521080ff79855ff78273b293344ed,55441762
passed,push,241a779859b9aaf27fc6dc2a1988c77655fdf4f3,55424131
failed,push,8d6f6777a9720d29db5196f3f9ada2248e328756,55423835
failed,push,0abfda1cbc8958cce184f15b7633b585957a152d,55423662
passed,push,c26799884d87d19c994967cf6c5585620e8374b3,55410984
passed,push,e44e699f5f7daf784b48b35be50e07f98655c18b,55376975
passed,push,cf0ff839bdfbebbe244b8870fdb38860995cb77d,55373375
passed,push,a0812b3b2636ddaa4dd99dc812433329ef0e4d2c,55281153
passed,push,163f3f99a7f69c0d82cc03fdde48abcd4ca0081d,55275326
passed,push,93a4b849aaffaf1dd156ba8c43c29abfa7976c20,55250054
passed,push,46d8052663073fc2c819bd7fecf8ba87de96d629,55249934
passed,push,1bc199abbf8cbfa37a28de18f1480d4bb25b3ba9,55249722
passed,push,627ae8f6e7669c88e612afd82c90636a55bb9888,55249474
passed,push,7f4614c505f05cba4fb2c9a041574c098b4fd54d,55244816
passed,push,fa4025cabe9a009da45c8bfd1f1ebb57fa398990,55240335
passed,push,7b54f99435fbd970a5f442e6ea6ffb8b99a3611e,55231753
passed,pull,c7582de87827219a6300ef3b63b6a5898a7eb4fd,55203841
passed,push,4c7f9595aadcae056c59faf3ce8b3e58bb92c1b3,55193617
passed,push,5b5d0028a07605d58a4a995d59eca8225b0d84df,55186590
passed,push,8f5d27a60b33724eeb357222af92fae8c52354a2,55151219
passed,push,ce23796533a26c53b93abc3d4076d540598b938f,55073611
passed,push,8eaaee74ad7e91b5c9fd647aa41f23f64ec28c36,55073277
passed,push,70df220c6077f47340fce3ceb2d5a767687eebfb,55057123
passed,push,35394d08548f16bed2be59e03e26e91d2e96d4a3,55053594
passed,push,af36c124e06ea06ac208e7f6a141f0afd29a901e,55025205
passed,push,2d0e40816b900b5428e75b58ee335498e23173b6,55024401
passed,push,e4d1b06ede131839e74d133a829b82f8fe658c0c,55011397
passed,push,e8bcad08c872651290660ba6719e09fef2643456,55007397
passed,push,d7174345cd80de0af5f1413b33f3a0aacf32b89b,55001549
passed,push,815c933e8975b35d00f784cec6b91c13a6891378,54880360
passed,push,e60291e9402614ca3f6b829aad14c35b9ba6a226,54838553
passed,push,1630b6e69742e58e1849c9af30087d19a1db5ea7,54790419
passed,push,d1baa5fb7390bcfb3008351f39bf326b51de7c61,54789445
passed,push,fad82814326d1964dd78b0e4745fd92d9addffe3,54783070
passed,push,93fd15e190ab5d5e346605f027ad01f27efd0395,54781620
passed,push,3e93f05c82d0e5b10c5d4502b40a9832d107ab42,54779083
passed,push,84f4ace78de6c81253bebd11ab3c61ff7a7a3192,54774691
passed,push,ae0872ad9bd0c966bdabf6b16b5307e401c7606a,54772517
passed,push,d8227d30f99d08fbd4237cdcb0782543674bb1e6,54766846
passed,push,da230baabe17ab43e10566a2f4a7fc79adb8a482,54760176
errored,push,27f6d8c80d79d804f7cbbffd29f002594db60db0,54731769
errored,push,ed18e09b84941bf35b1dca12da71ca1041caf72d,54710202
errored,push,b8e9f1d1187a50cd5830963c4d386496bab23250,54697338
errored,push,38d84cc5c39bb580a940aea5e2615785e3dc1a15,54692710
errored,push,83b9dd99e20e2c21ed3315fc4f64edc92cc41b12,54687444
