BuildID,BuildParentOne,BuildParentTwo,MessageState,NumberOccurrences,ConflictingContributions,AllColaborationsIntgrated,BrokenBuild,Dependency,FixBuildID,FixStatus,Effort,NumberBuildsPerformed,SameAuthor,SameCommiter,BestCase,FIxPattern,
223961249,223959907,223960282,"[""remoteError""]",1,false,,,,,NO-FIX,NO-FIX,1,NO-FIX,NO-FIX,false,,
158346568,158344987,158239965,"[""gitProblem""]",1,false,,,,,NO-FIX,NO-FIX,1,NO-FIX,NO-FIX,false,,
260314193,260315206,134652682,"[""unavailableSymbolFile""]",1,[true],false,true,[true],137060618,passed,0,1,true,true,true,"[[""DEPENDENCY-CHANGE"", ""DEPENDENCY-CHANGE"", ""DEPENDENCY-CHANGE""]]",NotFastFoward
238211606,221406295,221407214,"[""compilerError""]",1,false,,,,,NO-FIX,NO-FIX,0,NO-FIX,NO-FIX,false,,
140790152,140238715,140788270,"[""gitProblem""]",1,false,,,,143719907,passed,17459,1,true,true,true,[],
