ProjectName,Total,UNAVAILABLE VARIABLE,UNAVAILABLE METHOD,UNAVAILABLE FILE,MALFORMED EXPRESSION,METHOD UPDATE,DUPLICATE STATEMENT,DEPENDENCY,UNIMPLEMENTED METHOD,GIT PROBLEM,REMOTE ERROR,COMPILER ERROR,ANOTHER ERROR
xetorthio/jedis,0,0,0,0,0,0,0,0,0,0,0
netty/netty,0,0,0,0,0,0,0,0,0,0,0
google/j2objc,0,0,0,0,0,0,0,0,0,0,0
apache/storm,113,0,0,0,0,0,0,2,3,34,74
swagger-api/swagger-core,100,1,52,0,0,0,0,1,0,0,9
eclipse/che,0,0,0,0,0,0,0,0,0,0,0
scribejava/scribejava,6,0,0,0,0,0,6,0,0,0,0
neo4j/neo4j,0,0,0,0,0,0,0,0,0,0,0
AsyncHttpClient/async-http-client,0,0,0,0,0,0,0,0,0,0,0
weibocom/motan,24,0,0,0,0,0,0,0,0,22,2
java-native-access/jna,0,0,0,0,0,0,0,0,0,0,0
NLPchina/ansj_seg,0,0,0,0,0,0,0,0,0,0,0
orientechnologies/orientdb,0,0,0,0,0,0,0,0,0,0,0
apache/zeppelin,0,0,0,0,0,0,0,0,0,0,0
Atmosphere/atmosphere,1,0,0,0,0,0,0,0,0,0,1
b3log/solo,9,0,0,0,0,0,0,2,1,3,0
