Status,Type,Commit,ID
passed,push,f300505e9a18644be91f02151001cc5018d45abf,295702248
passed,push,f300505e9a18644be91f02151001cc5018d45abf,295658046
failed,push,c2ccbe4c8738ba6e3cb04901214f9236086aa238,295626671
errored,push,a4fa1ac7dabb2407b385778fed7afdba9b282f77,295623921
passed,push,15d5934e99bdf1d06beb739bf36b14e6c16b0c74,225484643
passed,push,15d5934e99bdf1d06beb739bf36b14e6c16b0c74,225484517
passed,push,df986c52251e296d98929068c354c6562fd1b530,203705131
passed,push,7f8d2f93b9e295e63d7866ca9c917b45f4be84a5,200250760
passed,push,bbc02570296bd4541055468876eb40f7132e794a,184460122
passed,push,94ea657645588f274475f7cffae507b79d5f0a60,179750269
passed,push,94ea657645588f274475f7cffae507b79d5f0a60,179750215
passed,push,e877649b6ff745e17713b65b376a5ba9702ae037,179663908
passed,push,c85cbed209c6bf46d7456c18480f2de60b8652b4,179653812
passed,push,2bf229e935db92b5277a671762c3f767eba2f7ad,179653206
errored,push,2bf229e935db92b5277a671762c3f767eba2f7ad,179653204
passed,push,e75d8890ae03f8afb9115848ca9b151be5971bef,179653165
passed,push,e75d8890ae03f8afb9115848ca9b151be5971bef,177893650
errored,push,b9adc5b18e2a8c55febfb9680aff4b17fa3061c9,177892101
errored,push,b9adc5b18e2a8c55febfb9680aff4b17fa3061c9,177891969
passed,push,1ef703ce57ab925bcebcb9750513de38cc8a1ac2,170718989
passed,push,62fdc43f49ff797a13316b6f552e628d7e1baaf1,170715960
passed,push,0366e3ba988f737921eb4734935aa31713f7346a,170711029
passed,push,0366e3ba988f737921eb4734935aa31713f7346a,170710775
passed,push,0075d5ebd4ca99ee52a4f90dc37d47defa866b28,170686901
passed,push,49ba7c35c641fa3434b9b7eb48d514e3c51a26e2,170050215
passed,push,d322e6af158a5b1a1771744f3dc6c92ea3cf8052,169489196
passed,push,a75bdae2edd9f8114f22be21f82b4c6cfc8fa2df,169460424
passed,push,b0cef873f5d60eeba3706a2c7cc2e851d2bbc2fe,129893831
passed,push,d3c0bba26657e792780cd94975570b9ba1859a7a,129893376
passed,push,738a527aff4f96dcd7c20b5c8b7781d1277dcb7b,129663513
passed,push,1b309a4477ced97eadc90e510eec0cc1b686cde4,129662537
passed,push,d4bd9395664b01eab0f62ba3088daec490fa31d7,116284798
passed,push,48319e149c1f4a6a8e7901def74c595d4c963b7c,116111433
passed,push,6a787deff741b3005d99b0ff8f92c58bc0660ca4,116110445
passed,push,6a787deff741b3005d99b0ff8f92c58bc0660ca4,116110391
passed,push,be1203189a2af41d5a1be8a78d3249f1d8b71e09,116091170
passed,push,cec93cf457ec3ab0ab77f7d7edc4c83031fd25de,109764668
errored,push,1d5b0938c17480c8b9f73ebef2b09f33554b83f9,76128510
passed,push,ce45a2dd88f80be27f1120188f94a83f89f01d66,74392431
passed,push,907d9677042b2c6c84774a0dd94b4b71074e074a,55789188
passed,push,d43891982937f26b6222d80f6ab208504fd16ddb,55788309
passed,push,26614430f8c8256525a6c74b03dfcec50df1fbd6,55759627
passed,push,45a1af647217bad1c78d7537805ddfae4f0e004d,44058805
passed,pull,4d5064d69769b5bd13b043a937bf36e172053a7a,44007484
passed,push,cf4f9ab7f046e512a3fec612a76d4115ab18f79c,41237189
passed,push,ad487e86f70b9e25e7654d01b096bdb3c0befe24,40852098
passed,push,ad487e86f70b9e25e7654d01b096bdb3c0befe24,40852045
failed,push,2a594882256d83978c3bb76cb7eac4df453dca5e,40847001
passed,pull,ffa6211d1f874e2572581e6429ab564b8e880911,21223024
passed,pull,72a81972d57f1e5ef5a3f304ea3dcf43ef8022b2,21222936
errored,pull,4b4351de9ca4fd9ae59130158ec38d75e4bbe28c,21163694
passed,push,a39b7a9a2d0f80220b2b71d0d7f21f1ccc997347,21002870
passed,pull,f9bba9c31b72b1aafa298593a63d5d55857882a1,21000888
passed,push,48faab8a51f0c9712ba85c5df9dd72f70fa9168b,20998653
passed,push,2e3ad5df1183a6f9552e039c4af9e1abe647d951,20998205
passed,push,9d2d08b30a769a85f5825444f68d01fddfef3878,20997675
passed,pull,ed68a8344837432f7d7a8aa383b74b8bde9869e1,20994590
passed,push,4499cff32a8f3fc27d7f35d0ffe9b274ea386b9a,19494163
passed,push,9cdde9f9b554964a9e6778bdd797813edd05ed83,19493910
passed,push,f42d4a128da783d198b9505a79661628b9fb76d1,15978134
failed,push,1c83979e4e8e0cc590816b58de57d38e071c4903,15958257
passed,push,b819635616ea9fc932bce3f3367795547f7430e5,15955698
passed,push,ac63dbf08fb9d4c921853b2eb27e47b440beeeb0,15955411
passed,push,254c156767f77fb4001ccbf3fb3c8b5edbd5d8bf,15955019
passed,push,6c80939fe07d69b9f5f6942a4b0e9c4a3bc4d66b,15168342
passed,push,1d1b81df654ec63a59fec86494e7d4ebdcf96453,14685853
passed,push,a97c80a4e60c0bb75d8cc24bbc0838019edd10ab,14683835
passed,push,bd60fc630881035e6888c8eb7aa91e93c3dd8c58,14683002
passed,push,455b9ac5216ba70834781ad642f9bb324943eb62,14682935
passed,push,c85cbed209c6bf46d7456c18480f2de60b8652b4,14682858
passed,push,856ce08f8c99883dbf67532fcaec11c48e12f944,14597699
passed,push,5fe21cae8c431350f0a211eb446e2607871df109,11048822
failed,push,1ffd616afee11bec2b018f45e4802cdbd8cff681,11043966
passed,push,ed8ca2469509e11037f82099693ac5b45d702f63,11043180
failed,push,ae895f64845195cb5fdd48943f14291dc3841270,11006293
passed,push,bda8582c36f24d097fe621ddaa1ff46ff49d52b9,11006202
failed,push,213ff2b63cded04a5a9910309172e55358e638b2,11006194
passed,push,46169fb3cf3c25d8523bb3f7fc36302232838194,11004226
passed,push,698f7024f2b56b9e7dcd2e293e9330a2ca8dfe65,10834204
passed,push,c7cf47475e72207fd22e3e53133f3c84a32d2ba0,9725744
passed,push,3ec8fea26ce90a48fa716affaac0ed535f30ec31,9264626
passed,push,75e4fca565d62b4fcd35500372af00fbed9d986d,9087228
passed,push,e3a96035cf29a3d98d016cbf22f206fb2b3e00b9,9087136
passed,push,366951c5d9a47f0d605b4dac2b6baecc960c1b0c,9005081
passed,push,52cf558be3cda3b966c351789b8156fb9bc6d24d,9004417
passed,push,3df77240931eee47e572c01bd4bf58708ac7c2fd,9002095
passed,push,08c975f1230a3e862ad0d5ac9319b4625aa9c16e,6881608
passed,push,4a0245577c77f7d987f5ddbe8795203f0cede30d,6630093
failed,push,156e14bbcfc7c2619b85ae055ea98b72420c48ce,6628353
errored,push,1aa55c85a94e40b62d46dc7b42b0192e4f18e483,6624932
errored,push,e92297675c28ed2aaad44b97e2e318726f435505,6621110
errored,push,abf6e28d1f3b73db23f37fa4a204aa005426c82b,6620999
failed,push,cedf62cad3fc28d7ca7be9fca94fbdcdee821aeb,6620903
failed,push,cedf62cad3fc28d7ca7be9fca94fbdcdee821aeb,6620791
failed,push,079396a6ae2fa0092addffbfffdd92671cb76f22,6620759
