Status,Type,Commit,ID
passed,pull,ffe8d58e43fbd47a8ec166faf03513da02d5c0c8,277814921
passed,pull,ab21a77aaecf7b71cd4809cfbdd1b7e81b43af99,216114730
passed,pull,4dfb9483334f64c30ef18f871ba7a40834f6462a,201296826
passed,pull,194afb6ef917e015ce262d509088ce75fe9d8c39,183384253
passed,pull,6ad61be30f0223f29ec51967578ec23fad2bb3bf,177463099
passed,pull,883d519e1f26878f6cdaf13e4feb93453d960708,177398300
passed,pull,59e00e9d16e0192e12b68d54c03358054cc5e076,177241469
passed,pull,48b97481b78345b685ce9037c4abe5da8146e21f,170099418
passed,pull,afd97ee18a9c874d8f9408d698dd80559ddb11bc,166929507
passed,pull,3db1eeeec5e6b46d74e6051256a76a4159641cb5,160637959
passed,pull,8052ebac9d08a9539e7c9aff6a55aec8deca66e9,160554643
errored,pull,1ca9c8d958cd98429f8c8b3c7756d98088fdf3a1,160448279
passed,push,963afa3fd4d23eb042127b1d47702d0b671c2ecb,160397795
passed,push,df553da2de3ba4f81bb41a22b1fa4617f3ee132b,160393060
passed,push,71e7829a2abc51d105ff11477ef97b4a188494f9,160392286
passed,push,c69e403d7bef237696a3a9961b473d440a6892ef,160392069
passed,pull,db0db59a8184a95b252f09aea95c2845fb6ff3f8,158934725
passed,pull,5e189f9a303c2b91a648ca5bb5354401ddec8551,158864844
passed,pull,feda890980ecb7625d737faa7c18dd4425d71f28,158385795
passed,pull,4960aec4006888926dca9b6243e17ed31f60fe05,158263430
passed,pull,c9f3040872fdf3d6f0b50314860315583194ef61,139946876
passed,pull,e3cbbf381a5d8f7191c9b0abc97a70d132f85f54,90291032
passed,pull,709ea8b493a0a813499eb03fc060076a890c0573,69605840
passed,pull,e7d0454085435c59273b13e87c4a01f27e3cbae1,69604809
passed,push,605d641dd1bfd5ee7605b964bccb1de80b566df3,69556721
passed,push,1ded79513ca50214a1a8fbf940020c579a085342,69556373
passed,push,c666ad829eac2d9deacbe0b9e745103b641f05ce,69556071
passed,push,4c7fa09a57d506462e33fff23073e204c17bc595,69554979
passed,push,e15a3dbfb2a6ea89bd7e9449e85d5fa11448893b,69553927
passed,pull,6b5e4374f63aeb79f0058af21685f053549bd700,68779247
passed,pull,953dbef6a3e230714d0537323e494c49a8a58737,59070242
passed,pull,40d09347081a9e8d981ba12211301c00bc7ad3d5,54150115
passed,push,8096805b4911d79a2cb7fd14c9de7c77372d76d3,52869135
errored,pull,a186b89f29224854786328f27d9c721346812409,52250513
passed,pull,ecd0e42f862e3dd936b2cfa3f8c33f1b353ea699,47683235
passed,pull,645a67cb612c035aefc37145458542a8b2a35a01,47326347
passed,pull,c2f4846c037a90de631ad45b5e5212c53aa2c0c4,47326303
passed,pull,7dba9355e4ea1061980f0da20e3cdd75e021a89b,47106645
passed,pull,7dba9355e4ea1061980f0da20e3cdd75e021a89b,46751348
passed,pull,52515a0c24399759134316796192259b86fc6131,42220258
passed,push,e258828b6c2084397f30b72d7dc36013f827ae6b,39053625
passed,push,69c3149f2aef43adc412f5ffa1e27666d8487beb,39053621
passed,push,2d2888cabf2a41f799f8c844c5f42344056557cd,33086854
passed,push,d470b7ef323f49dd62f68a9e256a666591858a57,33086591
passed,push,80930ddd45fdd062fb255328df5ce347c5358427,33086525
passed,push,1a6bb0c695163bad83c5b24ad271b5df57c861fc,33084467
passed,pull,52286b0bc22740a3aa35e75f0affd2f105ad7267,33072770
passed,pull,b8340e96e822206264cc9cc0cf5bb9475b599cc1,33068605
passed,pull,6c2ba0fd3275039ab051e294d138c176c4a0f312,32953089
passed,pull,f7afdc82531fbdf3c20407d5d149c9443bc30d2d,32941971
passed,pull,dbd623f81c758ccdfe6f5943a2e08a8a288fac45,32702021
passed,push,6eac20b70ca7504fb0301104b6737ebbccfb6807,32420197
passed,pull,5cd852dc5fd352448e5899bb4434f6c97a5e9cd1,32419237
passed,pull,06b69931cf9dadfde003d9fb40fc30517185fdf4,32134707
passed,push,d08d6863a7782c5061578cd90f00852e5ac4d197,31879444
passed,push,396f5f89fc28a6a27037bffab9c78ed87abc0183,31788003
passed,push,5903a77bece9b44a7ab741d296232f9d0a4495ef,31787904
passed,pull,1b78d7c6b09d4daeae9f69650232bba2faa53b53,31749551
passed,pull,3a0538f146ed0a574b62678ed6dc26b3511613ed,31748559
passed,pull,85163d9e127aaf049fbae9483de623c05cc3f2ff,31168171
passed,push,5024f5469c776eb41c31de0c5eb807b5807fb0a5,30025945
passed,push,fbe22b1dacf6c3efd025f1916a3a48e457b7d326,30022357
