Status,Type,Commit,ID
passed,push,d5ca5c85c816b6e768618c3aabfa8c5a516abdd5,280731997
errored,push,f868061aa0767bbdee9657d46122411388eee0ee,278056734
errored,push,5d2fb8824425bf6ccf5fc22fef0bdb04cce37999,273741604
errored,push,553159eeb524b47068054c7c895e09314ba606f5,273739473
passed,push,93b50125c582cdbe9f36eb7f27b08fdafd4769ff,273125238
passed,push,21fca00b85549995498f1a676f2b9638f963ad38,273125200
passed,push,48d41c1e373e88fcbf31ae2bd146bbae38a088d5,273124856
passed,push,f696449a2799be78f33fce84d1e7b8761420e567,272775233
passed,push,c8eb466a12c6c15fcb6873118f698b057e84cc94,272772783
passed,push,0c5e8cc787f3437e448059ea07b82bec3a08bace,272740920
errored,push,1fe018fcaa0d513cb32902ca3a1f18773a9e076b,272739695
errored,push,5b3e2075ff5744f3516bbe1fa73064db516689ec,272739396
passed,push,3024c00ce9bcf94e7837d4be40e9e2ab2134fedb,259011726
passed,push,45eb89df116a3bc8da0a6644918b8520555b0da1,259010301
passed,push,a2cf860cb245fd1fc0b88d91be0b8f5301399fba,259010284
passed,push,389223b25b2debca0e03b8bd29088aabbe383dc9,257156013
passed,push,82935b6135f78fb70771a4b6a9a7372865abd66f,255131694
passed,push,8bbc2cdb24c0d1ba033d1a2a0959b0c7e2c23f85,243882797
passed,push,3bff6319a50ebbfa2f7ea566de9fd4dd9a1cb1ba,243882785
passed,push,b68ad2a8dbe0b83c956e444b5749c4898dbbafab,240239567
passed,push,70e73a1f57ada64839905e15c71e288a490b2907,225744106
passed,push,b3d640845b85f4cbf4fb190819c8fae4a1815a7c,225482888
passed,push,7ffbbb811532edf9ff453225f2f0267c5f5ea1d5,225482548
passed,push,80710417a600d2a1756aab0a2ab7d7d13c9a5cfe,225482536
passed,push,00c4e7bd028f6d3302fc5897c0db2c66a4fa926f,225482323
passed,push,3171641c0dcd15f0bf8596fa223c335a58714fe4,223390426
passed,push,ad0f16449c47563640b52c2fb19d2f0c463808e8,223348031
passed,push,8662a18b312147cea652ac5d33023471555f9e6f,221890256
passed,push,aebfc359dfaf1efc8aeb999088fa9d1445f32413,219146422
passed,push,1f48329a0f9c236486b747c2594addcb9a75efec,219133686
passed,push,83d9b783b6c08c871e344b3c9cae74c47f153363,213685688
passed,push,7224eb035c3df8e67220ee49168574a419403d03,213685642
errored,pull,1eb687386055f153485791a7df5bfedb93f5ac8e,207914825
passed,push,94f4c360769718c881a1e04621fe99867477b452,207064237
passed,push,6a52198058738282d99165ec458c5a997be90fb3,207062628
passed,push,4edac1ece1e81c0bf5e14102dc68ad0379b15a22,207061866
passed,push,14d0ee827339d25c6642021231b96649f0b13b26,207061588
passed,push,0fcec59149ede40a86737032260b9a6fa9ad9e94,207061131
passed,push,00fcdf6a53ad3ca13e6b05e5bd69273f3baa61e6,206835711
passed,push,2c710c1abc758c689e4e3a79a66e2ea29cfc149d,206835681
passed,push,dc4e88799709605a8215a450d9337c99b14a2c06,206835244
passed,push,4511b0f391e941a6064d4d57b7f24bec1cbc011f,206832220
passed,push,ff9457ada7f37fd37f18fb995a1ef0bd0ce9b9d2,206832211
passed,push,0b96634ff864d604c65935fb21a7692731d21589,206830560
errored,pull,1eece6a59e81d91489d35a02badda2b5a02e4716,205949694
errored,pull,dd6442ba1a516343577cdadf886599946256a1e3,205947594
passed,push,b2547b1a944214f18fdc7d576309410d34b45a7f,204856995
passed,push,4b2f6d92675e12ed1b46d98bfd9d862d7fc5f6c1,204855459
passed,push,d51f69afb5f8c8fd52096e7c310f4f6b33fa4689,204431216
passed,push,b9533fd71435fb0eaecfecd70e939279d7df7ebb,202975226
passed,push,a7776f1bd6657e6774eddc6b3f5566533aea6974,197199604
passed,push,e057094f594b6e0d9f1276f8a0af4328d496f89b,197013670
passed,push,65e4045407b350bea41d22854ad9b8c4bd8e84ed,196824560
passed,push,6e3b54cb8d2aaab9e55d2820f78014f719fd7577,179344547
passed,push,f4538801e28298149c0e9efe6a9cad440a3d27f5,179149211
passed,push,7292379f4236a81548ac380dca3afc0573f9ecd5,179123949
passed,push,3794ccc87eb2129c42dbb51f5de2acf780584fb7,178075248
passed,push,35fa0ad6366af2a7bf3cd5d382919ab5620df0e1,178074229
passed,push,1aeb62cdbbe2fccf7d4ba0295a303dc5d8dbbaba,177854079
passed,push,2c4944d126f6797685e669ec8b318ced86f89d46,177843466
passed,push,98f2f31a7aaf332e5e1e13d89260cdd9aece0da9,177549824
passed,push,c12f874dfc560a0172fd67ed5b55a4bac93945fb,177381869
passed,push,1b02687bb8d0c419813c65873ae273593c94403d,176279101
passed,push,24f07b950e0def8cbf8b42c634e342f57d43d675,176263399
passed,push,9efeb2a2b7ccc7e46918cf9fb1e74ce508ac12f8,175617284
passed,push,f025ecd02224775b75d2fe6e20b584e3173f92e8,171255557
passed,push,a52d4049c67767f0b25124ac036253d3ff613d2e,171252183
passed,push,c267f20c9583bf981e7b68c2f9f892282b9a23b0,171189571
passed,push,f19156eb18f42fd6ef8a512562fda22e4810ad6c,170649827
passed,push,ba099acfef1f55852ec15105beec8b8783e670b7,169368585
passed,push,29ef0ec5226370467cfd8ec74e310649da45f712,168817033
passed,push,55610ad1c4a03e03e18c0ad5db1d38a21294b16b,168799515
passed,push,5a62b188ab007d01a73e3795d91a9e14fd203a86,168740887
passed,push,3c48ffbd02de14c28ee5909b608af8c902561bad,166634220
passed,push,143c8f2423ed45dfd8d3b3d9cf659a886864c18a,165709718
passed,push,e59129980b73fda87c0ce9b845a840497c311df1,164811136
passed,push,83ef23779ff3aea688c514bce2466d1546ee77d7,164552660
passed,push,642ee842da46468c5c42ec44de3c6b1ddc6efee4,164482744
passed,push,6e073d352dbb0f73fafc4f1f4159cd4e75167877,163892888
passed,push,02208236a001502fac0822e0daa949e40e7a9219,163892602
errored,push,de4ca2f9cbc7315195e68986adeb051d729b67da,163891385
passed,push,5f2a617c068687e9e491487ff5a55b618382ce22,162803155
passed,push,c6361ea493d2a8c4bab88e20c99b5c898d758610,161532667
passed,push,264a5e2ccd90361201f8fa8e17b8db8bb321ef51,160756108
passed,push,5d8261c7703ebffed1536e58b2c2059d255202b8,160756096
passed,push,5e34d4bca114106f7c14081b6efac7bdb0045dbf,156264782
passed,pull,c71bbf0287ec19bb765cea32684dcd4ad117a4fb,156252568
passed,push,de9e25ed129b3edbf202d1455316454a21db97c9,156093840
passed,push,24de69b6860e2c0d98aef8fa1ca6386579695a44,156093820
passed,push,8b923d59495fef453bf6e97c5cf15015efc39d6f,155249118
passed,push,da30875b174bcbd6857b7b4ae05ac24d877d8898,145960959
passed,push,55716d3a0c36f47c7fe0d7b7463a4a84f712742f,145960949
passed,push,c2fe43a911d2143d77c20fa08bd5b6e662427cd0,143117419
passed,push,a29cb4f1b063221237a0de22e15d64f6191cd246,142121939
passed,push,2d85fb0c7212ad51d4d4040b561373459334a1e9,142121925
passed,push,1c0fdde0743ba2065f5dccc5fb101d0b9e659249,142121665
passed,push,06a9a0eb2e7af30e0b3ef13774011547cba2a785,142121468
passed,push,dedb7b72ca393551e8d297425f21cb5a0f9f7b4f,141522968
passed,push,1c8b4b3e6ae1c834f0a2abeec44bc010912247ff,141521800
passed,push,1afff3606abffcf17f680ab9a090c9dee96dc040,140149653
passed,push,60de92a36b9cd72ef22e85b40b2c4255caec1a77,140148946
passed,pull,4c00fdbdd156a6e77927ef92771807cdc5c4ac53,139992926
passed,push,aa5201f31ed6fb1643a6a125fc142b558e3850a0,138224442
passed,push,6b260de445fe0aa5dc43ec952ab4c732710fa39a,138224432
passed,push,af0f5ec2d7e68d54574d9ff9c030c65c308cf93e,137426707
errored,push,c550ac8bda872d8d3fc9d950a5bd749e4c157feb,135768873
errored,push,c3b4298a6ce23c7acc8bd1be17f9723a58308b57,135768651
errored,push,c05a41e590c208bc0cad3fb10f7e47aa8fce7d65,135768629
errored,push,dfd6c4c20b14a3a963bcfb5d56db4be97397d849,135768366
errored,push,9b52288c5349cdb3d2b24e2bdaa59ee69a7f4e94,135768127
passed,push,4fc453144ff6149d01ce02ef68a55c59c8a688e6,134940945
passed,push,303bc7280c7853ed4bb49460077d1018e5bf1ce6,134940597
errored,push,1525116cd145fb5642ab2bb14f21851eec6c2bf8,134928736
passed,push,2a8271afac7ac173d069e33d51b1ac646df27068,132893908
passed,pull,fc9ea2814495e6c867f8ac19eb46ca3b6a588cc5,132762298
passed,push,0417b90e12d0fb7b403ed2713bc762c9afd1536b,131575639
passed,push,4099fcab4ffd3561320538e0f7bbd227608356ee,130751383
passed,push,ada907361576cb02d530ef8ca71eebb99e9601c3,130751232
passed,push,e83660d463c2bdd4b32b7b307761e559c6d1b6d3,127700482
passed,push,8f6ae1ba657ed3733cadf005f3af6afa0e32cac3,126978552
passed,push,bc59a9a7c63642c6f01a998cf361cd57d97fe1b2,126975453
passed,push,4fb211f02ae385746ed0bc7b5402422bd21a99d5,126534988
passed,push,d4165c5deb45acc7254e45e9742ed3fb95024bf3,126517823
passed,push,17812586530485f514aa3ded6d29c47aa6336632,125477820
passed,push,ed9370400dfae159b943d39db55d659d0638408d,121803613
passed,push,d5d3a12098fe36b64a991bea9a9c56eeff06caed,120783384
passed,push,c21d543524a6ede3f2dec1302d800da9da03a22b,112175892
passed,push,b07c6c859aedb930003b50a0c5a375bfe68a01ff,111138961
passed,push,737cac66b1368a14836dbf4019d8aa1d30691f95,111138743
passed,push,dc7010460bad483fe7a9c9dd4e4f005c63ce4e4d,108717586
passed,pull,8ec0bc3c9ad664d16edcb43f0c90c5503911f197,108704520
passed,push,5bfd012236f20a5a8f4add8f9de67abe157eb1d0,106401756
passed,push,ebbb2062ce42e610fbed0bb626f650ccd8c9c27c,106401746
passed,push,0f962f1e524158605aa9c7c89a882a13e55af710,105607085
passed,push,cd66581d2aa91c6079de3d0c31b738dc932a8541,102821117
passed,pull,6a3a5d6061420ac7b7269d18b7b0500a94916bcc,102764445
passed,push,b5744687a163d61e6b4106e49a01815c4442c8ed,101366299
passed,push,8a99245f932f2f5cd81c0a3f436bb07d16ae0068,101366297
passed,push,9edc3e1819852b48da4aa22d5d00a1801ec1cf97,101366242
passed,push,24e36de3d30e758c785533c584ac59493c059528,100520174
passed,push,22ddf7eb69043f0f45e67d25ffd1862deaee9ec1,100520155
passed,push,5ea08b1b396ac1295d5b5c472b4d402baeb1f816,98907866
passed,push,44ce25f8486e953529787729a1327424d8be599a,96336257
passed,push,09a54b82dab9bfe13033b13baa456abc655a2dc9,96336253
passed,push,6b5626e4fbb70b3b4fe199d373753e15bd738c48,96212391
passed,push,dc91111f36cafa427a7b9d30da3a13cd43d1fb02,93695679
passed,push,818991398a2270b9f132454ba52f2d56f3c87b47,91624182
passed,pull,6e76b746fe02c29d254203021fdaeaa85a3a85e3,91588233
passed,push,d36fbe053cc1ee3f71747d01d42f23c0368d78c1,91316891
passed,push,2f1ad28467040fb75338db6e351026b2a8e9d4a8,91316889
passed,push,63a6a52762bb4073b94da172a4a3310310a59f7f,91315297
passed,push,83e189b1872eda500666cc0fff955e8ee88814e3,91311303
passed,push,12d6f59721b3449119b2d904732a7272183279c3,85049833
passed,push,00ec002b7c61c7ff0377cf9a2e9a213d35f17653,84441763
canceled,push,5ab93aa9504bb3c77f51835f18f61efa2bdca414,84441160
passed,push,3dafefdcae36852ed734c9f49463df6654af914c,84415784
passed,push,0cad76dd0839db1da99b617514c7f228e08b5ce2,84152111
passed,push,40f2525295dc9a1c7ca64b71faccb716dad27ea4,83377468
passed,push,80522429e6d46eb48025892ba91231fb429c1601,83222153
passed,push,001e4b041b3357de4c7bc3125238ed31f1e7cd67,83196141
passed,push,a9b2fbc94c318ba48a8cfa40b96a2e9113e80ded,83175805
passed,push,93ae86c276ebb8327b2addc09d9e02035bf15d48,80359162
passed,push,d92a3bef9f904d512d5d8f2bbc9934b8e30c6ae2,80359155
passed,push,a24542190201fd0ef18ce825895ebc0ff87dbec7,80275564
passed,push,27eca1d2860d7a4b9a9c8ae2a9e4e85672803004,74863929
passed,push,7770e562fbe5d50727196b3a75e8ea431c269303,74863921
passed,push,155f5377babb5a33749b0a08223b61714d3239cf,73068625
passed,pull,d1ccc7c374bb174062227387ceb507457f4b2cce,72956577
passed,push,3d5c67264d7a9b844d9555d618f97f025ffc50a1,71345463
passed,push,a3d3448ebff755ebe95b24606f19a1b2a759d648,71345429
passed,push,5162a5b5a9a50d0b83c0a2d65a7234cfa4f772e0,71345427
passed,push,746062028c492f4233f5e186675ea97e95462a69,71345322
passed,push,d2dd7b965bf525f8e178d5ec7d5ce88398daf7c7,70481774
passed,push,ed9da8ffcb4fe05103412c3b4fef4f8acd025090,70481772
passed,push,ce2fceb3a3683e5d09ddc47e97becb7cbb7d2299,70481686
passed,push,78942a41f29a3aada458b844dca037e36c677260,70476329
passed,push,17d9fc0f7c518fc1b6eeed1f882c0169a1f3a127,70421574
passed,push,35ad69d25ad500b37109bff9ec5969c7e9036f84,68259636
passed,push,14c392f30ccc9cd70a37a9a99518830cf921c8da,68259634
passed,push,2a3316c5a83970308a66652930af7d06214a79e2,68074539
passed,push,55b57e9e244bbcf1f1f930a342b95d7107052388,68073374
passed,push,8169e3fe0dbb0536fac5ef3460d3d5c356c64add,68070257
passed,push,fdef7a6c55df4c3679d3cffd6da0ebab1eed8950,67607515
passed,push,7cb7fecbb7eab963b58531d901313e8202ec08b8,67474304
passed,push,282722ce4e50a0dc2bcc35ea7ea90e571c6f5d69,67440416
passed,push,e4bde87a7db212f6eccff043b31b4d7f96b7ea33,67439076
passed,push,1fbb223ae483cd943b75b6fa584849d6910490df,67116358
passed,push,7dc24df960527df8ff7504485d55952c9a63fc58,67111172
passed,push,6b1d2167b5af3a902d9169395c2b920a7966ecc1,65984106
passed,push,17d550d320ca444737740d5814c048998e422d21,65984104
passed,push,66daa4d998ccbabfdb7df7be24edf65dc149030e,65983933
passed,push,8e929c2981d92e2f950712c5a36ecd2b78c3f0bf,65024556
passed,push,b8b740db58688a378d22b82b87900c72ecf98ecc,65024418
passed,push,9fb1c59d6d1d146da2a71c6156c6ca30b8f4258d,64855415
passed,push,85f5f0c87db7958bfcdfbea1c9326ec1d0aa919f,64819760
passed,push,4595936b41679dce3fade7e3ad9a5dd0f3c4e9b9,64502633
passed,push,36c8d5ddc3d34d4b18ed09ff0f3691f766b31622,63112864
passed,push,457a0dc80c7673b5c88cb5b531865fc4a451b507,63112858
passed,push,f404f0c7c641571bf92ed966e90565e32d2c956d,63112797
passed,push,c04af7fe897cb49fa554ddf675b2610bc9d61cc7,62508287
passed,push,a5502629b0528a9559976faecc784d2b7e4acb04,61100953
passed,push,34c876202a4e70677dc94ed11f6e3d0c867dace0,59910714
passed,push,5261db0ae15b65616ba50cfe8eadf06fe63125f8,56927778
passed,push,5878628d833facb76a6799c00370eb1162d142d7,56350556
passed,push,c9c7b882c6ccb35321a951026717740dfb934b86,56350554
passed,push,f2512357138759a655cf9cdd68f95bb07a055e1f,56126004
passed,push,df02ce1899aee78bab0b3dbf5f82841a2400055f,49814425
passed,push,94c32875a6cedc5143e7d7ddff92997d3a5cd3d8,49814418
passed,push,769586f0d35c49d3749186cf1db69016ca7bdab5,46949982
passed,push,e579419801e7dcf00fbd8336a9b14ca79e376485,46949968
passed,pull,6275c315c74551d22c59f045463da2a984b54c67,46509154
passed,push,b58c4d75ff3aea77aa44d8e01c69d8d87f97be58,46011232
passed,push,6822430970aea2f557c188e77bca9efcbaf2bfa1,45640496
passed,push,cffea0ae5ee0c389b5cc4f3d82f347b4af968990,45640494
passed,push,fbacc430a62c63b030151341d336ffdb8c667d16,45640393
passed,push,4e78c6bb19af1ebcb2c00b5c12602fd8be3cf9dd,44997602
passed,push,17a1e4a651df5631e263c125de22ae0f437a2952,44685972
passed,push,073f098fca9fcab4d09d0d0b5908801fa762a823,44684704
passed,push,333ff3df712f031fa3553f3b6fe6401dcac400bc,44684663
passed,push,37bb9474631fd51ae1e899f3226a5a3218413b4c,44642852
passed,push,7a40947fadad36371115008acb4041f85a63e94f,44619558
passed,push,074321293c0309fcab8768f0ec68ada800558be8,44590285
passed,push,c39ccf9177b9ccba5d85a7139f146e0711c4af78,44590277
passed,push,8a0ccd6c2515d8a929011db2c2954ffb5c09239b,44539287
passed,push,576a0b3f3fc78d1566b6e525bb26ced4551c5d38,44420375
passed,push,469b474ae4265f31afff05986dfe093286e1a3f8,43556802
passed,push,67fe25b181b21b9a4caace15397600cad5d6fb5e,43553878
passed,push,06763b7ef04fd50889ae03555aa5b8df1ceb1850,43501224
passed,push,6128d1883c42e1975fba8d9fc9b7c9476605e685,43318049
passed,push,db272101b692d0b34b5d2dd44628fbae2d387690,43224606
passed,push,ede5f8dab1f90252972b2b5190f8bcfc4940c4d8,43224586
passed,push,3cb235629d45fe3cd35e9c8bbcd496547e65c086,43030320
passed,push,b4eb908b2da673ebde9d74d753e123cf5e83b37a,42033450
passed,push,923e07bdb57c929da59ee62bd32a4c4986bd029e,41648296
passed,push,7d110149cb62f172e665237bce52f67f4ae4c319,41215461
passed,push,83b0a649467ef3afff0257020c2d777da9ad8882,40565126
passed,push,7e1ff88a51e75e51fbb5129d99295a8a9b855b3e,40250710
passed,pull,203a8d314067e9c7b210922389abf3dcf9089230,40234852
passed,push,116a96ee289896d23cff5bc3fc5185e986a515a2,40197024
passed,pull,3918161ca5144d43c10412764b363a91046b22e7,39358250
passed,push,3e08b4076cebe7f39db9385937e260b94972e783,38230863
passed,push,5ca7fbb924b4acc331d3cfb25a7247e6a8bc4a4a,38113749
passed,pull,f0bf514607cf8fabcbbfc0d36f65a3f79908004e,37123335
passed,push,b6a9f12fb65574f09018f9eefdefa3cfaa0c648e,36069291
passed,push,b1a2cddae5c5482af38bb6542e404fbb822b7bbd,34359417
passed,push,adcc160326477728e1ff2e0f218653ac580e053e,32595969
passed,push,6170de49b858fafd8f00a13da76eb06c1d71c661,32595965
passed,push,e6889bbb1af9f08c570a68b86e1a42854f78dd5b,32568990
passed,push,ea6e3a434a9d2539ffbbf068d4241f8f41e1bd77,32568855
passed,push,c16cac42f7d11d3b4635f8fa2c1fa6cc8729caeb,32568844
passed,push,a85732d2ea585d18af7dbba1b6c738b323a7c395,32568797
passed,push,1f5ea0aea2772e95e76538a80290291d88543b80,32568696
passed,push,c4e3591d262a2b90f5bd14bb27c241b95b8ba040,32568506
passed,push,a7d18639147e4326ff4e45aa26a986342936b5c0,32568287
passed,push,7756c791605cd91d49f2b7758233e12cde6d455d,32568282
passed,push,196597ce06e552cc1c93d802f49f2d84c9fb3965,32470202
passed,push,d6b439abe2c2f6ad8a3398a52ac1cb65c047593d,27639911
passed,push,337fdc5453c84ec8567c61aea76de262ef3929d1,27639909
passed,push,90f9db877db2035ede883a60aa8fa91bcb3784e6,27639871
failed,push,02823d1259dd03cc8e564c1843a5ba2d5f3679da,27269546
failed,push,f608a6e29781b3942183b897338d2fd575e7620d,27269544
failed,push,f608a6e29781b3942183b897338d2fd575e7620d,27269538
failed,push,6cf3573609817c0068c5da3032ae9d4ef75d0c5e,27269424
failed,push,2f2b913015aceeab02a541c9236999dbdb8617fa,27269333
passed,push,b7976fc2bb0864ed14f37bb49e54b33e19e379bd,26967091
passed,push,8e7d60d1521e8eb199420fae4d319241710e67bb,26967036
passed,push,8038d9bad26d2aad4b8b5b18692b4c3df011346c,26316112
passed,push,82063cc7719d456c7ca6119e54ba5651d90e6326,26315978
passed,push,114e376dd292af0d831ea17c5999f58eae90e13c,26315508
passed,push,2b8b00aaaa3acd78f8d9f45c4bc9d3926186a570,26315498
passed,push,642e1498925f5c4e6ca871ff931a4264719a0e29,25809790
passed,pull,c17d434d825e7367c2363c62253d41f769b7d714,25806312
passed,push,5658a68012559c40dac0e2789ac458382e369f04,25621676
passed,push,371ebdd6cce9ef0994d998d6e870d6126549d275,24746506
passed,push,af84412dfd6a634b768317cda90e1743d27021a2,24746504
passed,push,e03da33740a7301e7ec7e0d0721d2e0b2a103196,24682832
passed,push,df34a31b6ab515f1f2c987c2384353bb543ead95,24674702
passed,push,2b42f4d8104f7e8934037f39ef5a50dad62aac3b,24111855
passed,push,97c7638ab64f1681f9225494a4e07e1b32c90e93,24111841
passed,push,5cc39de31b5e97fc03083175e16b48a1c7ef179e,23833970
passed,push,4358b6641ca61df1e1623fa11f1baf9793f097a2,23833959
passed,push,9915178e7cc912f21071524bc67d27eb0f612f34,23833903
passed,push,de9f0e73220c0b09f1d9f87e4170a4a475fe1b94,23612887
passed,push,bb49b539ed0f31bdc1deedcf187a6b28252a82cd,22708351
passed,push,acd2dd5c1dcead16f0b139c76ab82ce22f2cdc73,22708344
passed,push,f39a2aa1fbf23e1c0d0bd2b702de5a23920b9c44,22708298
passed,push,d9f31b7fcf2bac68db3e9050ca73452a4e6ac89a,22660234
passed,push,304f57bff46430d20e756c25687c27ec0b28d23f,22622876
passed,push,3b9575db4e03eb04a4a46dc44dbf6f7faf699c3c,21810825
passed,push,8ee30978c4bbd4a128f7b75cedcfb16e3bdaa613,21810289
failed,push,a25cc3d58b5588165b3b571b90ec61d9cc1143a4,21734637
failed,push,b61db147bb9ef98782f25d7c8d9802615ebdddb1,21731861
failed,push,35126791aed48e6ef5fafb734f56e46b48b8d1c2,21730449
passed,push,d7e541cc13cd8b781a24bb400953b84f364c03a9,20815151
passed,push,c00a2ae1e0d87a687c8823c1ab31a00800cbbbaf,20146685
failed,pull,39983eaa5e363a481daf5172bd1026c3a303b116,20128731
passed,push,94025be938bc26c99a67fb28c889ee09b94b134e,19850754
errored,push,27ce16afa8c761bd54342f6452fef5875a56d66f,19849913
passed,push,dd28b50bfdbb351bb819ea4f3c24bc039e441dde,19846187
failed,push,d23d13814e86143817f2055c5b690bb754a69e1b,19846185
passed,push,fc88ba4974ce63b89ed87b51132b983cdff66ca5,19223219
passed,push,3dd623f61dde52e55d013bae5333602a480b7832,19088081
passed,push,27e66d3a8f714f66de10ea222c82cb654351ec59,19087991
failed,push,b0933a33e137cc0f7d7a1d3f0c1472c85b6e8669,19086689
errored,push,c550ac8bda872d8d3fc9d950a5bd749e4c157feb,270311079
errored,push,31ac09d893a209ca79d5b9757d4b8958fc4152ac,270310400
