Status,Type,Commit,ID
passed,push,aa4635546cfb50a2d544241e4f9425fd0a5042c3,268443345
passed,pull,67fbf5a7f5003778019bc97377777245820c5e41,262606137
passed,pull,d35d03f721a531a650c6241e6689f6c27b759fde,256797729
passed,push,b02983bf86498b974632add721291b4dff88ac02,249649644
passed,push,63efbbb08b47f368674f00ecf2b2400ac17d74f3,205064627
passed,push,e6cd9a4a10e76e312aa2a68b951ab8bed9c1f817,205062870
passed,pull,4dcbd31e58ab6c51bb2e55fefcfa23128a1362d1,205062334
passed,push,7dd60088bb2fd604f9952881cbb7c24d68b2cb45,201226298
passed,push,a012b37c47cd74b5f91e8b4a94f3f0f85882ffa6,201226294
passed,push,7824005f8c77eea209feffb608ec99ce3aaaad9b,200281678
passed,push,9ca05147b1ffbb48ad8ce4025ca2a9b8f0d773c7,200281674
passed,pull,b13a2c6eefb82f011afe17ba33ff966893d5f545,199387255
passed,pull,067c7578fd88b786a3afdc29b32ac3be6868b7f0,187744689
passed,push,c51b78e8e45e4d1f93768c08e84f211078329df4,185795557
passed,push,4ff5d54d7e9836aab494c6c3920004be12ce138a,185792090
passed,push,87de6a6b8dc17a2a9571fbdd8ba5322d5f827ff4,184549259
passed,push,430e842d45400195ddca12e71515bb7162561cc8,184298225
errored,push,450b3129edc9bfca4d64b5816d2219ffa5529d9b,184297969
passed,push,ba8f6cb86f228325a2e1af5edc1854959e393ff0,180811438
passed,push,e7cfc7eb0eea2134fda2bae64e8311a3f4621ccd,178626838
passed,push,8b243417c9be5606c1cb2b4a934566226515f2ec,172341306
passed,push,dc55cf5bc1f63526b04eef85ea82baab8d8e8df3,169231654
passed,push,50568e1e1c0632dd7f856e09bdcfafc69cbf7f2e,168864011
passed,push,18fa60fbad58142ded135c163d8ceee438d9268b,168863130
passed,push,b0cbbdb215dc0d2b61654403235f5644a211eb2c,167431977
passed,push,77af274c3265cbdc671815615bcb8bdd0d04e3de,167398170
passed,push,3580a3ef5052b163ad4b1015c09fcd0c7ed8e020,167028230
passed,push,d4d0c1b2ca3dad2034cd7ad1cf1f45ea8e57e71a,166709947
passed,push,75bc36b55864e737526818c1b279c1c4fcd3cb04,165490566
passed,push,f0784ccb71e9d235cac0a6a328fab4698363dc5b,164094393
passed,push,604d029044baec3bd110da3c9e72cd5f77d6d8c5,164091583
passed,push,abd01377af7f2418b8034b12565acbb42e23ae94,161610216
passed,push,2d12c3de1154b105d98c91cc08ab5e32bc752fb4,161609921
passed,push,ac290d47c980d910629eb80b195eb895356c7c4f,160483827
failed,push,80374b8465953c34a76da9448bb54d70a08d0aa3,159705571
failed,push,002c8d52654dce8d024a19fc5a2eeaa577312eae,159702281
passed,push,8cdc75a9d85c4aee5c5cff6dfa3ed3ba2ee5f814,150095166
passed,push,ccf4ee8df5cb0fae167732099941691be8aff788,146381721
passed,push,6b35685e7f6a3c397506001c4d132edde7712273,142848267
passed,push,6b35685e7f6a3c397506001c4d132edde7712273,142848230
passed,push,6b35685e7f6a3c397506001c4d132edde7712273,142847996
passed,push,c7936570797aad3275248f09d35508a2b352093c,142845567
passed,push,8fc05f37db4d835e6a6bfdeb6c722df785a4ed2f,142262729
passed,push,896902eadd9d1994a0b32eb9e400b781be0f8a36,142258279
passed,push,8b2d9f87eaecf69a7e31da39acfb640a96d64d3d,141373343
passed,push,06f2d0fcc656c2ef03d18005047ea893e205e660,139569976
passed,push,026014a648df46c43127e7892615b8d8bb374d53,139470704
passed,push,026014a648df46c43127e7892615b8d8bb374d53,139470684
passed,push,1be339e37c59fa96511730995bdc7fa158f8df3a,139241299
passed,push,dbf4f100f79a32e27eb0d5c7d5f62bcd50110239,138405104
passed,push,7c19db3e841bf193bd35e36718c7a3e30e57bc51,136434026
failed,push,fae24137004dc085ecfd4cbacc992a5431259163,136259687
passed,push,47b12802985d522b0c7fda7c713e124fbe3e49f5,135962219
passed,push,e11756db100e68a33fdaea4c5fa912cf8906d142,134998585
passed,push,1127546708e27d329f1bb116156f4d107735c757,134998315
passed,push,69a5138714a1ef3723bd768452c41bea023effb4,133164495
passed,push,959e006e96d1bc3526b4253356dbf06a3d4e7c05,133163251
errored,push,959e006e96d1bc3526b4253356dbf06a3d4e7c05,133162675
passed,push,6f4b284dd101147e743a5a014d54bd906faf798c,132930179
passed,push,5a219f9802640b6897d917d6b9980690ecce4076,132843270
passed,pull,434a806c54217848727ae8e541dbceac5d19667d,132694553
passed,push,5760fac3b6dfbf75b104a3ad3b901edb4db76eae,131765210
passed,push,b37d55640c5bfa38b2482dfd6d0a07004ccb1d44,131211194
passed,push,003cc1afb0bb7db45f3b92f466289934c7e4e6a9,130913819
passed,push,1cd922e74271955dbe92c95d5e0e7d005366728a,130053381
passed,push,bb84c94d0a3694269ada93088e3346dc5c3c2b54,129479706
passed,push,3f331f756856eceb7be0b3f26dcdb2ae82a1f0db,129096651
passed,push,1b15b05debe5dfee58e616a719c319a86c206e1d,126661331
failed,push,d3272165138be4e581379e84f0e0c0f293eb9c47,126655136
failed,push,b4fe40212cd921279c3e3eef666431a93bb7910e,126651681
passed,push,a493411527489dbe3894afbcf5eb9d406a391d32,126107137
passed,push,a44e925304f25c02ca995d7fdf16ac9d800d2d2d,124460382
passed,push,997f79704b07dc2dc781a0acf406d04f4eeaec1c,124460379
passed,push,bfb6adcbf80baafd1c5db1859e00996ecdd81128,124175135
passed,pull,c9dda1b94cfd2fa83396df7894946d36f3568dc7,124130154
passed,push,a4153a00ed5d7c267ee72a5ff5345ac2e7aff8ad,123985059
passed,push,b97b8747cfe35ae6fd5c07a2fc5684f6f28e4068,123969337
failed,push,68c27d1cb97c77eeac206c9b668e23b2d3733e2d,123964178
passed,push,6ad36e4cedb8a3f19e23f7c33c39e97c2c42dd2f,123153717
failed,push,09f8bb359583157a2ab4cc65885680739160bf6f,123147614
passed,push,5189978cec596ca86f7247d23fb439ade9288647,122540766
failed,push,3ca0ff474441288510ade60bcd2ecefdf04f78ba,122535986
passed,push,2078d693bbe52bd655a1b77a4484648695578e76,121186354
passed,push,b0a9d2a792487634fbb06da680de3e9da033eccb,119607419
passed,push,36156c1c823934b7f8087c64420ef9710a83ccc6,119607205
passed,push,42e04463d8d79943a40530807773d18bd7dbc72a,117000701
passed,push,3706af29703df7c7a035157dc891d751fdb892cb,114501848
passed,push,ca924c8a6586ba7021fef5e642ec2418e3a268c9,114326100
passed,push,96c45473fadeace646f48cfd1eb7b727be3c59c3,113675900
passed,push,df1bbe6910cdcbbbc497a1559119edec7938887a,113674980
passed,pull,9c301f3a5a751c9cb16f9ecc0e44bca576e9a88a,113673532
passed,push,bc78cac9bcb423861ef3557b4f9aa5cb60f433b6,113224009
passed,push,3b9eded3fa07097142fb6ef6ba5ae5eccdc69b95,112963105
passed,push,98c3b23690481ec42f4f9f4217769caf01e94a8d,112960979
passed,push,997f79704b07dc2dc781a0acf406d04f4eeaec1c,112900157
passed,push,997f79704b07dc2dc781a0acf406d04f4eeaec1c,112899947
passed,push,86c33ce5f7f8aff2bfcc288be1d4f27b79817605,111813825
passed,push,86c33ce5f7f8aff2bfcc288be1d4f27b79817605,111813803
passed,push,a31dfa5dea40c622d57338966bbffeb222bfe58f,111760073
passed,push,c189ad2bbd021ba92941036dbb6f55da01dc2ff7,111757287
passed,push,f565953551516cc763e7aadc432418db92b0c927,111272013
passed,push,47453d356031795ab2995f88a92af16914e71f47,111183099
passed,push,95d39316092d29682fd77d5f49945bdfd7fd255d,110190422
passed,push,e89b7c5a0b434ccd2e2d58a08939c6b5b513450e,110166562
passed,push,ac2b45775134ca662bb96c2a658e38888b7fa40b,110115263
passed,push,dc2ee3962eb79ba9fe3ad9533f3fccc804d0461d,109926129
passed,push,f2c3943edf7c19527c4677371c2dbd7f3e9a1b94,108884142
passed,push,5408f7eb19140b6abccea646c74b6bd3460ee8f3,108869554
passed,push,043627d347ab4ff91a21c5bc8a273d42a7cb91df,108863491
passed,push,93faaf7a498f9342d95d85a89d25182a443f2219,107784159
passed,push,93faaf7a498f9342d95d85a89d25182a443f2219,107767106
passed,push,21960d3532f02731f75c56f665a43ddc9321c4d0,107764464
passed,push,dbaaa4d99fa6c9e1971e739c0ed830c4f72630d0,107761130
passed,push,dbaaa4d99fa6c9e1971e739c0ed830c4f72630d0,107761024
passed,push,dbaaa4d99fa6c9e1971e739c0ed830c4f72630d0,107760808
passed,push,4847d9c3bce5a9674d1d75bfab9997a795b4ca47,107758913
passed,push,6d39c36fd082ad26f4a257b4433bcf7bc7ce2128,107057180
passed,push,c4795aef93a2e211ce2efaa1efdf90c624f641a8,106800356
passed,push,710b075e184056706556a26692d46edec6ff6703,106783923
passed,push,1f7bf7775a8cd5e33a0507a2f41abb712ae4917f,105748035
failed,push,f737d664794570bb2a319d7bff9111f2c0ca9e0a,105744417
passed,push,8d38732ce322b7cf69fead1879bcb0fb8a56ae69,104184275
failed,push,55e69a58a8ae0268ba1630743f7e6a9778ea6d95,104089965
passed,push,aad34801f171e618c92090d9e4db48edb8fd0f34,102436502
passed,push,07ab677dd80f7f2cb2fe22eccd408994a13f15aa,99141314
passed,push,732270f5c81107d1b8e694df7c6d61081cd3fd4b,97538498
passed,push,83da4b8fc752accf1e9f3aafd18a608e3b509654,97538496
passed,push,a3de5e5e589dee8fcf1fa78e871563d97e0c5945,97439426
passed,push,e7b0f8e257d43230c7380ffec6f341a3f93750c4,95591461
passed,push,21836d765607c06fea7dbee83caf4e932aa45e5c,93007437
failed,push,4eea39a450d9a07781cff3a6a923cf0d06ad08d9,92997103
passed,push,7629dbb3577dcc6b1c36474e79cf2e24e609e98a,92350758
passed,push,7f6e57dcf0f294c61cd5e3af672e4824381f3879,92350228
passed,pull,95addd0f2a451b2dfa9301f1654dc96878009fc5,92341131
passed,push,d1445f757944f1bf5db79a886239c151c0bed92e,92131380
passed,push,6eefcba4293532be2b91e68a2f2fd8df4be1eed0,92127570
passed,push,a07281fcac8775efe5351d6000df3ede38102f2e,92097007
passed,push,ea27d654fed206cfcfc3eeda1e2b135b06deb84b,92035695
passed,push,4179b9a9b2349477c37b45a78df4e0fec26bce5c,92033775
passed,pull,ad47714564123d0890846b9ed30db1706e93a01f,91934472
failed,pull,cad35ad0f32082a127f3818f275760e25376e58d,91925112
passed,push,ae178328b5c8cfecd3025a14ebce46b24f01afe0,91705584
passed,push,8b87bc663ae39455c0f5842354ecaaa9a2164055,91620139
passed,push,e4e290d9fb6b5d9c82b83c83cbf0add50dec5e7c,89687006
passed,push,3ee9f17b45651d98f6ab78911d9626b398806d15,89309416
passed,push,f3c9c9b24932ee492846d7dcfe4d60fc1a629aa0,89080218
passed,push,d7c0ad18abb1c1142a42c0f6a6c233afd0382d12,88411237
passed,push,732270f5c81107d1b8e694df7c6d61081cd3fd4b,88143888
passed,push,732270f5c81107d1b8e694df7c6d61081cd3fd4b,88143839
passed,push,732270f5c81107d1b8e694df7c6d61081cd3fd4b,88143755
passed,push,b05b94236d021fadcbbd819234240bac7d75ffec,88105561
passed,push,4cc86f9c39f5e3a4d8b60dc27408acd3edeb2a3a,88098880
passed,push,cb9036a05d6267efe03bcb5655d545eca07e5dea,87711148
passed,push,adbd3fdddd5b4a2859436b4a60a45acc8e9b0efd,86865535
passed,push,634f4af11daa8d803c39f182ba6923b9970c8ae3,86639021
passed,push,a065d98094b69ed34edb1c2d3d0bd37d7e7abb8f,86439075
passed,push,7b9ad932efc1292a1846647d80f41b929fa4cfb5,85820376
passed,push,69774a7949cced7c64dd16e11951f37ae68bf346,85723532
passed,push,c75d90a071baa751495fe88cb357dc44ea339d73,84559268
passed,pull,affbf15e6ca2f9d8d770aca77d41e953c4f50acc,84245737
passed,pull,b1c622399515133437bd60fe36f761886fd89273,84239540
passed,push,b7c8ac172b9430fd76e2131f1e106ebba1695004,84157128
passed,push,d7a2626cc0ce1e9ecdb3d2f4f257358b073e6e37,84142896
passed,push,9cbb9e00c9219dd175db0b11cc495edd40094bee,83321847
passed,push,09c052e8d540bb36683508d46973e4d4bfab6f6e,82775750
passed,push,ff21fcf7b441bd4811a48dca8a69876a0c3420fb,82188404
passed,push,c50a89a4b68b02d691ed4b92bf0dd33009850219,81947656
passed,push,f3d3d3ffeaa5baa0ae47bc62e4f4832e807511b1,81852155
passed,push,b037b357f807a0ebfe45404343b001e71cc0ff4a,81431137
failed,push,10ed9fc65195b4e1d0b32ba0d7727f99b8fe16a7,81429513
failed,push,b515de0beb20879d2909b0fce7a0bcabd6bfe150,81409490
passed,push,6980c3f54770c87b1d51326a11bd35a991556ff4,81078102
passed,push,8840c652af1ac6e9379eac87397187f03ab6f08e,77331585
passed,push,86644ebba86b01004ecca150125348ff890e52e0,77180256
passed,push,82adb6e2d01a1d60fdc18eee1c4d9c845bc0083b,77007598
passed,push,da2481e66a32f2dc012db80c6dc8bc8a5bcb5dd6,77007593
passed,push,82adb6e2d01a1d60fdc18eee1c4d9c845bc0083b,77006823
passed,push,bb48c8f7ec65f803779422651c45de2815973a25,76990428
passed,push,b663899aedf4a9550b8e468f271a8c7e5fe45d0a,76688982
failed,push,2e75da29e71b6f2dcd2316083402e60db5328c80,76687642
passed,push,5718d90c5dad71fa3e55d60a40a5f3d884a516fb,76527068
passed,push,7e675a6657f784877294fdae9f50692bf2412722,76527066
passed,push,feede182bf1162ef91f56dc00bb800e4cea47b04,76519877
passed,push,ff2e9cb627dde71e8f7e6433b6b9c0f7442431d6,75967452
passed,push,8cbc11ca8c421c6940cb22511a5182def033be24,75596577
passed,push,ebc1fea91aa4a81af691688cafc98bd2aba27bc0,74951142
passed,push,75627a2cc2c50b45ff0157e1cfd563a358771c4f,74945394
passed,push,b28aedc44bd9a9d9fb0f2ef277bef79b2a9f57c9,74605819
passed,push,9851ef856f2014704724c2696017e10dffbeef50,74590126
passed,push,36dba55ee5c41dd6f9b225bc48cf0a6677193d3d,74554524
passed,push,6ee423a606f6a5759154b4367f0153c949a0ade1,74551012
passed,push,6ee423a606f6a5759154b4367f0153c949a0ade1,74551008
passed,push,176035f799790449c7ce8a9c1c80260f0f1c4479,74464060
failed,push,1cd6a7763f12683b4f3242cc77efd1b79b23f2b6,74461726
failed,push,b43bedc67538e3294b8dc85333b16180e41f173b,74461085
passed,push,879acd1ca3c4d2257d95932a580c84133593fddf,74243594
passed,push,c64fcc030f829f631e96ed53d43718b08764e01c,74236396
passed,push,c64fcc030f829f631e96ed53d43718b08764e01c,74233869
passed,push,c64fcc030f829f631e96ed53d43718b08764e01c,74233861
passed,push,9c3c8588f49b4d5dfea503c5d39767426a77e791,74054334
passed,push,2acd9a6180a2cd8d46a4ebe0f045f0e270205733,73893185
passed,push,c2c3b6fc41742be09458a44be27bac0b1a955467,73435236
passed,push,1322b1b49e54b4626739c94910d0f182165a2870,72493553
passed,push,182076645413770c4504ac0c2ec4a210f9da62cf,72483298
passed,push,8465a83c712eaf95e965112e77b190de0065ff6a,72349651
failed,push,7c6dc7a12e0dedde5a934106ddbb282ebaf8d0cd,72346743
passed,push,3aff3e8fa4840efcc751407b7c1e8c0c277e9e28,71800200
passed,push,2bb7fc58ebf96dedca5f587a4599847d051e1b03,70781664
passed,push,2bb7fc58ebf96dedca5f587a4599847d051e1b03,70777351
passed,push,2bb7fc58ebf96dedca5f587a4599847d051e1b03,70776459
passed,push,f0a9ea3c30ab0fff6234e7563bf238682b1c456f,70417279
passed,push,336a55ce720b15ddf0806d85b9df34f828d32862,70274495
passed,push,49fec67e563e8097ceae7e6e48e70b055e6eb75a,69989413
passed,push,3232d1e223526635df2ba3b07f9e9af356a2e229,69753762
passed,push,85a0b08b5c28f27419d90be5d9adfa00869d3947,69752852
passed,push,23ad0556a3a92987b0478bbade2439fed44ddc88,69344741
passed,push,b9bd188f061e7700ebe03ae40427f0471622747a,69187224
passed,push,dd91cebe083e11ed25eb1011728e932035b5d4d9,69184231
failed,push,a9ff76c015cda50a6004a6cfe5aa6949c7d3239a,69173783
failed,push,65fc5cccb01c57945687e22f3e884653dd694c1e,69163823
passed,push,65fc5cccb01c57945687e22f3e884653dd694c1e,69163792
passed,push,b559263696d7c4647a1f0a932ce66c39292ae421,69160098
failed,push,8ed691053d8f3be958f8d9540f716104282f1dd9,69151952
passed,push,b044ff0cf691ad336ebacd1f5f63b25fb4363ec5,69141282
passed,push,83525c18ae0dcd6068ad80c54064d856c56e3ad2,68359805
passed,push,815b94f4620cf258e5eb72edd2ad1f0e33ea5ad7,68332854
passed,push,c59b3ccd6bcd36679a42cffa2e992f2f8de7240f,67891011
passed,push,b294cbf711434f5095c2dd314c46be17e1b21054,67498805
passed,push,b392f368877e7b381994fcdaedb50063e33bdd11,67222811
passed,push,577de233aa15edf899b3a0b01563dfe83d547fa9,67219777
passed,push,577de233aa15edf899b3a0b01563dfe83d547fa9,67219385
passed,push,577de233aa15edf899b3a0b01563dfe83d547fa9,67219371
passed,push,83c3295d4c3ff84d9c759a0d1c75221125c5b95a,67065266
passed,push,d2931c1dccf0bf93ad68257df1dab9644fb30b43,67065125
passed,push,28728afdbec54d66eeed36f631cf71aaef6e5ec6,67053514
passed,push,4ddeece9993766d707bc0e3c73750067dd8c1104,67040757
passed,push,6715e0ffa5e4867961783d2417b0d3c01b7a1892,67039086
passed,push,f4085c1497be8e60df7e7d908431091fbdaf1563,67036921
passed,pull,02b5986d9f9f0891ba50279d2db50a52ca1b4699,67006639
passed,push,3b5318660d2907c0b0eeb259da44c70de473ea6a,66898257
passed,push,34c7b971edf32871e9c58ac4befe9b34747da9d0,66585414
passed,push,259319e051e5d2a78276817805f373950aff32ad,66259267
passed,push,c0a5c85bb3f4913895079572f7b526140d8fd80c,66145166
passed,push,b36afb2bb3dbd75f44eee6423497cc715e51bf5e,65598052
failed,push,3fc057bea0cfacfe0dd9c836915943b7552f1087,65589892
passed,push,e1f30a71ea5c829f430e85986c356127d7bf10af,65257832
passed,push,92e3ecca9f5409b71078872cc1072411c9b6bd22,65071042
passed,push,e21cba559bc332d6fab0c57ce44044943f6e38dc,64958541
passed,push,16876e43bc175640e17bd2ef06297c290dabce31,64471953
passed,push,205a9db8bcfaf4a24f1efb4b14731a9c0a348b4e,64447381
passed,push,2fdb6f529f21d7ec3a64c25016c353d1f3518c66,64302283
passed,push,c71210477f2cdab6faccc0c6f48f5145cd1db087,64269660
passed,push,0bb58e0d8237422a3e8199d158790e9100de7434,63375388
passed,push,457b3f977521dbb4449c94fe1537928b1bb34a93,63351267
failed,push,99a34497bfa4bc534dd8a088094fa6c6fef56f46,63347336
passed,push,4056903488f9e2f41b41350520d52171b689874d,63166953
passed,push,c44025c6ca8f9e2f94bc25b9c523e20d017af586,62444686
passed,push,110a68e1d078239e5f35cb979c4a115c15e503d5,61644259
passed,push,64e81e7843ed577aad09f4627b1fb97bc6ec18e1,60872191
passed,push,2857d52e150f6480a481f305bf33d2e2245d1204,59933981
passed,push,85f29f89c7b101729d617897875f4fdf6ef3141f,59865359
passed,push,31c5e25bacf0b63596ab2be6d8927503ce0491f5,59776257
passed,push,0af7b7547ac83c14ec718fa66c68f8441a562675,59452573
passed,push,ce321b566ba533aa7dff770ab252c89460010058,58802311
passed,push,9211a8c7957eb6d2544a637954f04a01909fb115,58458753
passed,push,cc8dc231892932c6b478169f95f0c8f72c663681,57989259
passed,push,c2009a1d23301351c140e274141b6e2510475093,57669130
passed,push,af1719c23c75084987be24b533822f08cd09fd71,57667413
passed,push,41cc410448fd3139110d7ae5e26725b5e30126a2,57645306
passed,push,53530a838a04f0a62476dc7e679e3cddf30fdc8d,57084645
passed,push,3fd8907bd3c2d526cccc53512fff6f6497f33503,57079918
passed,push,14be209225a81857887b64639e364a6444301ea2,56974398
passed,push,74c395762ce1100a31134ebe067c18f462bfec92,56974396
passed,push,b078eee7fc1949e57cf82ff87245de60479f6b01,56973251
passed,push,5633b242de50e19a7edca4dae4b50c16558641e6,56973179
passed,push,3ae1c4904008ef983240cddf35a667b439a6eec0,56973076
passed,push,b2f8f5abc5ff93982987ff64dd67b47d56b45fb7,56972818
passed,push,74c395762ce1100a31134ebe067c18f462bfec92,56972382
passed,push,7fc478f182d3ccbc37574c54e3e9c6a20575b541,56972183
passed,push,87ddc2c01ca2737048c6d4b34ec6ff075fb22e01,56968694
passed,push,a36a47d75daa8bbef598bd2c86715d10a897d85d,56968663
passed,push,a8bd5869aa716452e500f8a1e11a2da3516c07cd,56595781
passed,push,a8bd5869aa716452e500f8a1e11a2da3516c07cd,56594427
passed,push,5302347787589cfffeb76711a1c07865ddb12934,56591683
passed,push,6273e2544b37b48c06052e34782c3be546be43f9,56583438
passed,push,79caf57ec79a07cc0c19eaa55ef5938af481b451,56569276
passed,push,44670f5110d99860887148b4ba91144b2c2798e9,56562468
passed,push,17ef3099bee47235e7a6f7e4a5b73733640c7770,56562449
passed,push,0a1a0a868415266b9bba1080463e0a23ad9f5492,56088478
passed,push,677757c1e2989f9e4919b0bfbfc33bf0c3371b4a,56085958
passed,push,677757c1e2989f9e4919b0bfbfc33bf0c3371b4a,56017973
passed,push,a20a46f3579510d8f7fe13c995bff784040e9d7a,56017528
passed,push,c79203f6c51e77c51306fa5a4a4af4bef941493c,56014982
passed,push,d2323dd0ca2fabcb1aeb865c343e51d34a3fe297,55691325
passed,push,7b05b8a13189b76e82bce5b0960af1c51bfb6c39,55257208
passed,push,e3ad093fc0b3cc43d8ecf0e571d749532f54c58f,55256130
passed,push,53bbd27c4bf5d411e29f5c325ee13355a7262845,54913905
passed,push,41fec8cf41d508cb65c1aa5835020dbf1c4747e1,54873914
failed,push,3e57c0152bdf14c6fcf6a6601e80f81b83d289ab,54864903
failed,push,9060d50970b30b3ca71e91c45a34736b4bf4e83c,54863788
failed,push,d3af0948a70e407488dae8c0d42460db2e670b12,54778621
failed,push,d5cb4d185338d4028f18ba065ecd755d89e3356f,54777006
failed,push,92f7d144c25e7a969c23159a16da601b86858641,54769873
passed,push,6e6a06f40c06e8c594bbafb23b97edd9e6e824e4,54607745
passed,push,2c2e17eb5d1f0cd2658604475415bc4d263f2377,54606857
failed,push,c0ee4845cb1cccc3e5ef20433c879d015f36c621,54593767
passed,push,855e6f2e711c8c2ee4ff93cf52b674e9521b61dc,53356364
passed,push,162675122a9c8b9b39c5f92e85214729910bf0cb,52030911
passed,push,9082378cdd3024e9683973a706578e06fb38686e,51994062
passed,push,59296067ba0c57b2f3a9176e9420bf802b3cb71b,51382599
passed,push,0473f866e9d9527efd56382df5879268623bb22c,50622407
passed,push,29ebed36d5a280bac7af33219e02b4a93653f7b4,50615770
passed,push,142cd812938ea484200a64d2299a88db936de53e,50615662
passed,push,435bb28a20785746bb5ceb8ed06d1a1eef9e1610,50497492
failed,push,d2487e76ad5c582478c40d4b0fe810acf0f11b13,50387984
passed,push,f8c4748b7ee9750db246d35ca91ae161c11ac0c0,50240483
passed,push,2588358b79c3d439d5a3868445dca22cf954c2b5,48924899
passed,push,8f7b47616bfc1f98f7e0376c17152702a0a93d93,48924642
passed,push,2d91bd1ced35dc29eb088b7eafbbbfec7410e7fd,48911015
passed,push,5225b3705db58e6227426d08ec074c148a8c6cad,48909662
passed,push,54ccc78d67dc6353f6b477fec95be1122e63791b,48803915
passed,push,fd7e71414f2e550eb5aba797de65de3c4fb041b3,48803917
passed,push,728fb4a6a052d60965aa00cab260e73e0d1f6616,48484986
passed,push,b7da05b0bcab13542372f850a7b38bbf22bfceea,48356473
passed,pull,77aba9d9f435ac3008ef1c2d48469a6a29591175,44543593
passed,push,54ccc78d67dc6353f6b477fec95be1122e63791b,41974249
passed,push,4162eab4ac3fbe5f0741179f2502e212a4c3fdd4,41974246
passed,pull,d78b7b1e3852cf965922fa64412171712de48e09,41619004
passed,push,2e76a3c64d41ae663f4248b84d3f803f1019c997,40673727
passed,push,96a4c440d157787ceb387f1f14aa5dfc424b8786,39410498
passed,push,421e57942f3642c714842bf1f3c60ee2527e165c,39410466
errored,push,b7f8df09a65146091f276ac2f5562de66f77091d,38959489
passed,push,093a76cae1bf60ab264f6ad9b8cea4653cf6bb20,38959438
passed,push,54ccc78d67dc6353f6b477fec95be1122e63791b,38959436
passed,push,54ccc78d67dc6353f6b477fec95be1122e63791b,38958430
passed,push,54ccc78d67dc6353f6b477fec95be1122e63791b,38958428
passed,push,cf0918c7271071e8a5c5ab8f9ebe85c985f6c3be,38940322
passed,push,05f411e20a13b75a70a646a8821b02440031f1c2,38848806
passed,push,fea62797f6cf49d595342a2688d817efb830612d,38838447
passed,push,580a5e93c0d0c41c1ebd13c9f5774ce4a1e9be58,38838344
passed,push,186c44f4f2852e92fa9f2c6aa8c0d2214fb30add,38838285
passed,push,81684b481e5cf3c0bc3d9aa189329ce67e8e4fa2,38829874
passed,push,3a38a0cabc34997a377bb1397d1d23fe0b0bff25,38824586
passed,push,9088cce6da338747a01adcd588ae4a932d48b12f,38812423
passed,push,9088cce6da338747a01adcd588ae4a932d48b12f,38812421
passed,push,943c0327a677a12747ecb36cf1a6cca17ab39373,38812296
passed,push,ec26403297baf157bb953809c52d3f8cc9b793f1,38811740
passed,push,201040834189300aceaef0714776a15edace760f,38760711
passed,push,ec6a872cb24aa6c8d065e7a31ed43e2d73ac4834,38757297
passed,push,b28fd7f070121a897cb963c41e0a49d69786cefa,38746261
passed,push,b28fd7f070121a897cb963c41e0a49d69786cefa,38745701
passed,push,b28fd7f070121a897cb963c41e0a49d69786cefa,38745648
passed,push,15f94fe1cfe70a990ea310f5cd841060611ca9e5,38743581
passed,push,13261b23144a95e4f98cb9ab49d3d41e28177892,38730273
passed,push,3bd95d0b20089268adb63a4700f2b93decfef878,38727649
failed,push,37cbef5cb2e7341aacb5249b75502f8e996c536d,38719924
passed,push,deb19a59cff6abb041c8eee072faf2791843f47d,38315052
passed,push,a840de154113617cf47a8c9208181fb670dcee9b,38187872
failed,push,c37a49d2e5164f6416b511194ab002734436c43b,38185944
failed,push,542287207725de87e89b49d4a1ad3b0d63f7f834,38185500
passed,pull,a66e386b452c9906f35dda28812120b09fdf129c,38121509
passed,push,146141149de7e88c71bbc3ffd8a546344223d313,38090572
passed,push,98111835c1bb9d7c48501ebd12179f607742519f,37863775
passed,push,fafc338e169793e3a3a4a8d620c853d4eb83afbb,36991503
passed,push,a8e3670632f269be8551f99c82d22506e0603569,36980560
passed,push,cfe90f8865c518537e92b96838d2a5f673ca44cf,36894128
passed,push,36d9dc4b80d1c81ed10f0716b76331f3afd3fd7f,36826254
passed,push,f9d527e0e85a66d6f4d6965aea4e76e8c5257887,36822249
passed,push,6c3b0bc7e39bcd3fddfd95a951cf2e1f987b6e6f,36821701
passed,push,dfa93097f6c2a09c8fe3f281c68bc263878e4039,36692634
passed,push,ce9b1d46621fdc3d3d8548c69d9aa8227061ba04,36688434
passed,push,f7a701d2e8a6573c70cd6cfbd0f787b22a68277c,36596686
passed,push,a65f43536dc598adef483d6b206f378f2285a120,36589581
passed,push,033bfd0824a4148958d4f3d6f6be895edc8fa6ea,36560619
failed,push,cf666383ca780a8557a9123aa932da0bb5502bea,36405187
passed,push,281d902308203ca2a60294a774d473fb17d4c717,36318593
passed,push,def54d69dae25e8f1c505e2f4ad2d3acc574d8c8,36294398
passed,push,76efc050484aa8966e40d31df62babba70a88d4b,35749056
passed,push,5e214735aa47a4fef6677f10e0d7bc8df82acf88,35749054
passed,push,df63ab1aa8e3000ac88273bcccc58168905c634c,35731283
passed,push,61ecaa895cfbd720faa313f29bee469aecb6b46b,35470806
passed,push,b0df3c9175863e0ef0a478a969b85464aa6e5c66,35435702
passed,push,b0df3c9175863e0ef0a478a969b85464aa6e5c66,35435666
passed,push,b0df3c9175863e0ef0a478a969b85464aa6e5c66,35435657
passed,push,093a76cae1bf60ab264f6ad9b8cea4653cf6bb20,35433367
passed,push,91fe7cd94baa3456aff10866a3398ea17159cd9e,35364657
passed,push,f4c0ca379dfab27353e4e10a4e8caff7259cbbca,35167695
passed,push,3b87c6b3e8fcff5813672fc3146fd888589c63c0,35049236
passed,push,f8623e67e02e17a4d0cfcfdfd4a0e63c635602e4,35045724
passed,push,cc45b8c4e09bb9766e5a615387ff9d5aa5c72292,34946972
passed,push,741953eb848679462b3a2e2282694ec9e4649c67,34724764
passed,push,d96b01c24aff35f72220840429196f342f954a27,34520517
passed,push,e4c04bd5b0322ff5c2b0d1cfc4942d96681bb6fe,34491403
passed,pull,3c3d220dbc62b3344265b84740abfdbe112909ed,34460592
passed,pull,6473281f73a9ace0c4c4c4cd14e4a905379bb04b,34460581
passed,push,ae6cfcb629521eb915b70d73b7d386df986e84fc,34229542
failed,push,acd258b2984c3d355757d81531c55e95e8f6218b,34228922
passed,push,f5e75cc8429cfa668f2a525a393a5a96049557c6,33933803
passed,push,6bc6d8e0d79c5af0fe458b8168f4350c9b5c7371,33930289
passed,push,04a98ad90267c676612871b6296a7eec32c11a55,33925648
passed,push,002a7b3e760de4089673ec39a372d8a03d99f768,33739994
passed,push,34a53f5284850f5769676201c177bdbe93a0b3b5,33295313
passed,push,b95726254f88088c071ee1940954194da7d052b2,33185618
passed,push,8bc78108038b2979216795a2c306e71042de9648,30794219
errored,push,e12c22fe1e8597691544933d4536cc2da49e209b,30793303
passed,push,a70d9858b8d7ce064c5ecc9c21b655382fef8e96,30754772
passed,push,c6f8f516b3f564a0185d6094247d488bff25a081,30753936
errored,push,f3cd7e1f2f78de2f4d95d80896bc6d7658664d2f,30753384
passed,push,ff61e3ecc58ad25e96ee7f2dc440ad46ff06d535,266711462
passed,push,097f6eb0e29ee958d8133ca4dc5956e53ef8f0ab,266709607
passed,push,5dcbe8d45964d56ccc272bc5a0be0ce9f800155a,266707828
passed,push,27a730ca1c306ad4d3a7a8124e6fbf7b65534b11,266706125
failed,push,245e880056e2650a55baa40bfd04743357a316de,266704591
passed,push,0225ccfde6cc6ee865af993f3e0eed60a23c7032,266703520
failed,push,f65814162a571457c3353bf8e00be92f53c8d4be,266702609
failed,push,f7b37fe9a1d022e58757301d5783ad5f2876d0dd,266701441
passed,push,058b781058053ea7924dccf5e6949889dd0c5ee2,266700493
passed,push,de758d6a48879e407c1932f911db21e292d47398,266699617
passed,push,f524dcbfa106abef7b9f7bffe42450d2b79d8c0f,266698373
failed,push,37eb3442232e106721af767b50324ce8d72cf316,266697276
passed,push,2c518dff475826ac15dd1d79fa875cf779d9a94c,266695932
passed,push,6ff3feee5a2a051edd62431491cb8c7ccc57f6c9,266694958
passed,push,2746c377ffaf32883839e540f7f282801aaff5a6,266693777
passed,push,09d22398f5425fd7ac46b974e28d211a58b5e25c,266692613
failed,push,49fc24b9a9bd4d78fe054ef940fbd3fcccadbb63,266691818
failed,push,3470318a384018d2e01362a4ade4dcfb2fc4fb16,266691196
failed,push,1b5f03f5c44154752dde937bbdaf617a82b40fcd,266690641
errored,push,0837a1f1af66a08ea51697a4d26993a4784b9919,266688650
errored,push,05148931256f3d5f4206dbea4077b714dbf1da50,266686367
failed,push,99257e3894d48bfbdc9af0972e17a38d5e27c5ed,266685677
failed,push,997ff22a34e60f24d1c92b1fa190842dcf9b8cde,266684790
failed,push,2d87a091f301753f86d986f4b656443d9dd14560,266684181
failed,push,1556307611557ba5203a8c96507128f9a1a4222e,266683276
passed,push,f18503583b6bb91e00b6d3999acc6819ae4ab47a,266682389
passed,push,5bd7021bb8149542dcbb425c9be08435b8efeef6,266681723
passed,push,379497b858b36733070cb856a84f6fec65afc97c,266681369
failed,push,2889ba56772fa2f976cff14465c6cd63684ed81c,266680716
passed,push,352501f41bac2c33c190489880cc3fbc5ae80a89,266679937
passed,push,7d6b595a5b232d5863a55c5503e786b787c82e2f,266679043
passed,push,01530fd7133818d07ea08c906241f6f9a9b1e339,266678155
passed,push,3d8e077edf0ee1253f444fb19452ee4394b0ba77,266677295
passed,push,59fb5cc59b05e10f5b9e93da4bfdf18d9561e58a,266676654
