Status,Type,Commit,ID
errored,pull,6ae25fd9474c55bb81d3f37211b5a9c1ea7bd4d2,137636158
errored,pull,bd732a1cecdd758ba9a94b6b968ebe99c78a72d4,137368232
passed,push,3e016356cfc7e5f9644a7a732fe0223e9742e024,134463046
passed,pull,35b7aa15d51e0696beb5a9a1abda1649ff3bf85d,134385863
passed,push,3aa62867b2f4f4d91798dff1bdec565fee2194c9,44660597
passed,pull,9ab977713a9c18dc0926cd1c9fd21fffcd3c7ab8,44660509
passed,push,5f0ef1ed03a8c170bc40e4e82a17d63deee8d52a,44660424
canceled,push,9377b389d8a55a9aab212aecb5aa5c5e87643af0,44660414
passed,pull,5876c1297b645951c0890153eb54a8a215d382e9,42037371
passed,push,7a1ecbd38d2ad0873fb843e911d60235b7434acb,38948625
passed,pull,1cbb1e1ddb867ac7610dc76f50088245d1442ceb,38889443
passed,push,5b45d10794c0291389f7cfa19bdf3a1e6d442bd7,38889441
passed,pull,b3e700a99c0dadef0349c05edb8efdba976e5d8a,38889036
passed,push,43ada8a50ac7a422ce9763cc5ce0748d5cd9fcdc,38889031
passed,push,c2965c04a03d016c58323c41223d8e2808adf732,38889017
passed,push,c2965c04a03d016c58323c41223d8e2808adf732,37227783
passed,pull,1798ce9df6170862e0d39c9ce67c2a213859fc92,33256153
passed,push,09d114074bb4e8e1d524fb994795d1e2900d17f1,33256063
failed,pull,aeebff5c836a91137d563af19a2a5c997e47639a,31220291
passed,push,dc9e37fb7f922adf375d6da08d1f8dc67df56993,30707158
passed,pull,3225757e3a87aad488c7bacb963cc034c010b933,30499643
errored,pull,9b374fd138b4c5cbdda95e1cb9184c018970c3b4,30499237
errored,pull,0b4ad85d70f314c56d80dc6cb0eabae544686369,30498477
passed,pull,04833338629defb979713660e37a3d1bc8b40a82,29230733
passed,pull,241779d9033eea1c5365dafcd9408e7441055bad,29122855
passed,pull,f10da44dceafe744bc3296d60cab0e49cc0e0367,29010556
errored,pull,d1a56f933c6a65f258fa55f6084b7333d9768a5a,29004758
failed,pull,6b79648f67d149d052540b196120352ad52881b6,28832041
failed,push,4e4491d7e8766801e6917baae36a737e805e3147,28820428
passed,pull,6fc9fde009b7c1a763677b1939c52939d330f4c6,28810064
failed,pull,bdfa5f4994944b9b67e66f4049d3353eebb1ea98,28791796
passed,pull,bca1d4b4aec9bea30283d938a49aed5febcfbc8b,28790056
errored,pull,3e92d1f320b325c12d55da39be348cb4c6f756dd,28785781
errored,pull,7ca2d6c7d5d32adb585c7845420cfb8fba5b0115,28182545
errored,pull,15c6f72a9df78f84b6475ae753eeeaaba9539591,26000372
failed,pull,7b58f0dff6e36b25eeb2e0af16c67a9bc02f0c5b,18752482
passed,pull,002610b2a318d10162ffcc92f1faaafa1bc62b8d,18674498
failed,push,6226c49eb5ae09ffd20f0ddbc87e0a4a1f33489a,18671666
failed,pull,57610e2ff8e683403e1fedb2159904a05a6fa99f,18671300
failed,pull,27394edd8dafb12ee113446f21fd45d627e1d592,18671134
failed,pull,983e149fc1bfaff83cdaa2040ed47987f167dc92,18670993
failed,pull,2c9ded0cfd6763e83898e5baa10ea15cc8d43d32,18606561
failed,pull,bb56d5e44bbbdc21221510fc799f50ab59fd7930,18606358
errored,pull,f3640f49da31ddd2caf40f8783e790029883bb7e,18603958
passed,pull,08cba0ef31b8955eb521623a118f079f0f2762f1,18450300
errored,pull,c9305dfce58b85de6a06bb8bafb8f3e282725bfa,18440137
passed,pull,7f596eda19754e67a3887f1078f307a7ace2df0b,16771583
failed,push,c92d89456cde5ba3c75a1013e03339e426f5b272,16771581
failed,pull,b457a739be293b4fec23f92ec48f1538605851b5,16771457
passed,push,91e52571fb2bed12a97b678f9a31ef21cee38394,16771441
passed,pull,05f42ef4943cc6f871673365baf41f91ddaf5225,16771412
passed,push,1b7e122275a6053658993c0b850b0ee473d68d16,16771410
passed,pull,4286a12ada92c70ba11bdbd7cb68f52853721301,16005092
passed,push,021866c78d792c53d0340a4003f2591c64614983,12803527
passed,pull,80fb7b56ca420eb37c091ecffc1e96d0527d0676,12449736
failed,push,bbe4022b139a8e0c3b206ec7e01388fabc03587d,12449734
passed,push,a520b0404c0a4522b99245af44009e8ed69af23c,12449698
failed,push,f3587b2433b912ddf5e9ecb24a363879ed9f1a83,12449685
failed,pull,04ac2c49190fbce6ff11d4a7d548b8f33f7ab2a9,12449687
passed,pull,7224f2979eb918e0469f343854574ff7b972b677,12449538
passed,push,e38af8fd7f86bd35eb9b6c7176b5f93275fb7def,12449536
passed,pull,e70e899b702969ffe940c39df6994aff515d13fc,9381723
passed,push,26318b058dab1cf03383fe1af3b10bf7ccd54650,9381703
passed,push,2799797f468ed809de816282a2ebca327e706572,9381385
passed,push,e246e378a5654999ed06589705522f4bfd457f0f,8223278
passed,push,c25de9c0a01974c41c75a41ba1bc4be8b3a1513a,8223276
passed,push,c401a3f15500b74c3a639852f38e696bf7183614,8223086
passed,pull,9e041108bebed86dadc09f792562bd6c23bbf77b,8223053
passed,push,36ae85e328259b0995d5fb1ed4b930c23a376cb7,8223032
passed,pull,70946599e573370ad054fb2d7af79e5d23d2abde,8222436
passed,pull,f74d87afda53f5d789653010999a0f90c02a60fe,7271535
failed,push,a45363b4087c192f43e1dd7d192d1cbd6a998240,7259004
passed,push,5887aae50cee7046099fdabf26b635dfba701780,6696313
passed,push,3efc357d73154adad6a5f2101c653115bc817c3d,6696311
passed,push,05bf8875ac9b79ad4ddf9c76bb75720b45311d6d,6693338
passed,pull,8c9dfe0aec7bf2fa8553c4f3dbacebbbf5c6d811,6687278
passed,push,ca36dd9fe11dfde074a4cd53a6130247b88e2f26,6687273
passed,push,8842981cbcfe20eb4721c0a2c867fa9a18233062,6363708
passed,pull,371e581703dd750bb4362858c917825731db46d3,6363561
passed,push,38864810431b16395547838f76d09b7c7b0e33dd,6363553
passed,push,0d599d70ce6f80be2a4f68bca278972dfc0ff550,6361633
errored,push,b6db17edafc4e0999766c0342f4561818c560887,6361616
errored,push,0aae86fd96ad12d74557fd7bba18ad459aff62f7,6361578
passed,push,bdabd59923a6311f9d7282fa1efed674f68591a3,6356599
passed,push,522c893d2362df6ce9e2e0f09a165073f08b5924,6319505
passed,push,0ae433145671d1a266c6f180f129c4adf8877b27,6319501
passed,push,5371cb665530b8439b69de4a0f9ab9b5fe20c758,5930673
passed,pull,8ece1e9eb9bdb9e7baf40b43f66bbc84aaf447ea,5930208
passed,push,c405f892aa742c4b5a031f1fed80888165c65529,5930192
passed,push,ebbb058e8226d2c5531bb2d66ff4d41d6edd366c,5928478
passed,pull,bc93756083346ac0dedd64129d3a63826d57ea70,5928414
passed,push,d77f60198be9f09702b006194779fda6e9defc33,5928409
passed,pull,79a4cb05ddc62f4b2116721c52cbb660ea275b24,5928223
passed,push,2190819e1762b24b194a6676f6301ceaf4d3c23f,5928215
errored,push,82e623e90f3a942596a1250a6a0e95d8f14a303d,5928204
errored,pull,0c1c988159d4ca4a1f028e7af566d75f804698ed,5183406
passed,push,b89285d0fdf04e064e18d5ebe5ea7e3df0d4a832,4745232
passed,pull,ecda9067bef73450eee6f06d12a883d0cfb52523,4745207
passed,push,84193dfc0d3de6c0e6517e141ae204917a0a3057,4738936
passed,push,9f78730bf2a5aa89bf186137e60d1c214a45eedc,4738921
passed,push,bbcbf9e90954136a24cc18a49d9da48641add6a0,4735267
passed,push,4c31913192eae6ae6bf8a239e89844a0ab2455e7,4734127
passed,pull,438ca775086d15f7d039eb461bfda81a99c14dc3,4734125
errored,push,8b8695ee2e7dc87dbe7e5c7cf2c4c22e5eb150b8,4734123
passed,pull,d57c36b9243be845e1b19ce33fd42300047e8ad3,4733246
passed,push,edde6cbf44ec6d26573f28cf5ae733350b816f47,4733244
failed,push,36fbd68c631f2cfd7a8bc2bcdfe99a5d00b8be1e,4732914
failed,pull,9debb56e96f6d976d6d30e4c9e454b97ab1e0518,4732910
passed,pull,4bf5c1e890e69b3c5f5a9efea00052ef92ececfd,4728420
passed,push,cb0d1ea9cd29a5f0fc21b1c31dff705780a97ae4,4728400
passed,push,7306e106609d4b7008142964956a4b790d8660c7,4726677
passed,pull,c1ccf58dfca80bb4e350ca4f6df8568e2cfd16c3,4725833
passed,push,759564ab93e4107b15b50d206a54a8a92e02d84c,4725799
passed,push,44f8b75867b9b4f396c923f20458018274769e2f,3928613
passed,push,c4ad2a93326e6925352ea1cf7fde4a6ee288f58d,3928586
passed,push,02e4247ae36052a743d911b723d89bfe4aec5aa4,3928497
passed,push,e463c6a551bd0268dde69a06aff80ebb7b81aba8,3928495
failed,pull,421f06ce566b3026860cb9cbb7a6e4a7023341d9,3927840
passed,push,f6fca817f7660a956199c4a2f4a84707de62a363,3927836
passed,push,699d82ef551068037e47e9414bd6e165a6d670e2,3818300
passed,push,f6dc3f06adf81ed280e11af175ecbdd19f68decd,3809671
passed,push,6382bf20674e4098e00b54a101e24abec42f997f,3809667
passed,push,a32139648cd3b28d79335a51cfae80862f80b343,3809655
passed,push,07d6bb1e6e38a39954ea86634ab156eefcbc5f3a,3809621
passed,push,a0a92dfd043419677ec6a88a2dbf0c7695f78510,3808197
failed,pull,bc855f46c68c56c1a7a845c3442499d143b4a33d,3803167
passed,push,f2e16c590f8c1b4e55eaa662ea491b005c5b3e9c,3803160
passed,push,204d41abb60f981a3f8521b7b5cb41deb43281bc,3712927
passed,pull,8b0093c9beed08cecbab2bb70cddb8a0ed87a163,3712913
passed,push,747e27fe8d35145c0edced0a6f4eda240a75c774,2975622
passed,pull,cfa9617298f47951752cd329bb64caa5d575084d,2971135
passed,pull,f3e5211ae795c8ef0bd523fba395572afe17bf83,2723064
passed,pull,1a82e0dda6a3a8089c67e01cc40543028715540f,2713258
passed,pull,4dc46ef86577b7d3e3ede50293293ad43e93b0c9,2713229
passed,push,5cd38c30910f500303edb65ab1c70ceef8fd3829,2709001
passed,push,64308fa289058de719af53db4b41c1db0bdaf2c9,2708999
passed,push,0ae675ec1a2e2ceb5ce4954a3cef032aef8e7929,2708933
passed,pull,fff54f732ca58e4dbb7cda22f7c509c4354924a2,2707195
