Status,Type,Commit,ID
passed,push,ac4e1136de434915ba922c3eb0a02f5d256feae0,290367012
passed,push,1af1772ce690e59bdd36a72867aeaacc01cf417f,283602340
passed,push,1dbd571e8598f6e4351325f61ab0740fa7193c7c,280761435
passed,push,d2468ef0b3ea566d1aca291230baacc9e8b46904,280761045
errored,push,0fe85a6dbb829c79dba43a44544edf78b5035ec2,280758735
passed,push,e4ea72edcee92cb31d7c0750b8cd8a19784dbf69,255998637
passed,push,1ae95008e0d71d0c2cf52fcf5b4d7cb09aab4adf,255998513
passed,push,a9c38efb4e6c9d6e3b9d00af66f104adac6ded5d,255997427
passed,push,a9c38efb4e6c9d6e3b9d00af66f104adac6ded5d,255997249
passed,push,33bf8614b0279282c95c7efd1a1603a90ab47e5a,255996659
passed,push,33bf8614b0279282c95c7efd1a1603a90ab47e5a,255996342
passed,push,5befd3124ea9c3d4737c7306e90719d34058d89c,255565851
passed,push,d591e2ab653572fffde1f8d5208eef9dd559bce3,222519274
passed,push,b3b2a1d8ec749b97549bc3f647edeb159083c8f6,222518204
passed,push,44ec2e5a07563149c04989323950d04fa4005cfa,192421363
passed,push,a23da64a30df0132d0083fcf26fa267271744ae3,192421211
errored,push,8d7f34a12854e67f8b541f1bf4251e038d73522a,192420687
errored,push,4187436d6d82369da838b23b7a2e4c0eaf840c87,192419699
errored,push,d84938a0c94aa10425ec41781cafde6e29cc9c46,192418214
errored,push,aee98f273d8f63b7a85f88b3df6d2f6ea0e3b23a,169547382
errored,push,c9c7aa5ac7594b36734a6bcb974ecccce68ac099,151420832
failed,push,ae9928bf3658100ba3367f2df67e450fae262d81,8734741
