Status,Type,Commit,ID
passed,pull,4e9fb598c4978c1e9fcd3264ba9b312e3de69799,50744505
passed,push,6cac5e4fedb90cd98198f365665fcb9342f49c21,26249677
passed,push,a348d11f42b45c59bc58714d6056328862a009f9,26249674
passed,push,a348d11f42b45c59bc58714d6056328862a009f9,26249666
passed,push,227cdf883e7ce4ba973f34aad8cddca2dc779178,26249615
passed,push,5f3ea8db67dc3c6ed3c4821db85c66918fbe6dfc,26161151
passed,push,291af0b68e20335f6f670c693a1f4fc9e98411bd,25764336
passed,push,88ed04cc093d345d27b34cfcd0db240a45a3d21d,25350585
passed,push,047d63eccf66d36578c79836a07a56cf14863105,23779070
passed,push,2ea04d5d7daae8a881391c81cc9b6e83fceceaf4,23569772
errored,pull,801526028065d710ca1fbe4849b8d6fbfbdc0cd8,23569379
errored,pull,f6562ca891ee41a2a514e2904a4260ae041869bf,23568567
passed,push,fc73134a2a5a5e36e12b602e98efa74da274635c,23460777
passed,push,d8e2a8094c4d9c9732696597845d95cd84cf3136,23460774
passed,push,d8e2a8094c4d9c9732696597845d95cd84cf3136,23460768
errored,push,66abdb9fc6af144d40259a29046d9bc4661cba95,23460748
errored,push,717103f3c85e5046fc84e3043a8c88667f8f5a09,23460702
errored,push,31699291e1e1a613979ba5802ef3321c08617247,23460508
passed,push,c3acd9ac608a78c2ba87d250362eca4dee6c8edb,23459921
passed,push,c3acd9ac608a78c2ba87d250362eca4dee6c8edb,23459559
passed,push,c3acd9ac608a78c2ba87d250362eca4dee6c8edb,23459190
passed,push,c3acd9ac608a78c2ba87d250362eca4dee6c8edb,23458835
passed,push,c3acd9ac608a78c2ba87d250362eca4dee6c8edb,23458389
passed,push,c3acd9ac608a78c2ba87d250362eca4dee6c8edb,23457792
passed,push,89170683fb3f48f6d6e2da24972406e76e33e401,23456665
passed,push,89170683fb3f48f6d6e2da24972406e76e33e401,23456482
passed,pull,c1553e881dbe087021f58ad6dfbd8832b610d4d9,23455134
passed,push,c0b2c0cf15bf3b1bd9e266c3de4e770ff601d638,23453892
passed,pull,a96490c2bc8987edf8076fc1d8f28478609e3d10,23422218
passed,push,9a3f2629f8d2094208fda0c3291320e4299d740d,23401823
passed,push,0037eae01f455f54dcc09d6f5a6ba141509d9988,23398117
passed,push,42b1b7dcc690260cf314b36eaab1917ba1f467aa,23397885
passed,pull,e3f469e5d885d2de0a5722726baa709fee12dfce,23394512
errored,pull,620cf468417903adc3e7d2b7bf438e0178e09cb6,23392272
errored,pull,a5f5bce7d82fdd968f04b5f2cafa38d9f451fa4f,23392120
passed,pull,2754e42b27e38bea7c282204e3e4ebb97d16d51c,23368424
passed,pull,8dbcf9c886db8c78b7dd93d4fd621156dd41600a,23351798
passed,pull,327a455076164c529c021194c6d14fde8c2fa627,23351442
passed,pull,1033ecf083b47ec67a664d386b455369f727879e,23350467
errored,pull,b3c8875bc57d748f048288bf8e9ecfd1509eca67,23350325
errored,pull,39403b72bcad35443017434c1f566bc523360056,23350017
passed,pull,0a666d8d0d24431bc9556c38d1a8417b2e7a5711,23343933
passed,pull,b8e88839f5cd4acbd2ca87e554ece9c82bb77786,23341635
passed,pull,ff65933e0276ab922ba3ee4cac5526567e8579dd,23341616
passed,pull,9ca66ca360cfa14a5935e5c2c18d0805b7d88760,23340157
errored,pull,7c776dbfb394607897fedcd08b3acbc62e92c37f,23340107
passed,push,cdc593ca75afe397b753f5dec4a6648a267f6038,23166903
passed,push,5424ccc0aba7186cd55fd0d3c37008aa2d5d7e89,23095901
passed,push,4ecfd67e239a46de3c6fe7f842601ade1007aa2f,22967948
passed,pull,3c9210cb9bdc2708ef45e5c9481d60971853c636,22947190
passed,pull,9c0f754da7d98fb8ded712a8e191da3b3d4166b2,22945487
passed,pull,76a48e18f73a69717fae81af261a956977f5dbbc,22941760
passed,push,05398b2759631b03a43d879bd43a2b3ef1092929,22793892
passed,push,1198da5e4d009a48e9bd854c69bd38950f0508da,22793887
passed,push,1198da5e4d009a48e9bd854c69bd38950f0508da,22793878
passed,push,393cb46283a152f978c7f14063cf21f82fdbc263,22793789
passed,push,d5e961e609a9e0c8d161dd54d19fa8ec243c8865,22649455
passed,push,a9f47857764254acc08d24786e0278c57b3bf9f1,22555877
passed,push,d7f57aea3dec536afc192916d203d98c838dc290,22552328
passed,push,0926e35adc087d4d282957a207ab79d4baa35da5,22483910
passed,push,6d0c5a9ff5539bb5aecdf662bbacb4cd875a671c,22482653
passed,push,7aee80bcdfad8ce262f2813c837b87be9e9bf56a,22479755
passed,push,0f2fcc81a8927553a4c2fc0e701d351abe255cdc,22479477
passed,push,3c7da7483d227a14b9df85966f86dee044374366,22479032
passed,pull,6f3c61a17cfc7c208a0e27dddcdbed5610f712d9,22475905
passed,pull,93da518e10f9664de74877efcd62d50fc9cfaf81,22437575
passed,pull,ce80596a566e5c7eb7ce6d2d95bc195355cfdc93,22437570
passed,pull,9aaa33f0b62e687dcfc3f50454f0917d2095cef4,22417164
passed,pull,a0a23a279f381d784a22a92ea4cf6b9f45e4bd0c,22400260
passed,pull,228695b9235640a1b6f6d14386e22c510c630571,22397995
passed,pull,38e321d25384adb843bd0e91944cc7a82ff6f1d6,22397921
passed,pull,747b1bafd4e27a2f4225116511b00c5f905861a1,22397885
passed,pull,367ec657301e1b6097e1e2fe76efede0c466dfff,22397874
passed,push,ba7fd5c2857eb029ac187ca46ee800d524dbbb9b,22082936
passed,push,1a383f14d53ac33c196aadefc4ed3034862d2d7a,18248599
passed,push,48904af8bbb42ca0b351d0873667e92d842b9e61,18054237
passed,push,f084139614a4b93509038aea0f46086cc9369aea,17324470
passed,push,90d2fc96304100f47536723973c59e8ab6a787ad,17324467
passed,push,90d2fc96304100f47536723973c59e8ab6a787ad,17324464
passed,push,c43940007a28303e15c6f1f8cc16ce002b1a1d26,17324459
passed,push,1d55677cf1709e821b579a9722b3a02f23cb921a,17315911
passed,push,9067e01f57f2a9822fa9d4e2d7e0046d02620e7c,17217223
passed,push,39699a4dc0c4c28dbf798c09e23761eee98b8ba6,15551579
passed,push,04eee854abdda73f0d7e62dc3726b1737c25f45f,15107548
passed,push,3a8727f478cdc8e827de3108f30d36a27089e377,15107485
passed,push,7af2b23da8003a60b907fbb65656e692c9dda96e,15107483
passed,push,7af2b23da8003a60b907fbb65656e692c9dda96e,15107481
passed,push,8b9f63dea5f9e84326f3fa0f2ae84c686cdd6592,14827866
passed,push,7b1469fa06543c73b820d686ffe147018c1aabda,13612048
passed,push,42fd682c2ad110fcfca8e0253c6eb591ed87fa26,13612046
passed,push,42fd682c2ad110fcfca8e0253c6eb591ed87fa26,13612044
passed,push,862aadd80225f3adcbf689457ded5568ea6516f7,12694324
passed,push,d4366ce7d12f0e79e97f98865eafcc072fc4c5d4,12604109
passed,push,6343d4662cb5562aa6fb4e32dcd02584b0c1f423,12305075
passed,push,450819019fc8cca2980c93f266cdf8abacf033d6,12305067
passed,push,321651b75a54b998aaa7470eae83be6f92464c8a,12287567
passed,push,ea8927a84a6011baa39a6be76d66d910a262d63d,12059192
passed,push,c979c2526a4b6d744ef460a625c44b10feb4a67c,11651460
passed,push,5bd7a531ec4ca54168201e218fb49da1b9357f81,11651458
passed,push,6dfac53ab0a1752a86d261a3fe32c1cb6ba8425a,10229287
passed,push,5a48f65a5d9d2f352b82c3eca04e1b136a8ce818,9441893
passed,push,3473231f3e7409101a5529e7cba7614f609b8356,9319039
passed,push,fefdc9bd36cfe47ee70c3d711b4ff0be678ce9b8,9318954
passed,push,84ad5c5a659f47e326dc05e95fd61154afe3be9a,9237538
passed,push,c8d44429bb32c1e46332418e62d5a9cce7d03f2c,9130506
