Status,Type,Commit,ID
passed,push,88378e0f572f9ada53329cdfd8a2b0ac4fce6eb0,290084668
passed,pull,ca94874ac376db0b39e3ee22e187118a7bc36004,289274216
passed,pull,a00b85306a64705552cbc6aff84a41ac3ed6765c,285725138
passed,pull,cd106dcec9e01507a98cc59e2bee9e87bfe34de8,285722338
passed,push,b3da4a40ed40efa1d2098d74b56dbe66d42cd904,285697359
passed,pull,65f30588b03fca5f568239fe138a435faf98dda6,285669947
failed,pull,83a5c68e368d20ee1e8d8126e22bd32671a3087e,285648034
passed,pull,51cb3dd0f34949ee01b19cee067bc6ae5f897da6,283028749
failed,pull,ec56163d3a9751b0c94c92fa90d581ad3aa6eaf1,282947278
passed,push,c670e24f15da8a3f1eb488c750d90ccf907ba112,281233528
passed,pull,bf1209033e5e5dd92c1d9d1f5d24db21332ff5d2,281130007
passed,push,844014620ae1f4d1d4fe3b21db755ce9269ac4b6,279114596
passed,pull,47a3ec9eec9f5e436df5532f4aa86b8c60fd7dc5,279114161
passed,pull,70d98e8fb64dd8d2c2e85c0ca3a0ba47001700e5,279111518
passed,push,6557ed69b13507f026b817ef418f79585a2ea6f4,279105922
passed,pull,57cd801251a81640835405ef977550ef0e1005fb,279105453
passed,push,14b5fadd576f85721c80b7c9b8b73405330de38f,278849121
passed,pull,30bdfd2deed6b52030c212cfa79e23681950233e,278848883
passed,push,f0450debb3430827049adc5466a8997e1257de3f,278449514
passed,pull,3ee732f6d311e9f57d7c915b3e47e8502ed50808,276523230
passed,push,f0450debb3430827049adc5466a8997e1257de3f,276351032
passed,pull,6c23ad5657b20d67dfc79d5db3212eb988386567,276349135
passed,pull,b5ce0db6a0f6cb8a7574c08195005d2392ab373d,276312549
passed,pull,1433f975cba000747b969070987a33e93a90bc85,276306335
passed,push,dd061f15ef89abeed9ab72828826359983dcbbd0,273660777
passed,pull,ae81f10d32a6a808c4f01d6a1ca0684f053a89ec,273659788
passed,push,7d140c336ba3226b6ee11babaaf01c656381dc08,273656967
passed,pull,79b5fc3ea1210473e5744ba72aa161e501fdde1f,273656204
passed,pull,0d6c21ec0b2f46bcbbfc2d9e7227debdafd2bd6d,269414222
passed,push,08ac405339d2166fb092249f99e4c3998b828c17,269034952
passed,pull,e892f109f50a9e9ae4e116b1efd871959a6c798a,269034881
passed,push,206e9cf3eacbc2a8514182784b30667853689919,269034516
passed,push,a4d008b147ab465223f0b1d051eb44880407a83e,269029732
passed,push,6ff7d66ac68d6de379c3d04785ae6f9b4958185a,269029728
passed,push,6ff7d66ac68d6de379c3d04785ae6f9b4958185a,269029724
passed,push,c2d206178dca5e1736c5fb78afa73bf699aa864c,268662311
passed,pull,cd0ee01c32e28637e5fc29e81efcfc290c1dc3da,268610057
passed,pull,5b83c6c3545c006a44b8c961ea35380b0aa68be8,268364834
passed,pull,5668f4ff467f52bab6b9a580440b58bf0042179a,268294129
passed,pull,7324563d9c7dae9c073bf9e8392d4f68a9f49cbd,268293967
passed,pull,b9207b9a4af3f7746605f1bd605e252fe0c04c2f,268288770
passed,push,765c35804050132fe899223ea53568cdf3fe3875,263202489
passed,pull,ff4fd1ec968b6c10fda50d2be472f3cdc74cdf1b,263201358
errored,pull,50b862aa3b5db98d970d5e3075164dc8b472a7b0,263195976
passed,push,e4c7f11a6c565dbcc7323e57114e986be754451f,260914010
passed,pull,01f2b62452a11e0dc80c3456dd056b355474de01,260912130
passed,push,d482049f25ae76dc7d5cdf37627cb6c659fb3d7f,260798043
passed,pull,9f19cef47d58723f8a1cc44d58084987cffedc6c,260797245
passed,push,33563b719851500c15e0139cfb8469c979c16d96,259070089
passed,pull,03b1b47034ec559b71d0bebbe7fe68c8312b4474,259069697
passed,push,49af1cb6bf84cae521cbed19d0c245e627241f90,258926529
passed,pull,e4a97b5961401708df177b843837ff4a06d6890d,258924856
passed,push,1fbc6cf81ced8ef7508e510d14aecb49b5b2c0f3,258751328
passed,pull,06d7b91d1b031cbb8c008ab31c9fe8b4def6de92,258749746
passed,push,04d47854c87309be749d817878d21d45bb045b8c,256039875
passed,pull,68148f8cd6a4c4f421ee0ef5d850f406c38e2f43,256038425
failed,pull,a53b08df3a5ffca948a913e56ab808161544f574,256034037
passed,push,4ffc6180ea7e1a5d25c285f9f8888268741e0976,254778944
passed,pull,6c3983c3ba91b27ed032f88fcbbddd5d6dd01391,254769755
passed,pull,318bc1a0b58eb8291b82faae797d1137ff51025e,254767004
passed,push,4ab1bbea3b179bda74df03e4e365dc5faf861f7f,254244384
passed,pull,45c18826c09dc8c44dfa0d7a89eb0d492f77e5c3,254231461
passed,push,46e63866d34fd0b1a257f571fde5449b62e6b58d,253706235
passed,pull,9dd2bb54842997b6dc83bed9ac529f1c4af39e1a,253705008
errored,pull,fcc3498ff2a1f2ce1d6de1440c4f3c7575a4ee81,253693822
errored,pull,867a55cde6f5e5bf1e5806fcff7f4082cf0498d5,253691698
errored,pull,6204a69dbafe1f8d487036d4944c975eff4a2850,253687816
passed,push,6d1515c3e00516d17647d24b9eaefd47af973bb9,253206064
passed,pull,d22614a8d3dd2d5f0444f45c026aa00e44d3882e,253196292
passed,push,b8700c795fe2353d17368bb88a7428930dc6584f,252393852
passed,pull,d1af2e44078c38a5ea885fbd8eb2270ac7767394,252391214
passed,push,a7136560bd33caa49c9884cdb0d274194649fb37,252200850
passed,pull,17a593483d798e0913190221d0b929a1380810ab,252199628
errored,pull,b6bbab51ef105e5b808f0b35f7b3615f0b90a873,252198369
passed,pull,28fce848e2c7abc3e133fc78a69dd223b65386be,252197274
passed,pull,8265953222bc8780945d361638e5fc45b7b2d96b,252195962
passed,push,fbbb8c24b435b589126cc4f6504a05162c973712,252152504
passed,pull,bcc9f7586c86448d8cd6ccfc73adece3ade40ccc,252150283
passed,push,0630256de5ec50c9b1317a45a0ffb5770d30ada9,252143091
passed,pull,bbf2e78b228d38b6cad8e53a4c4563fdc6529ac5,252128807
errored,pull,27127897a08ac01fb2cb3ac6e71ca4e900091b7e,252113985
passed,push,99b38620330d50ea08b2c67be9087660a3101948,211671556
passed,pull,4bec55f02ec5fe9e7b5968be18ab382c89bd1722,211667733
passed,push,e87d2f562c6f3061a55246b7848a223884195de2,210492114
passed,pull,6df80bf40b60a648387daada7d62aae65b402d48,210491554
passed,push,8cc014bba80223fa1ed9636abbb252cdb836c399,194584983
passed,pull,06e533086028d776adbd3455852bb587ab5597dd,194110996
passed,push,863b79ae2cfde2eb9307f0aa54eeaa856b11f880,191594049
passed,push,86a03555ee3ead2d611caec3a772d3b73f380c8f,191594036
passed,push,86a03555ee3ead2d611caec3a772d3b73f380c8f,191594025
errored,pull,6aee3dad8fd234e47f8e7b84d803b81f8c6bbce9,190189338
passed,pull,5685f9c1e3cc02cfc5835ae6fd8aaed1af043db0,189768552
passed,pull,b3675457befe7e819a2c69daee9a82f305e6891e,187730220
passed,push,16ba1965b1f4373967a3a78dc7c59958ff14ee46,182239555
passed,pull,b65f2b7722849986841c9a6a8da378b748d3ebb8,178992481
passed,pull,8160eb8442a837b4c5d8c3e16d0a3bd0973cc40e,178757135
passed,pull,1dd18fec7f396f34b79fe7c0f9b522f4d79e7bef,178213220
passed,pull,b20a1e0cbde41cd6fcc1bf45886538ae1fb2afbe,178142539
passed,push,469d497116d3390c1357c2dc7151272cf3272955,165353706
passed,pull,0ec1d2e98ac7a441583c1cf832992b49f72bfcc3,165351768
passed,push,7fcee779934329404b9ea5b0de236b3bdeb8e8d3,157628599
passed,push,00c9c9e30807a545d103e8f6c85522dd29fa2691,157628526
passed,pull,c3d8f5d2ec6360216d7dde8845cbe0fe73cd58fd,157623772
passed,push,97779644801e9e25a33f67dd1ba5988b7515a1ec,141918108
passed,push,4db2fb5ccb1ddeb38dad505c492cec6a8367a874,141465694
passed,pull,d14b9fab8379010433c1eb7007e94c3b91bf03c8,141463739
passed,push,69fd48e66fbc05e7ccece102b3637fca1b70fcbb,140744604
passed,pull,60d19ae6469d0e3ec507cd8bf890af761dfe4d6a,136802139
passed,push,cac2c74ade321a108c871ddf9ef1e253020e90ad,136273652
passed,pull,61e3abdb0256731fdbcbf58dbe9967fb18863318,136224422
passed,push,11604d10159bcfbd7718cbc4c16105ee16ee3d5b,136203717
passed,pull,966f978eb3d9a850d1746ce30c29994f119c94d0,136201163
passed,push,55fc3eada082b03cd80385cf949bcae725eb1479,136098751
passed,pull,525842922e8059ad144db4534519b024603e9e66,136004970
passed,push,f94ae3df859b6ad6db27e2ee9eff4103b7f4a3f2,132529211
passed,push,e84ac3332a8003e27c7504193c15268f283e2a59,132528946
passed,pull,548c4814aa64841d8189681df5d973e0ced96959,132528188
passed,pull,38716f5fcd657c84ec50a06ae7a18c95a015de09,126856144
passed,pull,073f03c1fb1c23a25fc8f11e2ae51cecc17cb5d0,126754523
failed,pull,fb4c115b283f0c750e3c0e0ef2e87a120ef78926,126753594
failed,pull,13b31d143d08d3ccefcd57f33185fc6106ad607d,126696096
passed,push,d0ef3b420461f9be6bcb9958216874a1283ffee7,118722531
passed,push,080333037796dace1d42d2355e39138e551d747a,118721200
passed,push,99a79ad60d4d508dc712cdc5b8f42c030190af0c,118719861
passed,push,64453365bb57f3769d8ea9e295e5a6f75a1e19e1,118719855
passed,push,64453365bb57f3769d8ea9e295e5a6f75a1e19e1,118719849
passed,push,9836bac1c3cbf532fe021d8dcfc43d35838e1513,118717030
passed,push,c2997b8d3fab01d536eb450eab40a31a7fd8277c,118711182
passed,pull,9cda324a79e8f6dcc6bac4ec0f28f9d9a7db5257,117616862
passed,push,80abddb2a39d651bca6f01e734ab17079ec0d2ad,115542127
passed,push,39a4ed5ab9ecc511766bb549cdcacd7b307c71c6,107469818
passed,pull,b7604c2cbae2f514fe28913f2ea0aee784bd344d,107456726
passed,push,9449102747602a3ac68bd45be352520804fff1fa,103590864
passed,pull,cac0cd2bf947fc545b39236af28eb9aa6f329ef2,103318777
passed,pull,585bc4c35f42a95572834039646a5d885ebc3769,99969396
passed,pull,657f3790366c1fff08c41a0a33c3e78933936636,99934510
passed,pull,f38d8dc0813eb8aedc4d9f8fa811801b9ef3bda3,99766254
failed,pull,5309cc75ba54b619734f3dc928ae26816ce2c14c,97458044
passed,push,019d9ee6c306a8b605a2ea1ee3130a4a1aedb873,95695723
passed,pull,e03cb502afd2db88b5730d357b59184dd72246c4,95461647
passed,pull,61ae48e79b62b0f70e2a1d9acc8ff58ef3e85e18,94450205
passed,push,4592cf67a2769bed5f6af8cdee231f6a4bd1882e,94208306
passed,pull,787bdfa463682ba0d550410c660f37bee35d18f9,94139824
passed,push,c9dafa81008e262a02d29025bfa49ec0bb95be64,94065048
passed,pull,e1c8d758506371d2f49ad68816bff0c9f3f8b40b,92053629
passed,push,c9dafa81008e262a02d29025bfa49ec0bb95be64,82821674
passed,push,5234761467f399a63749923ba05e24b4a60f11c2,82521267
passed,push,812e2aea94fcb37c95097b315e6acee20ba97aae,82521262
passed,push,812e2aea94fcb37c95097b315e6acee20ba97aae,82521245
passed,push,0c39d50ef1c94612d2ab5d753fe005b5e6e31fce,82015048
passed,pull,0b564ec94ac03e6ba5f5d0b5595ba72fa07c28a2,82014434
passed,push,71c58dc8df99bdc510154ca729683a11090bc3c2,75723962
passed,pull,386be4cf61dfd91ca967510a87b346d5c8b86ba5,72737059
passed,pull,01ea7566937625996a37415974009849f0e1a90a,71655831
passed,pull,28e32037db67ca28f95f61a5c0ff426727a548c3,71578251
passed,push,f7b16715b8753dd865837fa51354e5dd41f94dad,70662061
passed,pull,ec717fa553ac29ffdf63783c887b3a2c0ba55ab5,70659415
passed,pull,6a897805193748e349943afac893623c3cfc8934,70655831
passed,push,dacf4a07df176ba6a693ffd8e5fd53b981a6444d,67855937
passed,pull,4f12c6442a788a6c42c792959bbd82206ebf6f72,67405396
passed,pull,68d94049ac7a411bb4d57cbd03be0ce54383d896,67400552
errored,push,98548a72738f73a4f555db1d5bf5cfef325c8a98,67399676
errored,pull,e5279fe554d75f9481604d864550c85661dbd010,67371834
passed,push,38791146ecd2cf2b8b0ccea9138c1be2b7bada9d,65364109
passed,pull,af4f60bcaf4227690872624ef18c1aa4372bb653,65327612
failed,pull,5662dcab8bd85789c6e543cc042f6a4ce145acd0,65316091
failed,pull,e2030e6f7ab6b3ac4e1b5f228901a919558d6216,65308210
failed,push,6ca9bd96a0da633124c23f65d0665496d59c9f2b,65273733
failed,push,b899499b3cf549238a8a30799faee47b3505b5bf,65273725
failed,push,b899499b3cf549238a8a30799faee47b3505b5bf,65273716
failed,push,e62909a22550c61a6b8e7841a48edab9e64527b5,65273307
passed,push,1229bfe2ff58f8fa790c6a08c95e26f8cd6ee8d3,64724427
passed,pull,263b82e86683effd7b2078c06029463b65a5ff11,64724031
passed,pull,81cbcfd91f9f135285db06fb2483ef0d2f2d8ee2,64689453
passed,push,8531891958653baf49d45065719b4d4c55f2703f,64215337
passed,pull,b76888cefd9ebf2c02bb38aff5f3b6d944fc7173,63946240
failed,pull,c0593f4825d705d7236183040528869e2a3d474e,63945010
passed,pull,6d44aef1a75f7c4b74b050d7b80b77e66cbffd91,63920931
passed,pull,79d905cad34c33f94ac346f99851b36fe1a9c72c,63857915
passed,push,b43afd25dfb1e5c0a30a6eca2ad265063c40b420,63696520
passed,push,4e48fe79decf4e4956393f5ffd499940d061e09d,63696430
errored,push,e901074057bd4a3f37ffb65e611c3e5308e5696d,63696199
passed,push,382f34444568e11e0f5aadd7c8896771f4dc3c73,63696192
errored,push,382f34444568e11e0f5aadd7c8896771f4dc3c73,63696185
passed,push,c9f6423b3fc3d8eb0f153b4bb3ec07eb3e8915bd,63578350
passed,pull,7d783336c099b8b971690b59c98e4bd7f14dcd7e,63576860
passed,push,f486e7f29112d0f15cc49232668c54f1aa47da65,63373625
passed,pull,da6defedaeb30b1ca8f081e6ee44de3ca3a28641,63003221
passed,pull,dd774de22863f3031d033b12af04687aa1f25d8c,61264932
passed,push,e77fb260ebb62e3113b3fcf326103f7b6c8876d9,58770294
errored,pull,236ec9f709631cccae338510d1235815185bce9d,58769781
passed,push,1ca61b0c9fe05f8fdaab94a67ac48f5297fc584c,58202014
passed,pull,31ec3d7393430fa61f618fa632da4cb7095e887c,58193708
passed,push,242dcfd019ae095a4f2722f7e21f13b07918485b,58134852
passed,push,75d855eaa4c511d3bb648d743b43839e474b8a0b,58109910
passed,pull,bf8f286853a405a8940829283bbe0e9ae5668a0e,58109669
passed,push,39a761ca588390564a2b2f579faf49906f9ed7c6,58107784
passed,pull,090375f421b74c90cc8b232d10a061eb478b1170,58107329
passed,pull,44e5de9bb15977ce0ffd588437af555f6ca0097d,57931167
passed,push,bf4adb623f4c69f9eb6ad7a34445042ff458c215,57883650
passed,pull,483179fa7367c16f69f3c9b6c0b44ab401f7e3ad,57883313
passed,pull,be4db385a6c11e5d76ac4c6b3a5aecd2f00235ce,57881237
passed,push,4e28dbf43264d9ee07af391d72df9f400e3b870e,57652332
passed,pull,296d09c9ac61d204079ced071eb37c69a6027342,57651301
passed,push,c1443b59445a19b3319494bd2bed4adfe7d70000,57549256
passed,pull,2247a266c26d5d27110de4e382c9e0d09d626f5a,57509749
passed,push,4ecc3ccc27b3610036f87da98211addf57bb7e92,57457447
errored,pull,dd53b033d859b02c43fad18e7940e971532ab54b,57379603
passed,push,c0f02e086ed496e16a2e04ef9a0afefe10ec792f,57280919
passed,pull,16025dcec4a50392a8d6a1f448a644ccec7370e0,57278444
passed,push,cf57bd1bcaa24261392f195ec1295f210b918421,57272607
passed,pull,d04aa78f2e6c6bc7b98e64fadd6119b60fd0e9a5,57260179
errored,pull,33d6c5e93aa0ca07c4e3df5048d7372f6f25bc4e,56432433
failed,pull,39051e60ff8c6e7501c30c157cabf8521d8bce4c,56291336
passed,push,e043dbcef0afb89482a9f63d61037f5497be11f9,56067161
passed,pull,b49590dd6f30596125ee59185bd35185e15027c1,56060518
passed,push,129cc2d2c28df60b0fb49ab946b7a12aaacef5bd,55912082
passed,push,a27e204168586e0193faebebbdd6e132663a8ba5,55911500
passed,pull,5b4f77b56cd7bdd3b0339bb46c820d6a26376b53,55910496
passed,pull,6a2aa6119c740c49da1481248644ed59f38585c2,55893412
passed,push,f9e4688a20a8c228d54f361f63d918ba292ce6b4,55550414
passed,pull,7ca8f33694a6b5c009cba84f95a5eac4e9d90602,55517835
passed,push,a9ed2e42a414fb4abc7b72bff819a14438c799ac,55392722
passed,push,ea39a80eea9b7ec59c199c9ecb9212d0ce23b80f,55388136
passed,pull,03ad5139e0fd11404f4cbeb16dea89c72a00fe9b,55356073
passed,pull,35afdb456582a421ff64b69071a0130290870b08,55354224
passed,push,496e7406cd4d00e4dc2eaf2937db428c8ff9a555,55300585
passed,push,0deda41e5a5077dc96bc404f9de66ab22cf79ac9,55300574
failed,pull,50002f2fa1c717b28d7e8cc7b594ea75111c2af3,54981423
passed,pull,e254cf9ce0f99fab9dba009abe10e065a8b3c019,54941205
passed,push,8f6100b6915720491b9d3ec7ec4e89d5953da74f,54739448
passed,push,df3e7081cae7b9d9809809a3926b7bf39f5c0ef1,54682184
passed,pull,0a390fb3f222323c7cb439c3f17d9c11e71973d4,54677272
passed,push,b8a26f2ee6b1c7c0193c381e3ac66b759c3e43a3,54657476
passed,push,b262e086983e7101d48d5a231df2097fff03727f,54645548
passed,pull,bca780a787e834078c6008fc58f769dd134657cf,54640329
passed,pull,41a95b6b0acdbd57e5d20ee7a6e612bb46ce5b7a,54640259
passed,pull,a92ff88234accb144b6df748c0ae3ad059500089,54640227
errored,pull,53a7c40266e2ee1145c56534020fc8d0c97fa662,54640160
passed,push,824cd1ebad658af11784377e471ca4faa6025cc9,53754044
passed,push,fd15aa90472f4931d13301be93dbe81e5b74e0ec,53753985
passed,push,2b1a0c7bd8f1b4599fbaf33c069834aeec58753b,53753776
passed,push,ed4a76ace5b269e08cd51b603d0efca206c89d71,53753757
passed,push,ed4a76ace5b269e08cd51b603d0efca206c89d71,53753755
passed,push,95906797af9c326b2382e53c6ff0d2f554041ec5,53753599
passed,push,172db01caa63d2f34b7a20ca11a527037e8e90eb,53753493
passed,push,ef5fc28679c309f316210e165d1b627c5952561d,53753280
passed,push,2a14922eddd04c846d559e8a8a93c5c5906e2106,53753278
errored,push,257fc9599369e028df3c34b7b800aa5476c0a09f,53753232
passed,push,fd15aa90472f4931d13301be93dbe81e5b74e0ec,53753218
passed,push,2a14922eddd04c846d559e8a8a93c5c5906e2106,53753200
passed,push,9677d3d6ced7ce18088353bf0d58af292db121cb,53752919
passed,push,9e9c15b60bf2336f9da95507a6465ddd39fc8106,53752819
passed,push,7ac416907b9b4265cd8e05a247bb8bcc781cd1be,53752674
passed,push,f1798f3f5b5221b678807b886211ce42a8e54005,53752363
passed,push,257fc9599369e028df3c34b7b800aa5476c0a09f,53752356
passed,push,257fc9599369e028df3c34b7b800aa5476c0a09f,53752354
passed,push,8fc9e1e221a1be767d3d097fdbdf4a0cdf1a8dd0,53700542
passed,pull,4326eaf03238e0086800114febe220945bc09d9a,53626297
passed,push,73147f7018c108cf413c1b9002c3674cb9c9179c,52071989
passed,push,45f89827c0c6706ffcd02a604bc841a74db07ef6,52070456
passed,pull,81d86661a95b9b0783421ff578816b5581322e66,51790156
passed,pull,79cb31ddbc79ff0ed16c0f2a2fd6ad0b3b3a3983,51788500
failed,pull,e26ebb41973c6315bd8e38aadbdf30994e18e584,51786987
failed,pull,fe8d23f03152f7955794282dd929936f6f990da9,51782721
failed,pull,1cb5d1d5a02819910b178f52ffefa93bc09c9569,50012305
passed,pull,0058a12f3d91a10eac642da10fc389e39b6793e2,46136667
passed,pull,e58e698f656acdeffb0a4735637e605cd2abd6f6,44631381
failed,pull,f6210b6561fd3faf52de4c4e805382d75ea49301,44490271
failed,push,cd1f79d50d95a59f470813823ca7cafde0d75ad5,43947742
failed,push,44bc422a5dd4a3dffaf5e26b3482282f31c61117,43947205
failed,push,42a0a939e6d5cd17389640170c969d519c14b302,43947200
passed,push,42a0a939e6d5cd17389640170c969d519c14b302,43947199
passed,push,b0bf00615413d562534a16501bc6bc89596bd1f9,43782667
passed,pull,c5bb6c1a7d6cdd1aed8e45854459688de877cdd2,43782386
passed,push,389edc660e8655f766e75528248ee1bd23fe964d,43301544
passed,push,7f06d46e7a76012384382b63d4ed17914df0ba19,43301094
failed,push,19918d48bc8936bfe4a5aacafb5e427510c042fe,43300468
failed,push,6f9abe8f9ea83ec5f6fde605883eb57e53787640,43299247
failed,push,8aec1c0e9466cfb507ecb09e5c99bf12f3c9255d,43298896
errored,push,fde80a37ddd0243a9ef17818b9a7accb7e874b80,43230840
passed,push,6b495624f34a12de333682232975d1e222b68440,43225852
passed,push,f497bf16a714f46a7ea42eb54c0438f9d9d7df44,43225789
passed,push,3be6badaa6d3032da43d9bf2664485ddf380b37f,42328113
passed,push,77679abff2faa850b3db1919dd1d1b8fbf249f9d,40488810
passed,push,33ce1f21ee8afd9127d5b2226131f74e25a07ff2,38655595
passed,push,4308260db9582682a686b473390a5261ccacd6ef,38655591
passed,push,4308260db9582682a686b473390a5261ccacd6ef,38655589
passed,push,7ee11ec89e0f6cea6dc56260fca6703208203d54,38655471
passed,push,97e085de292a4587b1b8285b5575741ff3572412,38655160
passed,push,6b1da67b82996bb99a996d828c6b12b5a73821f5,38655009
errored,push,d8a920885379aecf3b5547a50872eae1f4a14d83,38654937
passed,push,4f1effa88b2ee56171bda1b3d7c58fe837a555d7,38654860
passed,push,97a68270ebe79d4986bdf763c537e76851c91e0c,38653957
passed,push,fcb228887a1409f4fd61831cb1e1e83fe87d7299,38650084
errored,push,1f56516f7880f60990540cec2eb6474a32ed27dc,38649972
passed,push,43f35ae1c6dd9030faca3e7d902db9f19b6b5716,38649562
passed,push,44815ff44de5a1c9bd2c098a24a26545f113e055,38649320
passed,push,fba077c0ad14773414128a675c40733e48b7e5c2,36055801
passed,push,2043d303fee760141ad3a5c4173d5f82ae7edd41,33939470
passed,push,6164866897a7bbb76d8406bf303b905ba14d6cef,33936454
passed,push,453942bc0b1fa16f3911b4b5720babc809f146b3,30415386
passed,push,6ec2d9038aa63db582d341596bd781ae8b0ef21c,29499653
passed,push,e052676d955fe2e32c80c7910067bce814f96066,26592672
passed,push,9d1e6085b120a06593dd97d9f7f1ee4b61d2c493,26539158
passed,push,e8a22745d7bd7e9c200381f5d06a84bfebe6c740,26537706
canceled,push,688cef1827871bf6f51c6c006a8427ff80d8c820,26537699
passed,push,17bc67f541eb1b723e262a352c991b0de435545a,26537240
passed,push,aade0c55eea111420e357344295ee36764d75e1b,26537234
passed,push,aade0c55eea111420e357344295ee36764d75e1b,26537232
passed,push,ac5e27b38d1f898763e6e587d4472a946b9b0c51,26537171
passed,push,7319382b810f4255440e380b2b1d313c0a2e55f2,26537151
passed,push,1c24b6fcb26c1c846408654981452a02bc374a45,26536627
passed,push,7319382b810f4255440e380b2b1d313c0a2e55f2,26536354
failed,push,fa181336653ef51b49fb2b27c1867e04722e9a70,26536000
failed,push,4a6ecb4af84763cd957ff823cb7f28423b05d324,26535808
canceled,push,d17b9e7b20f05fa2ab5581e6caea0593eae64438,26535610
failed,push,00520e4cabd2f13f45699a9f9355b17f9c50b1ee,26535468
failed,push,221635d4f66938204e389b722eb9ce484c73b346,26535383
failed,push,ace26d96ab84bf1b325724edd33d32e9d8aebe45,26533461
passed,push,34265c48431bcd6f91e09a56b2cec30b3551c31f,26523141
passed,push,0951a9d5df3824e90908c110a822eb7e9a34b89d,25961553
passed,push,9311fe7ccc9e4320e77d98be0cee6f48727e4def,25961183
passed,push,020662f11b46829a74547eaa0849aef61cf8af0d,25960931
passed,push,f127f23e1b5a31a0c7bfff3851f34eeef70fb914,25960607
errored,push,141a743f0df2a81251138046d0d538c13b027069,25960591
failed,push,f427df59c3b00cacb35d0d3ede0731086e1fbc87,25960544
failed,push,f427df59c3b00cacb35d0d3ede0731086e1fbc87,25960491
failed,push,1a113c0405c196da3788643800d9994f65c5bc15,25959218
failed,push,fc29b4032b90a4b988b6721d0b04fe4c396d5861,25959134
failed,push,f427df59c3b00cacb35d0d3ede0731086e1fbc87,25423942
failed,push,c89495fdfa70c8dc4b6980e0f6886f27b9ea0d7c,25419807
passed,push,b8e2505a3c87be0d1b450d139f7e473d181c6ad9,23385951
passed,push,30b77d4fa2d8c29446d0655e2f81bc7a656fe814,22650841
passed,push,94fa22965389002a7fbcb6e26b0b80cc24d56a86,22650782
passed,push,399b9bb656a8d47ea8c66a7753f326f16b1764aa,21547662
passed,push,544a4b7f86605877d40a1ca5c52e7836f28f2410,20249701
passed,push,e1df9536e4f1fccfe80c76a1a212eaeda89d6742,19388955
passed,push,e4e9739ea2792323ad17adf343d10bfadae8ddc6,19388921
passed,push,5ff6bed28ab20b016164e1453dc31c075ecfcdcb,19368338
passed,push,b9b458971d7e4218177a5196e05d3575d31dbaa6,18510928
passed,push,1b4be8597c061c316f8a8e692215f9556612d17b,18510911
passed,push,a9dba4a25b64ab288d90cd503785b830d2e189a2,18510909
passed,push,a9dba4a25b64ab288d90cd503785b830d2e189a2,18510907
passed,push,b4d7e6537849f3e7c6cac7b2c71e27713d239a8f,18510878
passed,push,787c9caa47d5671f2f50236cae0726a2a33bab16,18510536
passed,push,02ebbf36ead0663150385383ae13c82120e5931c,18510271
failed,push,7c2bea0cac8e645af9a4bb0e4271170140df5738,18510135
passed,push,09710fc2b116ed15489f69beafeae241384aa287,18240905
passed,push,ceb4c4091ef1d734025c30d94d46f907ffd6a03a,18171721
passed,push,4f787aa37d5d9c06780278f0cf92553d304820a2,18171719
passed,push,4f787aa37d5d9c06780278f0cf92553d304820a2,18171717
passed,push,3c43efa78d8c8879b1b2e267da9e49e3bfbed2d9,18171213
passed,push,b705bc5a9d62d18f8f2b07aa779c9ba207b54ecd,18170842
passed,push,0f3aeef2debd947aae3a7611538053fe26580235,18059298
passed,push,1765fb3c0e0dd39b21c43cd2835713b12df0cc90,14722980
passed,push,41152b4fa7fae4d195d83aabf93e876066c7c601,14692080
passed,push,399578bffb45285a79e17463a3d380eea6dc20ad,14113524
passed,push,4f550c69abb614c926715568d65a5cd1419f4d47,14113438
failed,push,853886dfd27920d714d7ab07d391680b4407e846,14113388
failed,push,6f1e908c8e2783c51396892cec904862585de24d,14107028
passed,push,af597fe7a858870ef97f6960b6dc719ab8bfa83e,14105141
passed,push,0c06cf34ec0fec6c1e8ebcd90b52085c7c6e3436,13900847
passed,push,61b86f9fe18e24aed1c0399700eb5f92fabbb99a,13753760
passed,push,8fbb1b34d3baaea5e91aac20e8fdf17ee101a6ed,13500500
passed,push,5446135bda9b42dca3820de08baf39c416ba6472,13451074
passed,push,84b19397e1f5a3487c0be64cfc07cf5034ae41cd,13451072
passed,push,84b19397e1f5a3487c0be64cfc07cf5034ae41cd,13451070
passed,push,3cbaf1c1ac4bdaa5e63aa2f55a491efac910829c,13450669
passed,push,a144a58135c3b1d6ec92c6abb8fff25774eebba4,13450667
passed,push,a144a58135c3b1d6ec92c6abb8fff25774eebba4,13450665
passed,push,f1f1714a7a50faa3c6a4b8e7f27362f8e29fac69,12783981
passed,push,d563fe1c22abb93a7669f69593ab2206de3b4a3b,12783963
passed,push,72ada6c93218ce2a5babd6eed427acc959b9d25e,12768133
passed,push,9d147798004cdfee6da216d95f520c8a02a91cc4,10397819
passed,push,278eaced4e0f53f268577e4f68b48d1a6aaf6bb4,9890875
passed,push,a6b64ec4ac4c903eafaaa69219265e998630fa37,9067228
passed,push,6d01da5dd75fc470c0b4e4a97c07993fd48a9de3,9066495
passed,push,9c1afddcd8fed0f02515af164ceca4ebfbd2cfb4,8990464
passed,push,8f610b134b22937bb074169d3b92984460c9a2e1,8990462
passed,push,cc03f4bb90d211c7223046f56bf2b1ddee2620c5,8990100
passed,push,0da76acf1e50ee9ab0c1719105379295e74bac06,8990073
failed,push,4f37653378a1ce77fd216ffe07c1caaf9a8b7f65,8988500
passed,push,bb1c9adc0766e45434414337c604a1fd82e13108,8482565
failed,push,f493fa7b9039bc541e1b7d510045c8bf16fffd90,8481498
passed,push,77c090e9f0e353837052039a8231d3864399a829,8257552
passed,push,a9f788fc47aa65733f317a3a55df33f5d3eda482,6567402
passed,push,0378a925a783feb5d62b1d3adea796e687abad95,5788282
passed,push,a82d95c6a4e0796282678e73f0f3ce1116026735,5787797
passed,push,01b3fbd9afb88b3c909f19f5951d5588a4a5fe03,5787625
passed,push,2ced85cef7611d4dc99bbe60e0bce294236deb82,4953320
passed,push,f5f7c5ba8ab5eaae555ae5c29684bcab64aa5609,4705600
passed,push,b24047e4a166416ba80653a5986893cf45008dbc,4460775
passed,push,5bd248d95ed27f1d2919f952c9400b83fe5883cd,4128694
passed,push,d5356f64ba3fa3238a2ea7c1e54df78846c5f7ed,4128300
passed,push,10c5e74d433e05a0e3f34dfa7bff74ed5ec49afb,4128294
passed,push,2d1173383b12aa2726b66bf58cb1a71a7407fc30,4128222
passed,push,5b7af4ca7f0c6e52a41cecc77e8eebb2974c7256,4126407
failed,push,6f6f43714572f26f957511d1c2f3441a9cc7c5f3,4125093
failed,push,ad18286e8c8566e4482c2a8943ced9667931d470,4124988
failed,push,4d01d20ba37c3769e4ea985292b71c0948c60dd8,4124104
passed,push,680b9ea29078b140b8f1f1091c4d493d01e3de34,4041590
passed,push,4cc069f019c6be3dfa879f0b45ba855b1eeab389,3772521
passed,push,f823f5cc9317473bb74354f5bade2235c29b396c,3772507
passed,push,3d9992553ac3865c4a65949d9f11169c859dcdc5,3772438
passed,push,23482068e03da0c5f337fd454e22fddf49e6eea9,3772436
passed,push,1a72a484bdb368d17cddaf3b763c41b41558305c,3772389
passed,push,ac59173d9c93dcf0045680ea100dbca345461145,3572352
passed,push,8b2e56cfd00a197ac7ceec34bc217379fd1680c7,3558243
passed,push,927ebd6d22b024636792c0c4209c81fd739285be,3558109
passed,push,19fd19626d45131b9718a98ede7cfa839a8f1f33,3557969
passed,push,dcc9a815b647a2363f2ea7601096a31b6c674dad,3321352
passed,push,3c960e553c7319c5a7d4f409e576126276f7b8ad,2885815
passed,push,58f2a730a7f01619ce92016294a6d0b8dee891f6,2831959
passed,push,7c13df567d9dd8d3f651a4c2e937325a57c90255,2822488
passed,push,0ca145f8846b805a0e10865b198f4a14706d1dc8,2818112
passed,push,b31a78a9a403412fe362940bd630ce12e9b932cb,2817896
passed,push,aadd0e2caf58d9fa350fe347e0558c0fbdd3bdb2,2817892
passed,push,c7e9f1e6b5a7fa350bfcb3153dfb8df2fa92168e,2817711
passed,push,e3373014726363fa90bc29d7205734612ca475da,2670760
passed,push,ba7b1b1bfc5c4df298eff5764369b5d7c04fc209,2670758
passed,push,7e013fde0193130395911fb41a9387c48ee3a108,2670730
passed,push,25eb35acdaa2e7595e57dbbf03d61e234f93258e,2361054
passed,push,72c4bba4bdb50fa41b9a8870dbd9a2efad7b57f2,2245410
passed,push,3d82408900892abafdb4c93f2833fd3b028aede2,2245319
failed,push,51100fb4fc3610261ffdb1e96365effd3f754352,2245088
passed,push,46ce0404757416dbf71a3d00f7305f32ee59a62f,2245002
passed,push,328e713acdd25bd2c3a05013ab1cae4ef93fe34e,2242753
passed,push,38eeea089de6160e5d0849d07befafd5d56fa569,2240790
passed,push,e1c8e8f96e1c35fd3eb4d910c0b9933ce31c2891,2238297
passed,push,7982999dfa55ff5e1e5d20016f34ffd3c85f963f,2238036
passed,push,28d8ed5bb450230794fba3497736116478dea863,2238001
passed,push,482b1efdcd3bab9396910eb08133f4cc2be840d3,2237982
passed,push,f5cd254cccde6ab7e0605e3cfc588a51cbe2e7df,2235508
passed,push,729cc0e7d82bb90d2e568584ea8137b86f43340d,2235506
passed,push,de02811b510721ee39ad8559db26f1648be64bde,2235458
passed,push,4743862d2c0e36908395fa6ee52f632d1079bfd4,2235419
failed,push,d7bac75c9b7e350ee5ad6e436b0b66aabcbf4304,2235401
failed,push,501476dd624c9c08a639313acde9dbb7f7121220,2235399
failed,push,dba809b4ebf170be21c7079857945e254b5aa71f,2235095
failed,push,701fd7b92f16baa85fb02ce6b73f9f7dd43af9f3,2235052
passed,push,99039cde7bd2d4ef91e87e38287e249344055920,2193673
passed,push,e984867eb6e59c05a383dab19ac1c59b598bab81,2193667
passed,push,73a18fd462d28f60f57b25197dc9f6a5631e299f,2186329
passed,push,2059d5bcc5cc01cb1801a638d7c37c64bda79931,2183119
passed,push,994e77d583e99a476e91a62b3a1eca2c6769882b,2183106
passed,push,c9ade5acdb34a45137cd4ab87c635a72d6ddbad9,2182779
passed,push,67c66e05b7ebe1027117b19056b1e6d0f11294ef,2182756
passed,push,20074ac1e43d5393f1b58a0a44e392e3509e8e79,2182744
passed,push,02b669c6b39fd84b317c8a8f5d9285bbb9f88bb1,2182720
failed,push,a92e1b056d83717a1175ca47e472fe3a456ba2a9,2182703
failed,push,d35cfba9ebc25b3aaf7cf8a86ae75214c730cb58,2182699
failed,push,eaeb31c898464ca85d42f1a8633123585c143ce9,2182697
failed,push,2e39ea3027a3547abd71c3b6c60c4ca5388b4b68,740942
failed,push,7decb421bc38a486eb7be3edbc10d8aed085e114,740935
failed,push,f496b9d3b136572828b04bdb7f24ec9e306e58e3,490220
failed,push,a3f7f5d6a71c53620ad28eaeffa88408bc3a763c,490144
failed,push,c328211fb72e5d3a8c49326c530212bf268d2e49,490141
failed,push,67460d1eccbe5f7ffe3ad8cf6081c9c02acd2863,486786
failed,push,2e1832a5a66f932f3a12ca8755f6ec2a6c425428,443999
failed,push,f9597b2f0b581bcf5c1dd435b81cd6e09e5c621f,443997
failed,push,c444c5bf965d02c70356137ae1acd7b981915114,443971
failed,push,f238a51a0c4dbfba0ca1087496670b2a3e1c1a4c,443612
failed,push,e2d4fb2d63fb0f25ae168281d7dadfeb131bc110,443609
errored,push,86d27d701eceaa868cc9c0bf77087aefc0d8cf65,264876158
