Status,Type,Commit,ID
passed,push,330ab98e6fe0a7c6b4e768f6a7cb9da05aeecae2,4983590
passed,push,869fc30a7f2f616f93cd8611e9b679cb6cd94d92,2788773
passed,push,684420c18d23c5ef9f784920dc59b778ee4c9810,2788751
failed,push,fbecadcecfa969ba849f06fe6866f8f60bef4373,2649240
passed,push,2e39d0f16d9e2986057b1ad887624cd7155c5c42,2532881
passed,push,46d54abbe31195e19e9f6043de255626a5074d1e,2532859
failed,push,bee6c1ea6809cd17ed744ff49241976f7075bf51,2378245
failed,push,fbbafb1094e3286802d529756bdba6955f5436ca,2310339
failed,push,930332359641bb7bd098285eb94b349496d1f2f7,2302837
passed,push,6f1115a811a1ecf04f430437eddecf642c207036,2241117
failed,push,5a2453f115477273073fabf8070bdde5fd1eb71e,2224984
passed,push,51e06ad1d5ac69a30bcdf0d00632b19bfea4e225,2061997
failed,push,d18b7e54641e41c0038ebd0e4fef5a9ccbaac256,2027903
failed,push,343dbae41bc0b9a7ea1acc9ceb73cb98d0908cf2,1950458
failed,push,33a42aa58ff5c370fabc679a800a02c39b7cf6cb,1940856
failed,push,f13b609f27a20cc727561f90fde6445572ff3c24,1925895
failed,push,250d94eb57716e28b2a8b2ac0493c08c78933ecd,1920366
passed,push,7ab717a1463e767cca680d1b0619de9093aed2e5,1909014
failed,push,4bd733f1d2c278006a80fccba8256526712e38d8,1908476
failed,push,9006bcf734032eb13eaf1d40974743a22757d6f9,1908433
failed,push,a17caf07bd7f34055401ebab9fbb96fb4bb40b4e,1908367
failed,push,f602dd15d02f9cc9f37a19a73174961fbcb1c775,1908291
failed,push,49922a2da41cac068c342f470b39a14de4e418db,1908213
failed,push,9ea89f982ca5f2a93c2aa3898f54836a0dc88e00,1907908
passed,push,718bd94c307325fdb52e34167e34e6885d206287,1907748
passed,push,f133efb48e79a8093d6f78fc07fc785129473787,1902378
failed,push,a437f5c0a52e8e98abf1d978b889f021c12662eb,1894339
failed,push,858ea47ae8c97a631ccca074e2fdf2f76fa7820b,1881149
passed,push,7b7ef2da76663602d680212a6f999479e2450e14,1881073
failed,push,f5da350d9ee595fd6ed6265e9cc74335ce3fa6e4,1775768
failed,push,1a69192b206edf09b31d7aada0a9a84394a3ab03,1737072
failed,push,32e50c396cde804ca18b67b3e8657faaa23e69f0,1710237
failed,push,91ec1c9c327fded7f4e1b9c505edc9927a18b0d3,1700459
failed,push,1e7a8bbf80f86c179b4b53d6f15614dce7836e11,1681215
failed,push,50031a35fe42a977c2ef2fc76b19273ab6f1a196,1673191
passed,push,37701b87bf665d5f3d3dc26c8027d89de74a126b,1659803
passed,push,2dae3cce55df8267d09c3b29d3a22522f39513ff,1659490
failed,push,d8d6e548aef04f18533c952e406955eaa2ae83e9,1654621
failed,push,3fac39b804aa9fd46d759dc00a8694aa6a7f4836,1646468
passed,push,c99857cc598327a4538bccd0b4f5fa3527f4f94a,1601711
passed,push,52257307210e454bcaf39b107650a2406ab746bc,1601687
failed,push,cede1feda905b492aeeadadc42d509494e9c305d,1585621
passed,push,3b06baa8269e31ac97b7f82e59900e113ced1bc3,1575089
passed,push,3b06baa8269e31ac97b7f82e59900e113ced1bc3,1573194
failed,push,a003300d49d2de262428ccbfe1200327ca9d43ca,1570425
failed,push,7c823c7f383d629a4a86b8a29524382b74647d5e,1560330
failed,push,507f30029cef7d151d3f26bd72478c0386e32800,1517913
failed,push,f16cf7be27087d7b14dcb71abdfb968b9649b72b,1490429
failed,push,101d5c9e38ff672a725a47311ab33730ba001e94,1480333
failed,push,c34c02981437cf8968f4f86b653393a32ee4dddb,1468989
failed,push,d546ff3cb3e98e117ad36e69f75f82d355a7b7ac,1414476
passed,push,cd45e0df5a3fe571e6b2900f319dcfdfef77476b,1382836
passed,push,cd45e0df5a3fe571e6b2900f319dcfdfef77476b,1382493
failed,push,ba6ad30286262af05e01a4a7f5418ed112bbb2ca,1369378
passed,push,f17f4f2e705b131ac3b71b681ace0649575cf121,1331824
failed,push,7f853d93e6a5d09070f2baab74a6e10091f71783,1315431
passed,push,813d53816d9cfbf304295db915bc92482ff65e56,1300632
failed,push,345e39415eef568ddaa760f21adc8689242673b5,1298296
failed,push,6ddee829938fa25769affc21008a5060e6903863,1254115
failed,push,2d1345b8ca6b2458e1680a733d69657ede78d975,1247643
failed,push,27a9016498307e1f0d61edd5531384f8a4af1883,1149423
passed,push,8361517b9f4b4c8ba553223d70689d5e1d8b7efc,1142000
passed,push,c1c2d2ea101959e4ff8909269e1b4558416a158f,1141902
passed,push,84c23a1287570eb8e1e1aeaa97a47e5d0fc32412,1140074
failed,push,f03c231e5dd89140c3f78fc9b18f38ee59dc8b29,1139331
failed,push,2909defc6df51366121ba0ddbcd8eb607bc55026,1131622
failed,push,771dde0c0bcde9ce3c44d7611dc473e599569623,1114323
failed,push,0618f17639bb3514ca4f49ea9460aa94a491f0c2,1098830
failed,push,c39f2e4c67981e1b40fef777b7492c6f0bbb6539,1090167
failed,push,af2373118e875f0307bf84d93b7f98ce009ef832,1084363
failed,push,0711f1649e501256ccc20f46d7d90952e1e6f3a6,1076156
failed,push,d4a993f4fac0793019ec20709d74c9a979b2d628,1068660
failed,push,255bfb13d02e03abac5e4074ac0e9b9ffdb2f6a9,1059985
failed,push,8af112488407cba3def8cce927392cf04e2530ea,1051637
failed,push,6ab2c5a1f6ba0a41ba0dea895255fe8edc3ca2bc,1040181
failed,push,b1a26d207d699724a9f0608115826241c4be808d,1033568
failed,push,c86eb50eb9d7553c0bf74f269a88d98b55f08a8b,1026950
passed,push,8de16769669df6f022409c8ea4fd83a3e0506af1,1026077
passed,push,8de16769669df6f022409c8ea4fd83a3e0506af1,1025970
passed,push,cbb43f423f6b5f7f15e65d9298dac79edec7a71c,1025952
passed,push,36e56e6ab1217e1ca8673f803ed68b1b57fe878e,1025689
failed,push,d03acb5ad34a6094c27f28885e56835caa7ff336,1012681
passed,push,7074db580ed13550eea7fa03bc08c9be4633744b,1010645
passed,push,86ce37bf5f5c8efc677b9020a4e10b65dd4891b1,1010552
passed,push,d43986082524494468d94e20512f2d3238d1ab5c,1010209
passed,push,6bce1e7ed3b6bfe4444270112af37e92e6e1d845,1007679
passed,push,109579e31d1d1973c42c79c6d7b79963b421b345,1007653
failed,push,34d83aa389e15261b8fec532e83624c881e3f4e4,1003401
failed,push,d97cd58d49b62b79f3e50faebec368636f0f7c25,994897
passed,push,7e8a1203aa86ef3b27814bfc7c40177904041f36,991012
failed,push,6fe993a2162368e66e66c9bb994f9ace2ed269aa,983978
failed,push,1eae528def3ac077b9b4f1deadc8887848f5eb8f,976138
passed,push,c4af2344034b849fc21180f8908b640acc3a4f9c,969551
failed,push,33bcd4f8cbbbee2ddc5f4721a4db6773638d9657,969411
failed,push,d0d964499b9dfce058180bbe5e4c77576d900ab8,969368
failed,push,8d3e47bd2d0fcbbc89186430acc1f9c5c1774f46,967715
passed,push,78e8cbb948f8b99e8b65b655c3c34d53e6d64d5b,963126
passed,push,6c585decb7e2cbc00fc673ef48f342756d1c41da,961415
passed,push,d10832dd7f143cce910b5fc0b824fb559a8e2009,958269
passed,push,9a5e02b7923ced545d202e01bcf5c9fa894354b3,941576
failed,push,71d1d3064d6352f24d43c5a1e6dae33d79e328d2,933318
passed,push,64ede55a98751530ca24c4e0cafb499fce4ddda2,926573
passed,push,0937761f5ebe06d6bf47d796d514d812ee8c7f57,925990
passed,push,311895ef76a1b01849dce4ee591e17224a6c7efa,925962
failed,push,988f7af3d0c42baf6b61f957a1e70438ee3bcc2e,924322
failed,push,e646c41a269bcf3fcf56e8e639acc87edc3a7afc,916369
passed,push,09fa89fb36ee4ab1c483498c840d5dde95508237,912523
passed,push,a30ce38784fad83c61102ad4193ed198a8ec1ab5,912507
passed,push,a8a9df59ef1b2f09ed3270d3e6a31bbf548a0e17,912500
passed,push,cd28f0a31cae365a8303d5dd7e97be3d9a42de61,911118
failed,push,dd75b647352f6869b731c04b5d1348751edc7c14,908864
failed,push,66f840c19b326b100a668be33e0bf19a6d6229ee,901819
passed,push,e81e59bd41209a82c1e39bcf0807b0d0c9ad7edf,897007
passed,push,07bcad1741584f9cbefbe9d78d2941ae93cc1cf0,896936
failed,push,3222c8d0c9eecc7e5d5b6fd1b3359a3a9411727f,893965
passed,push,fc3bfde59d76bafce37450233c2a5df64d7b0c4d,893511
passed,push,fc3bfde59d76bafce37450233c2a5df64d7b0c4d,892745
passed,push,b64bb909af9a1d1346ce1c14fca9de21fc4bc621,890023
passed,push,992887b89bfcbff31806ff6aa53120cd2637a6ab,889992
passed,push,4b0481c6ff854c8bdf32a049da611473e2a96c0f,889983
passed,push,ae5b381b25819d2f88c888f905d61cd3cbd1264f,889980
failed,push,6d78e47af89055347767cbfd518e28f4ef7f436a,888318
failed,push,99ecf0921d505491421549081c570fd8db57f892,882563
passed,push,2ac9301cdbe61aa0204814de368efa2964073bc2,877758
failed,push,664c51b8bc0dc55c5b9276a2f08c78a25cf6adf8,874538
failed,push,52ce28373a0e6ca16e753db899e9bdd8e489d0ba,866100
passed,push,38422abb7f4d78489500f2ed6e39c30e625f6df0,861118
passed,push,79d0b6dceeea8b408fc76d330af45e307fb43975,861115
passed,push,22037e50e666da9eb952f80c6f1cbab6c0059196,852317
passed,push,40c5260a70498a18db02606db9da7a973183698e,852273
failed,push,7fd71d9d2c5f6b57489bb24aff5d120da7002366,848600
failed,push,6646ec9b998cd5e3e63d4480c7cd3a8706743976,841484
passed,push,6e54259254cf982ebc4b0b1db373c20cc7ff54de,838113
failed,push,1e6ebaf91bd3114b7c5a6b648df5aa57014a770a,835626
passed,push,342d2b2b1cc305b3bac0d78c38342cbed9f49701,832361
failed,push,c497d5f8bd4e1857475606aacb6a24d9fcebf545,830234
passed,push,c0edab7c0f215925ac493c3688653ae7ad2dbfa8,826847
failed,push,ee7381b4195a8dc41d7bdecf00d5078d72be22a2,823197
passed,push,8c27716d1775efe8bdbc4dbfa2536f9d5c34adf0,819930
passed,push,b1fa745a39cc981261926c58662f37176d94cda2,819599
passed,push,0620a337582a651885f42a87e3b181563ca06d71,819571
failed,push,2b0a346f04cc4b87b6b6f89fd1ad9f09a1f9aa3b,818040
failed,push,439a6ad30561af2fe86ea11d35388b1c920eac53,805254
passed,push,e211bf611fc3fad0e8c3109a9d8bc8d5b065e99d,795245
passed,push,d754cc57f68fab8ca96724927b8ba60ddd6bdb3e,791559
passed,push,bf54186e27993c17f76d261d73e3217c58dd5c45,790792
failed,push,718ccc770618315e4c286bcb1ac8a07d8c016b88,782357
failed,push,725e71194c24bf3d555474eac417adc369397c05,768199
passed,push,1beb8affd0da80012b3acc6d6fc51de3280bf67e,762592
passed,push,605b9d8c0722fae1c6e96647eb023c704bea493a,762532
passed,push,605b9d8c0722fae1c6e96647eb023c704bea493a,762530
failed,push,e5a50f194971a8b2249f4331113d87131332f26b,760823
passed,push,0b0ae4059e154ca842ea3534fdab10f640e086fe,756562
passed,push,11a19c170fb115bb11471d8dd9be1aa3ab9b8493,756531
passed,push,96c835cfd6d3f07e0b665ba24ee6015b8d13915b,266219045
