Status,Type,Commit,ID
passed,push,47e5caf1ffec60361060b5bc11a5110eff9f963b,293096230
passed,push,fbd4e88bccb109fd2ae837393abce00dbf228f50,292053356
passed,push,687f9f666f28ca8b27d26a9c12447318748f2259,292042212
passed,push,af10931683e9983c1e58c4656531f18d7c1fccba,280755283
passed,push,af10931683e9983c1e58c4656531f18d7c1fccba,280755252
passed,push,c51b361bf8243f5a95b9e7487071d9ea83ef9d87,280753695
passed,push,9f4a2786c564a4f11a20d47e6c593b4c2b13c0dc,248409841
passed,push,9f4a2786c564a4f11a20d47e6c593b4c2b13c0dc,248409808
errored,push,33b244450f523212718d56b8bab42c6b89cb8e95,248357011
errored,push,86eb58527f0abb510762dcb5311850f73e0d0c5c,248326078
passed,push,88eadd518fc24a49ea18921705a552c6c1535ec9,241735467
passed,push,d3dc4fdd2ca167a6bf290b33c089af6c09f96232,241733928
passed,push,9919d74b929e31ad3fae5482150413d52741edfb,241733549
passed,push,188a1b9cd275cdf0c9e312843ba53d378503ed46,241090992
passed,push,4d30510ae4683ad0a0bf871be0d8e270207ed038,241087347
passed,push,bfff7197f6ee963947e3ab13f16c856b43d821cb,240961843
passed,push,56c18daa57ea5701bf9f3d23a98be841b7f3c8e0,240953684
passed,push,56c18daa57ea5701bf9f3d23a98be841b7f3c8e0,240953611
passed,push,541e457e78bd2d8ec6ec13f7a13bdf006c25a177,240941848
passed,pull,7dd55c7ff8fe4827899aaa6dae9f7ae848867773,240940628
passed,push,d5983e676ae1b7b80b4466164051367c2c718f20,240939963
passed,push,eb20b28f48a25bc8612b23e1c74a8a7f051c0e94,240939923
passed,push,af7687ae13bc6e823680e3d47f2876f76318d9ac,240896915
passed,push,46c98149b623dae7e6d8d66af3a30ab5407f005f,228086062
passed,push,46c98149b623dae7e6d8d66af3a30ab5407f005f,228085967
passed,push,58f8f883f26e52a8c4ffdbc6b5ffa1534d3fcceb,228083773
passed,push,71ee1452d298d9c75c3f2b2a3257ebac719af937,186283161
passed,pull,a4fc51a4b61663ac91c90c87306a2248275c0fab,182983902
passed,push,f1aea97907e328e3403c614f512a831392c6adb5,140930819
passed,pull,52543abd990934486ab83885f0add1952789e597,140821099
passed,push,475eea2755e4dda2fa0fd35c1eaccababa6feed3,138850236
passed,pull,c08f449a14e62f31f9cabb6853a3ba5c53ff8d11,136368160
passed,push,f3ced48a0da19ff7fe1f28295976a16fcc932c36,133895908
passed,push,ee4a1d0d8204af5dbad1708c824a4007ca7e371e,129952686
passed,push,e5d6a74a9d5e214af9f4b51a8f365406cc43bc6d,121785895
errored,push,64326f4a6c68694cf27e283baa0d5dd5dfebee5d,121672663
errored,push,80efd8c21452410a6fa61c3638754cb9b6885241,121651154
errored,push,2bb38aae1d7b281c1b451db8f1e3240959ba6b9a,121649651
errored,push,320ba0de6b2dc738a3047fa2b6b3c7d5b25a65a3,121442255
passed,push,5b65ee627219ad68656715a3499233fa95fe036d,117445792
passed,push,1b8695105db2425d7d565e7b23163c20cd45950c,116500582
passed,pull,33c96cbeeb883b4832773cf1384af26403e1541f,116463638
passed,push,fc9a58b705fd7a81bc444c8822a76f955153a6a7,116462113
passed,push,6937413ce522fc6da35836535642bc9df91e1210,116345961
passed,pull,bc4f1e8320cd34aeb49130fc43f339b3cb866eaa,116345952
passed,pull,98bff2dfb68af87cc8ea572e4a45891ef734b4f0,116167706
passed,pull,a258cc8fecb6b8415ac749df2341ec1dd3ecfc58,116144495
passed,pull,6af2b970db5e251c2f42b2a789191bfb21a82e7f,116143198
passed,push,c15874a11f7b90c262afcd2db5f20ea69dc011b2,109593653
passed,push,6c506e746a1a2376e7fc655f77e5e443bf19c00b,109318921
passed,pull,62c9574795f9df156f8ecaa08a404831e485fb16,107481296
passed,push,0727fdbe5b4f4e13e664b14c5f38eb9db7eedc84,107311401
passed,pull,03b33f90d2edb91d3d9ad59625167719654c45fd,107113244
passed,push,ecdaa14eaf469c202fea87d8accfbf8cd96f7288,103721753
passed,push,32f3748477fa4df8244be499c3c127790fd377cf,103085292
passed,push,dbc01c7e368805ecfc080fa33e41f79cc082e68b,100129260
passed,push,d0aa24f09db0c1d02f5bf2d7249cbe9063210c4a,96105141
errored,push,579ef04883e192f85b76b532883cb135f1fb684d,96104933
errored,push,579ef04883e192f85b76b532883cb135f1fb684d,96104905
errored,push,ff7b109096abe99f5f538cd404acc3f5656f6db6,92970650
errored,push,5dfe3c65bdd43261ff5059b2ab346ed256f4bb71,88367105
errored,push,ef13793a207a2373c875df0ca13752e7de245725,82524253
errored,push,fb45e6ed7568365d7b5ad6f19afdbd765352c46c,82513620
errored,push,e6275da083c3016114f1376f5e58be6a2f455ed7,82112177
errored,push,cb58c6037fee70a3d7917052401984eac505eb5a,82109397
errored,push,ed6e671216a700e4b250ee0330829a5a85a18e32,81973790
passed,push,2717b34a7fa57f64282bcc2e4f07ed65ac2b1d25,60221472
passed,push,fcb590abba853e6d6628f4674e332179d2cb8caa,60217767
passed,push,e762928edca3674bc3e51f963c9510a706b29d66,60191685
passed,push,0d5d7c36dba8484bd04079adece81d6b2cc35db2,60188435
passed,push,5483977a3baf4180cee09deb591bc8b1628ce4a5,55233276
passed,push,d0aa24f09db0c1d02f5bf2d7249cbe9063210c4a,51063458
passed,push,6e6e9d6d19f2f83194bda47e7c42bd3c39e6a2dd,50367790
failed,push,2b24a6a1fca1ad8ac7749321fa89ce9badb38691,49603062
passed,push,235a310f69aa28efaaa5d1dc5d8cd6e48f95d64f,49583814
passed,push,87f76e0e4e0b826c4c29f57b45869d399b770962,49191075
failed,push,8c50c43c5412f368808cd47675877515cf8d0330,48085761
passed,push,2fc22b4e8894fc318ee21a5355df8815786190d3,47759624
passed,push,274890519fd60ac0097fe47e00ec510b285260d5,47624667
passed,push,274890519fd60ac0097fe47e00ec510b285260d5,47624530
passed,push,b7b518048ee9d168e9929ea001136a0113cf16d0,47623581
passed,push,4f0edbd2d033918fa0ab6a8d6cffaebededeec79,47622772
passed,push,c6c238ed67087b5789da7d047b56cd479612545e,47526106
passed,push,c6c238ed67087b5789da7d047b56cd479612545e,47526095
passed,push,d413eb431ac70d5b809f9a08bb910da183af74fc,47523291
errored,push,c0235b2bd818af3e05322f22cb5d62ba42811c06,47352632
passed,push,b65a12c6f71f5b3f287da37613262ac2bac647be,47352616
failed,pull,16b7b4f0d350cd19735ff71cff46f7db3c21d2cd,46326562
passed,push,b6d34c9937f143fb821ac162f2bea27ab91d1754,42873093
passed,pull,8e3cf8222e256725b16ea5cd4d738dc65a4a8e5f,42862241
passed,push,c148cb4fef7031a44a5ed9a9cc05a978a534f260,42614439
passed,push,f86a5a5b54e435f382f206f3211c2466f7428664,41976278
passed,push,96cf3a279df4409a365b4030805a20f8d6614371,41945842
passed,push,4094ac73dc8551178a551264267fb609a323c77f,41942761
passed,push,fc0feef25682a612849058c29b4b3f29d6934004,39504392
passed,push,6ff1e41d74c60e43c2b9dfc7eb72712e150c6195,37274361
passed,push,eec47cb7518c90cd097ab7a539801a3c09d3cd6d,35422450
passed,push,8792f4a5ec467d87a325338d541ee51fbd30fc42,35421378
passed,push,ecf2cfbfe52cebfbcd70fdd8944e74078e781024,34185799
passed,push,306ea5eefa91e2ee79507cf5b4fdf8758723d9bb,34181765
passed,push,232f9562aad3e4019ba90359c51b4120e029d602,30542505
passed,pull,89ff7b71ca7189418be033bb2db7eb21ebee6be4,30146413
errored,pull,8e4103774491aac7a61afe5b18f51a0b611a87a2,30139835
passed,push,dbc769af9df09d0def958d31584f35e33d0cef6b,29291965
passed,push,849e7b45cf5d4d1b2180b586a894fd9cb98c1232,28856274
passed,pull,28713f4c927988617333201c703777601a485cb9,28832043
passed,push,1833bd444e39c7dc6ac789d5276b95f469e63de2,28820899
passed,push,1833bd444e39c7dc6ac789d5276b95f469e63de2,28820521
errored,push,f44627070c7b9f01e16d11ffea3bf0f91e607984,28819650
passed,push,57868e31432cdb9c6f12a8721d127dfd83b35f4b,28811468
passed,push,ca5ad75a68a2710a9c1e4387bff2e55aa77371bb,28810145
passed,push,83abc2be74fdbe3718433e6eb6a861e43a554fa2,28290669
passed,pull,931cff94ca2ed2bf1bf3bbb35ca801e5885111fc,28270801
passed,push,7bdc4bcb302a1998b2b24acec1fbc03d8b7eb528,27301758
passed,push,785748bd4a6cd20d5faf71a53b25c9eaf912fc0f,26209950
failed,push,1fdd2f4749a239e565b6e0bbc9b1748df1aafb27,26208833
failed,push,1fdd2f4749a239e565b6e0bbc9b1748df1aafb27,26208827
failed,push,0b2be9cdbb94e2c265c049618130829ee677da29,26139320
passed,push,673e9a4648e9febafd2e28720c66ecdde956d3b2,26104565
passed,push,d7a21048088736bc0127d755ade2a74e46ae472c,26104544
passed,push,180cc38c4037f239085302b5d32d7aa4761ffec2,26032971
passed,push,7c1f8716a03170fb136790a8b769192c7dc0b49c,26032094
passed,push,455ee310fb242436960d317d35b94a4bd11d0a7a,26029634
passed,push,a61b34c43f49f61eb6ba28ac51acc1e4ac99d5b0,25698263
failed,push,dc4474438d49ec76fd235142c9fcdb3b204882fd,25696366
passed,push,3075d246dbf49792ee18f6fbffbceca096d93ab3,25607340
passed,push,ff47d31ad719158c35b7b7714bc14f98b846113d,25602454
passed,push,4e4cb35d18352c3fc52e2b3f412d4e31f6e75ba7,25599470
passed,push,879b0273143af4d8ee3ebc66f0607c1e77736fa8,24656157
errored,pull,01d60a904285f7e19df798939fa1dec9d2f8a158,24180612
errored,pull,ecb6d970d77fbeec7b5a15d2a77f2b849a5e7740,24169739
errored,pull,eafa564e86db84f5f640fe9ce300c2b46ca07208,23868008
errored,pull,689e03f5ff140f7e09a5068d9df21da706dcf1e9,23866290
passed,pull,313c03ea5d6a6b2b3e8371666c43bfcd80e9e375,23815174
passed,pull,3e6f92b1c2a1bb9be543d2a38eec405b9538a6c8,23788363
passed,push,b85a341b645e8607ebc2ee5f0630719f4b9dc4f7,21632123
passed,push,b85a341b645e8607ebc2ee5f0630719f4b9dc4f7,21632121
passed,push,d22c14d1a0a00ae616ede3891ce378457bc0281b,21629711
passed,push,f4753857bb8a3755cd27f42693dc4ce9df1b8ebe,21629033
errored,push,01869fbe48c998061825d976ad82ddb360beb137,21625840
passed,push,6773aacf6abe60533eb084976657efc355aeb837,18401510
passed,push,8e531bdf08eb91af7afb23cf97813111b8d0476d,18192875
passed,push,06e4fad0496695cb3b19d7751a1b6687f93e7459,17540822
passed,push,06e4fad0496695cb3b19d7751a1b6687f93e7459,17540817
passed,push,6b9a53ba918ebe84667d5af91985a96145531dc8,17482419
passed,push,cecbbd1e0305874e58fd92205c021ae23c5994fb,17481650
passed,push,8c6f30f861cdd4125073da588f3f8af5cad6b78e,17348235
passed,push,8a67c83dd05319df7afbbe5ab91f23f692a5942a,17348065
passed,push,bb3af7038e03a2af21a42700164492c6af8aa4f3,17281016
passed,push,571fe1808bfaa8ef2e91a4740dc0ac2408197827,17277640
errored,push,d3c0b3131ad0b8d78faffb2a3eab5b2d715862d6,16746531
passed,push,c9b98a8dd333805ef19f99befa837852f51e2449,16733141
passed,push,7d3892179b85a7d14705a01f8c6d1740d328d97d,16730197
passed,push,359a0050b813378903922c49f83c540205192213,16719345
passed,push,be265ecb57da1afbb723a8b71744293fef9c4134,16718207
passed,push,d56e133f525a67513e066891159510f9e4dc136a,16718170
passed,push,b68b6b9db350af36ed2bc8dac1eb4fc96e62cf14,16717291
passed,push,4413759613ed9b83c9df0f7a4a8816a574e7de70,16716812
passed,push,5adfc130302d950e86a279dc98f3f5735b33879a,16716684
passed,push,d000116680bf5e1d494c4a32882ec20ae920222f,16716252
passed,push,e88266e3b51cc7c2de44301f126c3e90f06a6e2b,16582598
passed,push,d787f0b6f7be2fb1f00c4a4fabfb0b9eef425649,16525688
passed,push,9a39619e3d6dad33bbc56db9dcc83712ec0a9572,16521388
passed,push,8eb90d0f04999fded07643888c705192c6d904aa,16518958
passed,push,0ee28577b48bcb5202fc08056ab69f97f3e0cd5a,16484411
passed,push,fdc385bf12910466a9f044723503f259fe2a92a9,16459896
failed,push,aafcc9cc3dd46d9264debf8dbdfd351991df738b,15708810
failed,push,2f16d1fb76add1cbf7f29b3d66193d1c03673979,15592124
failed,push,a7eec966f46d7bfaa682859f887611096a6415ca,15590191
failed,push,47c18f1b4c8abec804d3499085a5ebedf122c9aa,15584851
failed,push,54119ccd9f2ad21f00fabd351610dedd947cc662,15577286
passed,pull,32028a1f937519f5d56f2c8a7d4b7213e5c7a63d,15365945
passed,pull,edc02a605bd002efb72e89eec2c29c6380eebbda,15249231
passed,push,1f15d270c709fa0b2ac7c712526aaad6d16decf3,15214771
passed,push,35639417166430b1863d55eaa650564c4fc052b4,15214564
passed,push,f90195ee3bd1cf88b95a846682c8171d00e81b24,15166527
passed,pull,ebd18609d3f051e57f8d9b043623b0415e54d517,15067040
passed,push,6d23e93684c7df2544987d50b834389cdecb59fe,14857752
passed,push,d1f1778577aa9c2bfb271425e633b25e6083168e,14856781
passed,push,073dbb04eeff4e944d563d174227258fbea7c493,14802345
passed,push,db8f57d5cd4243e34bb455928b8f2366b8cf67f7,14797841
passed,push,0048a5db880cecf1a64f08f217ba01ff89131233,14797690
passed,push,b0dd10c9437f38f6014097ee4d279e95aa8c8460,14797091
passed,push,c8cc115d3604425e20cae8af75b989ca6cd16226,14302860
passed,push,108c9d5119657be8b6e1fef806190c62d44a726d,14146276
passed,push,d9cdf9420d5e88b0acd1d6667d223a8015f98d4e,14144476
passed,push,0a87d0b9127d022363d8c9706ab7626a24b6a6f3,14144029
passed,push,f7061dcbf29f248c1137282fce78b081c7792c01,14143110
passed,push,418a6ac8e877f3f44a38536054a484d4339fbb97,13977768
passed,push,2b7a8394d40aed5d226441b634964e58e29c1845,13969832
passed,push,c563aa1b16c3acf7e66db79ada5540b6578cea9f,13969231
passed,push,fb5a2dd7234ce600caef439e5b1e5862d2e00eed,13965081
passed,push,cebecfe1927b7efabc47ba459374bd1c5c0a8b54,13916520
passed,push,7a8ea67497fe23ef3ac06f122137e144f45d9964,13908185
passed,push,8592e6ae04b1bea8396b4a73c66be2f1ff899b36,13907188
passed,push,e539d6e84d60c2b9fcb7e37afda06aece1d73692,13865503
passed,push,39baaca79e3af7a68d602edbffa7a2b90628c0d3,13865188
passed,push,140001c884e8d7d915ab24f1ed543194ee563506,13855491
passed,push,f69aba2b2c4d3b4a0271feea507877f1ab9cd865,13361253
passed,push,f69aba2b2c4d3b4a0271feea507877f1ab9cd865,13361254
passed,push,1af137b6720c575b801f47eabbf5999ffcc8d3cd,13360704
passed,push,02de4a1542d14cfde08efbeb6eec1f908971d1af,12888260
passed,push,d7fd25dccc23b09cdcc8306b2f06648edb8bf961,12674519
passed,push,f28d33cb097bac363ac71f502db0bb90942db3cb,12672765
passed,pull,95f16e1d5cfb9ce07fcfe00837a2cf2861aec0b5,12006263
passed,push,32192e296b1565add7cab7751517be67289067b7,12002844
passed,push,1b4184adb36a2f6ad632efd7b15e569b96096ec5,11973703
passed,push,d9ca94478663e75e48b7bd9fc7e209625f2929b4,11966576
passed,push,42f9284cfae162d84e6073f2a9b050e141aeb230,11956218
passed,push,bc3007ded7742da4ad253fee8aec3f55c4402350,11858939
passed,push,cbab33816ac43c8887cd66f36ddd0f2c9238c480,11857749
passed,push,de38b7bdb066f4bb5eb66b2288011a1f08536450,11832715
passed,push,37daa649dbfc26b0ebd09bbe0e6a97dc2b35042b,11781585
passed,push,3532c04523a8d1d8673fa45de58476c0a893e868,11779502
passed,pull,a3a1b1cca422c8564216a88456d824e0d8705c64,11408523
passed,push,18598035daaffc50e76ff1b8a803e58c0bb4f50f,11149292
passed,push,2194d3e5f9011e00bd6c43108f7e461982edc487,11149006
failed,push,81ef17d4033da69ca39db83da55afacd30b75efc,11148831
passed,push,47420d3a84d6d0d727f5b29ffc575d96b154d2cb,11146918
passed,push,73be9fa782f796d2e19d92d5e7cb9bbd54aa7dc4,11145598
passed,push,316d578d193d8f2428df0aac7b12b7cbcf8a117e,11145376
passed,push,aed1fe9c472cd932d3639f2ca07629acdcfbfa65,11144926
failed,push,8bb95be55069459da1a8b32195112e423ebf55fa,10938739
failed,push,522acefa03c7bb2584810f3c0b557e3eef82cbf4,10937351
failed,push,f4fed193579e8a1e914c87f841f3784c1cdcc662,10931904
passed,push,20f3a40a052d3cf96b7943699d10f4693f5c0744,10925727
passed,push,20f3a40a052d3cf96b7943699d10f4693f5c0744,10925725
passed,push,b6a0d5d188601610314a59263b4f85cb6d2f942d,10896957
passed,push,0c304e9b30d63e2fb2db0afe0ddf3dc7b7c0e782,9789342
passed,push,6802832c09c4e0038abcfbfb4e4e4fa8ff06bd69,9789338
passed,push,3bef82c0eb3976ff6caba5c2decd7fc2fd30f49d,9195714
failed,push,8212b1a10ce07c51dfaa6f7e06cf82b9f6ec426f,8737123
failed,push,1dcb8b908a5e2dfb76c1448166c09e6dbeb9b24f,8737099
failed,push,82188fd09f9bb4bbf86b40c0122dfedd7a9b555a,8736864
failed,push,168fea6ba9337b71eaf4518e99cd9c8cc9930828,8736670
passed,push,3053b4053631d1abfec0edcd91aeb9bd6da0f2a6,8729024
passed,push,e60d17b415797b2dfd9d7edac9ff6a055c1c2eac,8701654
passed,push,889112412e925611b3721c02c5a08063e633b8ad,8698609
passed,push,9323424a4d4aa7abe9649c7f7dd3ff7d08152d5c,8502816
passed,push,a09054f21fafa56b0e9ea43b8ebfc67cef2dcc77,8480596
passed,push,afcae08d38b1b398dfced52c4712393dd5fb9e1f,8480353
passed,push,e6ec35efc1d186c8fa19e0e8c779b41d245a1d5f,8480239
passed,push,d98aaa19a4c92e051f978cb00d55464fd5d772ff,8474112
passed,pull,dc9e972e7d53fc9606e7ca718045106d40dcaa1a,8309833
passed,push,73e55ab02338ceb85827e8245a80d3a39fdefe67,8279305
passed,push,14bf4d8060303f60247e62ce95d11899faeef28e,8277740
passed,push,24ff2288e29cd8c320cbaa089ab8913cb417d906,8272866
failed,push,64354866ca9802eed6356a7e6843c98aed7382d2,8271857
failed,push,8148ea39c406c5bb0182587c9047ba9da0f57917,8270080
passed,push,ce7f99b0fa0f19896de851a93d9ab10dfc2b609d,8268660
passed,push,f569160a2238efbf7f1b58ead95f230ac5f16cd7,8268609
passed,push,d41ecdf52a2784c35120f94b589493ed564c6bde,8244923
passed,push,dabd4f34b5f6fa3eb2cd70bf1caa7e94e913d622,8242719
passed,push,497887e2b4ca63bd75eaf7843db25900b613ac83,8240475
passed,push,bce13183c05873f3f63b3d28d736b15b07544feb,8232182
passed,push,bcbe2aa07a2e684b6c527822396d02fc80777ae2,8226786
passed,push,a54dcbd93a933c8f904bcdae9175888150f2712f,8211166
passed,push,265882763110da68444490337d7c9862c13fe040,8209913
passed,push,8735f22c7417e643c90da4761ad44be1802e1ae4,8191219
passed,pull,74c975153a2e2ff033b552a34b14296d05067c81,8046695
passed,push,347bd2b2f698c2c32e052830b99f270c0c2176fd,8046691
passed,pull,45b1795429c227a499603c01563b08d9b3d53397,8046657
passed,push,cbf094eed39eb8ff917935c8b4a612740dcdc75c,8046655
passed,pull,13c24cbc475f8953d1de28bacd723db8daee2de3,8041412
passed,push,2d0f7ac0f3a00fc7dce4232ef8b7276193be4a6c,8041410
passed,pull,fae759588fbcd720b3ad9186d99a83f294e3e5cf,7978744
passed,push,e4a7f1e1cf584b132e6dafd12d1fa49754073d21,7952773
passed,pull,4795986426af0a889b9925ba23774c3732a08624,7811508
passed,push,c219a8a0fcac2bfa0c35f639a6c512db1d3578f6,7806292
passed,push,22d5026ba55a2ded9de2c825de09322d61f89841,7804112
passed,push,2282ca112a71fc450094fffcc92f78da72915f1b,7803472
passed,push,abd05ab2e89ec8cbb5902726e4ec7af9323c45a6,7729793
passed,push,472c5977a9087e3eb9dd2213b3319c9f123ffbe4,7626357
passed,push,753faed18c0ab5dd061efd7348911933843cc63d,7626353
passed,push,85be0e1cacee993a6983455630cabf83fd5ded59,6958864
errored,push,056ef2a5b52d57c52e2c54553665489aa713a3cc,6958633
passed,push,b44f8ec437994b8ef7c0d2fdd61b728c491bbdb3,6957394
passed,push,0aaa2c1650460f8760d8cdcad3f128e3eec81322,6820774
passed,push,01f89cf54899b95e456fd0b42e8e89aa7a4f81c0,6817749
passed,push,0d876a1d85f7ee24a1003c4f6be918862b6db670,6815781
passed,push,12326c9ef818aa7674c553644e6e70996a1e4f11,6728717
passed,push,505df4377abf6466ad993222dd2a444e08da6418,6727296
passed,push,17ab33eaa6cef31f4b6d337265018127af7a76e7,6725921
passed,push,b6d76a514a088844db38d84e774af3cebc0acbf1,6713730
passed,push,bf1be29e6fae27c619e6a32df36e2ebece2b0188,6713564
passed,push,a5e69a4a6b4beb66c90fe4a95aae16b7442e1b22,6713472
passed,push,9af922097552f70cb546d5a9479d992de8d31f5d,6655815
passed,push,8e67361f8cc789499f627e055d7483b986b37598,6654247
passed,push,d8dd07ff85eef31914fd126ef73204177d0a7a63,6653675
passed,push,dedfe7206da537b632c3fbd9f6231ead8e4554c5,6641917
passed,push,f85046df4a8bd8bcd0df9e35d6baab1eb4ea770e,6640184
passed,push,1f14b15d47a238ec07180961e67115ed33175bd1,6640084
passed,push,965e5722407912701bf7db5067dc239d9c32809b,6631860
failed,push,d61ce75f99454e7ab752c7a8b2d59f0daa941536,6631291
passed,push,8e09f8e8176fad8080672fa931ea107d68a5b9d5,6630049
passed,pull,e68f428a67b804aecaec5982c3702ab19169aa7d,6626450
passed,push,99dee9000ea9d672be75cd622daf5cbb66c5b06d,6626437
passed,push,95862f8f032c2f355473497d11ba68ee1723b24f,6626311
passed,pull,50b409b91762f27644ee311dc6e1d0045282fbc3,6626152
passed,push,62468c770a43ba60acd1fe37b0bd8228c6426766,6626148
passed,pull,1d540076a9702c74db332558fcfc6155658aef41,6624994
passed,push,03687bcbe27ff6bbdac4f4710f7ce8ec7ed42170,6624990
passed,pull,d92fc73502ab59b06c86b2aab54413ebb7a70ca9,6624889
passed,push,c2c5475153596ac6d8453de48d9261565dcc1dc9,6624887
passed,pull,6c49eee0f50ff5fb6085999540df5028ad98f0d0,6624859
passed,push,c33e7b461a9bd5b2aad7913c3254a97fd0c60687,6624857
passed,push,1d85557dc42b9f0dd6f8e1eb92bd7955af1325ff,6623975
passed,push,e017b2cc0bb96f6e13c9008051859f83fd89a832,6622743
passed,push,1c3738db4508d39d05a3c657b4575ff31f35c9d3,6600730
passed,pull,08bf3f279dd4c6fe59dd1f8d6b6798445fc6eca7,6600074
passed,push,5a991fc347798fad741b0996715e299fd1dcacb3,6600054
passed,pull,9f2f0bb5ae9d55c9c9dee27b08c508728a6dfe3a,6599803
passed,push,dd758ed3a4efc493c9a26956f0bc8b354e464542,6599791
passed,pull,5ece7467b337401029e2c44800f7b78ee94de505,6593797
passed,push,e675e20aeb2e0064c1d7bc064625ff03569ea607,6593789
passed,pull,dfd5806a8e4f45cad10c5c60f568e6d5a12be054,6593682
passed,push,c7085e5a116e4e2886160e3824785e1776583f5e,6593675
passed,pull,53795fb2edab33783811eaed829d32ce7074c508,6591910
passed,push,e2b45a55bebfac6ede43ce2e89375c52d1981dfd,6591904
passed,push,0cd4a031a08b4f22010702cd69ab9ac5a4de006d,6570471
failed,pull,8fd6b673d7b8da23312c7b13ab1cd97f016aab94,6570348
passed,push,79c0222b7df96c0f486396dfa8b8a691102268cc,6570276
passed,pull,7e564d6f7b812ed445b35968782ab4f680017e05,6559430
passed,push,1f1e02fa068bcaa8f767eb5b90602ac61da88868,6559428
passed,pull,d53308a93bfeecf1301ad1ee02cbd2f4b86b4ca1,6559372
passed,push,6d9ddfa63374b49fe12d07e595cccb39687f473f,6559370
passed,pull,2b12b7ce63cdc931af89dcae6a52bdb869c6764c,6547324
passed,push,f8032e8e50b1bf7c0191c8e4861da694556dc8fe,6547322
passed,push,d4848d49b53a79ef4af85c17dc37ac50aa3cdd42,6534110
passed,pull,1a58915044963bb415d234ced82d7ca371e0f1ad,6531970
passed,push,c1bb232c70b47f373e23da4ee27810c87ce5a529,6531964
passed,push,a13b40343623521ede94121553bdc24c27b1d3e0,6491301
passed,push,6f22479017d24b214d0afdfa54035b2b448ac09e,6491225
passed,push,ef269ee83aa5ff30f7eabdfcd7ed6aea28b9d13a,6477118
passed,push,15e06c0a301e546cca55de2956ff19a46af2559d,6476714
passed,push,df8c303c7c69ea198bd0ce8a52f84cc1166d7017,6475201
passed,push,b4c2acb36d88ea61d20a7b4a4a3f4da568ca6d9f,6474751
passed,push,8fe35f59e7e90082f2e3bf94422d2d83f5abf0be,6472405
passed,pull,e6cd86d9664881876120f2c272b02be24c0d129f,6472401
passed,pull,2a0df80d6cc14d8856ce1d351e9b436c7c2df462,6472209
passed,pull,9f94ec4d79a9130999e52287ddce82eafa250a32,6468099
passed,push,3a95184078f2cdd76522d7c6fe96ac861991a7ec,6468095
passed,pull,789f33bb623f97a8c9c7df2e151fe2b4f6bb476e,6467236
passed,push,20193baaa8712badcf113b47d2f85df81c7c1f00,6467231
passed,push,81a939960c33771c5f5ffa436ee170542031218d,6456305
failed,push,3ef84f41b06f2f14f933e0021a821639c927264b,6447674
failed,pull,694740989171878fbcecee1e79b983b703c48857,6447016
failed,push,435bdc4b613abbcd4629134a447f80ea833c1b6d,6446850
passed,push,338d8d008a22168c3c3c75833766bf271914620b,6437904
errored,push,338d8d008a22168c3c3c75833766bf271914620b,6437897
errored,push,303ef31a2ea035c4962138aa074ae66d191a0af6,6437869
passed,push,93660f9a3610c912f39fe45a3234c9e9b621318d,6424631
errored,push,ef8bf1554494f4239e14b77d4d4e282a1cb83488,6417415
passed,push,fe558c415d06036b215385784973c00ebe3c292e,6416555
passed,pull,e12fd31463a0eea7f7c870f7e40f7a741d00a766,6413783
passed,push,d99e8fa3089d6e228d56d7e5958640e0469a02ac,6413756
passed,push,e78df7ecd0337ab913161346e7049cf0e403d7e2,6410983
passed,push,7abbdcd5a08fc360989b33614aae27867d5d5c92,6384590
passed,push,567b961081300334b665bfef30fc8d024ed97f45,6379863
passed,push,bc3edd084563af782c6d1b7b7e5303d56b06babc,6379491
passed,push,9c86c9080bf0a034e4b5bc893409c2404ae39938,6348905
passed,push,567a14ee8a2611aeb6b05b708dfd0e609179249d,5690361
passed,push,567a14ee8a2611aeb6b05b708dfd0e609179249d,5688425
passed,push,45c50a9615de01c85ca04c9ca27f89e227e8aa71,5566209
passed,push,5606ce9c7546e5aed7b92673b11232ac49afce79,5565818
passed,push,d70e4daebef6ed6cfed6c63d0c4d64dbf732557b,5545430
passed,push,75ec323e568932acb6078b047ec7f837a9a6ab1f,5500169
passed,push,75ec323e568932acb6078b047ec7f837a9a6ab1f,5500167
passed,push,551a002cc86c7a856893379bb80c777c4b30ca27,5493191
passed,push,d36ddb87244d5e727fc2425496ff7d6ec89a1438,5491993
passed,push,9c8e7b14a6d8d127526f49f42f7ee8bc5fcbe287,5468696
passed,push,6fe1a896c1a9ed09aad3f25bf2864007ee992ba8,5445381
passed,pull,1c9b5ca41ae575418ee79c1bae5db2b8a0666d60,5307139
passed,push,c3280a078614319b34ba9f68f282e826ed963fa4,5026370
passed,push,521e528a39d6e6add71412816a01c9cf6e40fef2,5026185
passed,push,aa021706a7db0b33ef147a308b3505902335352d,4999745
passed,push,9ce45add03eac1b87d48facaa912a862c0bd45f3,4988645
passed,push,4f6dae5ff874548c10b1b99b861e64cc7624545c,4986783
passed,push,4f6dae5ff874548c10b1b99b861e64cc7624545c,4986732
passed,pull,136d2c546168339f077a4873d7c9c747a6a5d87c,4986730
passed,push,2ee5a2d3b052c4365e4dcc4d8b8f92aaa5a0abab,4986304
passed,push,5a6e2a840dc0127d7fb6f855ed2f6c8f4dcb5a11,4981067
passed,push,3c18b5033770b75527254074edda99dcb5fe18a7,4976051
passed,push,add7a403fbb395577ff6f3c6581a29041e14cbe0,4975874
passed,pull,3761f40be49024515516dabe7fdd23f332f7fed3,4958397
passed,push,798a8142df4044ac2c53265bc963e9700e3b2fe3,4957022
passed,push,966d76797291ac610e9fdaa289db6fd335c0f6ea,4953520
passed,push,afb13290a264a051515ac8600b8d1d5b0d9ed7b8,4953434
passed,push,452187314bea37fc53b9f3fbcb34f7a126c2110a,4953363
passed,push,d185876735337fc77d0004fd26fef9b552ce8be2,4953178
passed,push,edc52070e4008159810901ad76f7688414543e2e,4953141
passed,push,8459f219d74e0741411292a49e24caa40a7f780c,4953118
errored,push,9cf762034aedea78f6b5fbb64b53e632acbb15d7,4943346
passed,push,75024fdaa39350b542df1fa556580bd6f17d5d52,4936222
passed,push,20e277dcbea20047d80bdf9d880cebd1b613f7f0,4935357
passed,push,6a542fa57ba02deacdb95abfb89ce330fa279755,4929680
passed,push,6265bd5f77cca770affdd229e80feb746491dafe,4927068
passed,push,bd650cc1539ba3249a9e982f0a4e9af6828109d9,4926792
passed,push,0d8c93076d702f0b03b8cdf781af086c4ef76662,4924194
passed,push,00346341474c355d15742dae527a805a6d0eb831,4913389
passed,push,a3859d45094e98ba9c85942048288ce62f98d584,4912259
passed,push,9047d3d1a75c05ad0ddafbe75833078915a3333f,4903884
errored,push,8fb1f51d3944e9f79f27e7375f30aee55635d923,4900786
errored,push,58070facf93ebbf2b1fde3541447e2e1b7d7703b,4899855
errored,push,e9764e8de0f74580fb96d56aff438cf6b0474ec9,4880143
errored,push,dc19cc02ab7b1ca2109c515fb662009f6164b502,4844678
errored,push,15fedc3d621c1b4ea9cc30c5735a4873f26c5c48,4844282
errored,push,43953bbb5b3d9cd46ab9a6c0f2685f9ca3ff24d0,4838343
passed,push,20c35a6c5ad81bf20930e6e0230181a7535d7223,4812111
passed,push,48b6cd74069eb1cd444a4a097166fe580c2e3faa,4810269
errored,push,06f384051ef3b66ce61e7dd04c38a728d86a88f1,4805693
passed,pull,6dbd13e883f04b41947d321baecc508034f0d3c8,4804399
passed,push,7f5536f0764965f1bb461e60186a74e7d2c2f973,4795183
passed,push,549b4632067f7972d1a66ee8d1dbf7c4c4ef2e0b,4793429
passed,push,7aa465a1bcde0ec513529f6ec1a16d45d6b33857,4780145
passed,push,de754da3564c85fc333b8d70b34c7d8b9a684b79,4780004
passed,push,5051d6a523f78d445f57d5e6f32f282329bc60db,4779178
passed,push,063840c18d8786fe174bd09add723a13c1fcceff,4746371
passed,push,cab4e8e7849a392dbec7ac5e73276b05c61b37df,4730525
passed,push,2ec4b9b03cdf6d92223d700817c3a82a416167b9,4730338
passed,push,01adfbbc48b30410ae911c6e364ce7edb19abb27,4729379
passed,pull,1cf8d148bd220c88c1f2b24c5d52de7917f01d99,4729348
passed,push,671b35ee8b275e0371cb13425f45863c08b39ede,4729338
passed,push,d72bf7ff9b59dbfbdb75847848963131338487ee,4724068
passed,push,939439a2f0db5bdca77ac321f298ebcf04f62199,4710781
passed,push,8dd12e76b9d053a2c0564716db918cc983ab35e4,4709644
failed,push,73064bb154d90738d83d616a18e32b4d7454ce70,4709217
passed,pull,894ef8acc03dfc76d75ea0428b8cde8ca11da40c,4670755
passed,push,ffb89f26fb84d7d6550c5f4aa9a070e0b7273803,4670746
passed,pull,58502c3a6c26ff41c525ceb7edce2451fdffead8,4612922
passed,push,08c89ddb484d38bd3839d7caf005ffb303223b32,4612920
passed,pull,5b52e679731bc97c22eac9a1db48174b76dd95b1,4610183
passed,push,122a2bd224e1a76821f738a121e7cb137c938103,4610170
passed,pull,80b3846d96ed81f9830964d8895bf75aa90356be,4598330
passed,push,7dc0742077e8e311dd8af193a0bd3b1bb1de28ba,4598279
passed,push,c2823a8ff9a6c72d05efdbedb6b29df85a0566c3,4596644
passed,push,b2cd51f89b6e2afe68480242b47a69c211f3e61d,4594167
passed,push,e9de1cea4765d1fc04dd7634e13106d92202854f,4590368
passed,push,52f022bc17d57e4c80cf74ae0258b8e745555d25,4589943
passed,push,7d18aa33de48f2d3e812ee4c0b43f56b6125f409,4581776
passed,push,af1ca4da85006a7c254a5f4590771c17d730ea80,4581455
passed,push,155adad774ca4b8caa76a5183283bfaf90e893e7,4581382
passed,push,7f80dbd96d87583238906e2068e4a31992bf2871,4581087
passed,push,b143a77fa9434a94709f7dd1a860ca89eadf508e,4581062
passed,push,df9d83ff29b79ffa4eff65dd964fb36eaf5bf5cb,4572487
passed,push,bc052edebd1c97739d4cb35aa46eca6a71a11221,4571916
passed,push,35b69cb5892d45e61ed12e63264a8949407ad671,4571184
passed,push,349f8f354d90fe4101dec4006fd1c982853a537b,4568786
passed,push,7326466e6cbaaafc73edc96731f6a78faac18cfd,4552470
passed,push,7326466e6cbaaafc73edc96731f6a78faac18cfd,4552468
passed,push,9316add8c7fc476ca06f86a0e49457d7dd4cf537,4552295
passed,push,25f7f913621a37b45720752c784cf18f8620bdbd,4551776
passed,push,2ff2d654aae98b51422b35a9312870432215f38d,4551726
passed,push,ff5845e161e2202e8fc7a1119980dcf7afa5dbd7,4514152
errored,push,2ab87a1f78a3b1076bb2b481dc76c259c3ccae53,4499041
errored,push,e913ade6894245bc720847e8e5964f0fe2417cea,4498847
errored,push,e3615f2891b0bec32763b3aa211623316e3adf50,4498248
errored,push,e413a730bae3a3ab6e3d050c0a268e0318fb2ce9,4495828
errored,push,855e663a31eba563742c25e4a4468cce3948a283,4493986
errored,push,bf5d7f9063648e2f9d80533c25a740bdfbf1afc4,4493205
errored,push,ecbc6a599677d83c78fa527db830b0434032ff5e,4492763
errored,push,ecbc6a599677d83c78fa527db830b0434032ff5e,4492758
errored,push,4a0cf8676055eb28d3dffd6bf047e17ef7a05b68,4485285
errored,push,553aad623a7f080cb25aa8f98655ae6de0628f4a,4485278
errored,push,553aad623a7f080cb25aa8f98655ae6de0628f4a,4485081
errored,push,4a0cf8676055eb28d3dffd6bf047e17ef7a05b68,4485076
errored,push,4a0cf8676055eb28d3dffd6bf047e17ef7a05b68,4484924
errored,push,a9537f2a4e95f546d0b0fb2b368586d2e3d279ac,4484614
errored,push,a90f2c69947c7a17dd2764361d7501be62abf922,4484195
errored,push,3a449ff9a19ad5f4aae17ca7421be4dd0094a5ab,4483970
errored,push,3a449ff9a19ad5f4aae17ca7421be4dd0094a5ab,4483963
errored,push,e6e21e66d246a919a946199bb0b0b21affb82bc3,4483870
errored,push,2d2c9378596b6ffffbfa39994b80179aeea80a5a,4483770
errored,push,8db8fceaa2957576c27ea8da0e126ce577254202,4483393
passed,push,58820cefb6be4783f0ea572c0ab5ec1fee808df1,4480533
passed,push,7c570a8aaef802e3985a5744775f14aa85c7cf6e,4478252
passed,push,d42605ad9024f69bdcb79938deafb59683f13675,4461486
passed,push,d8359a258cb0d249d093ca32161971d5c3611b67,4453744
passed,push,343491c4f317f610b61adb622fab8bd114048086,4453462
passed,push,f5fe43048e628523de140b55323156ce1710e951,4453053
passed,push,606abdbbc0fafdb9f45fbd0bc064c2b6feeaa867,4452900
passed,push,29242f0b27529cf2651f231ecd9fc57e8a465df3,4452157
passed,push,29242f0b27529cf2651f231ecd9fc57e8a465df3,4452145
passed,push,cedbe9cc28abb6a1503c2026a5cc0ba5146616bb,4452110
passed,push,8adaae6f076babda745f06115a9aa2ecb8037a3f,4451580
passed,push,643b079ac7414952a2cee6464c78f716ce470a94,4451535
passed,push,eb7e9d5e94ee82f4d1b70b89974f8da8bad3749a,4450736
passed,push,4618f37847bdf2b0d0b73067fcafdf9e241fc1b8,4450613
passed,push,8f67c33367a79cd6020e6d9fcdd2d8997590f79b,4450456
passed,push,9285d31da7da18b054470fb13aab275901529519,4448620
passed,push,82c5d1bde4fe9113575ae58f900a954f0a038cba,4431435
passed,push,bfc86661b4922ce0f2570f24fdf6468dc1f35a39,4430260
passed,push,e291c9e7cd8f1d6dfe1f5bc438ef77c00a67cddd,4428544
passed,push,ba54b0dcf54e1a1ce024503697b803adf732dcd7,4377634
passed,push,2a92a8964faea6f73c2a04ff29bc60d6bc19d94e,4373967
passed,push,52c1834580534fdeab73e68d7b80481e9546f846,4360820
passed,push,a34da5c9db3eb45203307f33c514a15cabad4f1e,4357727
passed,push,be7469297cce97a2fc3f418e735a9787545b3e41,4355135
passed,push,bf2d5de563fedacae37d79514a434ab8c86fabfd,4342304
passed,push,f44f48918976ec854ebf2301ccbf34407b057e48,4342263
passed,push,5f4b3b25e6c0c02272a6b8e316e01bd9018e0c18,4340768
passed,push,5b2669cb8fcbbf61e15dc3bccde6eb04f3d1527a,4340452
passed,push,94fb89fb22cf88f8f5b39a95730a58c6664fbe38,4333051
passed,push,beb80fe54061a2939231a7473523e17d76be3029,4332555
passed,push,8c2ca683a6f23e73bacd656f80d54f464af0652d,4331364
passed,push,d539a1cc70a021f3785deeb193d00aad9783cca7,4328303
passed,push,bb1117344b45d8cb29fce5c1202a359e383f48a5,4290314
passed,push,c1ecec626d27ac04178ad09e7160e34557811396,4209117
passed,push,d2d89f84acacec387360bea78837c407ce2fa552,4207081
passed,push,418ca5eb7b73d20789a80b55dc78ea77a949dbaa,4190782
passed,push,4a1e52f809788679943483ec128708687421baa7,4183375
passed,push,74c7fe043c263c0b0693dd10ca0e416647ade6ff,4183210
passed,pull,c48802c2095ac461ee9e853b9841cdf6cb7b0395,4168187
failed,push,3bcca3e37f973ecc4a9e3adb28997c0f5405b288,4167536
passed,pull,399d1f44fc92e2080029314f293379aa51c56432,4167262
failed,push,ece4be495a72cd86601d065ab3da1aa5d6d96538,4167239
passed,push,6e327e6e25a72606de94f9a9c91c461d1744c3d4,4145559
passed,push,8898731486c037eed2876343150173f69afc7d49,4144609
passed,push,057a7cbee05f7e5e7621f321246d2df4b524c69b,4142900
passed,push,c2d8b22aa783d9b8609dd3a1c2a4a40d5fb78d68,4141170
passed,push,ff45088ebcb31d709b984f786f9363dcb9c61512,4139724
passed,push,69a6f17e782a58a55bbb2676a1a039ea9fc08c12,4139468
passed,push,5c78f5a15af00436b91fd1c78e0c41bf6128d782,4064560
passed,push,cc8b10e0393f8c37acc5bd6d6cd388f7126c0e82,4042379
passed,push,cf0f8424f87a6b8fc48de5c9deac1032b61a0bf9,4024756
passed,push,b01e97b4657f0af3692549a28f6bfeb631e6d7bc,4023751
failed,push,9248e02ebf25d3826f9040c9b207ad6c2b251064,4023432
passed,push,0c4c6f202c33993e3fb09d5563c4344d87450488,4022328
passed,push,6e907f73ef3b6c6f07eeba94217a21e96fa42372,4004008
failed,push,b7cd31088ead0ee7f95a843e98caaf4ce8f00442,4002971
passed,push,f21b6ebf9f1e36095e475c1e33488c350a9a2384,4002325
passed,push,cf870d1f2a681967896f9759e21955a89d0ab3e3,4001117
passed,push,682a976f2da9c6a01ab1cd6a3e57ffcaedb8882f,4000221
passed,pull,32a5dce1e1ec8c7ec13f7b9f47363fd6dd8b5238,3721421
passed,push,7e796ee9b19f097697190d0647d52de32e395c12,3721394
passed,push,77e3be83b5ed5418eb546d3b9317652a0e26433f,3705018
passed,push,7cdb4e67843283789a1744580503c04042fa3206,3705008
passed,push,f37fbd67d8b1f67fd739d1fe18a6d8127b1b1121,3704815
passed,push,7f7815e1ef6a995c262e0a4f1e9600c3ac4a4cfb,3703222
passed,push,cb190f42732bb2df5e4c7357ac70a499bc14eb7e,3699874
passed,push,61912a0c60fd83b418e57cf91ab49e3ac090e210,3609430
passed,push,1d52ce159f197d4158e4bf4d8f49c75f72f8f90c,3592846
passed,pull,c87c7438acf48d89fc23c2ab66e027864daec563,3592218
passed,push,a77663d92d8c49278a8c60cec452c5d0f0a211c4,3590807
passed,push,448306ed0319319bb81bd4c2f94799a63084e55c,3533035
passed,push,e779a84c2edbf061c81338d78a4ae10ee9627e9b,3532525
passed,push,031b45e24a8396573f912e211c94561e321e8a4b,3531928
passed,push,bf1aa22892ced1a0a25f07fed5b52b49e17316e4,3480198
failed,push,6cfac62c028fe609bf9e2472c5858e74db13a050,3479921
failed,push,6cd9364cc54d16ba7e3cbcb5337026aa360ea6a2,3479917
failed,push,decb113389ae32458c8d7cbfabf03c1ec83476ac,3479867
passed,push,2475827e6dd371fce81dcccb8b30cda6e1f2f2a5,3433481
passed,push,3b3a6bb792a4066076eac7341b760cd0e6af4a93,3382762
passed,push,380029023b02ea251b2c8db604a5577de1c10c3b,3379952
passed,push,8fbb01de547f3330b34788525ad5878ebce4953e,3379773
passed,push,53265ba5a77c2c71862e04415afbe783acf57b14,3378147
passed,push,7fe001d87face019af83308c5803e8f0b3f93e97,3365514
passed,push,900188e434fc6aff7349ec4ba5e3d5179a441ff1,3364673
passed,push,e495eb7e9d2fc8361bef756db1f679c29aa8c4e0,3363719
passed,push,652b1c7c031f55098213a6fdb0761e7e2b3bc4ad,3316444
passed,push,5fe9f50dca66ddb8560e98e3a8ba90110298ae70,3282578
passed,push,b0472b73b4da291c027021aef5d34e2b61f76135,3281980
passed,push,b7a625dd444d99f9e2b55b3bbf8b70fae11f52b0,3281947
passed,push,a82df390f04206d599ab68a4a5955a275545883e,3279329
passed,push,56c17bd12904ba5134ac0dc9563ab98b5ddbd4be,3266756
passed,push,75790806fb0d2d215a595736a7416812cdd270ac,3263461
passed,push,574759302ba8df2081f7f4b70ebe596e55523baa,3263182
passed,push,07617c7d3a7b4dd0c393ba3ff39294d15ed30be7,3262950
passed,push,b373610b857f2c30a3d770b435a010f4caa5682a,3212344
passed,push,8a090931a7851080a7eb55e661c90c22f0477513,3178705
failed,push,dc3919f0e0a1d13435223d390796f666d614d7d6,3178505
passed,push,49cb7183a184b9759f0a429aeadc02f6bf22a6a7,3125180
passed,push,cdf22633ee129df5d9b674175481221fb3b34bb6,3102214
passed,push,a3d599194132e703eed77a5f3398ebb6c1e48760,3094638
passed,push,4f1232fb632200c5338631bb5be979ce87761a66,3094624
passed,push,8493146ee84b9a52a65c7e9d26c101bf4cd3ec0d,3088921
failed,push,c826789924d7ef76c1c1896f97f3d40e445fc1eb,3087159
failed,push,ffd23ea640d236412421458e043332e9bb050be4,3082891
passed,push,1bc37e06619b29cd5fd91c8fe4ffc3d85bdfe588,3078787
passed,push,1bc37e06619b29cd5fd91c8fe4ffc3d85bdfe588,3078785
passed,push,0ff12baf32ea149142241c6a80ae5e1e5e30f5b3,3078510
passed,push,6e4a5e53d99a0f405393970dd533a55cc1449528,3067454
passed,push,7207ad56fe509ebdb8f17a1fc57ec391cda13f53,3066821
passed,push,89a9e43194525183065e8c29700f05ecdce62565,3059636
passed,push,9575ad20eef9e8fbce44b13fd822d9efe7f347bb,3059414
passed,push,6e8465ea112e4a1a8d3f4715b65e1b732a0ce356,3058755
passed,push,5cb0f31487c70fc56f7787c13d4af468f749a10a,3046921
passed,push,ddc164b217a3422e7cf884ca10c2621ae849e7a7,3044727
passed,push,e7f7fe5ca4d5ad64e90bb47cb92e95afcde6d3dc,3044496
passed,push,d98569e05694556b9421af40c46a66f111e674ca,3017358
passed,push,3161fc84203dfa16d437d4196b20e3e3a6e8bc07,3017020
passed,push,80b7ba00e3875d99ec3cfb2bce829c47bf33ea84,3016836
passed,push,73654a56365b902ef51fda7d0e008aafae91397e,3003473
passed,push,753951ed37b184c56cb8f54dc0ecc87558a31739,3003340
passed,push,9fc0e566f7647c508cf69c02ba8c2f91d0c207e7,3002193
passed,push,59b54a97cfa74a398f14cb35dd3ebb6974fd25e9,2975874
passed,push,a4d12d64386ba739acdfe991b6e8f6d2778086b5,2928472
passed,push,614c87616d5d74a67af965a5afd78d73f202b141,2916753
passed,push,c3e773a589786db636753082ea2b52298a5d159b,2915343
passed,push,9524e793307f6b4cf751232c30c832f7b72f8c9f,2891068
passed,push,e572b8bb476d7d95c412a89971eda3e7c60a07dc,2887957
passed,push,7be13ed2935478257799d2d13b2493069a556155,2826387
passed,push,699ab6b37c0352726b71c44ea4bac103532da20f,2826112
passed,push,3c52a5fdb6f54aa66a0d27cce85a406cfa50c57f,2825302
passed,push,1a08a2149374aa9633ab6ffc3191cc2a1162464d,2825122
passed,push,84678ab6c3d493fb30743ca24dae5cc5e72eab08,2824941
passed,push,627112488681432fca14d30ce8263e134adaaf6a,2823457
passed,push,f28b2d750f943946386f60f14ae9d8dd9d72d806,2811737
failed,push,db036c2c8053bc49e1c4fdf5f06e5ff712b8f630,2811714
passed,push,37956dbfbdd66edc5a9eb775aa8913ec3b83a9cb,2811407
passed,push,c587486c24bf1390cb20977f85c9fbd5f72c0dbe,2811298
passed,push,917779224a7be8c85b04148f4e9057c8f8e7c259,2810881
passed,push,84bc8c7269deb9c519b4f51e1e94dd9f661cff9b,2810551
passed,push,f256f242e3b129772200a7ececb18333f25b7e78,2810262
passed,push,4b733569593a0cafacda917f67ab58882f09a598,2810091
passed,push,0cec195306d22c5b3c2e6e07610e83b26aba319e,2809929
passed,push,ed55a7097bc7c25623fbe7cba9a68c32138b931c,2809673
passed,push,3b405953f6371326b9bed15d3b623c42e092a2f4,2809139
passed,push,3d7f3d827a35dba76d76cbd07981d964945caf3e,2809075
passed,push,75c9b4948c4c7d517a8747e3b3b242a61917a049,2809005
passed,push,e5c38d6b803deaad93f4238ca2277c1863fae0e7,2808429
passed,push,67e897fc13c7f524397c05fab1f5a2756cd31eff,2749635
passed,push,66543d2d70cac2eac9d0672fd102e40d7ada1c8f,2749304
passed,push,2d216768fb122f73008ad569c7edd3a89b61b666,2749238
passed,push,2ecaca8f7274c0bdc212ca3d9492b49c2afe9056,2747031
passed,push,d5e4f28afb94334c87dd452a219479cebf151c1d,2746905
passed,push,788b9603fc0025a64a024d3dfac845d087c9c230,2731446
passed,push,afcd84d0623ec5dada16b3da22103cbbb196078d,2731329
passed,push,975c4d296740f42f033ab4a0b8ba4538773f388f,2717393
passed,push,24453573d3a89a188c10a06a4c5f8577976bee66,2716988
passed,push,91c4d842fddee1299c33667ca182dc1cd23516cc,2716919
passed,push,74fd081ac258732ce2f6df67cb83c6a2cceca3a3,2716412
failed,push,97ca70089e14e55f61cd267adcfba013434929d4,2708505
passed,push,021287e06a121867fa21f541799fec105602d32f,2707057
passed,push,283ef81643d0724555af3e9e69723eabdd897b7e,2706957
passed,push,122d23181db7f47be6fc08797ccb9425b2a72180,2706563
passed,push,7e56f9a26561f99962d258767198ea79507b778c,2706288
passed,push,de61cc5a5eb31a0d8492a4d3910a9547fc195c3c,2706270
passed,push,67014a7e7f138d43a9e43760e675c63deb840d2e,2706268
passed,push,799dab31af9e6d10e0f2d7baaafa97e1b0c6667a,2705826
passed,push,6c8468fd4381f5f523023f6231fe4243dfbb94aa,2705799
passed,push,73c654bf6551d6cec10f2a5087f6bee9dc26b34a,2705666
passed,push,79bda9df4eb13261b7a410232e5f66efdbc2b5a5,2705615
passed,push,76b05d5b6c34d212ed1f5e0898923a5cb298ce90,2705531
passed,push,3971ba21e08c5e021650a212f9680015a74c5a71,2705438
passed,push,7e77b4c056ab957f0e6c425d776c2fe9bc6188ff,2705299
passed,push,52ae359da99881d77a20f2b906dfa68e881336b2,2705074
passed,push,c073a3a03d5806e2fd31c1019d60d62324edfc0b,2705048
passed,push,ddba2497d374d72a9658bccc467de1cae406415f,2705022
passed,push,c42787f0763380e418f1820ee2ae816b5be13bd9,2704995
passed,push,679e47aab63c1c248c75e9982c08ba85f5c10d3e,2704801
passed,push,e227d64fe6e3e75ade89520b76d58518a1f0be64,2704592
passed,push,2a030e5fc859a92d33251e92c9c5a31e901b5376,2704560
passed,push,57a44b4685725ada801c1e9d4e2406dc90b7cbbe,2704234
failed,push,01d1a2533d7b8ac0f71076908d29b080047fb4d6,2704157
passed,push,9153fe3d1f8a01f19804c7d68597b19ec4455be4,2703987
passed,push,c33eb074230d3d7689b3eed0800b55cd569e520e,2676282
passed,push,33bd09c51eb33aa8e81b2cea78b4f435c27ee77a,2664070
passed,push,ebf910ffd69d21394a1b8ecd2c86d864ed38d19d,2663605
passed,push,45f715a67cd33ad68b424e24d930d52a655149f6,2661508
passed,push,2ae1a3250c6d4e9911466606991855d545941955,2661448
passed,push,f0089b74d65eb6d05e290e347b8d97c6930b7528,2636966
passed,push,aa155aab00dca944a5c7e17c429561c105dc39bd,2635400
passed,push,51dd354d4488b05c713a54ab35935f9306f36a6b,2635030
passed,push,7f2d79baf872b180202c59f41bd3355962a25053,2623871
passed,push,03c656fd08fcdaf420bdc755b4998625adb5c1c1,2622542
passed,push,7eaef80a90145db31d0fe3d41e0302ea67c3ce80,2622440
passed,push,928e91cfcbaf63788d5b0656d508b9b8a28bd212,2621485
passed,push,79aa402a96f127d22c8e6df91ca6ab12d57647c1,2582452
passed,push,ede844197c611b858e41e90f4b9c2abfa9f7ba45,2580849
failed,push,dd5de45a1758c2df6db9afc0f098f67d26ac2974,2580691
passed,push,a4159f1db3cada66408171152d0febe6904ad39b,2580048
passed,push,911cc60e5cf2bfae509e8df00e8ab80e47ce423d,2579729
passed,push,1f89d5cf6adc964501aaa58a32637b7faaf06a34,2579545
passed,push,179e4cfaae636a6d7de53574a91b159d129b61c4,2579466
failed,push,e248db7abb929cfcf2185fdbba80b4648fa97eb6,2558115
passed,push,41307422f976102276ee395a8bd01acd54e3eb5b,2556944
passed,push,a14fa9275656ebda511f3d3d1d5a084daef4537e,2556412
passed,push,e7624b7be6557dab4711fa601046f2e02c4ad45f,2555690
passed,push,c3da1697b70ab438a7545128919694605b297b0a,2555349
passed,push,e5755910585f61595aeea86f56d5f49ca81cd2be,2555308
failed,push,67efea519f7b8745820cd0f2085a475277f0612d,2554896
failed,push,4690364f4ec31f7ae840c6421667b8017a04822c,2554853
