Status,Type,Commit,ID
passed,push,9a31d4d8a93edc21ff61316aa3f3bc1a4d6de3fa,250106064
errored,push,f5fbee435ea4898cd36c60d07d1131e7f63ba42b,250104158
passed,push,e619425af0bf187e87473ee0ba41e9da0de0dd0f,250102730
passed,push,e619425af0bf187e87473ee0ba41e9da0de0dd0f,250102596
errored,push,4b92e3b9a6e62ca82bbc2e161ac455fc6c81e788,250100865
errored,push,4b92e3b9a6e62ca82bbc2e161ac455fc6c81e788,230691449
passed,push,186f52ef629ce766b5b30090913376ec25bec8ff,222787441
errored,push,7e73955e3148cad0265d3957747d714ca45f144c,222781046
passed,push,5f0b97d549b588bce047f1657c976edad8c827cb,219225087
passed,push,abf30fd313ab485ac332af937050b27499bd8817,217746209
passed,push,5bd005a18b90be6cec155df8fa5d9f56ea5cef5c,217744133
passed,push,b93f53160839d44c36617320fca9b01be96556d7,215077546
passed,push,dac644d2910bd535674db84f61f220cc9b4bc333,211763577
passed,push,e62ee33cbde9bc1277cf92cb78c82ffd34590aec,211306198
passed,push,6066b5f37fc3a1f5a3761cda56de77ce6d32cbd5,211300554
errored,push,708ca5d4dbc4eaeb4d65d74b94d02ffedb4f70f7,211299817
errored,push,708ca5d4dbc4eaeb4d65d74b94d02ffedb4f70f7,211299626
passed,push,52a9dccd090d39abb4b7da4dc1433d9dcaf3fa70,206970310
passed,push,4361670828627204d24e7c4e661f649f282a11ac,139505772
errored,push,4361670828627204d24e7c4e661f649f282a11ac,139505620
passed,push,4361670828627204d24e7c4e661f649f282a11ac,133450150
passed,push,67c6a92a1374fb9523a8907c0015d993d57255ab,133438575
passed,push,3bd4351cbba862745a325728399b789dc39c456f,133430430
passed,push,3e87e011f6bfe081665661fdf3e4914130627f51,133427651
passed,push,48fa3cf7808bc532d779f3036a5e07bfc59be584,133381449
passed,push,20edbff7c4ba9f6e7cd5147ca201a8ab3c6cde8c,133356339
passed,push,e84e44f0f1f531355f0e0d1576683519b9d690c2,129912457
passed,push,4ce1116fb36e3314a7aadd41d73d50db680c50ec,125729550
passed,push,2f472468d10c906c8f63c6096a559d19ed04d296,87376284
passed,push,09c6f9f6010653b1ae7550cb5d8d1b6a62d02da6,86202186
passed,push,b75577283116c1f06cb4914c08baca2591b9e112,86153379
passed,push,2d440ce0bae857db04507c90bb5bb18c125d76f2,85903749
passed,push,077f7ad6adacd883cf547982bab0603686aa6c81,85735080
errored,push,73e9c74100c2c6adc2a4833e65af172adb0626c9,85733997
errored,push,d8d89343b77af121d0f87fb8a952860d247670f8,85716430
errored,push,bcf18a24bce759e6ad60baec0151a82138a1c195,84970382
passed,push,ee4d79511e5dacdb65ac5b3f7cf6542825d61cae,84694952
passed,push,0b33e8e24ac77ca9dfd0eba51364787916e5a2ad,84692366
passed,push,56a5424224ed3170ce38b6c0ace317a64a328788,83294921
passed,push,cff21413fd5d804b297ab22acc71b747c5e6921f,83294389
passed,push,cff21413fd5d804b297ab22acc71b747c5e6921f,80670165
passed,push,9358f2251c0f34ef9cc4c320c1ca9c2cfc93248e,73205730
passed,push,b5471eb35d4eecf8f4e713ae423f733eb8986315,20282957
errored,push,7628dd07811f4222f9503604283437f3756ffbb4,20078244
passed,push,18c4fae289bdbeda2529463235c552a4b6b4db6b,11366818
errored,push,970a2465298496fa453e525ad1cf86ff232da745,11366742
passed,push,18e147cabc13c6950fd2c537bb79039a8b4ae804,6559223
passed,push,f40c40a64a2183910c7383db936303dd3d655518,6544986
passed,push,e0a4dcf1ddc4bebfe0c64c0568a8fcab19033f1b,6138428
passed,push,0c5a0eb29e50281b5804851f7dfd5c99807ffff3,6133491
passed,push,ed1f4911f01b6139889da83ec1ba6a8fde4be851,5911565
errored,push,850b1dbb96ba47c907861098b58964198b338577,5020267
passed,push,d92e0f3fdba6bb409c77f1e7fcaceb5bc62222e3,2775148
passed,push,5d8f8fc921e0ae98a68925aa162525573ebef5c0,2725236
passed,push,646b54744357bd5e49903a4733f3c12cb10371d8,2529924
passed,push,c6883cef03b3dee9116c42ccd66e0aadbee907f8,2314151
passed,push,b84f8795c70f9daa7a76ae072e9f124d380a7421,1801715
passed,push,6a70f195651835b30f41e56348cd941a19b795f2,1797845
failed,push,6a70f195651835b30f41e56348cd941a19b795f2,1797464
passed,push,7701e7ec25f400ec5508e2dd5f49d4c84b7a3c85,1797388
passed,push,602fc7a05f729a85905d56b5e3d50eb59e4f1a63,1705947
passed,push,99aaf1fbaa332d0e2abdd129731ee9e074404116,1581239
passed,push,6c158d0a56b093024e8dcf884648412cf50ab9c4,1539175
passed,push,53f9f4ebeae6a25d5f6e5031975bedd4a3e6e791,1515703
passed,push,6e79c2229a256283849d748a27903703a3398473,1515686
passed,push,65d35a7b5546b3ecc62ac9747f950840ab031998,1514670
passed,push,138ad4fe23eb82b9c2450c283f34186bb06e8e60,1514376
passed,push,9fc95c19e7d84bdd9ab0085a97666809c7e159de,1505764
passed,push,1ea66666c4b21d8e3d5496fcd2a587ea4c91729b,1503627
passed,push,a1e4b01cde6363dfb33cf2f8036e69e127799c24,1443532
passed,push,baa661b37b7fbf37ecf2edf25a24ddda1682ec9e,1441558
passed,push,234062042bbf0e3c2a9e9cf9c876391d0220618e,1039748
passed,push,8bdab9f5f19f732ab64d08f56d9c5db6b0aece2a,1038088
passed,push,7ffe8e89216cbe1e85a7069c703b30307c5e9ec7,899804
passed,push,c9ef89992f0bea6c85c5c77753db5ab84743570b,891678
passed,push,11d3ccd8ecfe564f033332570817813b1d042777,891119
passed,push,956e5433f63a2a93ebcc746c57e5958a8d496a9e,870502
failed,push,b2a37ac6ba637aca03ea2becdceca1ba44625583,824710
failed,push,26f4f53d5fe18f00b33bc745d7aae5c63d2f8b97,824472
passed,push,aa2b4c522b06036d098533540bf851a2976291c3,822293
passed,push,0998afc0f5148c06b98bc4fdd8330a9b9ffc5057,709878
passed,push,c82de59ac6ff33ea90a1bed4975fcf92a4ab64a4,658414
failed,push,302fa6f5b07d0185e866956f4d8e08d7266a2335,658094
passed,push,272c36085a47d5b89e048a29a22eeed868c6efdc,506601
passed,push,fe03244969d0705fc0f3a04e732445aad5717577,489884
failed,push,5a6481534861c6ddb7153aa37d8bc0b2a8626fde,489728
failed,push,8a61d5c3a6324f1acc1ba83997c1183b74e7ab61,487979
failed,push,acbce79d0c66c734852a517399f10179e8ed9020,486872
failed,push,b9b6dc1df876c4bf23f5291f67f7c5d6e1cb813f,485271
passed,push,564494d128497597d2733cb90802fd52a2a16038,480825
passed,push,bfbd8377fa1e7507669efb3e354535fc20010f7e,473661
passed,push,bfbd8377fa1e7507669efb3e354535fc20010f7e,473051
failed,push,bfbd8377fa1e7507669efb3e354535fc20010f7e,473036
passed,push,0a3c2966135ec725924f10d7b2de9bfc2c8542fb,473022
failed,push,e85fe15d860f36449bdb4c96bbdf310a9a6ce2e4,471477
failed,push,e0b0e8a605ced2cec4618b3fe792b2a04a2b8fad,470442
failed,push,55a5a4a42f8c28fae044790f4841c94f3777b6c9,470372
failed,push,73c93e00ba175a4dc9776af5d36081576d50a743,469074
failed,push,1f4364b8d7005e6e547a9f5074d23711ca72ef01,467852
failed,push,ed64fd44dc0afd1da6d18c6ab75fdee83e71d164,465864
failed,push,83f4c4a88d94076ad177253dd24fd761a1492c43,465473
passed,push,1b741668e62fb205e6384b5b26327d345ada01b6,464169
passed,push,f86332778bd404c1c19d8b7a301f3f4631bba59f,464140
passed,push,7ba347b57d1cdca01589c85872b78ca8ab6c0e69,464083
passed,push,695d502eb9ab479dc76c81683c6c26ff2da22286,463538
passed,push,e143ffddc37a4ac2e71973eafea574ac03be2ca1,463463
passed,push,4ee15f90f4c68266ce0f95e24c597d25d829f106,462887
passed,push,154d3d52bbdd10308f9970e465139acd992e1831,462738
passed,push,0b17bc49cbf01d94ad22d65202aaa4db8fe37598,462684
passed,push,152ccfa38e29602024e7e878ca15b4b882cc8988,462506
failed,push,2740c1f28ccc63254ecdd3c95574465d3254f937,462480
passed,push,dbeda2d7b4407f2b171c7e6b08b26f3b88d14247,462462
passed,push,12c331ae9224791c185e748aafcce26d8e797dbf,462459
failed,push,ead39fd4532ce14304f5696fed3b1e9932cc9d1d,462456
failed,push,b99b9d361b3803b9dee54d01e7209687087d12b3,462418
passed,push,bfbd8377fa1e7507669efb3e354535fc20010f7e,462263
failed,push,9eb31b69b7972af1154f2ff912d83d9e51ac07bb,462224
passed,push,071c461bb158cf637d1066f91b0dd575dc00cb45,462066
passed,push,4ddbc01b30726570733b1b19157ccec1871faadd,461979
passed,push,0266969a232e34971b6c7253ef6826b743aa43d6,461548
passed,push,72d68db3dc29f69c081293fd74501d38b641c342,459131
passed,push,847fd96da0f715d7206e6bf5d56d1cc555f766b0,459104
passed,push,b502886752f6d172faebd84d7d3065d5c5c24f07,458741
passed,push,32eaa8639e45d75d41e4c02e391c2e8b2088bc58,454189
passed,push,b920163f4f9fbb196b5d3467e06c710163bd2200,452943
passed,push,626e2faeef2ea56c22b83cbace216ce3d39a1be8,452923
passed,push,52fddfe2d9637c460400af7a51a27a6b8d4fb7b1,452277
passed,push,09bd9b21fe812211097f2aab556e28ae9c77ab31,452237
passed,push,09bd9b21fe812211097f2aab556e28ae9c77ab31,452213
failed,push,361dbd67f9dd54e6037db5e3d8a72356896763d2,452206
failed,push,d5a499319c1a7dc8c8bb9f2d56ff07cbb374a203,451936
passed,push,098471dbc55a3468cc0e183c45cf7a5818bc7318,447614
passed,push,0ad5ae1ded35184258deec1d94a6dd8d39bb0110,447346
failed,push,e10392b2a38306f43c4686b6787fbd7529f15790,447269
failed,push,46841f6cb20119e263c5ae08ca52a00263953382,447132
failed,push,c53be943a580618a3329e3071a346e72d67cd1ab,447101
failed,push,b1e972c21665e26b2845117e89793a2b12216b4f,447095
failed,push,9da6380a9228c10aa3cc98c3c9eb1b40c4718435,447092
failed,push,a829eb92931ec2593e9262768a0b551fe58c6ade,447089
failed,push,a829eb92931ec2593e9262768a0b551fe58c6ade,447086
failed,push,e18472518fc634c29057dd278f372e14254ddd8f,447078
failed,push,920e8dfe27e4df9cb4b9602015dac227f4b7f5be,447051
failed,push,d6bde4b41ca26d1412cdf475470b97ac1b260d95,270437881
failed,push,87e9dc9c19031b6f844b32ddb3818787776d0890,270436960
errored,push,92fa816f8e3da2659874630db72d8cca213297e5,270434671
errored,push,62f46de971a61f070955384066ab2845103b8d48,270432205
