Status,Type,Commit,ID
passed,push,3f6d9f7a262fcb96a237a1f92b88403608c76f59,263802971
passed,push,6d982c8e6f6399dc490525d9af32791be0b58142,263784305
passed,push,be2e406a758418d5d7306addb39805dee2752bdd,263784288
passed,push,be2e406a758418d5d7306addb39805dee2752bdd,263784283
passed,push,409d43b012e5110680c8d16b350856a9167820ef,263134106
passed,pull,daa70c742d25ac12b0ee5753bb646e06d378a9c3,263097938
passed,push,7c61e1c089a8e67b22f5755ae225c6afc57a4453,238986524
passed,push,fa50f563ee1301fbbd3f58e22236369f2d8f538b,238986505
passed,pull,a03ae621296ef890f09fdc9d90a7e8b9d84dd0cf,238664909
passed,pull,41e2eb994600b670e131805ebf9e53a2a9c73167,238661262
passed,push,a69a5462ea1d69ed6bc8055772b31c3417510cce,238186831
passed,pull,6c1bf66040cf4b102291925e4066f7bf0ee19635,237973298
passed,push,d23918542cf016c3f3394fb3fe6759d2b2c9f009,230697606
passed,push,85ec750d8b5c67c811e10081fab7bb26440f3cd9,229741821
passed,push,364ae4e84cd71fbf80564445c919e81e2b2cd528,229718601
passed,push,94caec3e6917f0f7c79b5072c9d934fc00daaa92,229718591
passed,push,94caec3e6917f0f7c79b5072c9d934fc00daaa92,229718584
passed,push,c968f7ca5fbab28189fd4c5b2ce3a3a1573d2a01,229697055
errored,push,ae20894d4961c546de2671cd3476202b44d5c000,228381424
passed,pull,b596d63fe9d1f1eeaaed4f994055fdcb0ad76f97,228016901
errored,push,bafa0a26f65ba25c99ee63f9b1123d3b25f19d97,227858737
passed,pull,e9b28409f59d9ecd8611b3c3851bd6e6f29c6980,226401434
errored,push,f9c6b15f238f8fd29d03a53d6b0696a05f7a361e,222817591
passed,pull,020027e0bf25e44c3936328445c0fd4b4fc39033,222660062
passed,push,0945b63d1b71d7e1a9395a8c287a10230be415e1,220083348
passed,push,bf2369a9840119e2ec47b1df78d8c309ce4a8768,220047530
passed,push,617486645708e18f5376a44badb383ecac9e6280,220047526
passed,push,617486645708e18f5376a44badb383ecac9e6280,220047520
passed,push,d23af844723ddf94ecc8c44caa6e3e6b1993d830,219217917
passed,pull,b20947f3aebcc71e750fb396103f30014f79dcc9,219217573
passed,push,0fc43084aec06b0b8e6f786cdbe9efa893946aa8,214657686
passed,push,11377cdc233fdb401e60a424b075c9fa55d12b67,194177573
passed,pull,da3d39d8b3095c0fe0eec90ab8e0a0255cfaed7c,193725263
passed,push,1f5a3c28122a612a3c5d46af520a5328563455e5,192828961
passed,push,1d7ad2eb7b5eba20a8533f781afaea4f0a726645,192074539
passed,push,2c2ddd8c82175897c88f4147b201e3304b4df722,192073976
passed,push,fb0c3a0aa178d67bdd9f9b3a2b772f0a98c61132,192073970
passed,push,fb0c3a0aa178d67bdd9f9b3a2b772f0a98c61132,192073966
passed,push,d394ccefd62bf071942676699f4334fda77dab93,192073771
errored,push,1974654f1534181418464e74bbf05753e4012769,192073057
errored,push,5ed6e9252922b03d9a524349b3694c61896a8cd9,192071170
passed,pull,bfea665a810e07e278a9ed32c3b495c7651fe8d0,183193297
passed,push,aff3c8c2e9275d1d524ed1883794e79f11f57e31,182571923
passed,push,64e0ddbff87850aa5439fff8f762220080553e70,182571767
passed,pull,a634fe5135812f935e97e6c3fb1cec0799bc5e53,180115390
passed,pull,bc6143d977e927b51dccc8222451df652eb393bf,180095368
passed,pull,7aef995d90e442a25a8468d4f88c8bb5b6bbeeaf,178658416
passed,push,9c89b9f651471cab8b138c45acf99de2d13d009d,167560588
passed,push,659132f2b326fd21aad946bbcf3cf098bde8cbb3,167560481
passed,pull,64eebea99216154a1927c0ad68551b70c630fe5b,167425667
passed,pull,2f92d21456a0e356147a122c3818d67ffc578da2,166825911
passed,push,cf7028af0ab22035a3829f1d1657f8f9790d1c16,160933211
passed,pull,e3ad3a5e403c79fd932f0efcf4bb12ac942494f3,160453387
passed,push,dd41ed7df13281acb90c515401179bd90e377189,150287747
passed,push,5d2a647971fe0370c736831b4e947e59e6af342c,150234490
passed,push,e2cc12aeb18b6cab0daab71590298f808b9656b9,150234477
passed,push,e2cc12aeb18b6cab0daab71590298f808b9656b9,150234473
passed,push,50d57d14763f5cbe416a24da8bdca2c6270227b5,149538782
passed,pull,3305811a655349b38cb9e962ea015d36576ad52b,148085810
passed,pull,4480107f69a8f2730d36730d74f8e98c5551f897,148083724
passed,pull,abc380e8cf5609e7b662fc85f30e73e5958579f9,147868939
passed,push,9dd479841addf836661d8acb523429974d029268,138437136
passed,pull,d2ebb6cec3ce91906ffba01856d2e87d0fcb47c9,138371564
passed,push,6e062eb16b9f4676749ae1d04e6e554622829666,137179823
passed,push,8d9b5f856485cde77c49c4eeff9b43eba323f1d1,137179770
passed,pull,792eee5cf2b17cb09feb0bff67c39b8b313215c1,137146798
passed,pull,516c5898aaa8823709e3abf033940737bf9ad715,135582093
passed,pull,09f4e721cb65bcbbb2054224d509e4e7d8a3eaaa,135580387
passed,push,863ae94caa68d5be1b149cdeccd4e2cac1aaa318,135298389
passed,push,7f61e6acb9f3a6ce87bee9f25abc1f82ef26188f,135298352
passed,push,9fafc1f99d04989568042144c57f57b3d5ef28d5,135269207
passed,push,ba92f3d86f592a48016f96b5028f1805fdda28e9,135269190
passed,push,ba92f3d86f592a48016f96b5028f1805fdda28e9,135269184
passed,push,de705642fad07fc7b037abffca3ebdba734b1deb,135117324
passed,pull,381e05ea37ebe94f8770256664f639032030d9ab,135115681
passed,push,367287b2400349ea36fbf475d3e075d58440c3c4,135103764
errored,push,58fd6e76f56e046b30bca5bd4e8ed9d87bc88c8d,134950936
passed,pull,a966aa5b31ee4eb4846324f6325d7b2f38890383,134872731
passed,push,5cec759f7212b1472827371587b512c492dea722,115596850
passed,push,d09da4eae03aacd35d0704bc7df2fc2d578f36e5,115110149
passed,push,5b6308907f4c90b8c64682eaee0720b24de6587c,115109832
passed,push,50a11e8ef918bfc2739858644a0ae2925deda4a3,113699472
passed,pull,4030b42ef6b1949a1ee9619c147a1e7c7e58bc7c,113668923
passed,push,81c90d03f19f1d5ba369ed943c4e478e3405fd29,113398857
passed,push,c66b960c9ca68058138d9e4a469273f8bd817cc0,113356130
passed,push,fc84a412fe6de600c5d778e043ca48461ddc2189,113356068
passed,pull,6478cf1500aed35cf19ed5f264e92dace109d689,113330721
passed,pull,8948da0c7576df179f0dc8dcae405c58e5339b12,113328655
passed,pull,eb8273eca4fe946fe03c89a17a3363c332ba4f38,113327228
errored,pull,86309f1f0d5e325c63979e7a721f2b8b49e5b134,113325826
passed,push,15ef2a41ef767c438e702f40274caead4999b411,113182387
passed,pull,42f1da16310926ab526ab31391811d8fa945d82b,113152956
passed,push,bc57fa301254563547ca5445a5f03e66c871f810,112543596
passed,push,f3e04a1a5315568cae11fa23fa9db4bf5daadaff,112525280
passed,pull,62781a8921e9419888f0a47059352e0aacea5309,112506992
passed,push,d359e528730df1b651512f050f755d18bb6a5863,110964610
passed,pull,aedeceaf19c6a0ec01c73f06bd7e38cdbbf81a4e,110957830
passed,pull,b27212db0f1b049361d6fd8917655e337b7f6ae1,110893778
passed,push,a66ecec091f9b96a5455d94790d38cbd22adac14,110463145
passed,push,5146a001bb8451db3a73fefa1af92fc4d0c5d947,110448816
passed,push,a1d0681e0c7c7754ba26ba5b7f3fbb5fd0efb36a,110448804
passed,push,a1d0681e0c7c7754ba26ba5b7f3fbb5fd0efb36a,110448800
passed,push,a273f37d079823617c8c81f86b7ab580414f9483,110377566
passed,pull,9a551776218f09e695bf6832042b59a4aa63bc3e,110374221
passed,pull,1958995df09493877affbb1b1fb8c46c4f39c115,110371495
passed,pull,6e56ae8ee0d81f60a76f8c90b57e61b7063aadcf,110370367
passed,push,59b5d71173fda829cf5548e1e0c79ff1b6d26a14,109542127
passed,pull,25822af8cb671bfa92e0ee4f1df61eca50f4b654,109466987
passed,push,b4ef2935650d452c46d65dec0bdffa45e25a363c,108484663
passed,push,8a29221353368d4d290973e4d8ebe90325567793,108476780
passed,pull,6e7ee25da13fa01ade3b6ac2624acc23570a847c,108464078
passed,push,1758fa70e7a74e72c0a4ffad99cf6c7435676173,106319197
errored,push,ef470d963504246bbf087af623994487a040b451,106317611
passed,push,0e5272ecf31b356a94dc14dd90426349f3034b82,106096774
passed,push,ce511319d58fac6338d1d3da1ef9106472b2fbde,106095330
passed,push,a16a287b1cd68d20d1d7a0b192600cc89d77e8bd,106091877
passed,push,023b8e8320ea799347893e2a4deed3c23e720f03,105690130
passed,push,66d08578b64ea3a03d598b878d8deb7ba2a6284c,105686891
passed,push,5e76eade535df07199e52030570527aca934411b,105686247
passed,push,44f093264e27aae37cfa6c7a23b1727c01ebb4d3,105280186
passed,pull,ed65edb3670dc25957158842ce9c79f68f4d2a4c,105242634
passed,push,3d6e613a7c05f7d9df4077a57831fe0cff8b4c20,105117680
passed,pull,d4195262bfa8127325e3fb90d818dd64e6c74ede,105098969
passed,push,91e7ffebd3c682b72b077e5186e1da38403df6c8,99797207
passed,pull,28ace1022d4a777e228cfc0e080d9548f1fe1ea1,99767232
passed,push,661dec021022ea7949a1701f014ae18b613eba34,98511757
passed,push,9983ddd2bed6632f8b0e4dd16f505fc327f7e558,97969556
passed,push,ac62d4d9db88c6ab42befef1c2933678f77678ba,97431084
passed,push,fa6c6ba5589841f0f80c43cfc5cfb2f1cc23beed,95115251
passed,push,5b15ca1dd25fbd1a26581041ad254e4c7eb87bf2,95042347
passed,push,03b49c79ff3c4652ec704d66e630d418f683d560,95042345
passed,push,03b49c79ff3c4652ec704d66e630d418f683d560,95042343
passed,push,078789e59dc19e2588313de66bd140728412ac99,95042145
passed,push,088f652eea45a1d7052b578771e9509706f3bd93,95041968
passed,push,d7f55b231b2a99fe269c2aa102d3c6b750f13ff1,95041295
passed,push,4c3fca5f809b940276c46a1dd11f973d4b114d32,95041284
passed,push,4c3fca5f809b940276c46a1dd11f973d4b114d32,95041280
passed,push,d6e4fda9be04aa7abbdf923dca948806efae4ca1,95040870
passed,pull,b799fd9f4c6a2d33852db9070e9a74e39128f612,94908222
passed,push,42e110380548f47c8cff0dae3d5289b57271e678,94463367
passed,pull,266a8a996abe0c94cbb406ef36f2ea8ba6614a0e,94446811
errored,pull,659df456a02d0cae34f9917b86940b95a2e3f870,94445625
passed,push,dc770ff2c8e5785b698ae1758ec8e286170aa69a,94227624
passed,pull,73d6964a9d341eb19492648c26d068a3e2e14ed6,94214310
passed,push,db633019a0bcd52a308be10c5c96842786504ac5,94138834
errored,push,92fde5546260412739fc6ad9abc15397a65a518b,94138367
errored,push,67ae2bfeff8a6f0002bfbe7cf9909714752db409,94137768
errored,push,2bbd25cce5edb429b78dd3f45281ff6b1b2756c1,94137360
errored,pull,4fabaca98b350882e1cfea79a75842578e70abdc,94045936
passed,push,ffc6b3c3b3e9d7887ac5b5de1be112d1dff04e28,89164292
passed,pull,acfe63683aeb9bfbdc9be3b4dd2a5264fe7644a4,89093600
passed,push,c97e789db7eeaac96269de2e8478ee68ef1ac7f4,86878507
passed,pull,fcf6391a3f7f50f70e66d61c77c6cd842ec6d15d,86878128
passed,push,0f4a65436478314db955631c64f34b22ff3a9136,86268145
passed,pull,358f8ba754d22bf0dca15a5efe015f8ee0c7f50f,86152365
passed,push,5c05d9369c908328b1f90953216193ab4438ef1b,83079151
passed,pull,f64666583a240826f04b2dcb117548a6371ff4ec,83073317
errored,pull,004e2902bc1d0b4d4bdc52c784de3341afde13a8,83072296
passed,push,9af50baacac1838de4274365d86e641c965ba760,81594711
passed,pull,75d4f4e7d9d5bc9d362104eed308dba65e546bba,81568408
passed,push,992f2dfdee079e0970ce157212bf97ce96e8b15e,78979600
passed,push,ff66d0fe496ad562525afc2f00d83090410929cb,78979419
passed,push,f706f3d84619008a9b6d43b4713c218e238a1939,78979415
passed,push,f706f3d84619008a9b6d43b4713c218e238a1939,78979413
passed,push,3bab1144627b995082150bd9a34abbd94dc98f0a,78751688
passed,push,44d34f2d4c2e3ca9fb4d2590d80b976166d5cb82,78750161
passed,push,ca45ce266fa28213dc58617ce9c30f65cfdd2e7c,78746964
passed,push,d9c03486e15f0fcfcdc758afa183f070131f7742,78746123
errored,push,1ddfc15b108e19709ebbd7a5235cea4ed854be79,78745699
errored,push,859b5ce5017c717a020551b405f35337d12090ab,78745370
errored,push,a3c7e6e857136c0b03c4d61b12bb77cb25ab1fcc,78745239
passed,push,4b831413b83d1d745efa1f25f754a7bdffbb39e6,78744169
passed,push,290358abcd24b0dbe1761ecad866d332b640d47c,78253750
passed,push,3c85065d9de4b529e04d0c649c4e07cccd344c6e,78253417
passed,push,d6d84ad1ff5e0a78c6a8e847a95f23a6b8c90cad,78076208
passed,push,2055c70e9a36c77e6480bcf8dbb4ae904e153bc0,78075610
passed,push,6f08c4dbdd306131141733fae53e9109f4e0438f,78059333
passed,pull,563d01968b4a32c6ec3f30cb32f9a1b8f34972f0,78054908
passed,push,3928e23b96abeeaf20dcfa10237a68f7b40aa38b,77945505
passed,push,88053162887e7863f1ad5958914f61e5ab9bb86b,77945413
passed,push,99726ecd796b0e81be8e6425d7e43edc76ca7ecb,77942639
passed,push,08f5a0272f2561a486b295e2dc1669ae5438fd33,77942421
passed,push,01702ddaf60ae4cd0d1fce816d85ad3856371410,77942261
passed,push,e1dbc6d251c73a7daa93ec9bb19733d6490a5536,77941097
passed,push,dcde5a99429062a2113f43026c9158251f5b3329,77503661
passed,pull,a70dc32bca9251166544660acd96083b46b98baa,77392799
passed,push,17ac6312b59900ac5d75371f621eb31422aec5a7,75946049
passed,push,7ec88446304a215739ea09ebdf70cbbc603164af,75927321
passed,push,38371667eec5ef6e403390217309eb6ac1e06b8e,75927314
passed,push,7ec88446304a215739ea09ebdf70cbbc603164af,75927308
passed,push,c55d530b08e70eefd5631296ddfd2303c98e1d1c,75924743
passed,push,8cc90fee79dffabc1647872c0953c10c1d3cb8d1,75924734
passed,push,8cc90fee79dffabc1647872c0953c10c1d3cb8d1,75924732
passed,push,7cc44e2e2ba3baec0bc92cd9106e2dcebd01a585,75923244
passed,push,9e73b747ae8fc4702549736abe344c439bafef4f,75923242
passed,push,7cc44e2e2ba3baec0bc92cd9106e2dcebd01a585,75923240
passed,push,78e7eaccc5ce6ed64510e06bd34c07e19297e325,75922873
passed,push,faaad14f03cded86591ee555a75aeaeda73c52b9,75922871
passed,push,faaad14f03cded86591ee555a75aeaeda73c52b9,75922864
passed,push,cf39bc81357b3d35ac644ff1a7ee5afdedfea7a1,74685556
passed,pull,1b25e819e06efec865a43e43d10a1ade1edff02e,74611682
passed,push,44c49af9cd9f4f9c576b45f14e971dd3092da04e,66788778
passed,push,d940f808ede76755d6742b7efb90b596268237a8,65059037
passed,pull,3dfa4c30f7c145a06a549eb307460160c7242a90,64716230
passed,pull,d7e08a4bd8bd44f1d912b20dd0096438dfbed3c2,64712601
passed,push,59b999244e8ad9015e77bae06f696443c7ba969d,63666747
passed,push,e6e1ae12afb211d061701dcdc479d8bbf96ec612,63666671
passed,pull,6169efebd30cc7b17608f8e64269724bc754b4ad,63487494
passed,push,bbbf8a63ef700bad32e76c6dfbf55f9d42c17686,59831835
passed,pull,e473722ed37b31419f7ff1a8c47bb2bc2c80a09b,59795176
passed,pull,3149ed6bc24a9ccb269c092d04b19d04851686d1,59794677
passed,pull,b80a3e9d3d0b2cfb97f4426afd065ae1a3af1b5f,59793287
passed,push,ba7038055d4966c7a84d4c7a13caa4d315f560e6,54861520
passed,push,bcf1f7a42f2f401317416ddcb4b1089489c87252,54861477
passed,push,d47e5a172770b31d9aa185d420e1bb90e7ce86f4,54838357
passed,push,68e02cddda5b8565c3bb1f69baefcd4d6f341161,54579431
passed,push,927dd9873162dcfc68f8c72d1daaa7f96417dca3,54579393
passed,push,e4c47d458554ea2ffa94ef790d21be03e4e7b831,54579311
passed,push,89ed9faf5f28b91fb6f8e13b54383fa2604f5cd4,54305995
passed,pull,5c3ba48d1d70fc89bb2160bf7f70f50f90727c8b,54242938
passed,pull,21c2a3b6468584c13723304e42a1c4664557fc95,54235881
passed,push,c7dca10d6afaf30a46fbfd3c65fe84ec89f585f8,54060055
passed,pull,57045c91c01fc62aca67655fe0c9e297f885778d,54018110
passed,pull,afb983a7e9590c4b478d03435c979305928f768f,54017937
passed,push,f5a59b464e4dfa969e8c5c102ee75cb2049d969f,53025021
passed,push,912dab147210096b6064736f77cdb5ca1decd1fc,50491724
passed,pull,e63b725b927181abac0c057dc1b181cabb4eb51c,50490254
passed,push,7c0046e9d140e395d57ebd65fae6c879bc16d6b7,46055788
passed,push,ebe65b499623ec96a0341f7ce51fd5553bdd6f9b,45809270
passed,push,bef4f4353931592ff6474a98a9b7562a9532190c,45536089
passed,push,278b90e3154f4c498d778a2a231e560e001434df,45535745
passed,push,95f297a6be7cd896a5d769ccab9c28fc0d2516a7,45535578
passed,push,728ecf8fd12cbe2a84d67bd479634911042f9ca4,45401067
passed,push,e8f5313185415d1d08154ff9e4dd7d5aa1fa73b4,45400747
passed,push,7df4fc3617ea950384b4427617a4162e3768970f,45399169
passed,push,1314d0f4db35fa95c5bf21fe02fe095d45d57bc6,45245690
passed,push,64d3663e29925056473500eff198b216139bd97a,45245605
passed,push,49c71a0e9be5a57e85d9b49a99c653b1b6c5ab6d,36427315
passed,push,0412d5927e8129810380a6ff02382711e70551f0,36419947
passed,push,52981e13099f06bdb6808aa73a14c2cb23b13db0,36419945
passed,push,52981e13099f06bdb6808aa73a14c2cb23b13db0,36419943
passed,push,a74384b0c3c4c8c20188a5e4b888bf69f3f34c23,36226140
passed,pull,c6ae36db39b66df91fe2a2850f7bcec0c696fe15,36210298
passed,push,5a134b052a1c9dcdb091f372d9d14271493c4f23,34995913
passed,push,0672e514a0cf507d85eb2f80449d3520aff776b2,34624169
passed,pull,daa32b328f4f32ec5fceebf25471308a2d7a20de,34601730
passed,push,cfab1e729e3defe0d408ebd44197f1f70b70c1a1,33359864
passed,push,7c439aa58ff6557641a288feb3e9fa4aca707cdd,32526249
passed,push,2b74468829366e47888ec7bdc8826e8855e0f3f8,32526230
passed,push,35542f7476276a51070dc8635d591ffba076af98,32162553
passed,push,a44bdc22f35277a780b88216a9885e1a6d388294,31985244
passed,push,fff938c5f60ddb47180a51c404e2aa554dc80dda,31946589
passed,push,3d332c415ae61354911145fc9e1082ba2a33ee6d,31946583
passed,push,3d332c415ae61354911145fc9e1082ba2a33ee6d,31946579
passed,push,1b863d0ff582424bf9e03eaca991ce6f033efa03,31713655
passed,push,11957e584d55b6f0cda41ae523889e0562e50100,31713614
passed,push,638e45d6e92d3a33667455bd82c2c7e295d6675e,31520513
passed,push,4c26bb5bcedb92d3d79c93fe2f8eee1d6f52120d,30817289
passed,pull,9b1b84e60003fc920fedb3f346ae6bc167c97568,30816631
passed,push,6576fb4eb2427d2c375a074d8c4cdea177ec93eb,30676893
passed,pull,dba207ee37f741a1a878cdb157e1755c25f1dba9,30676322
failed,pull,e4141173c2bda982376e2ef28b11be8b9089b5dc,30640858
passed,pull,ac7cff77b2637a4c15e3c52de1ee412de6c5ea70,30639640
passed,push,93e6c5c438f251ad8e28c63a2c235f6eb7310212,29862539
passed,push,82605df6926067f7250e56ae50c52f68611915d9,29862333
passed,push,45152b3134d7d4bf00e54040ac1978361f2f6f79,29862320
passed,push,45152b3134d7d4bf00e54040ac1978361f2f6f79,29862318
passed,push,4b41117e3ff27aa75cc5e6085d71fb502fff5acc,28760780
passed,pull,e414f8e8e9a0d222f1682750b0236f5b0c16de8d,28757184
passed,push,189dd2a5c4fbcb20563aba9e929ee1d7aaf7c089,25436867
passed,push,4bd341ed5fd2f6dcc19b339362dae77fa1a007ee,25436774
passed,push,9ad8160dc499e619ab07a1ef904d80679649e227,25436772
passed,push,9ad8160dc499e619ab07a1ef904d80679649e227,25436768
passed,push,c0e00881689cfba8455cbf49195922cbea633362,25424859
passed,pull,b2de448f1b6ae62b7ff4243f86c91757258c11de,25407106
passed,push,06d566d01c27bddafadec34bab250a837ef6eb97,22697407
passed,pull,f83eec016126f65fbda68bd181f84670f783f6fa,22680013
passed,push,7cf04aa1f1d391bec558bafef2f53de333235837,21159954
passed,pull,2544196d7c57732e359ac638d9de9cd9af61c102,21155157
passed,push,9ecb6e31c03bcc367fa4e7892a678109934c39b8,21120735
passed,pull,9a36a73f7f88a9ae74427d28655cd2ec3a49fad4,21070065
passed,push,b08ea427e0f435fdac62eaaa03285f848b7ebc5a,20086788
errored,pull,2166f3b091758fa2fce0725c98971ac33b3c579b,19395358
passed,push,3803db2e4ae253b97826e36434254efaeca4656a,18952515
passed,push,937e2ea30bd6955ecbe6de4d89f6f681a66419bb,18946309
passed,push,3da652628f923d1161426f2f4c1977230cfcf50c,18946307
passed,push,3da652628f923d1161426f2f4c1977230cfcf50c,18946294
passed,push,b09245f4cd9a3ac6d4fc4fb341602a30e7f13983,18440105
passed,push,30fc89783391edaadf99bb70214d91761bdbc7c9,18440011
passed,pull,b9cb56645a6ffd95d95f1e4673c0aa84c25a5675,18285090
passed,pull,8e6fb18b7c428abbde530518b919a1252519ed80,17971863
passed,push,715de48d6b6cc3f72dca853532d60332076b2931,15884022
passed,pull,3df12f214230fc4c7444366b737b07c2ad6580b6,15772150
passed,push,4603175421c07a241f44e5d704650d0feaec263e,15698549
passed,pull,d12b316a5a4e321e764dee475261cf4999867c65,15698328
passed,pull,74a890a020a697ba4590ada5752be064ab3c773f,15696729
passed,push,35f674820b1d14d32c8bd274a3c1d3fbbcacaecc,15580209
passed,push,558c34a48f9e1f41285ddb7e1394acef40edb52e,14969528
passed,pull,8b7c142401d2c491f0576febeb8c7129606c19f4,14854291
passed,push,25fe4c091ff45b1f68039ff51e158bed88572e33,13983423
passed,pull,dcd0b84e2da6438f772b040853f2f4c7b8ea738e,13765329
passed,pull,5978e54940612d0f0f285de669b9fe16c907e8a1,13379683
passed,push,2d08c233bc6fb014342d515352fe5fee864e354e,12731206
passed,push,2dd93c7dafd66b4bad8ef49cdcf7702e7520b4e6,12724065
passed,push,b3824015666a1875a75398252d670e0903d8621d,12724056
passed,push,b3824015666a1875a75398252d670e0903d8621d,12724054
passed,pull,230f407c4ced7623cd15047e4ce186a661acd70a,12518806
passed,push,210897a17dd67e14aaf095823171f71d8ef55688,11934573
passed,push,049af9a8ada90902e1454f735538ba735050d5eb,11926352
errored,push,7ce8901d84df489c2df46b8c8d7ceb92ea321baf,11926343
passed,pull,2fc628b80c754b7f49fa70bf901fad784f5d9dd7,11896385
passed,push,31f7b965e306cf0786772bb2792ee855fd80ffb3,11815296
passed,push,f2adce0c5ecc9de2cec7453083b5ffca20417c3e,11779978
passed,push,ca7bdb224ec79317f3884aa7bae8e490a3d77ddb,11327423
passed,pull,5d3ef76b88552723295a774fbe530da3ad205c49,10897194
passed,push,2619e47377f1f331beeb207a29885c6cf11725bf,10629336
passed,pull,0281ce8e199423ed0ff07cb22a020d26347d8d7a,10618446
passed,push,21ca7419581a57fca98c5fa91f83225fb892190e,9897129
passed,pull,2201928f15bd1842441dace18e21ff03958cad38,9892758
passed,push,2441d37f41b5b1b4226faa38fbc0e4dc5c3c478f,9851438
passed,pull,f0f8c2248ceb55d040d5f5d00320685f039159a7,9849179
passed,pull,0da25e9caca2d1ca5dc8e41d287dad410060b144,9848563
passed,push,b8f2d84709119eaaddc295e2066164e9a3bcbe09,9143271
passed,push,0519a793bb2289bb23b7dee6d94009d89afc47fc,9113157
passed,push,05fa16c9973f48b02d995cc6c54c87e0581fd10e,9113142
passed,push,992bbcc0f0713ef0442ae5a7977575a67ade9d85,9112863
passed,push,76393e9b7161e8305e7add4d5a68a688547b23a4,8970893
passed,pull,7f8f4b63c446325f23720dc2303be78493106dec,8849747
passed,push,c5da2749f22b33390933147892e81c88bd02872f,7703868
passed,push,7e6679efd9671bc379c018d946903bbc306b32b3,7703747
passed,push,ea7135f575804d0978caa3cb870a1f1da69b346d,7703742
passed,push,779940f07162381630255038886865bdf2227f42,7594640
passed,pull,580f8ae359d13f9ad42a6b224088668d380f7852,7583307
passed,push,b351556475fd78a193396c627c3a3d1210d094e9,7507180
passed,push,31ae50073bb54c9f1c127be0974b15719f3d3f43,6746380
passed,push,5edb6620ca996ec6364937c0f3d471589229e495,6746165
passed,push,8ac20a574b688a14f8ce2477dc8116197901eb77,6651347
passed,push,c2f1b99c0a84ad586e4b19717ca60104e4fd1ddc,6493017
passed,push,2f546becb5f207d55c3176f53f82c742bf387003,6493015
passed,push,9bc057cdc26851c3075c17f30c9120de47297fed,6492643
passed,push,50430dc3cb01b6f5aba1d5324a56556fb330b1f4,5719494
passed,push,df98ab10ddfa261436eb051fa1831c8f9c038cc6,5716758
passed,push,ce7eda593869890ca66f09d3f67fea983321af2e,4733203
passed,pull,628023778094f36b7df01762454cc87710fa8dc2,4718385
passed,push,c70872ddfb7e93a24cff523c3deda7a93714cc04,4576176
passed,push,ef3eaef2f63d5cd7b8f88e768ba383d1a0c2669b,4555938
passed,push,b9d1a45eb08daaee107ed79e400da42944091260,4555927
passed,push,444676dea4e929cc76e0200664771ca23dcbcecc,4555880
passed,push,e2465a06361ecaa6c70110b0e916c0385b3322bd,4539553
passed,push,5dac8444b7c0aff148573c0b89d54f7518f306f7,4539531
errored,push,b4a5fb4d5f1bd91ebb1ca1893131496ada52810e,4539522
passed,push,b3f432ab8fda2efe46e04f7877dc636267bb4fad,4539204
passed,push,a73c2caf5f1ab8413c2c0b9624c42abb8921fa76,4539199
passed,push,e51bb4856aa3219c67197de086b2cf8ef8d1df63,4539133
errored,push,2269cf73cf210b9b86226110957c0631ce44940f,4538057
passed,push,1be450a454f681df5c36a840ce8b842d4c75cda8,4537733
passed,push,72b9ee8e3724f1eb1bcba5beffc7e5f907e27d8e,4536816
passed,push,718e98c6216ef98a243756670e686fc952148c55,4536799
passed,push,22a94ef81b1f9abed43beabea95b1176738dc663,3800866
passed,push,19629c0d9c980addf7a6513cf89912f2378b753d,3800831
failed,push,c796e41431416e61b8868ec1c615c3a44667d0ef,3792657
passed,push,501c5ae9de81ccbd52a17ea85a1826741895e575,3790472
passed,push,5f787d27a6d7e162117921b16bf04ecfd24df945,3790443
failed,push,724c4b8cd357aae47d8941d4be58f8578b888f0e,3790398
failed,push,749c48bf3db947181423af6e4d884d8b93f94d48,3790371
failed,push,98f629517d9c5166c96f9045f80b403fd68fbb89,3790326
failed,push,6353828fe55df505a5db9a365f0964526cad0ae9,3790291
failed,push,a8fe480bc1d057ef41c44d2f12580960431bf425,3790273
failed,push,e357ca9887e037962eb1044d19f84c78317ffb23,3790258
passed,push,8845748ba06f6171cef907de128ddc04b85d37fb,263267268
passed,push,e3dce12a9ad8b6a7703244a5f92cf54ea22b663a,263266134
failed,push,2c2576f9e727d4f8b90263c6c4d608c74c896c04,263264994
