Status,Type,Commit,ID
errored,pull,e25504712c2c29e7b88ec27eec73a0f6764a0cc8,127430704
errored,pull,48619422252af7aa58a2f5b09c760123d0e5f997,116183711
errored,push,f8488c3f259cf72453f0b00ad74ba0cf39fc5d38,47707757
errored,push,ac5f2f3c9c1b34b117b78aa41c8992a8a72a770c,47707747
errored,push,ac5f2f3c9c1b34b117b78aa41c8992a8a72a770c,47707745
errored,push,b958a9abaadc97ec95574dff4c207adc887dddc2,47706508
errored,push,ce3042fec2648df8d76dfde4558354dcf1342e9c,47559876
errored,push,0b10c49f564c556a4cde87a305467a6eff8ceb18,47559870
errored,push,0b10c49f564c556a4cde87a305467a6eff8ceb18,47559872
errored,push,4bb21ea93d85e3b9c838b5d085703b9d4b8844d6,47559164
errored,push,d4d459ddef284205d0554c226327689f31637746,34956492
errored,push,9fa1552a16ffb16078a50afed877fe5cd2462860,34949846
errored,push,f88d4914191b96a2cd0a485c942f2b32a6a9865d,34949844
errored,push,f88d4914191b96a2cd0a485c942f2b32a6a9865d,34949832
errored,push,8e20d4f63ce53e32956c8417197dd37a2c8d11c8,34949181
errored,push,4113bf08461957f7b6860c39b4a6b329636f4545,30935533
errored,push,e7f72b1d399946aea8d1eb8b7aa581577f4d7fb0,30930677
errored,push,a76106c5022880f546ac2d687d0ab325618e8108,30930672
errored,push,a76106c5022880f546ac2d687d0ab325618e8108,30930668
errored,push,74917877da269ea5a5827bf534e2f003bf0672cd,30930356
passed,push,9d2101c81d2e1769052e3053f91c3959f8ed5c64,19182471
passed,push,93abc15c57209cb301e571e7f65a9c637f97d704,19180741
passed,push,b068977965278f117a26efaadd05398c9a078220,19180739
passed,push,b068977965278f117a26efaadd05398c9a078220,19180737
passed,push,08e49024fe8394dc420e103f2795354405757995,19180414
passed,push,c594c1d4601b58369ae3ac632c5d811407de2041,19030630
passed,push,fb6e53e57808e2788423071efc6d704d153ad7cd,19029697
passed,push,2a29a11e0b687e62a995fe56c53d419b5f9e4912,19029691
passed,push,2a29a11e0b687e62a995fe56c53d419b5f9e4912,19029689
passed,push,0f09abfb64c5a57d4fe4132b21f3752ecc5f64af,19029459
errored,push,1b7f111f8199d15a55e20e7a37775946f7cbec8a,19027332
passed,push,a41bc633ae22b66f2b3dba8327c2668e381b0108,19027330
passed,push,a41bc633ae22b66f2b3dba8327c2668e381b0108,19027086
passed,push,5ff4afdba322e0bac3ec1495a670bd4db24b4585,19026527
passed,push,5b9555b3568825714a5433470f28624beae1643d,19025976
passed,push,743d9b419a6d7780c4ff09a0c512d8b88606cce9,15439272
errored,push,743d9b419a6d7780c4ff09a0c512d8b88606cce9,15415117
passed,push,d9e9f600ef9cb334f45988afba42fc05375cd8d9,15413215
passed,push,f0a5689f4fc7ab75a3f856a880dd18eac281eb69,15413211
passed,push,f0a5689f4fc7ab75a3f856a880dd18eac281eb69,15413207
passed,push,c697abd9e6b18a5c7fecf88178d2724cd3f07e07,15412899
passed,push,26be3e9a07b7f5baf9b67ec9f26c0e4b26ee0a84,15123858
passed,push,cb60a7fbc96f23f86afc9f0ad4f9c0c1fe24612b,15123133
passed,push,0b63338302bfaa254cf16bbf91236a2092da3496,15123131
passed,push,0b63338302bfaa254cf16bbf91236a2092da3496,15123129
passed,push,9c3f5ac70ff373c1a47e4d5806eefb12f40b1a33,15122084
passed,push,e997f10b7c350484fa8ec2524c32fa2736de6c7a,15005329
passed,push,3a1a00e5a79aafbe0f6c094401482d1ab306f52f,15004261
passed,push,14ddf5bd6c089b915e48d62e9a9cece57c0787e3,15004259
passed,push,14ddf5bd6c089b915e48d62e9a9cece57c0787e3,15004255
passed,push,15c1b69889cc7d166f6fa9ab32be8c1e6810d777,15003920
passed,push,e4d0919378bb0e6b7fc1acc9507d45ac48394ef1,14706530
passed,push,00156b15785e3e24079391d653b4bfc509d9f5ab,14705631
passed,push,854cc01b86358828333bb13d3c82258943f6dd71,14705629
passed,push,854cc01b86358828333bb13d3c82258943f6dd71,14705623
passed,push,dca0faf8bcc019c00aaa492c50ea9dd4a9b082c8,14705415
passed,push,b45a7f14827d9014e0e4a32e0498cb16c06886c7,14694588
errored,push,f7f9f4c91ebb251ed4373c26e147a8f57a53e2a2,14675447
errored,push,f7f9f4c91ebb251ed4373c26e147a8f57a53e2a2,14672481
errored,push,d4794b6fd0430a7ebdc5a8e488e64c4eea5ebe05,14671884
errored,push,8d8725f28f15e36cffa3fc3e65326b375e7bffae,14671882
errored,push,8d8725f28f15e36cffa3fc3e65326b375e7bffae,14671880
errored,push,a04fb2b11e0a3074dad2a3ab2a42dfa97d85c305,14671719
passed,push,34f0cc7159406a5e43a69de4ebac3f7a050e7741,14670627
passed,push,f2903a742332943a53b68a07a3cdea33cfdd1e3e,14657951
passed,push,883c3f39fd5bb56876a843abd3e22045f307b8e7,14653129
passed,push,3e9fc4df8c691eb2b423190a0ce9f42302afc181,14650084
passed,push,e0ea8ed790f81b4e906677a27fb6636c8851a884,14312517
errored,push,371af88f3717a205f50af90a31a168cbef0c85bc,14308063
passed,push,277480a0ddba7ffe6091a20d2e232b1b4d83cd71,14307701
errored,push,b09292f0fbb17e202873c71933a44397b8115851,14304393
passed,push,5af4c015f0ef2baa1ae0a4b4d491b36ee1c1b674,14194679
failed,push,1fc9e780da160846828a200b63eabf9938ed6a7b,14191164
failed,push,1fc9e780da160846828a200b63eabf9938ed6a7b,14190404
failed,push,1032273f1b39d6ac2dbb5e30d9721edfb7ca89d7,14147565
passed,push,16f95803753712483a83128e7e5adbc0bf353b1a,14145980
failed,push,6f0483666fa51d4332fd0072198e3aa0282ae64b,14145978
passed,push,6f0483666fa51d4332fd0072198e3aa0282ae64b,14145976
passed,push,1262b6a4202669b22d52cf0e04bce05144cb63d3,14139406
passed,push,d36708a89c2f10cd5affb7bc4d17bbd4fce3274c,14099642
passed,push,eed7ce00555a3f1c6a300a303d84e2ece661bac1,14099578
passed,push,f43b17b143b76f10f7e20d0d457da9b5fb8c4b11,14099128
passed,push,1ee262fd9e632743596bdd094317bbcf5160df65,14099126
passed,push,1ee262fd9e632743596bdd094317bbcf5160df65,14099124
passed,push,7dfac566ce0b8ee44eda210b5c8f5999108d2377,14099037
passed,push,a96d0904154d56a80d962fad70dae0aa5b16d744,14098084
failed,push,7e7acb3b45ad4ec730354320a5090d2283ec7753,13598068
failed,push,2af83986d5d6825a23a1cc281177f1e1847365d0,13467802
passed,push,35fc349fa6c36e87c89c237d43e0ee89c5a9991e,13467800
passed,push,35fc349fa6c36e87c89c237d43e0ee89c5a9991e,13467792
passed,push,c68ce8e85f37191afd7812942ebe4312080ba5b4,13429988
canceled,push,cb54b1da4317047945f194decfa645ab29602819,13429841
errored,push,cb54b1da4317047945f194decfa645ab29602819,13428291
passed,push,19766bafc8e43f126dfe089656c95a80fefb6d6b,13407022
failed,push,19766bafc8e43f126dfe089656c95a80fefb6d6b,13406032
passed,push,92ceafbcd1c12592ae1dfa2e3169ce37b83d8990,13405567
errored,push,4420030baa07f05a28175f7f5060077c944ee90e,13405365
errored,push,fe7d162fcfd29110c6ea0755f7643e4065ba4336,13405241
errored,push,163321817893bc90a5db71b6f48463bf9d7dc087,13404818
passed,push,9e5b7e61b470d6320ef947a175530d0ee0879499,13404132
passed,push,9e5b7e61b470d6320ef947a175530d0ee0879499,13398831
errored,push,56ca33bb94da19857e7084c95069363a9bdd3388,13398781
errored,push,733e04c997f14c532bded672e3af0089cb34e155,13398613
errored,push,d0d79bee633521ee44aabb96bdcfa7a7d0fa3cf0,13397378
errored,push,d0d79bee633521ee44aabb96bdcfa7a7d0fa3cf0,13385331
errored,push,d0d79bee633521ee44aabb96bdcfa7a7d0fa3cf0,13384650
errored,push,37cfd61f422d4b2b719dfdad3a1f8d564699a8cc,13384324
errored,push,a0f7da20212c1525b090c0f5bc73c2399543556c,13383829
errored,push,03eac89d3dc9534cbfec324189d054351fa9dc70,13383604
errored,push,c8199d21aede6baa46db1aaea260c9a3240564a1,13383021
errored,push,3465b2e0938aabba611bee3041514554098f742c,13377408
errored,push,3cd1666ef752dad5db0917e876b4db061f34fca7,13374759
errored,push,a3bdfa3f71cf975888a8cca21848861bc89d6e8d,13374381
passed,push,69e9720b8f074773a1eef28a01f93e5f33517cf1,13277936
passed,push,42459464f4773170aa8153528dbaa8ecfcdbdbfe,12877707
passed,push,912ca80e545070729b3ef456c191d38535b4bf51,12877603
passed,push,912ca80e545070729b3ef456c191d38535b4bf51,12876802
failed,push,912ca80e545070729b3ef456c191d38535b4bf51,12876206
errored,push,19f62ab814e08ab35dfad6f105f9dd2626ef50a0,12875889
errored,push,748f925a2513df1ef155775aeae6a829a7ada946,12875457
errored,push,31176162c6a5ec5a78e9184b6e74962d2dbbbcab,12873623
errored,push,09721eed1dfaf1aabfc18400e1027bebabe58808,12873369
errored,push,b482a89a21138299e3239b336a1a9b8775316ed9,12873194
errored,push,bb3fcab727676de5ec2a3cbceab7e1bdb74b82b0,12872900
errored,push,a0ecc7f58b738200b7c8c8d6c8d35a6c3264a229,12872577
errored,push,fc813f48b58881d47281e3d5f022d18376f0aaa4,12872405
errored,push,0acd2afe9820f62a7d3f008390772bdb55e16ae2,12872270
errored,push,f1f79b3fde29c7d509fc4548c0462b9176886c04,12872092
errored,push,44b7def8cbc68344eac4814484d009160da190c8,12871904
errored,push,3591bf89931978b6c9fe094155d3d59b95a64181,12871624
errored,push,64be58290c3d6053df19f28d960ffb8fca2b99ce,12871438
errored,push,edc6a09ec37b7dc2bc096f1d943cb7943db79329,12871197
errored,push,1d59e7ee3cbc0ba52083800bd8b51d42597b08c0,12870836
passed,push,90a8fbd217efde7329b1291a4a09a89d162889fe,12870692
errored,push,a1d9ec239ea13b56a01104e5d289e26d0fc92029,12870331
errored,push,7fb8eb7ab17f23e04a266511b42e4450ba71ec4b,12870208
errored,push,b6c59a123a4f18f191302c727b32b6eab4246177,12869793
errored,push,e7fd42f1b12df9a0b2c664ca5a9eec279773b077,12869524
canceled,push,846b5f67ef4c486cca2a19c966a2ea3977cc2073,12869488
errored,push,d19ad34ea202a8924d3d4d43d2016a09e0b30ff6,12869385
errored,push,82447a7f7500c4a6fd28bd30629709115603228b,12869184
errored,push,0fe41a979cc71edec910682a2997e7a59705a6ac,12869114
errored,push,ff289fbfc9c904acc708ba056fe935599abd83ed,12869065
errored,push,a57f1c7aa6fd32c8a71286058037bba5e5fb07b4,12868929
errored,push,c5c6d9c6c34289ef8920605ea3ce0b219c3f3b28,12868865
errored,push,abd498e20fd485e4db0fe22342de9b890ee6b3d3,12868718
errored,push,b7774304c9ba5c5b638b30a644e625389d81ed3c,12868552
errored,push,2cf47670a11ce4ea7572931d7b33b686f0559749,12868326
errored,push,03865c5556155dbfb10c22fcf58f03dae28bce12,12868119
errored,push,13ad977362193dee32ce628442128a8838dd9f28,12868041
errored,push,db6d7512dcaeb534a26894425b67604f1fca8926,12866676
errored,push,4c94450fbd42e50cb84c196b6091d7cc98aa1a32,12866540
errored,push,1f69fbc2fa08a579cb41d7afcdb3a65135962edd,12866255
errored,push,a2aa7e827a55b393077b8f5b740e614667c58e3f,12866030
errored,push,2ee5094a0159ded43bae7f49a8619cdb62e7ba80,12865951
errored,push,510884d7c3890e4fc651603ff712bc7b6255d932,12865933
errored,push,313a302cd162c9b9bd99351a85bd4a989ffdbeda,12865657
