Status,Type,Commit,ID
failed,pull,c53c1ef37ca8b59ed2123bfb50cb5aa2113c3fdf,150665845
passed,push,bca5cb262c018f38ea8c58175df344c7d2345148,116602183
passed,push,be9e3e378f997f5f0fd5092903090c01f35fdb75,116601903
passed,push,29ca1360574ad5e91e93774456b994aa34c740be,115837015
passed,push,73e64b08c01abcbe92d51fb6175b3a57048211b5,115836994
passed,push,73e64b08c01abcbe92d51fb6175b3a57048211b5,115836986
passed,push,ad132a95df3dd3f1411b4589feadf246bdd21254,115836619
errored,push,dbfd0985cd0c3145252017845d12c04957bc4a82,115833599
passed,push,e0b47c30b475462d6d90ed824ba02e03015a3617,115045708
passed,push,882b1ce7b3bf9587478f5c9a5264419496e15d12,115045700
passed,push,882b1ce7b3bf9587478f5c9a5264419496e15d12,115045696
passed,push,66fad5bef8189eae01f9b6ec077477867bcaccdc,115045260
passed,push,7ff021d94708f802cd6435c87618beac0ac1e299,113641829
passed,pull,0ecf2d6a20995995b4af82964fba465d33351ece,113012633
failed,pull,ff1382bb02bedab7a1f182f412d7726267f28d36,112808495
passed,push,c794c3118a5d7afebe830a6669c1d5cfc3755b0a,110181126
passed,push,677978263cba07473318a659de6e42e4632de301,110181111
passed,push,677978263cba07473318a659de6e42e4632de301,110181082
passed,push,cc95467fcc3801d2eb80727a854c71b12c77e86f,110178128
passed,push,34e9e3369e0355ea14ec66607a48a7077958e6ec,110132541
passed,push,55a731b964e646862e338819da4736ef13e3ac6d,110130514
passed,push,f1ace0dfd4981ed47695daa92b08e78802e83715,110065560
passed,push,1b3de72c94a022f6d7e20f43c6400a4aa72edfca,108527456
passed,pull,214274cd5d0352672ce2638de411901cd0d5e48b,108453881
passed,push,93215326cb959f12d0705405fa7d2655854162f8,107591569
passed,push,e4367b17cdda87d97c79ae4e35a1d705940c5868,107591560
passed,push,e4367b17cdda87d97c79ae4e35a1d705940c5868,107591555
passed,push,b1183c07a2930da6f5d55b5600670477ae58934e,107591360
passed,push,cebdd03df0d0442d02afa7be5ab4e5576dcfd6f6,107587567
passed,push,6c255061eaa5eebf00ce61c19aba6e5621123259,107504830
passed,push,404988acfcbfc76b5e2bfc11af80d303a3cbb732,107465603
passed,push,2e280d3bc2bc788753796edd491022f34bef23e9,107231060
passed,pull,c397a9489ae0023f5ee19e27e820dca45ff7ccfd,103169860
passed,push,b27bbfcba18e0c3f3d56ad8a409509644e80bce2,102967419
passed,push,52f6e24d02ca1a9200bbce8d3438d98ca7fd4ab0,102941871
passed,push,be10f2aed208ffb89106a9a8a07bf97d903d2c69,102698188
passed,push,451c28ce6b40db389ca12766d44ce72dca855a19,94839500
passed,push,8d0b7881179819122ec011da4303082208d911ad,94839492
passed,push,8d0b7881179819122ec011da4303082208d911ad,94839485
passed,push,df24528aa712b166ef07da566aa1113ba03ff714,94839161
passed,push,bed70b958301a61327aa45180d4d92cdff923142,94434179
passed,push,964963ccec8054d86bbb6a9eeb393846c5c55d5f,93426756
passed,push,ebdcb58753f443d512fee9de498e9fa1b043442d,93426743
passed,push,ebdcb58753f443d512fee9de498e9fa1b043442d,93368105
errored,push,fbfee4936db7eb5459df452a2bf3f84f495f13b0,93366877
errored,push,9e38db1cbb1c0ae4978cb82a38623714e0a99b7f,93361537
errored,push,f40da1cf04ca9f0f2d5c585f7a77dd39e48d81be,93353628
passed,push,ad6afdc013ecce524f1fd36302b807b40c904c2c,93156700
passed,push,c37c5d3dbe88495e5bf2de1a71418174271776e7,93152268
passed,push,37cfe3cf6e890cced69b8a1365c73e57f79409b2,93149795
passed,push,6613b7ff89a55b827049648481ad61da5f1a51e9,93146212
passed,pull,a421f2392ef8cfcbfdee5bb0c3846e63333e4aff,91469090
passed,pull,98435d22efe22c727886a147d172bd889b14752b,90975957
passed,pull,73a75348bbd196baac9b09064a3803b9f8b371b6,90950979
passed,pull,03ad02f9cd739ecd6d6059cc3d7c330d52c52173,90782913
passed,pull,a9cf25f5c0fe53c59e3620e1dd3da936046ac391,90583645
passed,push,fcf49517b885d7fde35d231daf1f44dd03a1b67b,86577150
passed,push,7bf6aab2c0520fd42d0e55116c5363e507fd2604,86568331
passed,push,662a14923553a6df8c32fb8002af668212d78271,86568327
passed,push,662a14923553a6df8c32fb8002af668212d78271,86568320
passed,push,77bc3d08d50178a87b52295aa4c37ec0679adc06,86470733
passed,push,c45bdd2a7867b01f742ae0685349453aeffbf157,86359551
passed,push,20c67c28fdb2e3163d51bb8691eecea6c354f116,86359549
passed,push,20c67c28fdb2e3163d51bb8691eecea6c354f116,86359523
passed,push,83506e8f6d5eca756c5a9808f98da1c93691a613,86358456
passed,push,c3faed86e2f24ff9685500f1bc97e9d9950a2165,86216165
passed,push,5bf3188d23932c86a6c7278f5ad6397feb401e5c,86203825
failed,push,27620a6402274b4e597fb6fc5c76309abbc1b368,86202272
passed,push,98dad16fbd6a437bdcc968c561cc90ae978abc96,86198091
passed,push,0325075ea30a9c530f4defbed5f8d8099ba9aec8,86022490
failed,push,dee10f8c81861f92dccb42dba0382b39f66a666d,86020464
passed,push,77e895e520eae515efad7b00a82383238a09d571,85936662
passed,push,3871d38656cda358ee8d688c23e29b7f0e3fc33c,85738781
passed,push,9d1174d5f2704d1c978216d4e392a5d0a903dc3c,85737202
passed,push,c6a353534ac091ea47ab224aa41e7ef7753097de,85722629
passed,push,2dcc04906c70ad0373fd4a122ba6f6b4e98b8888,85722374
passed,push,3637f048eb60a3ac65d79ef169a6dc2f74769708,85720769
passed,push,3637f048eb60a3ac65d79ef169a6dc2f74769708,85720667
passed,push,2fbe011a04740c312638e53e30479811fb612326,85717635
passed,push,968bb1ad41da87c9e62fd82c811f28ac5972f736,85715630
passed,push,48c99401394a293cc80d539c5491b784f322c040,85715611
passed,push,48c99401394a293cc80d539c5491b784f322c040,85715577
passed,push,797b8f6bddbd5bb630cb4160454adf2ba36d9b96,85712447
failed,push,7ee901f29b92405b4269a1eeaab4ca7dc29dc4c3,85710927
errored,push,0b4459d93b2abf846624165348efba3a7a43921f,85698482
failed,push,3265167abc25ca6161aff9847cf9aebf8ac9e60d,85694159
passed,push,841f8d3bb9950e3689c6a909ac820cef657daa19,84288838
passed,push,191efbbe43efd5ce9bf29c0829cd242fbcc1daff,82122295
passed,push,9f3d4c0e0851d0093cd6cc224299d8d66f52fd04,81996228
passed,push,095efc735c25057b71b40117bb7b2e9a530180e5,81986857
passed,push,e2573c10173efb88ee1711f689d7d2e7f7d1180e,81789895
passed,push,7ec6a059a0893d9b8b2fe23706fbb6df266d2d39,81349474
passed,push,f2dfff8e247a3f4ae5563ec9b90be8ee9db5fb93,80685927
failed,push,ff85a6390a7b1cd078063c6c18433c1af8c0eefd,80680322
failed,push,99c41651388a6d032733e253ba4db7eb11d0698e,80405736
failed,push,5f9463da306e49e68e19c5d61bb223235378cf40,80251321
failed,push,1afcae232dcea2223be4c677838aafb65b0cbeb4,80228989
failed,push,7ef402e8b06d73c72c8dff8245c48e01d7c29a41,79468650
passed,push,ee072b6dc1b5984070e564a11a1bc48234f4c143,79453155
passed,push,c878de017f95bf26517d7cffd39b17ef8f1da0b4,79446134
passed,push,f5d31468d7a016fafd6d8cc1996e8d34d086a09f,79437563
passed,push,e333ab3a0fc7a1161a655060d9e4ee80dba9431f,79283893
passed,push,16e43321c9f1459d2366b10eb1940b6ce7b8786f,78539251
failed,push,15574e2cc42893a76e32749d6087be3db7d125fb,78100005
passed,push,c89178f51e3a9ab82ab3007f88c30bd9282c4a0a,78045663
passed,push,198ea18f9e20a42f28e9279517b004104cd615e6,76595896
passed,push,c50b68d468d0b3ad934b4dd00b66557bd20dcbca,75410236
passed,push,d20f4de8ec62eee27ecb262cd8006c83cfdc730a,75409530
passed,push,d20f4de8ec62eee27ecb262cd8006c83cfdc730a,75265475
passed,push,b7aaaf8b76ce2ea070bb4d4f92fe2903b09411ec,75072645
passed,push,cb4013aebd3fff1ddb3ede75a6a0e2722e7eec8d,74065188
passed,push,f14b459044eae92eeb33360441bcbc9d91101cbf,74065060
passed,push,866be7b415e726e60846a597dac2f5ea32f03c33,74063984
passed,push,aa0a926774b09fe0eda983ee5b42a7dc9e96a5f2,74063623
passed,push,683253e7cff98ee54f399578f1a7bd93160e28a7,74048326
failed,push,731df050df419fa71b295ba8592a99b91304f26f,74037117
failed,push,d5e5929e7f9e72b8a382411b99bf41e318f2cbd6,74037103
failed,push,eb3f3405f2e6a8aeff077fc4ede49ef636df64d9,72678614
passed,push,76eb9be8d678c0cccc910b3ca5a88006db4e43f2,70603412
passed,push,76eb9be8d678c0cccc910b3ca5a88006db4e43f2,70603357
passed,push,caea4b75ffabbd41e76f5ce362de17361ee15e1a,70601270
passed,push,caea4b75ffabbd41e76f5ce362de17361ee15e1a,70601007
passed,push,59638db0ace4708de168631cc4a0f315169271db,70542781
passed,push,972e81edcb31f28ef6041f84fe2b7e8e097315f6,70542705
passed,push,68f547caafaeaf956264368e016064553a61c88d,70542660
passed,push,273b065fec9d465749c718f9a7a26f28f9517266,70542644
passed,push,62c27bf7c7f7460b17a1276f5634868d644b5f5d,70542374
passed,push,eb8af0a0eb5064d371031a8d496c62b94779ed2c,70542304
passed,push,15c457571b6cb9849cb44d8a99c6809630984f82,70541413
passed,push,59cbf3a194ab5cec4d489ed0a2bca2aa7c2e03d3,70541135
passed,push,2e77ee857af5f4d4fc7577adb6b22a1c4ee9c0a9,70540213
passed,push,ed8a83f5524c389ff1e83496ff6de8f4070c7ac6,70539958
passed,push,889a676cbd313c97cde5a6720f823a948fbfe13e,70536243
passed,push,f67342c4043d7647c954309549aa54769cefd46e,70378383
errored,push,248b4c736dbfbdb617656095cd839440ba7e2c95,70378220
errored,pull,fcdda40a3549200dd32b7b957df9cd63bd3842c9,69902288
failed,push,e03d1e2de8bbf5ae4f4b94bcc8374e37e5d3ea8f,68310835
passed,push,eff9d551ed7cd08d5dde1af6f3fb06b75b2b94d0,68310826
failed,push,0c63d7198858223eb0b4ee21b442c35a7864bb6b,66052332
failed,push,9da970f9ea118af62110a6d2781bb85441934620,66048703
failed,push,1800e4a8e00ab04c4d4bdf560afecd3418c35b70,66043390
failed,push,b63b32f3dabff2009dc0bbfade13e17000911da9,66043104
passed,push,d94b7d010c04f3648960fd1d144792b68f562321,66043101
failed,push,641728539bd4bb8df7e4d56b24997500affe17fe,66025158
passed,push,d94b7d010c04f3648960fd1d144792b68f562321,65528917
passed,push,06d5dc9f86a3c6a6285db001a19f240009f9fb99,65528547
passed,push,06d5dc9f86a3c6a6285db001a19f240009f9fb99,65528261
passed,push,6de9d80df280522f894a39717d804ff5317572fd,65527470
passed,push,b84d1195b9a4cd0ae57ef8ff858cb17fefaf3076,65241974
passed,push,739c83c7532b54c1423ca0060849c80c119358ad,65240279
passed,push,4edef9a9242e4bf3bc9a8ab47cbde2c7fbe8a4e2,65215001
failed,push,641728539bd4bb8df7e4d56b24997500affe17fe,64906944
errored,push,83977f0f63422572dc1adabdab247b056822dcee,64906533
errored,push,f314fea1cf4900f8ef29d72735086e7a4a80de89,64276608
errored,push,ed43c4e7402e56a3de3ddc8a72022350bb7c28c6,64050554
errored,push,d5581234cc2298f32ea5c3478cf555f52b2aa1a3,63131270
errored,push,f71b13ba95ce1693fb7b635c57855d5af53ea419,62931960
errored,push,c3600ef6631a56afe6b17990c0e854b1e5250f8e,62919459
errored,push,6fefa3235d305ef5d745aa71079c91f92d5b719c,62916125
errored,push,6019b8f3ba97fe0f93894437e109a280cc42df7a,62915460
errored,push,731b086ba4b761d045a0ac377cfe328eeec96fa5,62913883
errored,push,f912f7d0aad65a10824b29a686a2119b0ce3ef03,62912422
errored,push,3b316e0ff1e78495290ea7ec3b12be685564f402,62910674
errored,push,887096bb59ae1f9f3d51e786bd410c4705e85fff,62906441
errored,push,12a60520cd6379db739948def40eb3e236f8bccd,62902194
errored,push,5dedf97323d19401af39b47482a319b9db9324c9,62898752
errored,push,a902112d3fdfe42e8b9ef5ac0d8a7729465c5c7e,62896529
errored,push,00ad3a5d08affd6ab062b271dad9f045272916c7,62596123
errored,push,a3327967a0f8b288d4a3a2d62ac71eede9b619c8,62395156
errored,push,6e93ecfe910d3e225ee6442d8cb7c0191b721588,62380461
passed,push,b88e801d4e72b907c5dfae342bbd885950d9f6e0,60208919
passed,push,b88e801d4e72b907c5dfae342bbd885950d9f6e0,59766728
passed,push,b88e801d4e72b907c5dfae342bbd885950d9f6e0,59766500
passed,push,3766d854e012b71995d1f0e515fa764d166e57b4,59761456
passed,push,3766d854e012b71995d1f0e515fa764d166e57b4,59761383
passed,push,0274eb97cf138305ef3b4052bb30df1a4275e216,59742082
passed,push,0274eb97cf138305ef3b4052bb30df1a4275e216,59741260
passed,push,0274eb97cf138305ef3b4052bb30df1a4275e216,59740987
passed,push,a27dd4e8df838382af55d760c94941c2260bea92,59738314
passed,push,fec1925e21838110dc347e1cedd378305fde7516,59737376
passed,push,fec1925e21838110dc347e1cedd378305fde7516,59737002
passed,push,82aa56069e7de77df3d3a31d074c4ede2417f8a3,59734765
passed,push,6d2e7958e5df0be5db3bd4b784ed1b7d22fd438f,59710102
errored,push,6a167f4dca8b8a16ad92701cf65e986e5901cdf7,59707941
passed,push,4dd3016614339f11c6da7835e66c043180e01a0d,59707152
passed,push,f1624dbc9111c9f0d2e93b13716c9f11425661bc,58424488
errored,push,b2636aba5891e96f28ee8eedeb6811910b06776c,58285508
passed,push,0971d045138874851f7cf8c01ea9a60cbb4fed1a,58256872
passed,push,cb64422e418161db0b1e08bf316a631c2f2bcb28,57933945
passed,push,a994148917da24dfc1414dda7b7ff9a688deba2c,57933447
passed,pull,b16a77f81e85b8b6407864e9e586888fa180d940,57477822
passed,push,0f7e875f16ec18ee6e089b1610a4a639f91ca943,57000853
passed,push,0ef76eda9e0019c8aee032337b388c39520b5e27,57000500
passed,push,0ef76eda9e0019c8aee032337b388c39520b5e27,56907244
errored,push,a1fce106840d91e13f6e08817d34360bc4b32e63,56906071
errored,push,d50133405ed41ec5c0ee793208e14f59209a9ef1,56852154
errored,push,08cd31de6e829a5a592e65e36ba92c99a48c12da,56684566
errored,push,8c11e7828a01872d1fba010844460eb4a7df6535,56572577
errored,push,bde2b7e669c4a87fb3046be818d6a775bfc94fc2,56412292
failed,push,4fd10414da04b7a5fa66e7cb3290718fec6a54e0,55797981
passed,push,e1eedbb1c5184ab34cad6340b9a64315270d4e15,55612195
passed,push,23414619ad88fbdcf588e35e72a6bb9f5256e5fe,55379530
passed,push,db440cbe432b1a5d1d56410bc80019a01badb9f9,55365102
passed,push,7bd951e56e0c18331ed2345b51d1bd0198e54c04,55364134
passed,push,1b83c5df45a46010c585c1562dd34af6945cecec,53476391
passed,push,5294b528a2d1a2b06de252655f9127efb3572106,53317608
passed,push,6287f447b35f440c630b9e7ad7ba8b5773658fe5,53048837
passed,push,9b9a086dd1eb31d548820b04020f27ee22a1fd79,52637838
passed,push,ed4db7eb16b51b155f9af5734bd612c4dd98e564,52636888
passed,push,ed4db7eb16b51b155f9af5734bd612c4dd98e564,52636723
passed,push,2ed47cad3ca9e5b5a534cd417f78627e449af67a,52633815
passed,push,61ab729c91247b1927b0d57e3343f5303b0be748,52430433
passed,push,66121ae84b9b75da1907d7fac4e7d646ce79669a,52390643
passed,push,ecee909268710811a1a2c7859acdb921c9fe1291,52291235
passed,push,a25bbbaaa7c694a43b92fa24827e24604230b9b1,52287006
passed,push,f7c06ad87ca2b568454f301e2797f9226893a813,52266958
passed,push,215703e2ed014b185425fcdf32023f228e97f7c7,52133268
passed,push,e662bfa3502a8b7cb55ac22c0e1942308a822760,52121864
passed,pull,d60cbaae14a48893874d57f307b0819d8c56b747,51221785
failed,push,eb3f4f852e4008940b6f2b268c2488a1f4f7b9a9,46775918
failed,push,ca60fb5f9a8272aaf2576ecbb44505d4aa8f2886,46574293
failed,push,f423fd685dcdc5cfcfa59fbce7b14d5bde605234,46572780
failed,push,6d8a7147b09a3a68ff7bd8764e3171b594a5b48b,46438494
passed,push,b79826d18a2ea6631ec48cba29158d4ca0a0618d,46311203
passed,push,4ba290e0e014dc6e49c4e5bc5755b061b52c1883,46311152
passed,push,4ba290e0e014dc6e49c4e5bc5755b061b52c1883,46311004
passed,push,ace74403ccc94bcc49e971cc6e9025b084315cdb,46310767
passed,push,ace74403ccc94bcc49e971cc6e9025b084315cdb,46310200
passed,push,1e8025fa2b11dd9c96b88547d2a057ef81e6646f,46301235
errored,push,0dd1ef934a46fabbb550fe24c4bb833c555a024c,45923765
passed,push,e55e464bd31843e9bc88cb894bfd8e991684b801,45467704
passed,push,b8801a245034a0c3b87b18b03f5fd40b8667603e,45444157
passed,push,7180397306ea951a2941a9eeb3c83f329fe46afb,45380030
passed,push,b5c7428c2cfe1dd5a630161ef32215a50ea29510,45378182
passed,push,bafe18cb19e325b2d90b070bf2f4f26120943e4d,45374932
passed,push,ea74f638036ba3c2bae6342a520533d697db1d12,40867562
passed,push,5bdcad8ea386d0eaa378a206847cce87b53b6a76,40050531
passed,push,5a2ec9daf6619671eb73edde05ad3dc835452b5b,40050199
passed,push,5a2ec9daf6619671eb73edde05ad3dc835452b5b,40049462
passed,push,dfd4178b9eb638c2188fcde5f955403d07fca98f,39946931
passed,push,d54d45644b80d18c9a4bd3e8e678dd034168c23e,39137971
passed,push,c04f25ec691f8a61d64749988579e0e893112e74,39081152
passed,push,fd4bc25c3522f5b0422fa7d53ff89116f879dc16,39081014
passed,push,de2fa7c8e5a4bde27516a489e95f7fdb5a747846,39010532
passed,push,a17161232e454a2067bfa4f3853267ec1ec9d739,37594440
failed,push,49fd1b8b439502ebc5e8e8d6606b1b07e82743f4,37593235
passed,push,ede2deff9862e7fc7ae99d4829704a26194b4568,37046667
passed,push,201f6bc2c281bf01284ba74133519f90ec0794ff,37046103
passed,push,201f6bc2c281bf01284ba74133519f90ec0794ff,37046065
errored,push,c8b45c7183726b6165f4ec46ee24488aad33c463,37045971
passed,push,c8b45c7183726b6165f4ec46ee24488aad33c463,37045845
passed,push,c8b45c7183726b6165f4ec46ee24488aad33c463,37045610
passed,push,771aca1ccf8fa90507ed45fc296f68f5e77fae29,37045520
passed,push,771aca1ccf8fa90507ed45fc296f68f5e77fae29,37045505
passed,push,5a653a59312d905ac811d669e82d738b781b2c52,37045381
passed,push,fbd6b8e7346d8ef76a8896422356a90fb4040120,37045226
passed,push,fbd6b8e7346d8ef76a8896422356a90fb4040120,37044585
passed,push,8e9479c760df7f789a8e14969db354be84a21f52,37044518
passed,push,8e9479c760df7f789a8e14969db354be84a21f52,37044240
passed,push,3af6182e0be06b9b55a0f5620ae79c989bf01614,37044064
passed,push,203a5c9e6d7d4259eeb62b391594663191a312f2,35813010
passed,push,ba582b29fccaaac780b8b6f4175367ff7ff0e999,34995538
passed,push,16ab7514d497a1b2453f51a27e26efc729be3c8b,34994494
passed,push,16ab7514d497a1b2453f51a27e26efc729be3c8b,34994353
passed,push,6b023becf1ae4a9b5a47c6e915e12e9df58ca287,34994237
passed,push,6b023becf1ae4a9b5a47c6e915e12e9df58ca287,34994011
passed,push,655fc53aeab92160c26e9541435252d4f8b491fb,34952059
passed,push,649ad73d26e68018cd1c7ef0b57753f4963277a3,34021238
passed,push,649ad73d26e68018cd1c7ef0b57753f4963277a3,34021154
passed,push,516e02dc2526077f73df7dc5228f4aa13215308e,34020973
passed,push,516e02dc2526077f73df7dc5228f4aa13215308e,34020565
passed,push,a978de7f07e182a8218302ff4b113e550ff76dc3,34017407
passed,push,1685bbb0e790517caca1f45745cbada6062bc24b,31545455
failed,push,dd3a74e34bd90ffc47b4cf2b6beac27e28b4114b,31543828
passed,push,740d8cdbad30a020acc3377b83be8ec783d87f88,30730293
passed,pull,91675f35afd362eba40d66fbc09f90430d863035,30347092
passed,pull,7b0b09ff2cfae66ec074f7e23c594de49a78f751,30340845
passed,push,0e530bebc9c5ea02a5eeddcf521c27c2ae40b024,30331011
passed,push,8df1f0bbaffa324a5c8ee79d52e596a8c6dc051b,30330704
passed,push,1c1be5b812d9329738493ceca56a29ec0138784b,30330611
passed,push,1c1be5b812d9329738493ceca56a29ec0138784b,30330568
passed,push,79de25378be258e87b0f578bd65d016630ac2700,29962736
failed,push,d4e0a39bdb8ed6830d7c2389f41aa9d252856f8c,29454291
passed,push,7ba8e464d08c76198424edc9fa2b56337014aecb,29266257
passed,push,2e0f7e07879f30c82b541a5b274385230b40d24c,29240812
passed,push,cab675ae68d3acad20064cbd8cb6ee594d01a792,29239229
passed,push,d01be7156267c1acf8fe6bfb2b6b50337a474d5d,29237555
passed,push,e93421474ab9b77e8d32db17dee3b8528a486556,29235966
passed,push,772f145c3f892fa8d7e919932b7d67a2c921386f,29209865
passed,push,3fdc55d1dce0ab7d5ed4aae28f7a6194f7e38412,29207222
passed,push,54ff49dc448902cf4626b70a90136bb51ca53ae1,29203673
passed,push,b375b183641c120c8cc4faec298272a49b824dc1,29194903
passed,push,c8669dd8b00923b4a669f0d8140f013c0176f49a,28968021
passed,push,458bfbeddbd4ab4d3910d6370cff625350cc4b5b,28968017
passed,push,c8669dd8b00923b4a669f0d8140f013c0176f49a,28967670
passed,push,6ca1596fa5ac107883cb04d0cab946db8aae0090,28967161
passed,push,6ca1596fa5ac107883cb04d0cab946db8aae0090,28966573
passed,push,3b8f2b395cd4c80f64e4e4d4cde385437893cc1a,28958996
passed,push,09927e2f784fa1adedc74fb3fda5e5010c252d20,28939938
passed,push,8d4003a1777d455d705ee59bcc4832620135818c,28905636
passed,push,c9f2318443f7ad10e8937fe43bdc53d6c0ae98a6,28901692
passed,push,60e1a16beaf5fdfe75abbbb0f7d2122a1a8ffd65,28891795
passed,push,026ab1bac6cdbeb54d53789a47a0d7dd684cc2e2,28890040
passed,push,b6e77b6a63350495e98274246a7ab82a4587d97b,28889862
passed,push,666542b5ba96dbb004ed0af43f317d8a7984b766,28885382
passed,push,fdbffec46311bccaa59edec88eb533d1bc8cff3d,28872490
passed,push,28d48970617391726e0e91b1ee1db36ef885c2c0,28860275
passed,push,aef9cff9e6bc8441ec9de9dfc354dffc6ef74e0a,28681025
passed,push,34df55f754c313621052f1ec02fe0f1d3e2b0b99,28679743
passed,push,f98c5523a05cfd42e8fd1fe93ec0bbaca5427437,28679252
passed,push,8a6d6e2d8e0dcdbb27b2ab0caeb6316d9cb955d0,28679196
passed,push,7c2991c2daea002b98158797a9c19017f5d629c8,28403973
passed,push,7928bbd380ee4a1fe714fe783972b3286e8a1eeb,28383822
passed,push,2245272d964b3658d95814466e36f5c13e9f5220,28353469
passed,push,ddfb7d6e1fa6df65ad72595d7ac4e070ecf809cf,28310418
passed,pull,ddffb16dee92335425bd0f5e19981557695e89af,28309184
passed,pull,a1458d776ef1aed28dd39bd7eaf8bf5a17e63d33,28252097
passed,push,9c7558941f63116ff6e93b7872413c7bd257c723,28236068
passed,push,b5b709db4bf95a384edb3876b2df816c7b25b065,28231944
failed,pull,1d2f21d03e4bd7f18f3ef423c906e09804bcbf19,28230796
passed,pull,705ae10a52f0f1ef699f2def620f2f07fa836b6b,28228481
passed,pull,459e453eb6260c0f0a3ad2306a958ef199c75c1f,28228160
passed,pull,b9f6528a9b047fd8533d5b17aa31575a5d6a52b6,28228065
passed,push,6d74ad6735faa53aa2e16be22b05223dbf9a85e8,28218695
passed,pull,23ba75fc8dc52f42ff37696709b61c61e82fd652,28196717
passed,push,6bf9ad348eca71608577c7dbae2aa161ceb56447,28106073
passed,push,3d2cbe208fa51dd29250b7a6d0a655b0dcee2629,28098805
passed,push,4928723bfedd97c632f3cc5510ea97bebf0d405d,28098659
passed,push,4928723bfedd97c632f3cc5510ea97bebf0d405d,28098351
passed,push,4928723bfedd97c632f3cc5510ea97bebf0d405d,28098322
passed,push,6e46a2d292502d5c02eead80d057bce73bd7049c,28098229
passed,push,cbbea22c4b3ae8476a30f7436c1ddcef7053be56,28097370
failed,push,db329296d5cb46caf596f36f97f756368c8f589e,28040255
passed,push,1e2f3b2073f216d5a587a63e050cd755e3df383c,28039176
passed,push,821540aee4d469f87318915a5e902e35abd56519,28036880
failed,push,59daf03e52f6468384f23915aae88e107f64f1bb,27061735
passed,push,10e0221addc504cc1de496be9174eaf184bf07b8,26918702
passed,pull,f3b375f76a027ab8ba14904f2faf00658dad089c,26865784
failed,push,637497d72d1c7881e94a79a51463d7bf72336661,26450555
passed,push,a2e8cbe99905c0943a5dbf560ec4f76cf796a325,26440743
passed,push,fe988c595f11371913c4247724b9fead46632145,26386627
errored,push,fe988c595f11371913c4247724b9fead46632145,26386391
errored,push,fe988c595f11371913c4247724b9fead46632145,26386312
passed,push,fe988c595f11371913c4247724b9fead46632145,26386233
passed,push,511cf4124ec3d175586c405c0119e11fa38ba538,26386029
passed,push,511cf4124ec3d175586c405c0119e11fa38ba538,26385682
passed,push,bbec466759f20e9ae204a396df56f7e7287ae3b8,26384951
passed,push,ed205c369cc83ba5bf10d0a058ae7ffc9e527773,26381231
passed,push,4d7449c2e6852e07d4d921c4d536c0631b98baf2,26286435
passed,push,49dc174031f1f4c8b7c8b5abc38262db0439cd03,26286248
passed,push,16f822b3e32d8e338d194c844fd634ac579d7c88,26213887
passed,push,3b539aa8ab6e26406dd7704407b99e8c32fc6b18,26206960
errored,push,6077cfd4a1ab51d1c6afcb37d3e77ac6c9ad1dbf,26197821
passed,push,a08fc62e32b0365986b5b73744dfe37098c4a17e,26118760
passed,push,db15dd972c1e55f998d676cdf8a0862f20c4dd08,26115602
passed,push,5118947fa17e9d73c8b956c3df526322d36c7905,26109021
passed,push,c4e5085702f822c9cd7a48f2fb98980dda0d8e98,26108099
passed,push,c4e5085702f822c9cd7a48f2fb98980dda0d8e98,26108086
errored,push,16903a4361871d5b71776eac7dbd825fa805a3bd,26108029
passed,push,16903a4361871d5b71776eac7dbd825fa805a3bd,26107827
passed,push,16903a4361871d5b71776eac7dbd825fa805a3bd,26107739
passed,push,5274550197b1b7b2362049fdf7d3d661d054aea7,26107656
passed,push,5274550197b1b7b2362049fdf7d3d661d054aea7,26107007
passed,push,5274550197b1b7b2362049fdf7d3d661d054aea7,26106967
passed,pull,4b2e3ca1f615be78f758afeeb2375b29e803bbb3,26106926
passed,push,458bfbeddbd4ab4d3910d6370cff625350cc4b5b,26106823
passed,push,458bfbeddbd4ab4d3910d6370cff625350cc4b5b,26052547
passed,push,458bfbeddbd4ab4d3910d6370cff625350cc4b5b,26050455
passed,push,4f16e27cb6aa87f32061aabbe3e4a2c60ea00f0b,26049721
passed,pull,d03716209a311962c56be83280f3a1bd6da9df22,26042662
passed,push,a659e8f65e016e5f4713783cbf4585db2825e624,25948924
passed,push,a21afb015a25dd6626f2f42aa681a6e10340ea26,25947747
passed,push,ba6ff8e7ec4c2b2a8f147f984a08b82ff67cf6f6,25947456
passed,push,bc5d2ab9ed8feb14f98a9d8fb5b131d5af4f53ea,25938119
passed,pull,6ad509ebbf92f220c4c187a2c4d82bf6889ef606,24980868
passed,pull,e5b42f8a8d1e68a6dc299d1ad74a9c11f78efba6,24967513
passed,pull,5a60ee241266106196de469ebb61395698e42dee,24794160
passed,pull,73b1f0615db06251b2da2cc62ae740b6eddce517,24780805
passed,pull,c1babb38a4c77d16cada37cd4608f61ab1c925a9,24748417
passed,pull,814915b88284935934a8d29ba08ac875e93c37f5,24685581
passed,pull,fd40b058bfe7b8c0b745def4f41826243f61877e,24623622
passed,push,91f317f93a2e25b989faf624b76a2081785b44c8,23022401
passed,push,22cc81d66b127e10098139d6df4c625224480c63,22970294
failed,push,8c015b8dcabb0a12e9ebbdc343f0e294104011b0,22803297
passed,push,fa3ffeba1ae39f78b06f7ac0f59e16364d8a1431,22677741
failed,push,0a2698265786cb9fd6b17ed88cb9ceffcec1852b,22611247
failed,push,d0d1d9931037b48c624152ba4ef4ccc2239f2489,22603515
passed,push,a9b4a2ac4b53f564b650dc70957b1e9292090d3d,22531619
passed,push,9d501fad571a67c6fe31f97cbdcea51622e7f885,22515521
passed,push,72d8efee1b137b223ea1079cbb41e9da69d22d3a,22512300
passed,push,fa6ac5055566fc71baf6fb093f89adc71c2525f7,22512267
passed,push,d2732399aa44ad77832d73ff4759b2078f7baed1,22512196
passed,push,6a0a8a3e8a60e4cc75029aa911a64b2bbe9822ce,22512047
passed,push,a5487c58383078d69129cff93876da98c94c5dc3,22483814
passed,push,523a43297fd2fe0c5774b3ac5d9b18c676a7f721,22480542
passed,push,03cb7286a50792ecd3ba69ed8f6251a3cd4ae5f3,22480531
passed,push,03cb7286a50792ecd3ba69ed8f6251a3cd4ae5f3,22480532
passed,push,557dabf7137939794505c95b8575b57e83591153,22442242
passed,push,af9e2f250c8c0546febb1533b5797851e9bcfc90,22440185
passed,pull,40ded4eb6f3b16b36baa632408fe42ebf21deaf2,22261283
passed,push,484191ad16a211bbc9b04a4c5956339f7cee9976,22260573
failed,push,6831704115ec97065b52dce08aa6fcc1864874b8,22258281
failed,pull,31219795cb5cf247e7a72397683e7e46cd8712e8,22257005
passed,push,3be677f1d7c6c880382db642bde299da75688d72,22213187
passed,push,073bf397bf79229bce2d2d0afdc00a275ab9c452,22164698
passed,push,2442e0b1a12d001deb84e18437d5e58dcdbf2d46,22164696
passed,push,2442e0b1a12d001deb84e18437d5e58dcdbf2d46,22164688
passed,push,cb420c0621105639014bdcce41b8443e3e9379d8,22164658
passed,push,32a9b65dcf5252904ab0e107b46685c74bce3299,21932849
passed,push,6e1ecd7433da8ce539b3d4adac8a426b705b7e80,21932769
passed,push,ba7b0534782dc8916d02eca1097e986ef1821666,21709938
passed,push,10a956a15e1c80b5260e194163d444fc400d59f4,21709807
passed,push,93418889dcc76be2dc7e88940a674eaf97bd7a09,21709023
passed,push,e50f038b79fd29a2ed408aae41ce73eb177811d2,21437586
passed,push,57f8e49acb80725e86f94667a4409403aae0ebc2,21437581
passed,push,57f8e49acb80725e86f94667a4409403aae0ebc2,21437575
passed,push,17f49220c240249f256074b8414e75f2f20e63c8,21419925
failed,push,2184bbe22793580f482ecabf0573e81a1dc4c728,21409783
passed,push,5977bd072b2b02eb643d496e1a352010cf8e51cd,21386009
passed,push,5815757bd3e77f090c97b6da74cf3c2324296bc4,21364065
passed,push,628a37a7a98b7c52e4c7b1ab655412f4a4128efb,21363171
passed,push,0469e52b170057b457ce288a23ccbe6c53e4dfec,21332528
passed,push,e35c763afa6fe7d2d358c01e565339908cc443d1,21332504
passed,push,e35c763afa6fe7d2d358c01e565339908cc443d1,21332502
passed,push,3766bf0fb49ae9ed440b352315a28d732c4a366e,21332432
failed,push,101af7216e32c270279f77bda59bcdc75416b45b,21332138
failed,push,15584a692108c02894e2c5ff6bbb7e34f160b5d2,21332134
failed,push,15584a692108c02894e2c5ff6bbb7e34f160b5d2,21332130
failed,push,982c16200807a02143f14a932c8119dad4c83336,21331945
failed,push,74517c9a3e4203590f18b98d3419eee3600336a4,21160129
failed,push,fca4b61d24f56f95ebaf4468e3396f376fb9a0e5,21128986
passed,push,db0fac60ea3641a83b6959678a3614bc6ff9c5fa,21123949
passed,push,ee9a956b2e9c8de695d8021d1463a39195096f9f,21099095
passed,push,9eeb08811c49c6ac757c13e6f20dd5a3698c6e16,20441911
passed,push,1c83a953b37b1cd5b8f4872cd3999ebc36a16930,20441909
passed,push,1c83a953b37b1cd5b8f4872cd3999ebc36a16930,20441907
passed,push,68b2193dd86ccb89ee0451e8c0c54d118bd98d0b,20441835
passed,push,0cbf6ae695f4ad3d26196c7ff4a42e1dbe51a299,20441704
passed,push,948bc9faef3c10fb3e5bfabcc09a6f457cab51f1,19062192
passed,push,e1c9a7a6bb81a89f91db8fa9b57647ed68691501,19062190
passed,push,e1c9a7a6bb81a89f91db8fa9b57647ed68691501,19062188
passed,push,750ef591483e8dae58a078ae510f8457bb3a388f,19061792
passed,push,ccf9b421a4d41072b52f8b2a8caa148566f12ad5,19061227
passed,push,bcfb4ae26493ce9bba07732931be749a4f764fae,19026162
passed,push,84da0c92585625a87764a0d3ac9d01476aba5d0e,18952873
passed,push,3faa5625984b8f535a2f70144f179fe63dfaa3e5,18950879
passed,push,573db1b373fba2ca3e085780417750802835bf7a,18937363
passed,push,bb2d597d310abbd9daff58b61fc1e24d4cad69dd,18936245
passed,push,155c884e924635a0e603a00cce9d66bd8a36a6b7,18935798
passed,push,ac446a496489595c5927ef3793a4a26fe7c943ec,18935327
passed,push,803941f829cf6f9267e59a925621e45299436882,18929279
passed,push,d46a415290483eef0bb24ff88d1a669166676b23,18928815
passed,push,fb8d3890b1febb44808008b3825ab766b21f99d0,18925938
passed,push,5797336cc7be118025db17b3c582ad8803723619,18831157
passed,push,c39490d82afe77ed699d9d659a2c7b80a41d3bd5,18831155
passed,push,c39490d82afe77ed699d9d659a2c7b80a41d3bd5,18831150
passed,push,d713773d065e4a99f057b898cd0585e0a50c4c60,18830689
passed,push,29fe330076a3f378c5e5ddd83e3dbdb7c9e38eaf,18811057
passed,push,547cdcebe37d9d27c64db34f329a34c37c672198,18792623
passed,push,fa8543b592ec2816697e59ce6b0d485c03184737,18791830
passed,push,a0f52d65cbfc60135561c0b198d021f97578d153,18787895
passed,push,426048d2d4c1b78603dedb2512c9806c619efb33,18767023
passed,push,f6b2aefd2b22068345f9d94d3ac23b90499a5da8,18715315
passed,push,49568bfc9c4b21b6bf978dd9adea56aa8a074f2d,18683446
passed,push,5eb4c7de86c61b8c6395c2575fbbfd36e73d507c,18580692
passed,push,d8f0d04c0c72dd69b8fd0f3f3007304fd14e27de,18572242
passed,push,3d71a319eb7a95ad926ddd824896de13360fe282,18567259
passed,push,0c6207e9111627043a9ecc5748bc8330b7e95687,18521625
passed,push,5f03b2d375432834c4d84b3e764ef430303cef17,18446361
passed,push,46f74666d7eb1c1fae87d0cfe9f3618603bfcaa4,17133050
passed,push,4286dcb702d1c45167b73b203db81409a14635c4,17132788
errored,push,7e3e7a721ac2c04bec43702944dd80599d1df219,17095358
passed,push,471841d6496875402f421a24b82a7ed15cf18af1,16945039
passed,push,ca8bbdf894da444ff974802c0fd2bc15730954a7,16945037
passed,push,ca8bbdf894da444ff974802c0fd2bc15730954a7,16945030
passed,push,cc6f69e60b73e3b8786983bc1da109758af17b3b,16944982
passed,push,e6b6b916ff23a036ce5649731676816c0b2697a6,16943621
failed,push,e35129e67536d3e4a828c7b5bfb2f70f86992bb8,16937281
passed,push,363ade0dbbb9e0e7a44290bd7e4fa4a7b94f0c20,16932942
passed,push,1ce4219e86238b7d32d990faf8c321458823792c,16932940
passed,push,1ce4219e86238b7d32d990faf8c321458823792c,16932938
passed,push,cd0fe76806524c81b7adb703d983fbe4d62fa2d0,16932320
passed,push,72317cf679c2e21955f9b361164434124f162115,16932316
passed,push,72317cf679c2e21955f9b361164434124f162115,16932306
passed,push,cc0299c8558572f8521a47347f9d78de15b0507a,16932262
passed,push,35ee15c60e663f887230d038432049f57da3d301,16932135
passed,push,2d1bdfc1b3f84e45db24a905715db6deed659b9d,16932003
passed,push,d5f72cbbc714f4b78a4de9b6d499834cb7d952bd,16931471
passed,push,a02e5ecd29e5eea80ccc265078d8f7e4d5cd9c6a,16931461
passed,push,a02e5ecd29e5eea80ccc265078d8f7e4d5cd9c6a,16931457
passed,push,41ec64453617d90e338851c7def07b733255f3e8,16931158
failed,push,98e11473d909ca0c1b21b543e24b95f349029018,16930647
failed,push,1317e4f1b0748cf54ed76b96cb76c9cfde407000,16929565
failed,push,9b6ff057be22c3c875d0eecf3a74165812591778,16928580
failed,push,6e520ef0aa891fa5b7a522ab11c9ca60d1ab9d66,16928539
failed,push,86cbf9090e54ccc9f92390755e1d7474f758a1dd,16928205
failed,push,bb3558917f00150baad54834d6c18c27c3b44a8d,16920977
failed,push,efe783be1343a6d9fc331a0c582ab475375e779c,16867494
failed,push,034ab107b9aac107197857def3fa68e3c6d0540b,16814188
failed,push,e4d848ceda2a70e21e881bc53566f1481b31c7bc,16795525
failed,push,fe1176bc8e335a84c7b5abb53ecbdd9ea9f235cd,16793620
failed,push,ccd5cc836f9428d778edd8a38f5ae3636c948664,16792129
failed,push,ca77bdadb4e7a246a83f72dfff2edd9daf84c32b,16521480
failed,push,34bb91f1e513f7ee3d48e5d601e3391df9582a25,16409009
failed,push,00b92b8717207f5a18d9bc69f3e8078669efefbb,16392194
failed,push,f7a46baeceadb8440986dcacb9fb8388d148de20,16392104
passed,push,626226e6e7086f9b8499ee94453016d02da42f93,16071928
passed,push,9f00d35e2f02795bb82229660dffcc981d017430,16071926
passed,push,9f00d35e2f02795bb82229660dffcc981d017430,16071924
passed,push,caa2bc3d84ed25102b184822e3b7b0d08bd6d89b,16071841
passed,push,f547cc0b6d000c1d59bd94ef447e12ed782b40b7,16007535
passed,push,e84ac9699894f63af7fe5518d2628de6dc5dec42,16007194
passed,push,cfcc6a1f348e9f046ca4ff7d91f7f75a5e6a7cb2,16006136
failed,push,0c929caac75ce4178bddc78511a59064321953dd,16004291
failed,push,c8c9c884d16a79317fad85cd4f9ed676addf0cb7,15988068
passed,push,06da9bd2bdbda3ee9c746bf13bb720e99c62fc61,15818996
passed,push,80528dcd024d81c71b4256ee24090688853f146a,14975293
passed,push,85dea226d0537ebe56dc5e78d7f18b0c3fad490c,14975287
passed,push,85dea226d0537ebe56dc5e78d7f18b0c3fad490c,14975281
passed,push,4233a6cc66bf15a43655c79118648918aaab5ab0,14975225
passed,push,dda40d9165dc726228ee4cfd63631821e33ca019,14948617
passed,push,e43684a1d642dfe99ddeae424be4f703060d83d1,14945081
passed,push,f9f6ec7f5b999cef9a527ca721527b47ab0be787,14937192
passed,push,95bc2d1c49c3bf1007e01fca8a8993a5c0f5e496,14886083
passed,push,aea56a36ae5e74eac55c2006ee703f1b88b0c0c6,14884608
passed,push,3c2b7050ba2f7fc2dc0e3721d1cf67271d44dabb,14763734
failed,push,0c602a9951778b5217061931dc8f3b39872db116,14763094
passed,push,7c758d839965d5444f2139fbffa952333755323f,14738482
passed,push,3c73ab0818824b5b9843889d5474bcd1b067e4c5,14738364
passed,pull,e49caa36ff6e6e0e4f0fa74d1c2b4d373ead091d,14612315
passed,push,f1b88487d32e70fcd2ad8d38539faa777dab8457,14606630
passed,push,1e15a161dfc327f37ef84859454d487b93c787f1,14606264
passed,push,165f053c11e9b86b0dc545f231bc22d5b1a7c45e,14603245
passed,push,548ccd929aaed159be8348a4237facdb6f1d6fc9,14260025
passed,push,44642f06964fdda0de4629149be6f74e75d8156c,14259258
passed,push,8377e6c5625b63608b7605c96c9eabed3285d73c,14246414
passed,push,b1e20c48ca5a41c11e9db40210f540d34ad17055,14217485
passed,push,14d9781686e87f0de236c6336a736ef6ffd99d8d,14142897
passed,push,e769e0303f4cf646c9b10b7f4ecb1b243b04d486,14014700
passed,push,418e956cce0021fcd01049374f606b082ec13ae4,14014698
passed,push,418e956cce0021fcd01049374f606b082ec13ae4,14014696
passed,push,607dda40041e8494294e713bd6594136639b3543,14014612
passed,push,ef60e530aa5c6ab7a6a364641fc94059ffb84ebd,14014354
passed,push,4f0bd85fda27fade4c8a718256944245d7782238,13759599
passed,push,784292b5f4876754259ad684add2a9599d107357,13724539
passed,push,7b05d6fbedceca4aaac1d585ce8748273c949385,13679663
passed,push,c01b97177a02432994853c0a80617e9e8da91de2,13534111
passed,push,d6066f3ce489491072e219dfd1071e5eee1dc64b,13398138
passed,push,d84e1be595c2b721c3a9df85911c197625b21b28,12318772
passed,push,d68bf180b071405f557a7cdf4fca3f02085260c2,12224839
passed,push,8c50a148aca4e88e8cf7979373c930d687fec031,12224834
passed,push,28d0e23ce4a86e1e96d87d9496affa59e877d7eb,12224802
passed,push,29bee4d8147914bb36d2d7afcba8ecd886a4a838,12223946
passed,push,c186106990068513b1dbb83e60f8a742aaff79eb,12170728
passed,push,b1b9d20ba0553dc22fb9c2ce4a87162a70bdb1fa,12164071
passed,push,c6e52530711b4b03b1d4b7f7cbd48c64b0a4392f,12139300
passed,push,ca61f6cbd63156f4933d645a0fb7298a2e62d48d,12131581
passed,push,d745e2cfff123394b87af8d4858d147771313856,11902473
passed,push,64d4f1fae2855b53d2678a60b5a8a93141f30103,11814245
passed,push,f37dd1e9b75460a0a4d3e441a9ef94db4b3e0dda,11813797
passed,push,557f456e5c70c3992032e13eb4a6db47cdf4e4ec,11699110
passed,push,81bb27a7accfb0ce2b30ee97aea7fc80c13c09ce,11613596
passed,push,f7dee73e2d75fbb90c2dfbf7dd5642b64f3eb946,11382786
passed,push,cf90c845355ae33585aa4ae1e8f46d332836c105,11382778
passed,push,cbfda13bdaf5fc7d4b4c8c82851c22df4177240a,11382748
passed,push,7ea92e7231a7e3a48a571eed440ddc954a0ac0a2,11382428
passed,push,ff2f9d9ae4cc80bafb86d82d6cedea8f38860076,11382123
passed,push,3675ea40aae89e1588e4d162a596c1f2b07b74f8,11369223
passed,push,3f226f642825f6475cd990ba6fdcfff53bef6d0d,11369147
passed,push,1c80ea2fecca09e7089666dbbb2388cd0dcf2bbd,11369083
passed,push,f7589596b6e260d7a7c550365867d884d1ecd7d7,11338085
passed,push,df6a43524c3264b013f4fe0bbee10a6f2a6b8eeb,11327348
passed,push,ebd5adc7ee44fc53c31ba16f4316aa1e96951edc,11321190
passed,push,a6f3afcc4b4115e3dcccd5b0ce5bb11157fc25e6,11319609
passed,push,3f851096419e24668fd365cafab745a8ba65e597,11317457
passed,push,1f84259fa41caeaf82fe20b6314b82b1e1cca58b,11316099
passed,push,a575225ff055ad706d2662b9e8a64a73a2383ba1,11315013
errored,push,f380fc8077871fc3ee8d9f2b88c382a2b31b7da0,11314975
passed,push,c17807c101610a911c79a3eb51365acc28ef5a1b,11314536
passed,push,e43ec1d874bf925fc54c724c09555fde2ff2d14c,11254649
errored,push,a9b04ea7da47ed9372046226f5c0491dabe4741f,11253331
passed,push,5aa5dc3800267566b3f1838c15eadb9f9ee9d321,11238708
failed,push,d07b47b1714370e7dcbbe9ccc9f44a6386f78101,11238552
passed,push,369c745465d316ba933ff8921b7bb317d299fe24,11188750
passed,push,b93d6c53e6ed529ecc1fb95d300e3bda1877238a,10895557
passed,pull,e7d70e79bd41a7008c0fb96c56f9352a992d3cab,10895041
passed,push,d59a7e9f501a8c02346a78d9a7fd17e196e29954,10871276
passed,push,edd0f6ba83cc4a7ec007d55cf0617dcb3fdd6b66,10871274
passed,push,77731726f6a6042b84ee9cad61e85cc8fecbb2d3,10871180
passed,push,45cef9fe5795b9a43c6c59a2ac9792f86f673ca0,10854509
passed,push,ef4112411815a23b5592c61bdef003c3787cf98c,10711037
passed,push,ccafa53b1dc1420fb2032f47bec584915cfaf5b1,10710995
passed,push,54dae343b8f29cff247e3cba8cc9914f698632b5,10622679
passed,push,7ca7f3fd17c1f615619b1b39fecc9aca7b61a74e,10616475
passed,push,b5ce2f24c60e58f8262d32cc07fdb3f32f5c4b1c,10614466
passed,push,a1c89177e2b8d0e28849f19f1d3f794143ce4a6c,10593109
failed,push,43455badee9d6581acd17c6fba58e4d8ed1dc432,10563398
passed,push,797b9c6cc06a22aa5a7eb77b5a6963679a58211f,10382771
passed,push,327119f062468659faf9b4ee63cf7a29b218986f,10279817
passed,push,909cc09f4601f238d5a9801d0fd59266130a3d7c,10279815
passed,push,bf9038d008fb5a3936b97a0004822af5193f77c7,10279329
passed,push,a0b4987cb68c97335da2773a5157f9fd79570bea,10276680
passed,push,84b4bdc4b5d85e47182e1de368a6819eef60e427,10276353
passed,push,d416f404db4ea618704948b31dff2a690eb5fb46,10276318
passed,push,0e4d2347b38a78d257982ccbc832be98ef701c82,10233550
passed,push,63b717c7feb57a1ef168566a9609ef4329f0dd4a,10192881
passed,push,d3d4dabb2e4a5985fffd76c753ac703ec7033cad,10192876
passed,push,1185c66da6a14ac481e435655f40c3c23ce7ae7e,10192855
passed,push,3fe32d8c7f0210c86faa1c3e67ff4d0c38764479,10190982
passed,push,e9a9d1be6d065fa9837ae8775175dce45bb53046,10190002
passed,push,9888e35312a4549bec769ebf8615919f1920a152,10188196
passed,push,afe3ea7bcdbdf801a3901e18ddd65ddfe374f25c,10150821
passed,push,a4072c4dfb80a5dfbe6ad10ab23d1abaebe882af,10147028
passed,push,60d2b33c47c7feb1c904255aa56cd6576a0e55da,10120533
passed,push,6998927d533447dc0f8d292c74cada1865a7fe71,10111956
passed,push,cffa33844e4123a51ce827850a508879266b4d3f,10083555
passed,push,ad3801eca2de2c064b0b2059e9c4f295e45fda38,10083485
passed,push,723d6f306748f044a1330dd5e4e6fd2712a91599,10083429
passed,push,bdb04fa66a545c7a1da7e0faf4ddb81d3fb18de5,10081911
passed,push,55e35ed42be4005f4fa58a0dfdf27ba342bcea0f,9269642
passed,push,a68b70249d26673a6cc1f1a0a2dda1fcbab23590,9190593
passed,push,630e0cb596cbc0cc046ca78ffb56acbb525d8abb,9156467
passed,push,e411b641be38eacd9f14f567277d8267aae8e0cf,9155587
passed,push,4ff75524825dfbada06746b2fe26925e1a2a2ca1,9135239
errored,push,fbbe92fcaa84254bdb79b503bb7dd43a07a9bccd,8968759
errored,push,528a4b1a736a04b172724a3941552d20dc0bcc5e,8968190
passed,push,bbe6d1e90af79ff7baf9c16c146aa5c6df003db4,8967744
passed,push,2b14a3459632f69b1a0d087642bbbba31259f084,8967562
passed,push,ac2d5209cc8392563156e2681aa361891be9b413,8964086
errored,push,5a2aaad5dda73b544cd38652e4523a4636a06c7f,8963099
errored,push,cd9ea7fad9b1437d2eb7bbf0b829251b00ebf51e,8961960
errored,push,55d0e2a19461ffc5413a0eacd5ab8d67726ca3c2,8961040
errored,push,0f45a7b68ebcaa27bb26253e16f65477643d17d8,8959307
errored,push,cdb2262774b01166c492675350387ee3ab29e0cf,8927892
passed,push,6f7668282bf74e0b3fb9d206c50c121170176bab,8464869
passed,push,d8b4bec42bd7ca204b5cdae68b591619408a25a4,8463354
passed,push,ef94e0e81b5171e17a24ebf655ca04a0aeeba1cf,8154552
passed,push,9b24247bf2a8de7496332f85c26b5876e473efd4,8154550
passed,push,f6db5fc9f2f90225d846c8422d8d89bab06ec90c,8154526
passed,push,b2fbaafbcc542ef9e6243122e414d8a359eca242,8153922
passed,push,88fd3c6dbe54a04a83738a07bfee130eeac1a4eb,8084687
passed,push,8bb461969c9a21a7a7dbd6909556e43e73745f81,8084345
passed,push,fbc65ea4eec2d27c3bb0a4618f6256437de5d80e,8084077
passed,push,c1da4f8e4d64d662c4071de4f8bec609d0fffef6,8080170
passed,push,ac27b6b40dfd7944c0778d8fab098479ee6125ba,8079137
passed,push,3a95810670b46a12d3b7fd7c21aec7948de1d41a,8050737
passed,push,519df22b2212c2f8b73920fda8f61a307ca521e5,8050230
passed,push,96cde15779023b8c8608df1b1d7852d2d039cd05,6920895
passed,push,c50eb0d9c969b185f567d677d8a8b7214d64b9ac,6582305
passed,push,aaaabb468425ff91e84078bbdb2a12d9325942b1,6566052
passed,push,27f9d155b30ccda3899e061e340234b15d4afbf8,6512437
passed,push,960f400731c26166053f137d162b705d74cca5cb,6512435
passed,push,51767903cfbd270b19098dfff9f381faab63732e,6512333
passed,push,476a95bd16967fe6a6067d0cb46c10796af21221,6510004
passed,push,c22d6179ffde76c05e66aa7fea70983b9d8c4b2c,6502422
passed,push,b5ec9f7e21bde18bb845fa61281a20b2da0a5032,6502205
passed,push,d733f6139628a9730e138ea35cc6679813ae4a57,6500499
passed,push,e12d384b406b248543f154ed50ec4c9176eb6b6a,6493171
passed,push,2f0caf2e3f8f2febe973248a510bf70c705575c5,6491891
passed,push,bc6fa4691f494ac2f2a2e488bc8a218f40436394,6491676
passed,push,e392d297500b8ec3c2591293d3390039da5261ac,6484073
passed,push,391377d42a25702f191e4bfc6cb33183b8a9ad7f,5908985
passed,push,ade697e70e3b9d8cb18cbfd350d14a5313e3c0a6,5908978
passed,push,40d35bebe575b945c59137166b41f1c4b4ae8dbb,5908466
passed,push,724d84ac49e1b012a3b46613dab0f92786fd6af5,5900671
passed,push,9a82a3d9113f381616b25a1b7a7dc16d17ab71a7,5899530
passed,push,b1990cd6a5fee7a5fb8677597d782a1647b90d23,5898939
passed,push,1a9ed9b886d8719ed468e0bb804084c7e5502395,5898757
passed,push,a03dc6bd865484de03f6ac2dcf49d138dd930408,5834634
passed,push,6bb6f99162d8a70893617f9a639f064e16119f3e,5789497
passed,push,3313c45f9b3bf3ac1890c03cae4d8bbfe2a41875,5789485
passed,push,32ddd3273c173d84b43a3bde1d9dd43f8ee124af,5789460
passed,push,0bd83f9d2e04761d6b067081307b4b5d24aa2890,5781828
passed,push,8d963dc363ea000c3724193224c49de14c143969,5780906
passed,push,bbef9595af231ce1bef152e114141252c35cdf94,5569123
passed,push,2d7bb0e523c60a7c1262d231ed10c7ec521f1d30,5568853
passed,push,10a67b4b54cc1cb83b1fec2ccf7044ad2f14e242,5382833
passed,push,727d1e997e5aae37074427013c07a02de9cd1693,5366411
passed,push,d33146cf6a7734720f585d26d5f8809f991e5c98,5354237
passed,push,fe994dd86494369417186201ac45a4db2e3e9a97,5343334
passed,push,1403ebbebf6b816edcc1d059e2b1dd87ddeea734,5298746
passed,push,9eb45434d7b8501c9c2d81688fd00e26af5f753f,5298744
passed,push,848dfb0b63b806c9bfb3e42138e86f12c6d5d0b4,5297322
passed,push,9183e4f54c0bc389df79ac03144adfea3f07bb71,5225201
passed,push,4317c7c4fbcf4d9840cd2ca8e1273e17ff2f977b,5185092
passed,push,338be69f10c65876914c93f0c1eebaeb362e3979,5159531
passed,push,b06059d46f7af4edee3ff29cb671fa3e57605ec0,5157364
passed,push,0a8eb3effa327b09b3e9c0824d4b70cd5d5528c8,5133620
passed,push,37f332dcc08e5c2a8d35d964e47dcc1ece491d2f,5133611
passed,push,ca0410a2184925e5bd47c016279fa38e73db79a6,5133559
passed,push,c099a497d518344cc7dfac0201bbf8f3d1e783ad,5129612
passed,push,57cdcd63a2544a6ff78ba9fe43003e871eeeb47c,5117682
passed,push,2ef21cd0cda4ec8ba3af455b796d1f72dcfff74c,5111083
passed,push,59b6ca66eddf22c2b1e31312aaa6c84a3ef3de01,5106727
passed,push,c0faa706d06e45bb8156c6ba3628ab78a8f564c0,5063727
passed,push,a89f0da454c092412bd84db64cdf1dee4be4e618,5042156
passed,push,c434f8160c1b1adc2390276d3b356d38079f69b3,5007305
passed,push,19c12371d5f97aaededc9c92c63cf9753f9f9476,4998261
passed,push,a20ccf1645f33302ead053396e0362bd7c692b1c,4935175
passed,push,bb7d230eb9fbbb38d3af35876a7c9b968683c541,4927798
passed,push,8a88abcd21e05805ad9c84587366ac529e5bcff1,4874878
passed,push,f6c835278946dcc4eb2b9f2468a7ac2878895c52,4874315
passed,push,93d5d76587f9fa62eb0e4cb67661ab8198af6185,4873604
passed,push,b283236d261792f292c45dacd6d8e58f74947b9c,4872751
passed,push,c4e1cc62b86277011d13ce07c54612f42f3404b9,4872179
passed,push,5fa2686bddc3ce0f02f6c246634110a0478fa36d,4871398
passed,push,14ced407c270eb04f8ebbe5ef3039c126048f3b2,4769148
failed,push,335e4ae75ddfe5407fd60f0bc8d1828d13af081a,4765720
passed,push,0f94d2e505f8debbfc3d46659b544569302800c1,4747433
passed,push,83067b111b0beab63182f6094eb76e339fd40d15,4743933
passed,push,ce98536931bad77975f50fd5dfd808969c376d0a,4743918
passed,push,4f7725c7de634a4e02ed8429f88783804ea886fa,4743908
passed,push,6116136d9a82ce0ce3ddf094967ca1501a902284,4742986
passed,push,8e975286655913086430bdf9a7967f756aadc574,4742940
passed,push,1bce09172f42ffbb8ef9680167aee2b713ea004e,4722586
passed,push,4cd29c68b5e1e4156831baca3bb69a0e9e063a53,4721948
passed,push,2f3606bdc1e9cb5eee587cfbae1d612dfe3fb6af,4701717
passed,push,e556e28b6d12d6c35be21a49dace4e6505e4a066,4662844
passed,push,941e1c9934de35dbf685c4cb340da901e55cd76b,4662501
passed,push,eeb64b84d9c7bedb4f8775562ea23fc80e01ae16,4649533
passed,push,98b838a8b5354f2dd7232c2f4b92e848feb8778d,4409636
passed,push,57cb01ce12ddca2ddc9480124d6e607dd913b626,4409634
passed,push,0b1a514fac88afc791655ff8b6018b954360eadd,4409625
passed,push,72169a583f45ad79a80f69ddbcc7e146dc1e9195,4409308
passed,push,05634208b722c5fb967e171f9a5d51a6105cc3a8,4409275
passed,push,03bb0031175833678f3a1292fe49ec644715d912,4392072
passed,push,28d1c9111ba820b6767a647749a1e46755a874bb,4388208
passed,push,bf7faba9cda9de038994e70a047f1063c54f20c0,4354690
passed,push,c80f0249d2b4686ed5a5bbdeb260290a1e0d9e78,4328647
passed,push,587f58b1c57b878c42ab5eea2385da3ec9b12228,4326570
passed,pull,296ae241edf20aa4ad67ad00c62a59b8409387f6,4324867
failed,pull,3a4537775f29ea9285788d4eff1a52dccc0dc893,4324547
failed,pull,c2aafaf35b0b57b4fcde5fe3b5e319452c2e79fb,4324336
errored,pull,1bb806cde1f2c73e2095280324689aacf3056113,4324254
passed,pull,b7b61350c2565455e756c2fd6ce2f8fa12649ab1,4321595
passed,pull,433fd6321343a57c7c4c97ed22b83450a254a247,4300179
passed,push,9f7e568dfa436995b98bcd9a10fae392031eb89e,4142750
passed,push,e189c194b324c9b23054847bca105ac0072cf594,4142748
passed,push,49da2b6432198e2901faa5f3c0fd8fbd5b165e96,4142708
passed,push,6125f7af57022efd3baac209a69db61128471dfd,4142257
passed,push,7d8f9ee7d0ffdd8a084e991ad72934ab179fbdb4,4139156
passed,push,f7997ac26c732fca3734267a9a48d9d1390b0396,4122745
passed,push,ef52d99b6c9b34b73e7341edd60a335bac66446d,4122740
passed,push,3a8fdf7068f6acbb2ed6bf414b7773ab93d32338,4122653
passed,push,0a932fdc7b5b18ba71971b3e5fb52603963354cb,4122268
passed,push,80b5b19c2fba4e248a5659f367b39f545f80c2b3,4122241
passed,push,bea4573caa49814e6b67ae707a54217ab5858d08,4122198
passed,push,3fd7c8be0e597b6b0f88df1ae5b230dc1f50f7d6,4121335
passed,push,3ab88a6cfa849cfb3a115059a4f917ed0d7fd5b4,4114313
passed,push,ee22b4e4cdb8cad329153ef9515084bb1cfaf239,4114033
passed,push,d2293a2680969223228373962f672739f9364587,4113866
passed,push,ae596914222e3eb49b958b35a8e65deead9a7900,4113805
failed,push,cb55b10b927b5b63ea74c31791551068e151c76b,4113674
failed,push,8de43277e334c64504d2302268f53ac2cc6707aa,4113572
failed,push,5a917465751115dd3a5b849a24fd40ccf39bbf5a,4113044
failed,push,899a29f42b6224484029955b46fad511a818ecba,4106948
passed,push,6014a78a887bdd8c113df98dfbc8b4f476fd4863,4063824
passed,push,a448013cbb84b3d66082f0c656624007b3174919,4011126
passed,push,71a98aa159b1b9d8a02645fdd17f3fb773c6e040,4011124
passed,push,ba04f1770910221a053bc99b5d0d1a1dd36122f4,4011099
passed,push,0d0083f6d84466e6fbb76c079e33cfd4043e3f07,4009783
passed,push,57eca4e0594f8b86a859d67eabf8d488da6f4ab1,4000837
passed,push,38cd7e61025491d3b4b53186dba3f5d466449429,3998040
failed,push,6473b591662c5cb8edf30231276f90262ed153ae,3969015
passed,push,2162e5243f3e351ce96b11d3399fe2e7173040e0,3940991
passed,push,70c010ebc521bc88194f176ffe695293f4fc14d8,3940166
passed,push,ddff74f38e44bc36a7a552f80f450d4e203375b5,3939762
failed,push,022f604321d85d9dbe9626fc1b683525cb0c4016,3939644
passed,push,9b4a1f73fcb4843da1ed6e4049397e8adc9f693d,3930543
passed,push,6764d0f21802ffb0250d84223c29269eedfd37a6,3930394
passed,push,0e344dfa480c48389d95909f42eedb6154d9f421,3920658
passed,push,9816727207c87b5d9a4c70d0b5d5229c5ed38d47,3920654
passed,push,c6430ccbc978510ee8b22f1b4ae377235bcb75b7,3920625
passed,push,0ffc6da0e2194bd20635c1751c40caacbf8bb226,3919340
passed,push,30a64fefc05993eaff2c28aa045aa526b619a817,3855359
passed,push,b94dbd13adf070c085ebce182b94dafec45aefa7,3847228
passed,push,f90f93d7e83df7b73ea29ae6ca45f2f7e07fe80e,3832795
passed,push,9a7995e69354accfac612fc1cdf05112b8cc1176,3832539
passed,push,e66a84d48399af8a1c954c5dfabd8896bc16c6d5,3831328
passed,push,60146cfb5d90ec23b1ff52ecb579e5d0689f6e7f,3826390
passed,push,5dc1ca06c907a662c2dd25ce0b7de2c70d50608f,3816649
passed,push,8c85cd4c95bc17638bd256fb4bea0c8955b8bb85,3815751
passed,push,43010959d12be582a155100536252d8771977871,3815398
passed,push,5ddbb9d78cc4d05334941532913d03bb78a315d1,3794750
passed,push,dbd11669cd3a62d9ce7b517f04555a538695fb9d,3794138
passed,push,847866cb7af23107f705fb9c91c1b973641dff25,3786713
passed,push,f1501d5984de962b04b04203daddce1c33b2023b,3774148
failed,push,351138f7526170656f109b6773f75a8c8725757c,3748218
passed,push,34563282c29f2234a67622331cc632a5411538fd,3741130
passed,push,6bc4806c9ba4c61962a4592cd867fd257c78725b,3734905
passed,push,94bbedbea3350953148a3b7e3b57d8af32304ac6,3734903
passed,push,b87e0758ed42f1bdf7f3017f1b534ff9fdee71d0,3734824
passed,push,02e4f9ad641c034baa698a85668cdec947deb307,3722069
passed,push,67b3bf238382848240ce7fd75f233f8b92b792b1,3721845
passed,push,d562d17743b89201cc4349ebeb0da4938c417277,3721494
failed,push,fb18fd591330fc98e74246e9596b2853569ef5b8,3721489
passed,push,01addd8bea3e998eb34dc3e52cf217c2e382989d,3720581
passed,push,b2100d8919b5b9df23b70efe63875cd9e08fa27d,3682402
passed,push,e3657be63ff916e8fc3358c3a24d8e815a43c409,3664340
passed,push,4bfe5382c0a313e6ade115dcf9a6ee984e8af3a6,3653167
passed,push,8409ded4745200fbc3d0178614947e3c9a5f8c54,3642099
passed,push,14356ee35c906c5a1adb2faa39fe8b162e1e2315,3642095
passed,push,49e2a38456064ebce94e29f6d2eff5eeae2f3073,3642034
passed,push,21174d85aeda36f5788ef5d49ba27c4c08272275,3636182
passed,push,972a1fa4933408aec28e60896b19e3403dd5bff1,3635423
passed,push,dbf571b668522b5b50cbd25e6b8720e7f00d3526,3635035
passed,push,6d95560e12d45644a077a5f9f06d11c727619dc5,3630564
passed,push,f18091919023007921ea969fb51ceeb2115acf48,3630369
passed,push,75295616cb11520eda51799606400c3b8949d975,3627839
passed,push,b516a55a44a19cfc710714d38f9e1470979305a0,3625946
passed,push,426b927a890cbcce30d14f4e5fb515b1a42f26e2,3420178
passed,push,643b5bda9e9b2d5299c61979e8cb67f6279aefef,3419601
passed,push,0df32cd066a274983f2618e54540f3bdd6088d20,3419599
passed,push,9ea21e9a87182466810159b4ea92d77f47369b35,3415498
passed,push,88348f601db012c3ba58303735c8a9f08dd4fe50,3350448
passed,push,202877aad25e611b0c37d560c34e5a8adf7e5cbd,3350316
passed,push,093f89ec7f48a40735dd8e998bfd650b170e1d6b,3311075
passed,push,7719c3dd0870ba5dd55ad8ba2c5c2b8fc75ced6c,3300023
passed,push,43fb2009127bc87fcda79d96f5dfef623074ea20,3299876
passed,push,be37d2da564221d4e5fa01269fc9937bb64b2908,3299607
passed,push,e74bfa1893e223a4bbb68343a9c86191943a7462,3298907
passed,push,2eece7bbbe1000fae967d1a259df8bfcc77989dd,3298759
passed,push,bf5c69c1f7de6b83380faa894b8f318b7ba56ba6,3262672
passed,push,5f14fccc10455f806e0f0a489a4b82d76434eb8c,3260825
passed,push,805f964825ca42a8862f11e475079013a0e990ff,3251435
passed,push,6425b0ec27ccd8eabfb2fa818a9c4856cae3e175,3251183
passed,push,b848cb42ef2638983836407f4700233f71ba61f9,3238997
passed,push,babcdd18c5213da6259bfd1c945d34cff53c145c,3238685
passed,push,5964606581e71d76fc616fc9faac11b26da590ae,3224199
passed,push,876d3621adbb59a7144ec3c8b26afa0681b4eefa,3208704
passed,push,51d6b236ba2ebc76aa62c9621ab9fb3849d9bab4,3195071
passed,push,0ffc2b506e00c752f7ad32fb2af0925a6485221b,3195069
passed,push,2970ad9f0edcf32c5f4fc0fbf3c3b71a5e8633bc,3195007
passed,push,a5106f060b247226e34945f2b247da6216e22047,3194179
passed,push,500d850c666ef3208537fe3d7c62d1ac3f340075,3193204
passed,push,9216f9c995ac99b34eb64f263c1e6fbebc9ef1bf,3158920
passed,push,75f8720123e0eaaf536b73540081454bb0e1c09d,3139072
passed,push,5c8284cba8e01468018ec70964f34cf0b6519ddf,3128712
passed,push,03763ff0286fc8f00c377e80a78533aa9cab625e,3065491
passed,push,2f8eb81ba2a47ebad3e61eddb0cb5672190e2bf3,3059516
passed,push,93cb2350ab398db35798a7a940f570ece672e15c,3059506
passed,push,82a4c01aedcb0f7f779512126d9a609c860b8f77,3058412
passed,push,8b355c3a1393dd752c8350fce92ac5a634a3d052,3001347
failed,push,c1f8457a2cd7e94ac89f31d3f4121b1806a96597,3000866
passed,push,6ec6708245eccab513073a3ff9059ddfaf1f07a3,3000062
passed,push,46203fab50c5e667a6b4bc6ab72ae566d885783d,2974551
passed,push,a45f9760da033d2783ed1de65c5df8ff73e6522f,2973912
passed,push,a14115e7b0b245c8944fb8ed42eea5a74f91606d,2973908
passed,push,33c6a272ddfa9e355d738985a73a2bd4cbe2c484,2973685
passed,push,efda48d1140a88b7a976a366f0ac925ca5155e49,2973590
passed,push,9460f68da183575d33f062505bbdd54ea13531ef,2973276
passed,push,85a0d6fc2b487649406c28e7c7faa6f6e77e2cdb,2960520
passed,push,5c7f3f3e1ea303f39630c6ce66c85367f4a13b99,2960164
passed,push,159fa4bdd9c3e4bd9e0154ddfeb6c07b4a64eda1,2957143
passed,push,7ddd811ba0acdd51ba57f5b1a6941828564f5a17,2956896
failed,push,6b297a0a5a1ca4f311d0f092f410f160bddede8d,2956867
passed,push,60d30ea6ed66dd40d26433b0ffce903b60a29c1c,2934510
passed,push,a42ee9817e2d6f3045a414299929dbc287e9c96c,2927434
passed,push,a56479741258b5858e6d8d88be2b32b599a02d6b,2927268
passed,push,8d6ae0b332126d187d89de6c832705e95979d967,2927238
passed,push,74e278ad3f81952783b56256d029c151903fa41a,2891188
passed,push,203ad705234a79c48302144b63ecd01a8b768b40,2850992
passed,push,9b92060c823abd23aff4ecffcfd521d4f758cd5c,2836930
passed,push,9ef2d621e7bd742fa7c46e92c68b6d61a543dad3,2824875
passed,push,f5decf272fc757b65a7d1e0a77c0e3944ca6bf5f,2824226
passed,push,3cedddddb767c0a9a45e3a96650f4fe4a37d0953,2823577
passed,push,a8ecec6edd44fdfbca0fb774580ad76f08143edd,2817427
passed,push,9c9549c2cc9cea0f2398464072c30ef35f974319,2817071
passed,push,21692a7655a6d026b065f86a388a913caf739cc1,2815737
passed,push,692b1c7458c4e45eb95cd69f2394a50215c9b330,2810471
passed,push,69e42bb83eb50e2fbae8871d33c7e5283e65f367,2810469
passed,push,ef774dccbe00278b896e5af0df3f10ea5cb99119,2795571
passed,push,106dc475eb221c87a089f0e5addb1f8fb5260f16,2789115
passed,push,535fba4aebb673d604c1dcd649bd218cdde9a35d,2788977
passed,push,37df93ecb504c61e8daf8fc71eee5954058c57ed,2788595
passed,push,68b6716f5458f883e2434fdd2b4cdf4d5e85b923,2782276
passed,push,37b65c82f8fd12c29682ba5e3fee64c5db3850de,2778811
passed,push,e62dd39ecaa413340d3db419fcc34c15c4388d0d,2778600
passed,push,b5c1226056b466e85808ccdd9873955d40795562,2777083
passed,push,fa3d80a64a55de8649c50634dc5ed734da2e9d2b,2776624
passed,push,c4039ec9c91d487eb1e057823a1dd9e6110b8051,2774573
passed,push,fc253f6921cdb904b4685b20709aa0ca43f89689,2774428
passed,push,f88acf06dd925cc6913dcd88f9e7eb459f58ace4,2774387
passed,push,0dd7998846107876ec5324321eee2437e051f36d,2763248
passed,push,5c7b494957677c2992f265ae0f2241f6ed734c1d,2761754
passed,push,d3de3cf6863e3c397897efd2ef2e1726ad3fb5e8,2734151
passed,push,79f922940fa4c85542d814739337e580d170aa74,2732678
passed,push,c2aeaf4908fecf62825ced2d271ae1257020d8e9,2708436
passed,push,f8474a3aa39416882f002ef066a334abb02c5419,2707902
failed,push,e0c9ba5ca7820bc9a28578c52319af6b56afab7e,2707818
passed,push,5ec02807e4c8715ae5393d2094d0f882f6084e6e,2647074
passed,push,1416e5cbff7021f5c979e9f3043a78632cf554de,2647062
passed,push,f16f6be9458096fda73910188a15776a08967572,2635812
passed,push,20081131fc9bb33c76222b7c014564a27065eb78,2635810
passed,push,d2a0f015672f37dee504aabc9e1855cd3ca131d7,2635673
failed,push,da44b8dbb21117993367fad761686a62b34a65ec,2635638
passed,push,efaa41fcb1ea480abdc8e5706b579b02eee82511,2623311
passed,push,b0662588659c65966fe559fc5b8c01eb0d738a4b,2623301
passed,push,10672faceb82a09d5ca99f5397daaf1990d91b2e,2622444
passed,push,61df058321a00304f0f8f16e89d131dba9dcf777,2621880
failed,push,a2f0b9dd9e1c08c61a1ba1ba81df60b926576824,2621842
failed,push,87038cf9ec624459b5718e5358adb659055736fd,2621162
failed,push,4030c96aaa265ecdbeb5f507ef0ce7dcc84cb183,2621093
passed,push,97e0cf05e28df3930da2a7c839783376a746613a,2606924
passed,push,cbab31c15ca858af082d02fc2d8d333985d1733b,2606841
failed,push,d2f96f7b64d6f34eb4e855589244678185fb358a,2606736
passed,push,305ce0339fcea2be641bd4870b25f83f4e91ad21,2605934
passed,push,aaa74c3bdcf61003682ba9257b6d9a3f8227e6dc,2544554
failed,push,aaa74c3bdcf61003682ba9257b6d9a3f8227e6dc,2543027
passed,push,e85435e51d6c59ad557a9c9fd441476f61a9cc81,2538166
passed,push,57f79f3ad7edd6638f13215ab0b3474922e5ffe1,2538126
failed,push,491cdf694a6c45657330102124cb8040bbf589b1,2537457
failed,push,a5385d047539a32726082bbe27a6252dc430be3d,2537437
failed,push,6359d56d9a64284feeec0e82d4ccc10e7e5c4ba1,2537306
failed,push,751ffad40a856a6c03bd903e048b1dafc0250dc3,2536976
failed,push,75fa1e42d2ff4cf5cfce7b2a4623633f6e8bedc0,2535801
failed,push,ad94bc02553590347a9a728072ac5689bb92be24,2483165
failed,push,55a3e30b1bb68f6efacc7071692e76c15038fd8c,2479224
failed,push,4c5458eb2d8493965e60ff996d2e54a6553a67de,2479139
failed,push,61c33967aa17354823b85ee43c5484570c9c7323,2479019
errored,push,31e37560543b23c7d60016c1dcc5ecc28ad4716b,270179302
errored,push,0d5e15459ba3efffa2a7e94455b27e6de6eac08f,270178657
