Status,Type,Commit,ID
errored,pull,0168f883bba9194ae0790aa934c9ca79a36cfb86,201875930
errored,pull,e4e9e22710f632f3f538d25dc3efeba6d5bf8ddf,176181362
errored,push,193d1c4edffe634371e7663a36b313c23b9e1cd5,93050084
errored,push,d42f80b5de068ee6b6686ee64394844ce0d31202,93048490
errored,push,9909519121577d9f136466c5f9f23f9fb471883f,93042557
errored,push,6e677cefbd0c7fa348f046d7a1fb229db42a6925,93042553
errored,push,6e677cefbd0c7fa348f046d7a1fb229db42a6925,93042548
errored,push,81d84077e945af0fb07f500d900fcd047dfbea2d,93041628
errored,pull,ffeb2b103d1b75ba266e0f4df0c1b3c840b9e9dd,93041062
passed,push,906e3fe8769e13c7f7ade3a4429745499fa35c3f,93023985
passed,pull,11aff3892988c5e4d1765eb32d13ff542eda7b5f,91237895
passed,pull,3c2ee334e0ed98b554da3777d2e05835848a6501,89378197
errored,pull,235482dab9124cdbf10d159dc4d8b7e11c188014,81788967
errored,push,0bd0d8d1f258050ae9a23ab85deea2d93bd9ebe4,81636259
passed,push,7fe6c5a707a20e190f441ce923ab207c1d95857e,81636055
passed,pull,48a60c09347207205453f1262261332f54328360,79705558
passed,pull,64caaedf67217fe444a2df0c55d93ce04afab557,75623367
passed,pull,f5cc76e15142f24405d0485272eba4a77b7358db,71549270
errored,push,7e163cb006cb31f9b697e1600e45680764598052,71102552
errored,pull,8930375fe351dd92b92b32f85bf37ad6c6f6229d,71025607
passed,pull,8a3d127c6169c955a7a49cb9d898c2f15b2325ed,70923235
passed,push,1264ab18daab713b053c90e28e21fb607aa03891,70266471
passed,pull,ccd45d1c5b99721c7c47fdac0c0ba07c06f0b28b,70184776
errored,pull,9c7cab91d8ce66726fee50b4046d7bc1d5cd98af,68185577
passed,pull,f6fd89080fbef33bd5dc3cd9cc452d4cf610ae94,63365996
passed,push,4ee6e347cca81cfbeaff08ca536673e1b14268bc,63347812
errored,pull,53b486c45567217004231bfb4e2d350907baf02b,63346177
passed,push,182ed1d53c021c257f27e8db60879ecd9f1b5874,62475542
passed,pull,8abf45963bbeb666f6c399441a4861a7b7d630c5,62389274
passed,pull,35de9969f0a6a0d18c5bf2d5a588f6fe47330e02,62385753
passed,pull,9b1558b04551059bb8f4313aab4714de3800c433,61275129
passed,pull,5b7c567892f85e77410f85dcd7ef81b586ab46c8,59273200
passed,push,605a539eb3cd6086321a64524345d1e02ce9d77b,59167760
passed,pull,7eaea168384a197683ccf9b9c827456960b40204,59137336
errored,pull,daeed2e040004a6606737e2b17213962cdd411b9,59075898
passed,push,7ca06a08f697f38d72c834e059831fba8a818e10,59048774
passed,pull,a20bb3604f0cf60ac35afc9af17c59de0978cdda,58971323
passed,push,494b6f08b290528d0740fb5115d458b649ea3301,58965391
errored,push,11a35af8cfd3ad8132ddb0952a901bd95ceb7838,58965389
passed,push,11a35af8cfd3ad8132ddb0952a901bd95ceb7838,58965387
passed,push,54813d81e202040e97d771fbbc21e07bd2a4d2bc,58965211
passed,push,bb9f370b1cfafb768cfbcbfb2a05f79062b62181,58963558
passed,pull,c9ead60e40d90f3fcb7e7c7539e6f8b9cd878d18,58963093
failed,pull,46f8127b1dbf57f7a665995f05bc5c8528e17be4,58697459
passed,push,655e2e0f9ea6932715ad1c86808a19ee43d85380,55644618
passed,pull,5b872d7a38736241edd2fe8b4b1bfcf3e5d3cca1,55518461
passed,push,6ec98b9a40d4a022fb4f4d776750dacb70efbc62,52548449
passed,pull,11222a06d548663ef42f5fa844e5494350c73f52,52513722
errored,pull,ceeb1fa72e9f655779e3697f106264205bb1c2a8,52155929
passed,pull,65b23897c6b51aa25386048fd3adc516345b22db,52155708
passed,pull,7619df630e1cde79fc52d4d1b5708636ddd9729e,52155367
passed,pull,65b23897c6b51aa25386048fd3adc516345b22db,52155215
errored,pull,dd80f2959803c1582501271f3f4b01e78cb77d79,51802046
errored,pull,b79a0142e40b8645089b1a6a7081adf7a242c52a,51711276
passed,push,b97a216dc1b59cadfd682d3a27f4955e09836d27,51023782
passed,push,4056ecb6f2466cc4b56c6706a35918d76b35ef23,50878315
passed,push,7416acdb1655b9c6824c9e3ec10331067e0ee9d3,50877990
passed,pull,c407de137a7e7475fc736a3b0626a911a0c0f6be,50803306
failed,push,d2656a0ef17f2880d7086d73419a75b522d95eed,49203156
passed,push,82061750d8ef7ea0db77f70b38911dddc9df9ac3,49203150
passed,push,82061750d8ef7ea0db77f70b38911dddc9df9ac3,49203148
passed,push,c640bc6a83ca36700d8394205ad9fe15212d7e52,49201454
passed,push,3db6f492c049255f0495809711476cffdfb5c11f,49198113
passed,push,12d61fd4a883805cf9e89997095cc16abd3e7e66,49198111
errored,push,12d61fd4a883805cf9e89997095cc16abd3e7e66,49198109
passed,push,869191c132cb1201d930c6220283d3b91bf96c4e,49197715
passed,push,6a42e6ada5b7f5d85c430158b69b2f513fc921ed,46010275
passed,push,c71a7de8cef5122edbd77d32156657ada82fb742,46007090
passed,push,7a0214b853c801eb462f11899c0193c1809d281d,46006602
passed,push,211ecd25d0359e24164cef853cc12373a5c4074f,46005629
passed,push,488b449e1ba99cf98a9a46dec2df07e659830360,45986841
passed,push,a0f4a1683f97ea304cf888708a7c0e1fdb814d86,45979995
failed,push,64f7291bf0f90208a28a486f350e4bec1ff66776,45976952
passed,push,0a9258c8f67454c745f7619c27d5aa8249f80712,45976950
passed,push,0a9258c8f67454c745f7619c27d5aa8249f80712,45976948
passed,push,46301901fa602c2931e6cd6b651d19e818848fca,45976748
errored,pull,594c47599caefb0ffb5806e5d88b4219ed854a30,40637737
passed,pull,213b86f1b3fb8cbac5698a0a7a0f819ecdac1c1a,37367878
passed,pull,88185208e555128746758d94228bbb4173531a35,37170413
passed,push,e2b331cdc9c6f35104c930689dccf33f80bf00ae,24715056
passed,pull,ab1a8e54b5edaaed00019f4b02d07892688f8a40,24628377
passed,pull,2c3354585389dcfa1905638b8c2d112be1058dbb,24459231
passed,pull,e807fc32f22ad1382f09334f7e16641e1e21c755,23602814
passed,pull,abe98e65f16cbdd8216ef97d09834b15e03c0adb,23580998
passed,pull,6d7fa9825cd1482ac916549d863865abd2e5f477,23499074
passed,pull,f2591563bc41fa2f38467109632d25bec1b0d2b8,23357257
passed,pull,ed98ac72dfb8938183bdac6b88a97a4e05045746,23357134
passed,pull,5e15e94b0ab8eb188f7cb6d6fdcf8e0b5f4d83ff,22594583
failed,pull,257d84d87972b80370a4b5b20c4e9401bbe1cc8b,22593657
failed,pull,34842b9661d9b09955f5b3cbc7707931797cf430,22588978
passed,pull,ce9adb4d8826d035e2d21b0a7feb877dec9366bd,22482295
passed,pull,7337eca876ccc023f620b4946f2f714159df6ff8,22482004
failed,pull,23af1176ab00a261ee06abb8ad7e4cf71a97f27b,22438450
failed,pull,4bd4aac4aad625bbe9372b75fc4a324a99c0f6e9,22431456
failed,pull,0d9a89942553da502b9d50a860d544f48bc4543f,22431202
passed,pull,a3eb33e1ff97163ccdefa8b1ef5a4d1ae786018b,22312239
passed,pull,d91d00daf35c3ce16a7067c0338ac8c77c655f7c,22265906
passed,pull,a5bcda66456501c4e485ee53431f8f08c3ac0891,22260005
passed,pull,20a9b0be6ccb9cf8eabb332a9e38625af6707cd1,22200962
passed,push,964b3050ddf6f3fcc161ce02169bc0da77ec36c4,22122007
passed,push,4c64d1822c748164d76cbfaa291e97de1cc8fe44,22122002
passed,push,4c64d1822c748164d76cbfaa291e97de1cc8fe44,22122000
passed,push,39073e786b8d8da80e4987cec82bc5c2a6deac95,22121894
passed,push,e2e15df3290dc9903cb9dfa5efeb3e86e528dd4d,22121585
errored,push,7d311c98515da7fee321f828b53244cbdc79361f,22121114
passed,push,92cc37110ef2325f5c7314c78b129514ab52ba05,22120814
passed,push,9a2c35072f9c83a252f15da73dae34dd58df7bc0,22118480
passed,push,5239294caa1f37a8731b2767763c4d4f57ef8165,22117571
passed,push,baaa45b35cff0bb235d4b0b6570c477e9492957d,22114853
passed,push,f0fd3e749db619221ca0d94fc32514caaecca6bf,22114482
passed,pull,bd4ac1299f737700100f916487cc6e0aaebd6ac7,22108073
passed,pull,a65385603b8c0bf78ef52caf890e074b15c42dc1,22107858
passed,pull,46e96d8df98c1fb3f2a5b5bb0c75260011620bee,22107543
passed,pull,7351e584eea50b0b650e70a66108ec379267ab28,21977884
failed,pull,f57b1c835a173e18041afe210c249b9ee581287c,20134425
passed,push,8f1574a87e6582da3a0c9189903b459566352bc5,18211189
errored,pull,945b521bec019c1a84804e7e2af01d688f8f9fa1,18211176
errored,pull,02017fdbc12305f8bf006912e239bdbb52f06dfb,266632062
errored,pull,a03daa9f1a685ae169364425999295e6d7a38c4d,266631697
