ProjectName,MergeScenarios,PushesNotBuilt,TotalRepeat,MSNoParent,TotalBuiltPushes,PushesPassed,PassedTravis,PassedTravisConf,PassedConfig,PassedConfigConf,PassedSource,PassedSourceConf,PassedAll,PassedAllConf,PushesErrored,ErroredTravis,ErroredTravisConf,ErroredConfig,ErroredConfigConf,ErroredSource,ErroredSourceConf,ErroredAll,ErroredAllConf,PushesFailed,FailedTravis,FailedTravisConf,FailedConfig,FailedConfigConf,FailedSource,FailedSourceConf,FailedAll,FailedAllConf,PushesCanceled,CanceledTravis,CanceledTravisConf,CanceledConfig,CanceledConfigConf,CanceledSource,CanceledSourceConf,CanceledAll,CanceledAllConf
alibaba/java-dns-cache-manipulator,0,0,0,0,0,0,0,0,0,0,0,0,0,0,0,0,0,0,0,0,0,0,0,0,0,0,0,0,0,0,0,0,0,0,0,0,0,0,0,0,0
CloudSlang/score,148,47,5,0,48,48,0,0,48,48,0,0,0,0,1,0,0,0,0,0,0,1,1,0,0,0,0,0,0,0,0,0,0,0,0,0,0,0,0,0,0
CloudSlang/cloud-slang,811,246,104,0,486,431,0,0,431,431,0,0,0,0,10,0,0,10,10,0,0,0,0,0,0,0,0,0,0,0,0,0,45,0,0,45,45,0,0,0,0
nativelibs4java/BridJ,7,0,0,0,3,0,0,0,0,0,0,0,0,0,0,0,0,0,0,0,0,0,0,0,0,0,0,0,0,0,0,0,3,0,0,3,3,0,0,0,0
effektif/effektif,91,30,3,0,28,25,0,0,25,25,0,0,0,0,1,0,0,1,1,0,0,0,0,0,0,0,0,0,0,0,0,0,2,0,0,2,2,0,0,0,0
mrwilson/java-dirty,1,0,0,0,0,0,0,0,0,0,0,0,0,0,0,0,0,0,0,0,0,0,0,0,0,0,0,0,0,0,0,0,0,0,0,0,0,0,0,0,0
locationtech/udig-platform,34,22,1,0,0,0,0,0,0,0,0,0,0,0,0,0,0,0,0,0,0,0,0,0,0,0,0,0,0,0,0,0,0,0,0,0,0,0,0,0,0
