Project,TotalBuildPush,TotalPushPassed,TotalPushErrored,TotalPushFailed,TotalPushCanceled,TotalBuildPull,TotalPullPassed,TotalPullErrored,TotalPullFailed,TotalPullCanceled
otale/tale,276,249,26,0,1,0,0,0,0,0
bytedeco/javacv,26,17,0,8,1,46,25,3,18,0
jhalterman/failsafe,378,328,21,28,1,35,26,0,9,0
chewiebug/GCViewer,104,66,1,37,0,30,20,0,10,0
ninjaframework/ninja,161,153,7,1,0,159,129,26,4,0
hs-web/hsweb-framework,346,238,43,65,0,29,19,9,1,0
torodb/stampede,196,177,16,3,0,318,223,41,53,1
b3log/symphony,3646,3390,252,4,0,136,83,53,0,0
linkedin/pinot,1873,1655,107,85,26,4325,2914,680,367,364
Athou/commafeed,273,254,12,7,0,72,68,4,0,0
cryptomator/cryptomator,818,711,36,48,23,48,43,3,2,0
spring-projects/spring-petclinic,137,123,7,3,4,97,86,2,8,1
sqshq/PiggyMetrics,103,91,5,6,1,7,6,1,0,0
apache/hive,3458,1973,4,1452,29,907,740,18,140,9
VerbalExpressions/JavaVerbalExpressions,62,59,0,3,0,68,60,5,3,0
