BuildID,BuildParentOne,BuildParentTwo,MessageState,NumberOccurrences,ConflictingContributions,AllColaborationsIntgrated,BrokenBuild,Dependency,FixBuildID,FixStatus,Effort,NumberBuildsPerformed,SameAuthor,SameCommiter,BestCase,FIxPattern,,
295203652,293778018,294955636,[],0,false,,,,,NO-FIX,NO-FIX,1,NO-FIX,NO-FIX,false,,,
288904375,285994096,288673352,"[""gitProblem""]",1,false,,,,288904349,passed,0,1,true,true,true,[],,
286517842,286481121,286516583,"[""gitProblem""]",1,false,,,,286520944,passed,6,1,true,true,true,[],,
262183163,260957297,262152660,[],0,false,,,,262234356,failed,156,1,false,true,true,[],,
260136687,260114277,260102430,"[""remoteError""]",1,false,,,,260250612,passed,307,1,true,true,true,[],,
251083058,233418924,251047820,[],0,false,,,,,NO-FIX,NO-FIX,1,NO-FIX,NO-FIX,false,,,
250695611,250432780,250664305,"[""unavailableSymbolFileSpecialCase""]",1,[true],true,true,[false],250703161,passed,21,1,true,true,true,[],"Left muda nome de Classe, enquanto Right adiciona um novo caso de teste usando o nome antigo da classe. Quando junta quebra. Conflito de build por contribuições conflitantes.",NotFastFoward
250517106,250449741,250515289,"[""remoteError""]",1,false,,,,250532836,passed,40,1,true,true,true,[],,
248900257,248778539,248899465,[],0,false,,,,248951674,passed,169,1,true,false,true,[],,
248774647,248753324,248790016,[],0,false,,,,,NO-FIX,NO-FIX,1,NO-FIX,NO-FIX,false,,,
247050843,246188758,246173794,"[""remoteError""]",1,false,,,,247076268,passed,90,1,true,true,true,[],,
245744088,245737827,245707852,"[""remoteError""]",1,false,,,,245744646,failed,5,1,true,true,true,[],,
245708101,245330754,245707852,"[""methodParameterListSize""]",1,[false],true,true,[false],,NO-FIX,NO-FIX,1,NO-FIX,NO-FIX,false,,,NotFastFoward
244914205,244449730,244549308,"[""compilerError"", ""remoteError""]",2,false,,,,245240132,passed,2369,1,true,true,true,[],,
242422035,242354082,242361187,"[""remoteError""]",1,false,,,,242733153,passed,260,1,true,true,true,[],,
242060417,242021761,242030350,"[""remoteError""]",1,false,,,,242292638,passed,884,1,true,true,true,[],,
239941371,239923606,240005704,"[""remoteError""]",1,false,,,,239980705,passed,110,1,true,true,true,[],,
235253248,234849822,235241344,"[""unavailableSymbolFileSpecialCase""]",1,[true],false,true,[false],235255941,passed,6,1,true,true,true,[],"Conflito de build por contribuições conflitantes. Left adiciona um modificador a uma variável estática, enquanto right remove a importação que traz esse modificador. Resultado, conflito",NotFastFoward
233376042,229157801,233364844,"[""remoteError""]",1,false,,,,233394566,passed,54,1,true,true,true,[],,
233234265,232751303,233142987,"[""remoteError""]",1,false,,,,233272608,passed,97,1,true,true,true,[],,
231193602,230303637,230338575,"[""gitProblem""]",1,false,,,,,NO-FIX,NO-FIX,1,NO-FIX,NO-FIX,false,,,
