Project,TotalBuildPush,TotalPushPassed,TotalPushErrored,TotalPushFailed,TotalPushCanceled,TotalBuildPull,TotalPullPassed,TotalPullErrored,TotalPullFailed,TotalPullCanceled
forge/core,10,0,4,3,3,0,0,0,0,0
alecgorge/jsonapi,110,73,6,29,2,18,15,2,1,0
MilkBowl/Vault,44,27,14,3,0,25,0,13,11,1
square/otto,136,43,72,21,0,124,40,59,25,0
vvakame/JsonPullParser,70,35,4,31,0,9,3,2,4,0
yusuke/twitter4j,12,0,3,9,0,52,1,15,36,0
searls/jasmine-maven-plugin,189,164,10,15,0,155,94,14,42,5
brianfrankcooper/YCSB,446,403,24,17,2,974,753,154,59,8
rnewson/couchdb-lucene,96,85,8,3,0,30,27,3,0,0
jhy/jsoup,329,287,34,6,2,220,189,15,16,0
geoserver/geoserver,4151,2429,220,1481,21,3574,2064,243,1253,14
restlet/restlet-framework-java,1384,699,35,647,3,230,134,12,83,1
square/okhttp,5036,2744,1333,956,3,3267,1670,908,686,3
Multiverse/Multiverse-Core,88,63,17,8,0,56,26,29,1,0
resthub/resthub-spring-stack,196,163,6,27,0,113,99,8,6,0
essentials/Essentials,964,785,30,149,0,672,444,13,215,0
spullara/mustache.java,225,207,9,9,0,73,59,6,8,0
springside/springside4,366,181,33,148,4,84,41,7,36,0
dynjs/dynjs,396,321,42,33,0,56,53,2,1,0
SpoutDev/Spout,283,155,72,56,0,116,58,39,19,0
