ProjectName,MergeScenarios,PushesNotBuilt,TotalRepeat,MSNoParent,TotalBuiltPushes,PushesPassed,PassedTravis,PassedTravisConf,PassedConfig,PassedConfigConf,PassedSource,PassedSourceConf,PassedAll,PassedAllConf,PushesErrored,ErroredTravis,ErroredTravisConf,ErroredConfig,ErroredConfigConf,ErroredSource,ErroredSourceConf,ErroredAll,ErroredAllConf,PushesFailed,FailedTravis,FailedTravisConf,FailedConfig,FailedConfigConf,FailedSource,FailedSourceConf,FailedAll,FailedAllConf,PushesCanceled,CanceledTravis,CanceledTravisConf,CanceledConfig,CanceledConfigConf,CanceledSource,CanceledSourceConf,CanceledAll,CanceledAllConf
caskdata/tephra,94,1,3,0,85,16,0,0,16,16,0,0,0,0,0,0,0,0,0,0,0,0,0,1,0,0,1,1,0,0,0,0,0,0,0,0,0,0,0,0,0
jwtk/jjwt,77,8,3,0,48,10,0,0,10,10,0,0,0,0,0,0,0,0,0,0,0,0,0,5,0,0,5,4,0,0,0,0,0,0,0,0,0,0,0,0,0
square/burst,18,0,0,0,11,2,0,0,2,2,0,0,0,0,1,0,0,1,1,0,0,0,0,0,0,0,0,0,0,0,0,0,0,0,0,0,0,0,0,0,0
spring-cloud/spring-cloud-config,138,53,1,0,23,10,0,0,10,10,0,0,0,0,2,0,0,2,2,0,0,0,0,0,0,0,0,0,0,0,0,0,0,0,0,0,0,0,0,0,0
sd4324530/fastweixin,54,47,0,0,0,0,0,0,0,0,0,0,0,0,0,0,0,0,0,0,0,0,0,0,0,0,0,0,0,0,0,0,0,0,0,0,0,0,0,0,0
zafarkhaja/jsemver,0,0,0,0,0,0,0,0,0,0,0,0,0,0,0,0,0,0,0,0,0,0,0,0,0,0,0,0,0,0,0,0,0,0,0,0,0,0,0,0,0
davidmoten/rtree,27,2,0,0,17,6,0,0,6,6,0,0,0,0,0,0,0,0,0,0,0,0,0,0,0,0,0,0,0,0,0,0,0,0,0,0,0,0,0,0,0
GlowstoneMC/Glowstone,104,28,4,0,16,5,0,0,5,5,0,0,0,0,0,0,0,0,0,0,0,0,0,1,0,0,1,0,0,0,0,0,0,0,0,0,0,0,0,0,0
OfficeDev/ews-java-api,115,5,2,0,51,19,0,0,19,19,0,0,0,0,1,0,0,1,1,0,0,0,0,0,0,0,0,0,0,0,0,0,0,0,0,0,0,0,0,0,0
NLPchina/elasticsearch-sql,127,33,8,0,44,20,0,0,20,20,0,0,0,0,3,0,0,3,3,0,0,0,0,5,0,0,5,2,0,0,0,0,0,0,0,0,0,0,0,0,0
