Project,TotalMS,TotalMSNoBuilt,TotalMSParentPassed,TotalMSParentsNoPassed,TotalParentNoBuilt,TotalRepeatedMSB,AllBuilds,ValidBuilds,TotalMSPassed,TotalMSErrored,TotalMSFailed,TotalMSCanceled
forge/core,37,37,0,0,0,0,0,0,0,0,0,0
alecgorge/jsonapi,38,9,0,32,0,0,32,32,0,0,0,1
MilkBowl/Vault,7,0,0,7,0,0,7,7,0,0,0,0
square/otto,71,0,8,63,0,8,79,71,5,0,0,3
vvakame/JsonPullParser,32,10,4,18,0,2,24,22,1,0,0,9
yusuke/twitter4j,5,0,0,5,0,0,5,5,0,0,0,0
searls/jasmine-maven-plugin,51,10,18,25,0,1,44,43,17,1,0,0
brianfrankcooper/YCSB,279,11,63,218,0,25,306,281,58,2,0,3
rnewson/couchdb-lucene,17,0,1,16,0,0,17,17,1,0,0,0
jhy/jsoup,56,7,10,49,0,8,67,59,9,1,0,0
geoserver/geoserver,2223,556,50,1640,0,8,1698,1690,30,1,0,19
restlet/restlet-framework-java,157,41,64,93,0,14,171,157,38,0,0,26
square/okhttp,1586,248,664,681,0,591,1936,1345,504,29,0,139
Multiverse/Multiverse-Core,9,0,1,8,0,0,9,9,1,0,0,0
resthub/resthub-spring-stack,128,29,6,95,0,0,101,101,5,1,0,13
essentials/Essentials,133,38,8,91,0,8,107,99,4,1,0,3
spullara/mustache.java,58,12,2,46,0,1,49,48,2,0,0,0
springside/springside4,32,0,3,29,0,3,35,32,3,0,0,0
dynjs/dynjs,53,3,4,48,0,1,53,52,2,0,0,3
SpoutDev/Spout,64,29,2,38,0,0,40,40,2,0,0,0
